ID на сайте,Источник,district_name,n_buildings_300m,n_living_buildings_300m,n_flats_300m,min_bc_distance_300m,mean_bc_distance_300m,traffic1_300m,traffic2_300m,traffic3_300m,traffic4_300m,district_price,n_buildings_600m,n_living_buildings_600m,n_flats_600m,min_bc_distance_600m,mean_bc_distance_600m,traffic1_600m,traffic2_600m,traffic3_600m,traffic4_600m,Медицина_300,Стоматологии_300,"Аптеки, оптики_300",Салоны красоты_300,"Бани, сауны_300","Фитнес-центры, тренажерные_300",Супермаркеты_300,Гипермаркеты_300,Продуктовые магазины_300,"Алкомаркеты, магазины пива_300","Школы, лицеи, гимназии_300",Детские сады_300,"Колледжи, институты_300",Студенческие общежития_300,"Торговые центры, моллы_300",Бизнес-центры_300,Пункты выдачи товаров_300,Ветаптеки и ветклиники_300,Магазины цветов_300,"Прачечные, химчистки_300",Детские игровые залы_300,Религия_300,"Пиццерии, суши, столовые_300","Пекарни, кофейни_300","Кафе, бары, рестораны_300",Социальные_300,Банки_300,Медицина_600,Стоматологии_600,"Аптеки, оптики_600",Салоны красоты_600,"Бани, сауны_600","Фитнес-центры, тренажерные_600",Супермаркеты_600,Гипермаркеты_600,Продуктовые магазины_600,"Алкомаркеты, магазины пива_600","Школы, лицеи, гимназии_600",Детские сады_600,"Колледжи, институты_600",Студенческие общежития_600,"Торговые центры, моллы_600",Бизнес-центры_600,Пункты выдачи товаров_600,Ветаптеки и ветклиники_600,Магазины цветов_600,"Прачечные, химчистки_600",Детские игровые залы_600,Религия_600,"Пиццерии, суши, столовые_600","Пекарни, кофейни_600","Кафе, бары, рестораны_600",Социальные_600,Банки_600
2361982363910666240,realty.yandex.ru,Ломоносовский,39.0,25.0,2908.0,21.0,205.5,904,14954,1522,16449,418300.0,184.0,92.0,10458.0,21.0,360.1818181818182,904,14954,1522,16449,,,,,,,,,,,,,,,,,,,,,,,,,,,,,,,,,,,,,,,,,,,,,,,,,,,,,,
324514270,cian.ru,Ломоносовский,40.0,26.0,3121.0,0.0,167.33333333333334,904,14954,1522,16449,418300.0,188.0,93.0,10640.0,0.0,358.54545454545456,904,14954,1522,16449,,,,,,,,,,,,,,,,,,,,,,,,,,,,,,,,,,,,,,,,,,,,,,,,,,,,,,
323292280,cian.ru,Ломоносовский,40.0,26.0,3121.0,0.0,167.33333333333334,904,14954,1522,16449,418300.0,188.0,93.0,10640.0,0.0,358.54545454545456,904,14954,1522,16449,,,,,,,,,,,,,,,,,,,,,,,,,,,,,,,,,,,,,,,,,,,,,,,,,,,,,,
319684273,cian.ru,Бибирево,32.0,15.0,3884.0,,,2052,2578,3431,2210,271300.0,124.0,58.0,13906.0,478.0,536.75,2052,2578,3431,2210,,,,,,,,,,,,,,,,,,,,,,,,,,,,,,,,,,,,,,,,,,,,,,,,,,,,,,
3051474308312615936,realty.yandex.ru,Ломоносовский,39.0,25.0,2908.0,21.0,205.5,904,14954,1522,16449,418300.0,184.0,92.0,10458.0,21.0,360.1818181818182,904,14954,1522,16449,,,,,,,,,,,,,,,,,,,,,,,,,,,,,,,,,,,,,,,,,,,,,,,,,,,,,,
8660284132700797952,realty.yandex.ru,Солнцево,23.0,1.0,79.0,,,4,6401,4425,5668,284300.0,87.0,28.0,5740.0,,,4,6401,4425,5668,,,,,,,,,,,,,,,,,,,,,,,,,,,,,,,,,,,,,,,,,,,,,,,,,,,,,,
3962878261589281792,realty.yandex.ru,Ломоносовский,39.0,25.0,2908.0,21.0,205.5,904,14954,1522,16449,418300.0,184.0,92.0,10458.0,21.0,360.1818181818182,904,14954,1522,16449,,,,,,,,,,,,,,,,,,,,,,,,,,,,,,,,,,,,,,,,,,,,,,,,,,,,,,
319583252,cian.ru,Коньково,33.0,5.0,932.0,29.0,124.0,110,4513,987,2905,351300.0,139.0,29.0,4867.0,29.0,300.875,110,4513,987,2905,,,,,,,,,,,,,,,,,,,,,,,,,,,,,,,,,,,,,,,,,,,,,,,,,,,,,,
3965285094499829760,realty.yandex.ru,Коммунарка,3.0,,,0.0,158.66666666666666,0,1225,0,551,291400.0,4.0,,,0.0,158.66666666666666,0,1225,0,551,,,,,,,,,,,,,,,,,,,,,,,,,,,,,,,,,,,,,,,,,,,,,,,,,,,,,,
321147856,cian.ru,Тропарево-Никулино,10.0,4.0,506.0,,,2,90,50,45,399700.0,50.0,17.0,3013.0,,,2,90,50,45,,,,,,,,,,,,,,,,,,,,,,,,,,,,,,,,,,,,,,,,,,,,,,,,,,,,,,
3967137546321484800,realty.yandex.ru,Печатники,17.0,9.0,1777.0,0.0,0.0,322,2770,1410,1651,286900.0,80.0,43.0,8843.0,0.0,404.1666666666667,322,2770,1410,1651,0.0,0.0,2.0,2.0,0.0,1.0,1.0,0.0,10.0,2.0,2.0,2.0,0.0,0.0,0.0,1.0,7.0,1.0,1.0,3.0,0.0,0.0,0.0,3.0,0.0,0.0,0.0,0.0,2.0,6.0,8.0,1.0,2.0,7.0,0.0,25.0,7.0,4.0,6.0,0.0,0.0,1.0,1.0,23.0,4.0,3.0,6.0,0.0,0.0,3.0,8.0,5.0,4.0,0.0
320724231,cian.ru,Лефортово,83.0,,,0.0,185.75,4,15885,1184,1724,279300.0,322.0,21.0,1660.0,0.0,366.14814814814815,4,15885,1184,1724,2.0,1.0,0.0,1.0,0.0,2.0,0.0,0.0,4.0,0.0,1.0,0.0,0.0,0.0,1.0,2.0,1.0,1.0,0.0,0.0,0.0,0.0,1.0,2.0,2.0,0.0,0.0,9.0,1.0,4.0,1.0,0.0,4.0,3.0,0.0,17.0,4.0,6.0,1.0,2.0,0.0,1.0,4.0,6.0,6.0,3.0,3.0,0.0,0.0,9.0,6.0,9.0,0.0,0.0
324672213,cian.ru,Бирюлево Восточное,34.0,11.0,4620.0,,,2510,1910,3910,3508,263200.0,147.0,49.0,13866.0,314.0,417.0,2510,1910,3910,3508,2.0,2.0,3.0,7.0,0.0,0.0,2.0,0.0,3.0,2.0,1.0,1.0,0.0,0.0,0.0,0.0,8.0,1.0,0.0,2.0,0.0,1.0,2.0,3.0,3.0,1.0,0.0,5.0,3.0,15.0,24.0,0.0,2.0,13.0,0.0,21.0,15.0,5.0,10.0,0.0,0.0,1.0,2.0,34.0,6.0,5.0,5.0,0.0,1.0,3.0,10.0,8.0,8.0,1.0
325098938,cian.ru,Отрадное,43.0,,,0.0,155.14285714285714,0,6035,43,3201,300400.0,179.0,13.0,5271.0,0.0,358.72727272727275,0,6035,43,3201,1.0,0.0,0.0,0.0,0.0,0.0,0.0,0.0,10.0,1.0,0.0,0.0,0.0,0.0,0.0,1.0,0.0,2.0,0.0,0.0,0.0,0.0,1.0,1.0,0.0,0.0,0.0,7.0,2.0,3.0,6.0,1.0,0.0,4.0,0.0,17.0,2.0,3.0,0.0,0.0,0.0,1.0,1.0,9.0,3.0,1.0,0.0,0.0,0.0,2.0,3.0,9.0,1.0,0.0
320852207,cian.ru,Нагатино-Садовники,21.0,5.0,661.0,0.0,150.0,0,57840,1570,6460,353800.0,136.0,45.0,4576.0,0.0,394.5882352941176,0,57840,1570,6460,5.0,3.0,4.0,7.0,0.0,0.0,0.0,1.0,4.0,0.0,0.0,1.0,1.0,0.0,1.0,0.0,3.0,4.0,0.0,2.0,1.0,0.0,4.0,3.0,11.0,1.0,0.0,14.0,4.0,10.0,13.0,2.0,1.0,5.0,2.0,20.0,11.0,4.0,4.0,2.0,0.0,4.0,0.0,20.0,7.0,5.0,3.0,1.0,0.0,6.0,10.0,24.0,6.0,1.0
324638636,cian.ru,Измайлово,18.0,1.0,56.0,0.0,0.0,20,25321,11,18991,278800.0,124.0,7.0,1408.0,0.0,369.4,20,25321,11,18991,1.0,0.0,1.0,0.0,0.0,1.0,0.0,0.0,2.0,0.0,0.0,0.0,0.0,0.0,0.0,0.0,0.0,1.0,0.0,0.0,0.0,0.0,3.0,1.0,5.0,0.0,0.0,12.0,0.0,3.0,8.0,0.0,1.0,3.0,0.0,7.0,6.0,0.0,1.0,0.0,0.0,0.0,0.0,3.0,4.0,3.0,0.0,0.0,1.0,9.0,5.0,15.0,0.0,0.0
320807151,cian.ru,Филимонковский,45.0,40.0,1142.0,,,1752,1199,1689,2928,,71.0,50.0,1342.0,,,1752,1199,1689,2928,2.0,0.0,1.0,3.0,0.0,0.0,0.0,0.0,3.0,2.0,0.0,0.0,0.0,0.0,0.0,0.0,0.0,0.0,0.0,0.0,0.0,1.0,0.0,3.0,0.0,0.0,0.0,5.0,1.0,5.0,4.0,0.0,1.0,3.0,0.0,17.0,7.0,1.0,1.0,0.0,0.0,1.0,0.0,4.0,1.0,2.0,1.0,0.0,1.0,1.0,3.0,2.0,0.0,0.0
320348390,cian.ru,Коммунарка,27.0,14.0,539.0,,,412,51,930,127,291400.0,57.0,31.0,3958.0,387.0,425.5,412,51,930,127,0.0,0.0,1.0,1.0,0.0,1.0,1.0,0.0,0.0,0.0,0.0,1.0,0.0,0.0,0.0,0.0,0.0,0.0,0.0,0.0,0.0,0.0,0.0,0.0,0.0,0.0,0.0,0.0,1.0,3.0,11.0,0.0,1.0,2.0,0.0,0.0,3.0,1.0,1.0,0.0,0.0,0.0,1.0,6.0,0.0,1.0,2.0,0.0,0.0,0.0,2.0,1.0,1.0,2.0
324808331,cian.ru,Ломоносовский,40.0,26.0,3121.0,0.0,167.33333333333334,904,14954,1522,16449,418300.0,188.0,93.0,10640.0,0.0,358.54545454545456,904,14954,1522,16449,10.0,3.0,2.0,17.0,0.0,5.0,2.0,0.0,1.0,0.0,1.0,2.0,0.0,0.0,0.0,1.0,3.0,1.0,1.0,0.0,0.0,0.0,1.0,2.0,3.0,2.0,0.0,18.0,6.0,11.0,29.0,0.0,5.0,6.0,0.0,42.0,4.0,9.0,8.0,1.0,0.0,1.0,3.0,15.0,3.0,5.0,4.0,0.0,1.0,8.0,13.0,26.0,6.0,0.0
324157595,cian.ru,Коньково,28.0,10.0,992.0,51.0,123.5,864,5244,1889,3467,351300.0,97.0,34.0,4816.0,51.0,374.5,864,5244,1889,3467,0.0,0.0,0.0,0.0,0.0,0.0,0.0,0.0,0.0,0.0,1.0,1.0,0.0,0.0,0.0,0.0,0.0,0.0,0.0,0.0,0.0,0.0,0.0,1.0,1.0,1.0,0.0,3.0,0.0,3.0,2.0,0.0,0.0,3.0,0.0,10.0,5.0,1.0,2.0,0.0,0.0,0.0,0.0,7.0,0.0,1.0,1.0,0.0,0.0,1.0,7.0,7.0,1.0,0.0
323960704,cian.ru,Дорогомилово,59.0,,,199.0,199.0,0,1292,0,693,530200.0,154.0,8.0,480.0,199.0,462.0,0,1292,0,693,1.0,0.0,1.0,0.0,0.0,1.0,0.0,0.0,4.0,1.0,0.0,0.0,0.0,0.0,0.0,0.0,1.0,0.0,2.0,1.0,0.0,0.0,0.0,2.0,2.0,0.0,0.0,8.0,2.0,6.0,2.0,0.0,3.0,2.0,0.0,14.0,2.0,0.0,0.0,0.0,0.0,0.0,2.0,3.0,0.0,2.0,3.0,0.0,0.0,3.0,10.0,11.0,2.0,1.0
324416202,cian.ru,Царицыно,27.0,18.0,2964.0,102.0,115.5,11204,17210,3943,3444,302800.0,115.0,63.0,10653.0,102.0,364.875,11204,17210,3943,3444,4.0,1.0,10.0,13.0,0.0,0.0,5.0,0.0,27.0,4.0,0.0,1.0,0.0,0.0,1.0,0.0,17.0,2.0,7.0,3.0,0.0,0.0,3.0,8.0,11.0,0.0,0.0,7.0,5.0,20.0,20.0,0.0,4.0,11.0,0.0,45.0,5.0,5.0,7.0,0.0,0.0,2.0,1.0,35.0,3.0,10.0,8.0,0.0,1.0,3.0,12.0,26.0,4.0,1.0
321706574,cian.ru,Басманный,98.0,37.0,1537.0,130.0,237.1428571428572,4942,36631,2424,16400,461200.0,458.0,151.0,5378.0,130.0,437.6808510638298,4942,36631,2424,16400,13.0,4.0,9.0,37.0,0.0,1.0,4.0,0.0,10.0,3.0,1.0,0.0,0.0,0.0,1.0,4.0,6.0,2.0,7.0,5.0,0.0,0.0,12.0,27.0,38.0,2.0,0.0,39.0,18.0,24.0,151.0,1.0,7.0,18.0,0.0,28.0,12.0,4.0,5.0,22.0,2.0,1.0,10.0,24.0,2.0,19.0,8.0,0.0,4.0,34.0,67.0,115.0,7.0,1.0
319819937,cian.ru,Мещанский,147.0,57.0,1383.0,24.0,172.3421052631579,2106,37133,3983,30675,530600.0,587.0,246.0,6139.0,24.0,356.27027027027026,2106,37133,3983,30675,12.0,4.0,6.0,37.0,0.0,0.0,3.0,0.0,12.0,2.0,1.0,0.0,10.0,0.0,1.0,8.0,5.0,0.0,6.0,4.0,0.0,2.0,2.0,18.0,35.0,4.0,2.0,99.0,31.0,19.0,148.0,1.0,8.0,9.0,0.0,21.0,15.0,7.0,4.0,15.0,0.0,1.0,19.0,11.0,1.0,15.0,13.0,0.0,6.0,16.0,36.0,109.0,14.0,4.0
4149451670449436160,realty.yandex.ru,Аэропорт,57.0,19.0,2077.0,146.0,237.9090909090909,9392,38428,2685,21520,400700.0,247.0,91.0,8728.0,146.0,329.1904761904762,9392,38428,2685,21520,7.0,4.0,16.0,19.0,0.0,1.0,3.0,0.0,26.0,2.0,1.0,2.0,5.0,1.0,1.0,3.0,14.0,3.0,8.0,2.0,0.0,0.0,7.0,21.0,15.0,1.0,1.0,15.0,13.0,27.0,41.0,0.0,3.0,10.0,0.0,32.0,4.0,8.0,5.0,25.0,4.0,1.0,7.0,27.0,4.0,13.0,9.0,0.0,0.0,10.0,34.0,31.0,5.0,2.0
321202457,cian.ru,Тропарево-Никулино,17.0,5.0,283.0,123.0,195.25,4880,40913,1123,9148,399700.0,86.0,24.0,5055.0,123.0,346.1111111111111,4880,40913,1123,9148,1.0,0.0,6.0,3.0,0.0,1.0,4.0,0.0,7.0,1.0,0.0,0.0,2.0,0.0,2.0,0.0,6.0,0.0,4.0,2.0,1.0,0.0,3.0,8.0,21.0,1.0,0.0,17.0,6.0,19.0,31.0,0.0,4.0,7.0,0.0,49.0,6.0,3.0,2.0,28.0,0.0,5.0,0.0,24.0,4.0,12.0,8.0,1.0,1.0,17.0,33.0,78.0,2.0,1.0
322985978,cian.ru,Тушино Северное,32.0,14.0,2950.0,142.0,162.5,17662,19427,5549,12925,310000.0,160.0,65.0,11416.0,142.0,291.0,17662,19427,5549,12925,3.0,1.0,15.0,8.0,0.0,0.0,5.0,0.0,34.0,5.0,1.0,2.0,0.0,0.0,1.0,0.0,11.0,1.0,4.0,3.0,0.0,0.0,4.0,11.0,19.0,2.0,1.0,12.0,5.0,21.0,24.0,1.0,0.0,11.0,0.0,45.0,10.0,6.0,7.0,0.0,0.0,1.0,0.0,23.0,1.0,4.0,5.0,0.0,1.0,5.0,17.0,19.0,8.0,1.0
3673425695884256768,realty.yandex.ru,Аэропорт,57.0,19.0,2077.0,146.0,237.9090909090909,9392,38428,2685,21520,400700.0,247.0,91.0,8728.0,146.0,329.1904761904762,9392,38428,2685,21520,7.0,4.0,16.0,19.0,0.0,1.0,3.0,0.0,26.0,2.0,1.0,2.0,5.0,1.0,1.0,3.0,14.0,3.0,8.0,2.0,0.0,0.0,7.0,21.0,15.0,1.0,1.0,15.0,13.0,27.0,41.0,0.0,3.0,10.0,0.0,32.0,4.0,8.0,5.0,25.0,4.0,1.0,7.0,27.0,4.0,13.0,9.0,0.0,0.0,10.0,34.0,31.0,5.0,2.0
323644302,cian.ru,Басманный,98.0,37.0,1537.0,130.0,237.1428571428572,4942,36631,2424,16400,461200.0,458.0,151.0,5378.0,130.0,437.6808510638298,4942,36631,2424,16400,13.0,4.0,9.0,37.0,0.0,1.0,4.0,0.0,10.0,3.0,1.0,0.0,0.0,0.0,1.0,4.0,6.0,2.0,7.0,5.0,0.0,0.0,12.0,27.0,38.0,2.0,0.0,39.0,18.0,24.0,151.0,1.0,7.0,18.0,0.0,28.0,12.0,4.0,5.0,22.0,2.0,1.0,10.0,24.0,2.0,19.0,8.0,0.0,4.0,34.0,67.0,115.0,7.0,1.0
323352593,cian.ru,Пресненский,21.0,8.0,1773.0,0.0,204.8,4670,318598,5210,103583,621300.0,71.0,29.0,3682.0,0.0,303.48148148148147,4670,318598,5210,103583,18.0,5.0,38.0,63.0,0.0,13.0,8.0,0.0,30.0,17.0,0.0,0.0,1.0,0.0,2.0,12.0,15.0,6.0,27.0,12.0,2.0,0.0,35.0,61.0,116.0,1.0,8.0,42.0,7.0,53.0,79.0,0.0,15.0,13.0,0.0,46.0,20.0,0.0,2.0,1.0,0.0,5.0,16.0,17.0,7.0,32.0,16.0,2.0,1.0,50.0,93.0,152.0,1.0,13.0
323352525,cian.ru,Басманный,98.0,37.0,1537.0,130.0,237.1428571428572,4942,36631,2424,16400,461200.0,458.0,151.0,5378.0,130.0,437.6808510638298,4942,36631,2424,16400,13.0,4.0,9.0,37.0,0.0,1.0,4.0,0.0,10.0,3.0,1.0,0.0,0.0,0.0,1.0,4.0,6.0,2.0,7.0,5.0,0.0,0.0,12.0,27.0,38.0,2.0,0.0,39.0,18.0,24.0,151.0,1.0,7.0,18.0,0.0,28.0,12.0,4.0,5.0,22.0,2.0,1.0,10.0,24.0,2.0,19.0,8.0,0.0,4.0,34.0,67.0,115.0,7.0,1.0
322381828,cian.ru,Тушино Северное,32.0,14.0,2950.0,142.0,162.5,17662,19427,5549,12925,310000.0,160.0,65.0,11416.0,142.0,291.0,17662,19427,5549,12925,3.0,1.0,15.0,8.0,0.0,0.0,5.0,0.0,34.0,5.0,1.0,2.0,0.0,0.0,1.0,0.0,11.0,1.0,4.0,3.0,0.0,0.0,4.0,11.0,19.0,2.0,1.0,12.0,5.0,21.0,24.0,1.0,0.0,11.0,0.0,45.0,10.0,6.0,7.0,0.0,0.0,1.0,0.0,23.0,1.0,4.0,5.0,0.0,1.0,5.0,17.0,19.0,8.0,1.0
320564478,cian.ru,Царицыно,27.0,18.0,2964.0,102.0,115.5,11204,17210,3943,3444,302800.0,115.0,63.0,10653.0,102.0,364.875,11204,17210,3943,3444,4.0,1.0,10.0,13.0,0.0,0.0,5.0,0.0,27.0,4.0,0.0,1.0,0.0,0.0,1.0,0.0,17.0,2.0,7.0,3.0,0.0,0.0,3.0,8.0,11.0,0.0,0.0,7.0,5.0,20.0,20.0,0.0,4.0,11.0,0.0,45.0,5.0,5.0,7.0,0.0,0.0,2.0,1.0,35.0,3.0,10.0,8.0,0.0,1.0,3.0,12.0,26.0,4.0,1.0
318796049,cian.ru,Даниловский,59.0,2.0,1201.0,0.0,160.0,9872,69721,699,19225,399100.0,242.0,31.0,4753.0,0.0,327.26666666666665,9872,69721,699,19225,6.0,4.0,12.0,27.0,0.0,6.0,3.0,0.0,20.0,3.0,0.0,0.0,1.0,0.0,2.0,7.0,13.0,2.0,6.0,11.0,0.0,2.0,7.0,12.0,30.0,2.0,3.0,12.0,9.0,18.0,63.0,1.0,9.0,7.0,0.0,75.0,7.0,4.0,4.0,3.0,0.0,2.0,10.0,19.0,3.0,13.0,12.0,0.0,13.0,15.0,31.0,60.0,3.0,3.0
4049622556,avito.ru,Кунцево,44.0,24.0,4251.0,113.0,161.4,26768,48209,9001,8196,351900.0,116.0,66.0,13097.0,113.0,300.77777777777777,26768,48209,9001,8196,4.0,0.0,15.0,16.0,0.0,0.0,7.0,0.0,30.0,6.0,1.0,0.0,0.0,0.0,3.0,0.0,10.0,1.0,6.0,3.0,0.0,0.0,6.0,16.0,30.0,2.0,3.0,18.0,5.0,28.0,42.0,0.0,3.0,11.0,2.0,44.0,16.0,5.0,8.0,5.0,0.0,3.0,2.0,19.0,5.0,9.0,8.0,4.0,0.0,17.0,31.0,68.0,10.0,4.0
322585948,cian.ru,Царицыно,27.0,18.0,2964.0,102.0,115.5,11204,17210,3943,3444,302800.0,115.0,63.0,10653.0,102.0,364.875,11204,17210,3943,3444,4.0,1.0,10.0,13.0,0.0,0.0,5.0,0.0,27.0,4.0,0.0,1.0,0.0,0.0,1.0,0.0,17.0,2.0,7.0,3.0,0.0,0.0,3.0,8.0,11.0,0.0,0.0,7.0,5.0,20.0,20.0,0.0,4.0,11.0,0.0,45.0,5.0,5.0,7.0,0.0,0.0,2.0,1.0,35.0,3.0,10.0,8.0,0.0,1.0,3.0,12.0,26.0,4.0,1.0
321755961,cian.ru,Фили-Давыдково,12.0,6.0,3465.0,0.0,117.5,17848,63752,6361,29055,401300.0,73.0,36.0,9634.0,0.0,332.0,17848,63752,6361,29055,1.0,0.0,12.0,8.0,0.0,0.0,2.0,0.0,18.0,4.0,1.0,0.0,0.0,0.0,3.0,0.0,11.0,2.0,5.0,5.0,3.0,0.0,3.0,12.0,12.0,0.0,1.0,9.0,1.0,15.0,26.0,1.0,1.0,6.0,0.0,20.0,7.0,4.0,6.0,0.0,0.0,3.0,1.0,14.0,6.0,8.0,8.0,3.0,0.0,6.0,14.0,21.0,2.0,1.0
324220003,cian.ru,Басманный,103.0,38.0,1521.0,145.0,239.5,4942,36631,2424,14438,461200.0,458.0,160.0,5343.0,145.0,432.6629213483146,4942,36631,2424,14438,13.0,4.0,9.0,39.0,0.0,1.0,5.0,0.0,11.0,2.0,1.0,0.0,1.0,0.0,1.0,4.0,5.0,2.0,7.0,3.0,0.0,0.0,13.0,21.0,38.0,2.0,0.0,40.0,17.0,19.0,157.0,1.0,7.0,17.0,0.0,29.0,11.0,4.0,3.0,22.0,2.0,1.0,10.0,24.0,2.0,18.0,8.0,0.0,3.0,35.0,65.0,113.0,7.0,1.0
8427502013113796608,realty.yandex.ru,Якиманка,178.0,28.0,1472.0,0.0,200.65853658536585,896,8386,670,5304,680600.0,600.0,124.0,4715.0,0.0,369.1666666666667,896,8386,670,5304,6.0,2.0,3.0,24.0,0.0,3.0,3.0,0.0,3.0,3.0,0.0,1.0,2.0,0.0,0.0,5.0,10.0,3.0,2.0,2.0,0.0,5.0,4.0,4.0,12.0,1.0,2.0,65.0,17.0,12.0,89.0,0.0,11.0,8.0,0.0,11.0,8.0,5.0,8.0,9.0,0.0,1.0,10.0,24.0,4.0,8.0,6.0,0.0,12.0,7.0,32.0,70.0,9.0,4.0
3941543084032598016,realty.yandex.ru,Таганский,66.0,18.0,1666.0,73.0,194.38888888888889,1808,21131,2432,10691,433700.0,332.0,69.0,4084.0,73.0,366.4347826086956,1808,21131,2432,10691,19.0,2.0,9.0,32.0,1.0,2.0,4.0,0.0,3.0,1.0,2.0,1.0,2.0,0.0,1.0,2.0,7.0,0.0,2.0,11.0,0.0,2.0,2.0,11.0,21.0,0.0,2.0,46.0,5.0,22.0,92.0,2.0,8.0,7.0,0.0,19.0,11.0,5.0,6.0,9.0,0.0,2.0,14.0,14.0,2.0,11.0,18.0,1.0,4.0,28.0,46.0,73.0,2.0,5.0
323127962,cian.ru,Басманный,103.0,38.0,1521.0,145.0,239.5,4942,36631,2424,14438,461200.0,458.0,160.0,5343.0,145.0,432.6629213483146,4942,36631,2424,14438,13.0,4.0,9.0,39.0,0.0,1.0,5.0,0.0,11.0,2.0,1.0,0.0,1.0,0.0,1.0,4.0,5.0,2.0,7.0,3.0,0.0,0.0,13.0,21.0,38.0,2.0,0.0,40.0,17.0,19.0,157.0,1.0,7.0,17.0,0.0,29.0,11.0,4.0,3.0,22.0,2.0,1.0,10.0,24.0,2.0,18.0,8.0,0.0,3.0,35.0,65.0,113.0,7.0,1.0
311785530,cian.ru,Басманный,98.0,37.0,1537.0,130.0,237.1428571428572,4942,36631,2424,16400,461200.0,458.0,151.0,5378.0,130.0,437.6808510638298,4942,36631,2424,16400,13.0,4.0,9.0,37.0,0.0,1.0,4.0,0.0,10.0,3.0,1.0,0.0,0.0,0.0,1.0,4.0,6.0,2.0,7.0,5.0,0.0,0.0,12.0,27.0,38.0,2.0,0.0,39.0,18.0,24.0,151.0,1.0,7.0,18.0,0.0,28.0,12.0,4.0,5.0,22.0,2.0,1.0,10.0,24.0,2.0,19.0,8.0,0.0,4.0,34.0,67.0,115.0,7.0,1.0
3965285094499586048,realty.yandex.ru,Тверской,112.0,34.0,1872.0,0.0,198.3636363636364,1078,21597,1557,20620,609300.0,341.0,96.0,6276.0,0.0,388.3934426229508,1078,21597,1557,20620,10.0,6.0,9.0,27.0,0.0,3.0,3.0,0.0,33.0,3.0,1.0,1.0,1.0,0.0,0.0,7.0,5.0,1.0,6.0,1.0,2.0,0.0,14.0,15.0,72.0,1.0,1.0,33.0,12.0,30.0,97.0,0.0,5.0,13.0,0.0,46.0,12.0,2.0,4.0,29.0,3.0,0.0,18.0,24.0,3.0,14.0,11.0,2.0,2.0,29.0,48.0,134.0,6.0,5.0
321841061,cian.ru,Хамовники,105.0,22.0,374.0,4.0,161.9375,1622,26083,108,2529,846800.0,282.0,35.0,1128.0,4.0,335.1515151515151,1622,26083,108,2529,6.0,0.0,0.0,7.0,0.0,2.0,0.0,0.0,3.0,0.0,2.0,0.0,0.0,0.0,0.0,3.0,0.0,0.0,0.0,0.0,0.0,3.0,0.0,7.0,8.0,0.0,0.0,12.0,3.0,2.0,14.0,0.0,4.0,2.0,0.0,7.0,3.0,2.0,0.0,4.0,0.0,0.0,8.0,6.0,0.0,5.0,1.0,0.0,11.0,7.0,20.0,24.0,1.0,1.0
320947264,cian.ru,Тверской,112.0,34.0,1872.0,0.0,198.3636363636364,1078,21597,1557,20620,609300.0,341.0,96.0,6276.0,0.0,388.344262295082,1078,21597,1557,20620,10.0,6.0,9.0,27.0,0.0,3.0,3.0,0.0,33.0,3.0,1.0,1.0,1.0,0.0,0.0,7.0,5.0,1.0,6.0,1.0,2.0,0.0,14.0,15.0,72.0,1.0,1.0,33.0,12.0,30.0,97.0,0.0,5.0,13.0,0.0,46.0,12.0,2.0,4.0,29.0,3.0,0.0,18.0,24.0,3.0,14.0,11.0,2.0,2.0,29.0,48.0,134.0,6.0,5.0
3940753168374284800,realty.yandex.ru,Тверской,112.0,34.0,1872.0,0.0,198.3636363636364,1078,21597,1557,20620,609300.0,341.0,96.0,6276.0,0.0,388.3934426229508,1078,21597,1557,20620,10.0,6.0,9.0,27.0,0.0,3.0,3.0,0.0,33.0,3.0,1.0,1.0,1.0,0.0,0.0,7.0,5.0,1.0,6.0,1.0,2.0,0.0,14.0,15.0,72.0,1.0,1.0,33.0,12.0,30.0,97.0,0.0,5.0,13.0,0.0,46.0,12.0,2.0,4.0,29.0,3.0,0.0,18.0,24.0,3.0,14.0,11.0,2.0,2.0,29.0,48.0,134.0,6.0,5.0
325129770,cian.ru,Ростокино,47.0,15.0,1076.0,56.0,171.0,1760,3504,867,1286,335200.0,199.0,34.0,3196.0,56.0,383.3636363636364,1760,3504,867,1286,1.0,0.0,0.0,1.0,0.0,2.0,1.0,0.0,1.0,0.0,4.0,0.0,0.0,0.0,0.0,0.0,4.0,0.0,0.0,1.0,0.0,1.0,0.0,0.0,2.0,0.0,0.0,11.0,2.0,2.0,4.0,0.0,2.0,3.0,0.0,6.0,0.0,5.0,2.0,15.0,0.0,0.0,3.0,8.0,2.0,1.0,1.0,0.0,2.0,1.0,6.0,6.0,2.0,0.0
320515440,cian.ru,Басманный,192.0,49.0,1117.0,56.0,202.22222222222223,786,7543,704,5957,461200.0,712.0,176.0,4568.0,56.0,415.4453125,786,7543,704,5957,19.0,5.0,12.0,40.0,0.0,3.0,3.0,0.0,4.0,5.0,1.0,0.0,2.0,0.0,0.0,0.0,1.0,0.0,1.0,1.0,0.0,5.0,3.0,10.0,57.0,1.0,0.0,73.0,29.0,30.0,192.0,0.0,22.0,13.0,0.0,17.0,17.0,4.0,6.0,16.0,1.0,0.0,10.0,12.0,2.0,16.0,15.0,0.0,25.0,22.0,45.0,250.0,6.0,1.0
3034070567540996096,realty.yandex.ru,Марьина Роща,50.0,2.0,1372.0,28.0,214.69230769230768,4050,24198,4243,28110,402200.0,160.0,27.0,3981.0,28.0,341.25925925925924,4050,24198,4243,28110,1.0,2.0,3.0,2.0,0.0,1.0,0.0,0.0,5.0,0.0,0.0,0.0,2.0,0.0,3.0,3.0,4.0,3.0,2.0,1.0,0.0,1.0,5.0,7.0,23.0,0.0,0.0,8.0,6.0,16.0,18.0,1.0,2.0,6.0,1.0,34.0,3.0,2.0,1.0,3.0,0.0,6.0,10.0,16.0,10.0,7.0,2.0,0.0,2.0,12.0,33.0,72.0,2.0,1.0
323075567,cian.ru,Басманный,115.0,10.0,208.0,0.0,190.63636363636363,1960,50833,99,7116,461200.0,504.0,67.0,1258.0,0.0,388.54700854700855,1960,50833,99,7116,13.0,7.0,7.0,50.0,0.0,3.0,4.0,0.0,7.0,2.0,0.0,1.0,0.0,0.0,0.0,3.0,6.0,0.0,6.0,4.0,0.0,4.0,8.0,21.0,65.0,3.0,3.0,43.0,20.0,30.0,167.0,0.0,14.0,11.0,0.0,34.0,3.0,2.0,2.0,14.0,1.0,3.0,14.0,15.0,0.0,20.0,18.0,3.0,21.0,24.0,91.0,276.0,7.0,6.0
2361989379647574016,realty.yandex.ru,Свиблово,44.0,23.0,2649.0,4.0,148.66666666666666,10002,25880,5875,7910,356200.0,164.0,64.0,10590.0,4.0,392.0,10002,25880,5875,7910,1.0,2.0,10.0,11.0,0.0,0.0,4.0,0.0,27.0,1.0,3.0,1.0,1.0,0.0,1.0,1.0,15.0,1.0,3.0,3.0,0.0,0.0,1.0,8.0,12.0,1.0,3.0,16.0,5.0,18.0,27.0,0.0,2.0,8.0,0.0,39.0,3.0,7.0,4.0,7.0,1.0,1.0,2.0,31.0,9.0,6.0,5.0,0.0,1.0,7.0,11.0,18.0,1.0,3.0
321498517,cian.ru,Таганский,95.0,14.0,796.0,15.0,157.6818181818182,10292,50337,456,6586,433700.0,299.0,80.0,6848.0,15.0,301.5217391304348,10292,50337,456,6586,5.0,5.0,11.0,12.0,0.0,2.0,0.0,0.0,11.0,0.0,1.0,1.0,0.0,0.0,0.0,2.0,6.0,1.0,3.0,4.0,0.0,1.0,8.0,17.0,21.0,2.0,0.0,24.0,12.0,19.0,38.0,1.0,2.0,5.0,0.0,44.0,10.0,4.0,3.0,2.0,0.0,0.0,3.0,20.0,3.0,5.0,8.0,0.0,6.0,12.0,26.0,34.0,8.0,2.0
320685513,cian.ru,Пресненский,92.0,28.0,1629.0,96.0,196.92,1264,12620,1506,8435,621300.0,360.0,128.0,7738.0,96.0,348.71153846153845,1264,12620,1506,8435,14.0,6.0,20.0,24.0,1.0,7.0,6.0,0.0,18.0,5.0,3.0,3.0,2.0,0.0,0.0,6.0,14.0,1.0,6.0,7.0,0.0,0.0,13.0,18.0,30.0,3.0,2.0,45.0,15.0,35.0,73.0,1.0,16.0,13.0,0.0,35.0,9.0,8.0,8.0,3.0,1.0,3.0,7.0,31.0,4.0,15.0,9.0,0.0,4.0,18.0,41.0,56.0,8.0,3.0
324199530,cian.ru,Беговой,44.0,16.0,1527.0,149.0,243.625,7908,58823,1472,11378,414000.0,275.0,89.0,7009.0,149.0,421.2096774193548,7908,58823,1472,11378,4.0,2.0,8.0,26.0,0.0,2.0,5.0,0.0,10.0,5.0,0.0,0.0,1.0,0.0,0.0,3.0,5.0,0.0,5.0,3.0,0.0,2.0,2.0,13.0,28.0,1.0,1.0,46.0,12.0,29.0,111.0,1.0,9.0,14.0,0.0,22.0,11.0,1.0,4.0,1.0,0.0,0.0,17.0,18.0,0.0,16.0,13.0,0.0,7.0,19.0,33.0,113.0,6.0,5.0
322930746,cian.ru,Лефортово,42.0,14.0,1491.0,1.0,96.25,5058,34618,885,14609,279300.0,209.0,58.0,5730.0,1.0,385.2857142857143,5058,34618,885,14609,7.0,2.0,9.0,9.0,0.0,2.0,3.0,0.0,4.0,3.0,1.0,0.0,9.0,0.0,0.0,3.0,10.0,1.0,6.0,2.0,0.0,0.0,6.0,10.0,22.0,2.0,2.0,12.0,7.0,23.0,30.0,0.0,4.0,9.0,0.0,32.0,7.0,7.0,3.0,32.0,3.0,0.0,3.0,30.0,6.0,12.0,6.0,0.0,0.0,15.0,24.0,35.0,7.0,2.0
321970842,cian.ru,Соколиная Гора,68.0,9.0,767.0,4.0,186.2173913043478,10480,91013,4192,17507,354400.0,329.0,51.0,4512.0,4.0,396.9157894736842,10480,91013,4192,17507,6.0,4.0,11.0,23.0,0.0,4.0,5.0,0.0,17.0,5.0,3.0,0.0,0.0,0.0,4.0,3.0,12.0,3.0,9.0,8.0,0.0,0.0,12.0,12.0,36.0,1.0,0.0,19.0,10.0,18.0,52.0,1.0,8.0,8.0,0.0,30.0,13.0,11.0,3.0,8.0,2.0,4.0,28.0,22.0,11.0,12.0,10.0,0.0,0.0,36.0,29.0,46.0,6.0,0.0
324434053,cian.ru,Пресненский,21.0,8.0,1773.0,0.0,204.8,4670,318598,5210,103583,621300.0,71.0,29.0,3682.0,0.0,303.48148148148147,4670,318598,5210,103583,18.0,5.0,38.0,63.0,0.0,13.0,8.0,0.0,30.0,17.0,0.0,0.0,1.0,0.0,2.0,12.0,15.0,6.0,27.0,12.0,2.0,0.0,35.0,61.0,116.0,1.0,8.0,42.0,7.0,53.0,79.0,0.0,15.0,13.0,0.0,46.0,20.0,0.0,2.0,1.0,0.0,5.0,16.0,17.0,7.0,32.0,16.0,2.0,1.0,50.0,93.0,152.0,1.0,13.0
320518510,cian.ru,Пресненский,21.0,8.0,1773.0,0.0,204.8,4670,318598,5210,103583,621300.0,71.0,29.0,3682.0,0.0,303.48148148148147,4670,318598,5210,103583,18.0,5.0,38.0,63.0,0.0,13.0,8.0,0.0,30.0,17.0,0.0,0.0,1.0,0.0,2.0,12.0,15.0,6.0,27.0,12.0,2.0,0.0,35.0,61.0,116.0,1.0,8.0,42.0,7.0,53.0,79.0,0.0,15.0,13.0,0.0,46.0,20.0,0.0,2.0,1.0,0.0,5.0,16.0,17.0,7.0,32.0,16.0,2.0,1.0,50.0,93.0,152.0,1.0,13.0
141801136157788400,realty.yandex.ru,Якиманка,48.0,15.0,1020.0,87.0,193.875,6970,63243,1244,10338,680600.0,258.0,56.0,3648.0,87.0,424.6571428571429,6970,63243,1244,10338,10.0,2.0,8.0,10.0,0.0,3.0,1.0,0.0,6.0,0.0,0.0,1.0,11.0,0.0,0.0,4.0,1.0,0.0,5.0,1.0,0.0,1.0,6.0,10.0,25.0,0.0,0.0,57.0,6.0,20.0,27.0,0.0,8.0,4.0,0.0,16.0,8.0,2.0,9.0,25.0,0.0,1.0,8.0,4.0,1.0,8.0,3.0,1.0,3.0,15.0,22.0,45.0,4.0,2.0
5203054433260793856,realty.yandex.ru,Мещанский,96.0,27.0,1474.0,76.0,195.2,9926,85711,1120,9932,530600.0,331.0,101.0,6830.0,76.0,362.0862068965517,9926,85711,1120,9932,12.0,10.0,14.0,31.0,0.0,5.0,5.0,0.0,11.0,1.0,1.0,1.0,6.0,0.0,0.0,4.0,9.0,0.0,7.0,1.0,0.0,2.0,11.0,21.0,25.0,1.0,3.0,49.0,22.0,33.0,78.0,1.0,11.0,16.0,0.0,25.0,13.0,6.0,4.0,9.0,0.0,0.0,7.0,20.0,6.0,18.0,12.0,0.0,7.0,28.0,45.0,65.0,10.0,3.0
322370364,cian.ru,Щукино,60.0,45.0,2742.0,134.0,174.2,3970,15988,2896,8913,395300.0,211.0,138.0,10953.0,134.0,344.5,3970,15988,2896,8913,11.0,3.0,19.0,46.0,0.0,3.0,13.0,0.0,35.0,11.0,0.0,1.0,0.0,0.0,4.0,0.0,16.0,3.0,10.0,7.0,0.0,0.0,3.0,18.0,24.0,3.0,4.0,32.0,19.0,33.0,107.0,0.0,7.0,17.0,0.0,49.0,14.0,6.0,9.0,5.0,1.0,4.0,4.0,41.0,9.0,16.0,11.0,0.0,1.0,5.0,23.0,32.0,8.0,5.0
323080981,cian.ru,Беговой,52.0,18.0,1625.0,157.0,231.0,5766,58823,1472,11378,414000.0,281.0,89.0,7120.0,157.0,423.8360655737705,5766,58823,1472,11378,4.0,2.0,7.0,32.0,0.0,1.0,6.0,0.0,6.0,4.0,0.0,0.0,1.0,0.0,0.0,2.0,7.0,0.0,5.0,4.0,0.0,2.0,5.0,10.0,20.0,2.0,1.0,40.0,12.0,28.0,97.0,1.0,8.0,15.0,0.0,22.0,12.0,1.0,4.0,1.0,0.0,0.0,15.0,19.0,1.0,17.0,12.0,0.0,7.0,20.0,34.0,100.0,6.0,5.0
323352635,cian.ru,Пресненский,21.0,8.0,1773.0,0.0,204.8,4670,318598,5210,103583,621300.0,71.0,29.0,3682.0,0.0,303.48148148148147,4670,318598,5210,103583,18.0,5.0,38.0,63.0,0.0,13.0,8.0,0.0,30.0,17.0,0.0,0.0,1.0,0.0,2.0,12.0,15.0,6.0,27.0,12.0,2.0,0.0,35.0,61.0,116.0,1.0,8.0,42.0,7.0,53.0,79.0,0.0,15.0,13.0,0.0,46.0,20.0,0.0,2.0,1.0,0.0,5.0,16.0,17.0,7.0,32.0,16.0,2.0,1.0,50.0,93.0,152.0,1.0,13.0
5228409285432275968,realty.yandex.ru,Пресненский,19.0,8.0,253.0,25.0,205.53333333333333,4670,318598,5210,103583,621300.0,68.0,28.0,3622.0,25.0,297.3076923076923,4670,318598,5210,103583,20.0,5.0,41.0,69.0,0.0,13.0,9.0,0.0,30.0,17.0,0.0,0.0,1.0,0.0,2.0,12.0,14.0,7.0,27.0,13.0,2.0,0.0,36.0,65.0,119.0,1.0,10.0,37.0,7.0,53.0,79.0,0.0,15.0,13.0,0.0,46.0,20.0,0.0,1.0,1.0,0.0,5.0,16.0,16.0,7.0,32.0,16.0,2.0,1.0,50.0,93.0,152.0,1.0,13.0
8232352984612334592,realty.yandex.ru,Пресненский,85.0,34.0,2581.0,43.0,198.22222222222223,5690,28734,1902,3830,621300.0,365.0,105.0,6261.0,43.0,385.55555555555554,5690,28734,1902,3830,12.0,3.0,9.0,17.0,0.0,3.0,4.0,0.0,7.0,1.0,0.0,0.0,1.0,0.0,0.0,3.0,8.0,3.0,4.0,2.0,1.0,0.0,2.0,18.0,12.0,1.0,1.0,35.0,13.0,26.0,57.0,1.0,13.0,9.0,0.0,25.0,7.0,5.0,6.0,9.0,1.0,0.0,8.0,20.0,3.0,8.0,9.0,1.0,4.0,19.0,45.0,58.0,4.0,5.0
322854989,cian.ru,Тушино Северное,29.0,17.0,3354.0,202.0,225.3333333333333,1952,3415,1670,1628,310000.0,127.0,82.0,12088.0,202.0,225.3333333333333,1952,3415,1670,1628,6.0,1.0,11.0,19.0,0.0,0.0,4.0,0.0,17.0,3.0,1.0,2.0,0.0,0.0,1.0,0.0,14.0,2.0,5.0,4.0,0.0,0.0,1.0,13.0,4.0,0.0,1.0,11.0,6.0,29.0,43.0,1.0,1.0,11.0,0.0,46.0,16.0,7.0,5.0,0.0,0.0,4.0,0.0,32.0,5.0,13.0,8.0,3.0,0.0,4.0,25.0,27.0,5.0,5.0
322780658,cian.ru,Тушино Северное,29.0,17.0,3354.0,202.0,225.3333333333333,1952,3415,1670,1628,310000.0,127.0,82.0,12088.0,202.0,225.3333333333333,1952,3415,1670,1628,6.0,1.0,11.0,19.0,0.0,0.0,4.0,0.0,17.0,3.0,1.0,2.0,0.0,0.0,1.0,0.0,14.0,2.0,5.0,4.0,0.0,0.0,1.0,13.0,4.0,0.0,1.0,11.0,6.0,29.0,43.0,1.0,1.0,11.0,0.0,46.0,16.0,7.0,5.0,0.0,0.0,4.0,0.0,32.0,5.0,13.0,8.0,3.0,0.0,4.0,25.0,27.0,5.0,5.0
323352485,cian.ru,Мещанский,148.0,61.0,1050.0,41.0,194.8055555555556,968,13267,1508,20457,530600.0,600.0,237.0,5462.0,41.0,386.1111111111111,968,13267,1508,20457,24.0,14.0,13.0,45.0,0.0,3.0,2.0,0.0,5.0,5.0,2.0,2.0,3.0,0.0,1.0,9.0,2.0,4.0,11.0,8.0,0.0,0.0,14.0,20.0,69.0,5.0,2.0,57.0,40.0,31.0,150.0,0.0,9.0,10.0,0.0,23.0,16.0,6.0,7.0,14.0,0.0,1.0,25.0,13.0,5.0,19.0,13.0,0.0,8.0,30.0,47.0,156.0,10.0,7.0
323098951,cian.ru,Басманный,171.0,56.0,1397.0,72.0,182.47619047619048,1322,9575,508,3505,461200.0,664.0,227.0,5036.0,72.0,401.83838383838383,1322,9575,508,3505,25.0,5.0,4.0,28.0,0.0,1.0,2.0,0.0,3.0,3.0,0.0,0.0,0.0,0.0,0.0,2.0,0.0,1.0,0.0,1.0,0.0,2.0,4.0,5.0,25.0,2.0,0.0,77.0,29.0,25.0,154.0,0.0,20.0,13.0,0.0,21.0,15.0,8.0,5.0,14.0,0.0,0.0,8.0,11.0,1.0,13.0,7.0,0.0,6.0,13.0,43.0,179.0,10.0,2.0
3581308491409006080,realty.yandex.ru,Беговой,43.0,16.0,1527.0,148.0,243.25,6210,58823,1472,11378,414000.0,275.0,89.0,7009.0,148.0,421.11290322580646,6210,58823,1472,11378,4.0,2.0,8.0,26.0,0.0,2.0,5.0,0.0,10.0,5.0,0.0,0.0,1.0,0.0,0.0,3.0,5.0,0.0,5.0,3.0,0.0,2.0,2.0,13.0,28.0,1.0,1.0,46.0,12.0,29.0,111.0,1.0,9.0,14.0,0.0,22.0,11.0,1.0,4.0,1.0,0.0,0.0,17.0,18.0,0.0,16.0,13.0,0.0,7.0,19.0,33.0,113.0,6.0,5.0
321496911,cian.ru,Якиманка,45.0,13.0,895.0,93.0,200.44444444444449,6970,63243,1244,9687,680600.0,256.0,57.0,4161.0,93.0,388.41379310344826,6970,63243,1244,9687,8.0,3.0,8.0,12.0,0.0,3.0,1.0,0.0,6.0,0.0,0.0,1.0,11.0,0.0,0.0,4.0,1.0,0.0,5.0,1.0,0.0,1.0,6.0,10.0,25.0,0.0,0.0,53.0,6.0,19.0,28.0,0.0,8.0,4.0,0.0,15.0,8.0,2.0,8.0,25.0,0.0,1.0,7.0,4.0,1.0,8.0,3.0,1.0,4.0,15.0,22.0,45.0,4.0,2.0
323347719,cian.ru,Замоскворечье,110.0,31.0,1712.0,12.0,198.6451612903226,1712,41904,853,24197,543700.0,419.0,99.0,3778.0,12.0,394.85849056603774,1712,41904,853,24197,8.0,4.0,2.0,29.0,0.0,5.0,4.0,0.0,5.0,5.0,1.0,0.0,15.0,0.0,0.0,4.0,4.0,0.0,4.0,0.0,0.0,1.0,4.0,6.0,12.0,2.0,1.0,34.0,10.0,15.0,91.0,1.0,11.0,10.0,0.0,25.0,12.0,5.0,1.0,24.0,0.0,3.0,9.0,15.0,0.0,15.0,9.0,0.0,6.0,21.0,38.0,96.0,10.0,4.0
321572359,cian.ru,Хамовники,120.0,29.0,1169.0,30.0,165.37142857142857,338,11113,754,17921,846800.0,408.0,117.0,5846.0,30.0,305.43939393939394,338,11113,754,17921,24.0,11.0,9.0,24.0,2.0,5.0,2.0,0.0,4.0,3.0,1.0,1.0,1.0,0.0,0.0,11.0,6.0,1.0,6.0,1.0,0.0,1.0,14.0,22.0,31.0,2.0,1.0,73.0,15.0,24.0,69.0,2.0,8.0,13.0,0.0,9.0,12.0,8.0,2.0,10.0,1.0,0.0,15.0,15.0,5.0,13.0,8.0,0.0,2.0,24.0,43.0,57.0,6.0,2.0
324325103,cian.ru,Замоскворечье,183.0,34.0,938.0,37.0,181.6,886,10458,360,5624,543700.0,678.0,141.0,4838.0,37.0,392.59090909090907,886,10458,360,5624,6.0,3.0,0.0,25.0,0.0,4.0,1.0,0.0,3.0,0.0,1.0,0.0,5.0,0.0,0.0,4.0,7.0,1.0,2.0,3.0,0.0,5.0,1.0,8.0,13.0,5.0,3.0,47.0,12.0,17.0,92.0,1.0,7.0,12.0,0.0,22.0,10.0,3.0,4.0,22.0,0.0,1.0,8.0,30.0,4.0,18.0,10.0,1.0,18.0,12.0,51.0,97.0,8.0,5.0
320857757,cian.ru,Тверской,71.0,16.0,1209.0,45.0,200.25,1554,26336,856,21644,609300.0,326.0,110.0,6622.0,45.0,395.12280701754383,1554,26336,856,21644,7.0,4.0,9.0,25.0,0.0,3.0,3.0,0.0,34.0,2.0,1.0,1.0,0.0,0.0,0.0,8.0,4.0,0.0,6.0,3.0,1.0,2.0,10.0,18.0,62.0,3.0,5.0,38.0,14.0,26.0,112.0,0.0,10.0,14.0,0.0,49.0,14.0,3.0,4.0,29.0,3.0,0.0,14.0,22.0,4.0,15.0,7.0,2.0,2.0,25.0,47.0,158.0,5.0,6.0
324390205,cian.ru,Хамовники,190.0,69.0,1302.0,0.0,164.6,852,8646,1102,5033,846800.0,618.0,221.0,5860.0,0.0,371.8571428571428,852,8646,1102,5033,8.0,6.0,4.0,17.0,0.0,4.0,4.0,0.0,2.0,3.0,1.0,4.0,2.0,0.0,0.0,3.0,1.0,0.0,3.0,0.0,0.0,6.0,2.0,7.0,15.0,3.0,0.0,24.0,14.0,11.0,66.0,0.0,7.0,7.0,0.0,5.0,9.0,10.0,4.0,13.0,0.0,0.0,8.0,4.0,2.0,10.0,8.0,0.0,14.0,12.0,29.0,50.0,5.0,2.0
321465437,cian.ru,Раменки,31.0,11.0,3379.0,,,1070,2530,1806,5440,483300.0,110.0,40.0,8076.0,387.0,433.0,1070,2530,1806,5440,5.0,12.0,3.0,21.0,0.0,2.0,1.0,0.0,1.0,1.0,2.0,3.0,2.0,0.0,0.0,0.0,3.0,2.0,3.0,5.0,0.0,0.0,2.0,8.0,11.0,1.0,0.0,17.0,17.0,14.0,46.0,0.0,4.0,8.0,0.0,7.0,5.0,7.0,11.0,10.0,6.0,2.0,0.0,18.0,4.0,12.0,9.0,0.0,1.0,5.0,13.0,32.0,1.0,0.0
322769504,cian.ru,Мещанский,175.0,70.0,1117.0,23.0,205.5428571428572,878,20814,776,9614,530600.0,635.0,231.0,4461.0,23.0,404.11764705882354,878,20814,776,9614,17.0,7.0,6.0,41.0,0.0,4.0,1.0,0.0,7.0,2.0,0.0,1.0,2.0,0.0,0.0,4.0,3.0,0.0,5.0,2.0,0.0,6.0,10.0,9.0,44.0,2.0,0.0,72.0,27.0,27.0,176.0,1.0,18.0,9.0,0.0,26.0,14.0,4.0,3.0,24.0,0.0,1.0,21.0,15.0,0.0,19.0,16.0,0.0,16.0,26.0,63.0,193.0,9.0,5.0
5203054433262692352,realty.yandex.ru,Басманный,99.0,38.0,1558.0,134.0,236.7142857142857,4942,36631,2424,16400,461200.0,463.0,156.0,5258.0,134.0,436.8936170212766,4942,36631,2424,16400,13.0,4.0,9.0,37.0,0.0,1.0,4.0,0.0,10.0,2.0,1.0,0.0,1.0,0.0,1.0,4.0,6.0,2.0,7.0,5.0,0.0,0.0,12.0,27.0,38.0,2.0,0.0,40.0,18.0,24.0,153.0,1.0,7.0,18.0,0.0,28.0,12.0,4.0,5.0,22.0,2.0,1.0,10.0,24.0,2.0,19.0,8.0,0.0,4.0,34.0,67.0,115.0,7.0,1.0
8302403454208357376,realty.yandex.ru,Дорогомилово,70.0,18.0,1649.0,77.0,207.28571428571428,1786,5818,1466,9710,530200.0,190.0,58.0,6599.0,77.0,301.7083333333333,1786,5818,1466,9710,4.0,7.0,7.0,23.0,0.0,0.0,4.0,0.0,5.0,3.0,1.0,1.0,0.0,0.0,0.0,4.0,3.0,1.0,4.0,4.0,0.0,0.0,7.0,6.0,8.0,0.0,0.0,10.0,16.0,26.0,51.0,0.0,2.0,12.0,0.0,71.0,10.0,2.0,3.0,0.0,0.0,2.0,5.0,14.0,3.0,22.0,12.0,1.0,1.0,14.0,38.0,74.0,5.0,2.0
321563446,cian.ru,Дорогомилово,70.0,18.0,1649.0,76.0,207.2142857142857,1786,5818,1466,9710,530200.0,190.0,58.0,6599.0,76.0,301.625,1786,5818,1466,9710,4.0,7.0,7.0,23.0,0.0,0.0,4.0,0.0,5.0,3.0,1.0,1.0,0.0,0.0,0.0,4.0,3.0,1.0,4.0,4.0,0.0,0.0,7.0,6.0,8.0,0.0,0.0,10.0,16.0,26.0,51.0,0.0,2.0,12.0,0.0,71.0,10.0,2.0,3.0,0.0,0.0,2.0,5.0,14.0,3.0,22.0,12.0,1.0,1.0,14.0,38.0,74.0,5.0,2.0
322240876,cian.ru,Дорогомилово,70.0,18.0,1649.0,76.0,207.2142857142857,1786,5818,1466,9710,530200.0,190.0,58.0,6599.0,76.0,301.625,1786,5818,1466,9710,4.0,7.0,7.0,23.0,0.0,0.0,4.0,0.0,5.0,3.0,1.0,1.0,0.0,0.0,0.0,4.0,3.0,1.0,4.0,4.0,0.0,0.0,7.0,6.0,8.0,0.0,0.0,10.0,16.0,26.0,51.0,0.0,2.0,12.0,0.0,71.0,10.0,2.0,3.0,0.0,0.0,2.0,5.0,14.0,3.0,22.0,12.0,1.0,1.0,14.0,38.0,74.0,5.0,2.0
322385458,cian.ru,Дорогомилово,70.0,18.0,1649.0,76.0,207.2142857142857,1786,5818,1466,9710,530200.0,190.0,58.0,6599.0,76.0,301.625,1786,5818,1466,9710,4.0,7.0,7.0,23.0,0.0,0.0,4.0,0.0,5.0,3.0,1.0,1.0,0.0,0.0,0.0,4.0,3.0,1.0,4.0,4.0,0.0,0.0,7.0,6.0,8.0,0.0,0.0,10.0,16.0,26.0,51.0,0.0,2.0,12.0,0.0,71.0,10.0,2.0,3.0,0.0,0.0,2.0,5.0,14.0,3.0,22.0,12.0,1.0,1.0,14.0,38.0,74.0,5.0,2.0
321563444,cian.ru,Дорогомилово,70.0,18.0,1649.0,76.0,207.2142857142857,1786,5818,1466,9710,530200.0,190.0,58.0,6599.0,76.0,301.625,1786,5818,1466,9710,4.0,7.0,7.0,23.0,0.0,0.0,4.0,0.0,5.0,3.0,1.0,1.0,0.0,0.0,0.0,4.0,3.0,1.0,4.0,4.0,0.0,0.0,7.0,6.0,8.0,0.0,0.0,10.0,16.0,26.0,51.0,0.0,2.0,12.0,0.0,71.0,10.0,2.0,3.0,0.0,0.0,2.0,5.0,14.0,3.0,22.0,12.0,1.0,1.0,14.0,38.0,74.0,5.0,2.0
320302061,cian.ru,Раменки,22.0,12.0,4005.0,,,4058,1720,2676,1145,483300.0,68.0,38.0,9504.0,375.0,375.0,4058,1720,2676,1145,2.0,0.0,3.0,3.0,0.0,0.0,1.0,0.0,0.0,1.0,0.0,3.0,0.0,0.0,0.0,0.0,1.0,0.0,1.0,2.0,0.0,0.0,4.0,5.0,2.0,0.0,0.0,10.0,7.0,9.0,34.0,0.0,6.0,8.0,0.0,4.0,7.0,4.0,11.0,0.0,0.0,0.0,1.0,12.0,4.0,6.0,4.0,0.0,0.0,5.0,11.0,21.0,1.0,2.0
322913726,cian.ru,Басманный,190.0,81.0,1908.0,38.0,167.8709677419355,940,7438,1010,6738,461200.0,645.0,271.0,7484.0,38.0,377.57,940,7438,1010,6738,14.0,13.0,2.0,37.0,0.0,5.0,4.0,0.0,3.0,6.0,2.0,3.0,1.0,0.0,0.0,1.0,4.0,0.0,6.0,2.0,0.0,2.0,4.0,8.0,37.0,1.0,1.0,67.0,24.0,22.0,146.0,0.0,13.0,17.0,0.0,20.0,18.0,8.0,8.0,4.0,0.0,0.0,10.0,18.0,2.0,15.0,11.0,0.0,6.0,21.0,38.0,133.0,7.0,1.0
320616466,cian.ru,Гагаринский,29.0,20.0,2734.0,82.0,82.0,2048,3464,1261,2358,454900.0,128.0,66.0,9450.0,82.0,323.3333333333333,2048,3464,1261,2358,5.0,4.0,4.0,11.0,0.0,2.0,3.0,0.0,3.0,5.0,1.0,1.0,0.0,0.0,0.0,0.0,6.0,1.0,1.0,3.0,0.0,0.0,0.0,7.0,4.0,3.0,0.0,14.0,14.0,19.0,41.0,0.0,4.0,13.0,0.0,50.0,15.0,8.0,12.0,1.0,0.0,2.0,0.0,28.0,3.0,10.0,14.0,0.0,0.0,11.0,24.0,34.0,9.0,1.0
321901422,cian.ru,Гагаринский,29.0,11.0,2166.0,51.0,198.66666666666663,986,2333,1982,2358,454900.0,145.0,30.0,5074.0,51.0,386.5,986,2333,1982,2358,3.0,3.0,3.0,11.0,0.0,0.0,3.0,0.0,1.0,1.0,1.0,2.0,0.0,0.0,0.0,0.0,5.0,2.0,3.0,0.0,0.0,0.0,0.0,2.0,1.0,2.0,0.0,9.0,10.0,5.0,21.0,0.0,0.0,8.0,0.0,6.0,5.0,4.0,6.0,1.0,0.0,0.0,3.0,12.0,5.0,8.0,2.0,0.0,0.0,6.0,6.0,10.0,4.0,2.0
321898170,cian.ru,Даниловский,57.0,11.0,681.0,103.0,211.8181818181818,292,7414,576,3000,399100.0,258.0,36.0,1722.0,103.0,440.2166666666666,292,7414,576,3000,0.0,2.0,2.0,3.0,1.0,0.0,0.0,0.0,2.0,1.0,1.0,0.0,1.0,0.0,0.0,1.0,1.0,0.0,0.0,0.0,0.0,0.0,3.0,3.0,3.0,0.0,0.0,8.0,6.0,8.0,19.0,2.0,3.0,4.0,0.0,22.0,5.0,1.0,1.0,4.0,0.0,0.0,15.0,8.0,3.0,8.0,1.0,0.0,0.0,22.0,23.0,31.0,1.0,1.0
320705726,cian.ru,Раменки,17.0,7.0,2409.0,,,3484,0,392,0,483300.0,54.0,23.0,7095.0,318.0,421.5,3484,0,392,0,0.0,0.0,0.0,0.0,0.0,0.0,0.0,0.0,0.0,0.0,0.0,0.0,0.0,0.0,0.0,0.0,0.0,0.0,0.0,0.0,0.0,0.0,0.0,0.0,2.0,0.0,0.0,1.0,1.0,4.0,23.0,0.0,2.0,2.0,0.0,1.0,2.0,1.0,2.0,0.0,0.0,1.0,0.0,9.0,2.0,1.0,4.0,0.0,0.0,0.0,5.0,9.0,0.0,0.0
322471154,cian.ru,Текстильщики,25.0,12.0,872.0,0.0,174.8,12140,11651,3014,4353,288100.0,108.0,52.0,4773.0,0.0,301.3,12140,11651,3014,4353,2.0,1.0,9.0,10.0,0.0,1.0,1.0,0.0,23.0,4.0,11.0,1.0,0.0,0.0,2.0,0.0,7.0,0.0,4.0,3.0,0.0,0.0,1.0,11.0,15.0,0.0,1.0,12.0,3.0,13.0,24.0,1.0,4.0,5.0,0.0,37.0,8.0,13.0,5.0,1.0,2.0,2.0,2.0,16.0,4.0,6.0,4.0,0.0,1.0,8.0,14.0,19.0,0.0,1.0
320507343,cian.ru,Останкинский,45.0,29.0,3535.0,0.0,133.6,5906,16105,3027,10905,380300.0,205.0,79.0,10235.0,0.0,400.6315789473685,5906,16105,3027,10905,11.0,5.0,12.0,25.0,0.0,0.0,7.0,0.0,12.0,1.0,1.0,2.0,0.0,0.0,1.0,1.0,9.0,1.0,4.0,4.0,0.0,0.0,6.0,12.0,18.0,1.0,1.0,26.0,17.0,18.0,48.0,1.0,4.0,12.0,0.0,28.0,3.0,10.0,3.0,8.0,0.0,1.0,5.0,23.0,6.0,8.0,14.0,0.0,1.0,15.0,24.0,29.0,9.0,1.0
324652641,cian.ru,Пресненский,12.0,3.0,137.0,0.0,163.58333333333334,2956,139525,1665,105474,621300.0,58.0,27.0,4445.0,0.0,317.1111111111111,2956,139525,1665,105474,20.0,6.0,40.0,67.0,0.0,10.0,7.0,0.0,37.0,17.0,0.0,0.0,1.0,0.0,3.0,10.0,14.0,7.0,25.0,13.0,2.0,0.0,39.0,72.0,119.0,1.0,11.0,24.0,8.0,53.0,86.0,0.0,16.0,13.0,0.0,54.0,21.0,4.0,3.0,2.0,0.0,5.0,16.0,20.0,7.0,36.0,16.0,2.0,1.0,50.0,96.0,157.0,3.0,13.0
3966105355550922240,realty.yandex.ru,Мещанский,140.0,42.0,742.0,46.0,187.17857142857144,1980,59493,508,19006,530600.0,625.0,220.0,3161.0,46.0,409.1239669421488,1980,59493,508,19006,8.0,2.0,9.0,32.0,2.0,4.0,4.0,0.0,9.0,7.0,1.0,0.0,0.0,0.0,0.0,4.0,5.0,0.0,6.0,5.0,0.0,7.0,13.0,17.0,55.0,0.0,2.0,48.0,22.0,27.0,141.0,2.0,14.0,9.0,0.0,26.0,11.0,4.0,4.0,10.0,1.0,5.0,22.0,9.0,4.0,21.0,27.0,0.0,22.0,29.0,57.0,208.0,10.0,5.0
323415514,cian.ru,Аэропорт,62.0,23.0,2412.0,6.0,158.6153846153846,2044,43321,1446,17870,400700.0,229.0,91.0,8698.0,6.0,255.0952380952381,2044,43321,1446,17870,8.0,3.0,20.0,23.0,0.0,0.0,4.0,0.0,17.0,2.0,0.0,2.0,1.0,0.0,0.0,5.0,7.0,4.0,6.0,4.0,0.0,0.0,9.0,17.0,29.0,3.0,3.0,21.0,10.0,29.0,51.0,1.0,4.0,11.0,0.0,48.0,5.0,3.0,9.0,4.0,5.0,1.0,7.0,23.0,8.0,13.0,12.0,0.0,2.0,18.0,30.0,49.0,4.0,3.0
319554767,cian.ru,Даниловский,15.0,1.0,758.0,16.0,199.8333333333333,2452,28830,3382,27925,399100.0,51.0,7.0,1483.0,16.0,301.8333333333333,2452,28830,3382,27925,1.0,5.0,4.0,6.0,0.0,0.0,3.0,0.0,3.0,0.0,1.0,0.0,0.0,0.0,1.0,6.0,5.0,0.0,1.0,4.0,1.0,0.0,1.0,10.0,12.0,0.0,0.0,3.0,5.0,8.0,11.0,0.0,1.0,4.0,0.0,9.0,1.0,1.0,0.0,0.0,0.0,1.0,9.0,5.0,0.0,4.0,4.0,3.0,0.0,8.0,15.0,27.0,0.0,0.0
324410349,cian.ru,Коммунарка,1.0,,,32.0,32.0,1488,833,0,83,291400.0,6.0,4.0,,32.0,32.0,1488,833,0,83,0.0,0.0,0.0,0.0,0.0,0.0,0.0,0.0,1.0,0.0,0.0,0.0,0.0,0.0,0.0,1.0,0.0,0.0,0.0,0.0,0.0,0.0,0.0,0.0,0.0,0.0,0.0,0.0,0.0,0.0,0.0,0.0,0.0,0.0,0.0,1.0,0.0,0.0,0.0,0.0,0.0,0.0,1.0,1.0,0.0,0.0,1.0,0.0,0.0,0.0,0.0,0.0,0.0,0.0
323687978,cian.ru,Пресненский,21.0,8.0,1773.0,0.0,204.8,4670,318598,5210,103583,621300.0,71.0,29.0,3682.0,0.0,303.48148148148147,4670,318598,5210,103583,18.0,5.0,38.0,63.0,0.0,13.0,8.0,0.0,30.0,17.0,0.0,0.0,1.0,0.0,2.0,12.0,15.0,6.0,27.0,12.0,2.0,0.0,35.0,61.0,116.0,1.0,8.0,42.0,7.0,53.0,79.0,0.0,15.0,13.0,0.0,46.0,20.0,0.0,2.0,1.0,0.0,5.0,16.0,17.0,7.0,32.0,16.0,2.0,1.0,50.0,93.0,152.0,1.0,13.0
5203054433263411200,realty.yandex.ru,Мещанский,139.0,52.0,1343.0,5.0,176.6578947368421,2106,37133,3983,30675,530600.0,581.0,244.0,6480.0,5.0,356.4259259259259,2106,37133,3983,30675,15.0,4.0,5.0,37.0,0.0,0.0,3.0,0.0,11.0,2.0,1.0,0.0,10.0,0.0,1.0,7.0,5.0,0.0,6.0,4.0,0.0,2.0,2.0,18.0,35.0,4.0,3.0,100.0,26.0,20.0,148.0,1.0,7.0,9.0,0.0,21.0,13.0,6.0,4.0,16.0,0.0,1.0,18.0,10.0,1.0,15.0,13.0,0.0,6.0,16.0,36.0,109.0,13.0,4.0
317675926,cian.ru,Коммунарка,13.0,11.0,941.0,,,3740,155,5639,32,291400.0,41.0,31.0,2169.0,,,3740,155,5639,32,0.0,0.0,2.0,0.0,0.0,0.0,0.0,1.0,3.0,0.0,0.0,0.0,0.0,0.0,0.0,0.0,1.0,1.0,0.0,1.0,0.0,0.0,0.0,1.0,2.0,0.0,0.0,0.0,0.0,2.0,3.0,0.0,0.0,0.0,1.0,5.0,5.0,0.0,0.0,0.0,0.0,0.0,0.0,3.0,1.0,0.0,2.0,0.0,0.0,0.0,1.0,4.0,0.0,0.0
323002070,cian.ru,Пресненский,21.0,8.0,1773.0,0.0,204.8,4670,318598,5210,103583,621300.0,71.0,29.0,3682.0,0.0,303.48148148148147,4670,318598,5210,103583,18.0,5.0,38.0,63.0,0.0,13.0,8.0,0.0,30.0,17.0,0.0,0.0,1.0,0.0,2.0,12.0,15.0,6.0,27.0,12.0,2.0,0.0,35.0,61.0,116.0,1.0,8.0,42.0,7.0,53.0,79.0,0.0,15.0,13.0,0.0,46.0,20.0,0.0,2.0,1.0,0.0,5.0,16.0,17.0,7.0,32.0,16.0,2.0,1.0,50.0,93.0,152.0,1.0,13.0
8660284132702586880,realty.yandex.ru,Кунцево,43.0,25.0,5151.0,116.0,153.6,26768,48209,9001,7021,351900.0,120.0,70.0,14130.0,116.0,307.6666666666667,26768,48209,9001,7021,3.0,0.0,15.0,15.0,0.0,0.0,7.0,0.0,30.0,6.0,1.0,1.0,0.0,0.0,3.0,0.0,10.0,1.0,7.0,3.0,0.0,0.0,6.0,16.0,30.0,2.0,3.0,17.0,5.0,29.0,41.0,0.0,3.0,11.0,2.0,47.0,17.0,5.0,8.0,5.0,0.0,3.0,2.0,19.0,6.0,10.0,8.0,4.0,0.0,19.0,30.0,64.0,10.0,4.0
322925265,cian.ru,Красносельский,66.0,13.0,1147.0,0.0,186.5833333333333,362,15108,334,17658,454800.0,324.0,60.0,5673.0,0.0,376.987012987013,362,15108,334,17658,8.0,2.0,3.0,17.0,0.0,1.0,2.0,0.0,12.0,2.0,0.0,1.0,0.0,0.0,0.0,5.0,4.0,0.0,8.0,4.0,0.0,0.0,15.0,16.0,27.0,3.0,3.0,37.0,9.0,14.0,67.0,0.0,11.0,10.0,0.0,29.0,8.0,5.0,3.0,10.0,0.0,0.0,13.0,11.0,2.0,19.0,6.0,0.0,3.0,42.0,54.0,88.0,4.0,5.0
314264050,cian.ru,Пресненский,10.0,2.0,,2.0,158.8,198,67919,62,40902,621300.0,43.0,14.0,2510.0,2.0,306.27272727272725,198,67919,62,40902,22.0,5.0,33.0,58.0,0.0,11.0,6.0,0.0,30.0,15.0,0.0,0.0,1.0,0.0,2.0,9.0,9.0,7.0,22.0,11.0,1.0,0.0,33.0,62.0,91.0,1.0,9.0,25.0,9.0,53.0,86.0,0.0,16.0,13.0,0.0,44.0,21.0,3.0,3.0,1.0,0.0,5.0,15.0,18.0,7.0,32.0,16.0,2.0,0.0,46.0,93.0,155.0,3.0,13.0
323352649,cian.ru,Соколиная Гора,119.0,10.0,664.0,2.0,188.8095238095238,4940,91013,1924,17507,354400.0,358.0,47.0,3985.0,2.0,365.0776699029127,4940,91013,1924,17507,8.0,4.0,11.0,28.0,0.0,6.0,5.0,0.0,19.0,5.0,8.0,0.0,0.0,0.0,4.0,6.0,10.0,4.0,11.0,8.0,0.0,0.0,20.0,17.0,38.0,1.0,0.0,24.0,11.0,18.0,55.0,0.0,8.0,6.0,0.0,31.0,10.0,12.0,2.0,8.0,1.0,4.0,25.0,19.0,9.0,13.0,11.0,0.0,0.0,36.0,29.0,49.0,4.0,0.0
321145132,cian.ru,Тушино Северное,25.0,15.0,2459.0,184.0,239.0,2170,40601,3452,13208,310000.0,142.0,93.0,13829.0,184.0,348.6,2170,40601,3452,13208,2.0,1.0,12.0,18.0,0.0,1.0,5.0,0.0,31.0,4.0,1.0,1.0,0.0,0.0,2.0,1.0,14.0,1.0,7.0,4.0,5.0,0.0,3.0,16.0,26.0,4.0,4.0,12.0,7.0,35.0,53.0,0.0,1.0,11.0,0.0,58.0,17.0,5.0,9.0,0.0,0.0,2.0,1.0,36.0,7.0,12.0,9.0,5.0,0.0,7.0,31.0,36.0,7.0,5.0
322238522,cian.ru,Пресненский,21.0,8.0,1773.0,0.0,204.8,4670,318598,5210,103583,621300.0,71.0,29.0,3682.0,0.0,303.48148148148147,4670,318598,5210,103583,18.0,5.0,38.0,63.0,0.0,13.0,8.0,0.0,30.0,17.0,0.0,0.0,1.0,0.0,2.0,12.0,15.0,6.0,27.0,12.0,2.0,0.0,35.0,61.0,116.0,1.0,8.0,42.0,7.0,53.0,79.0,0.0,15.0,13.0,0.0,46.0,20.0,0.0,2.0,1.0,0.0,5.0,16.0,17.0,7.0,32.0,16.0,2.0,1.0,50.0,93.0,152.0,1.0,13.0
322197978,cian.ru,Перово ,50.0,36.0,2774.0,0.0,0.0,4164,13689,1776,3037,294700.0,199.0,115.0,10653.0,0.0,442.09090909090907,4164,13689,1776,3037,2.0,6.0,14.0,23.0,0.0,2.0,6.0,0.0,17.0,4.0,1.0,0.0,0.0,0.0,1.0,0.0,17.0,2.0,5.0,3.0,0.0,0.0,3.0,8.0,9.0,3.0,2.0,10.0,13.0,27.0,36.0,1.0,4.0,13.0,0.0,26.0,14.0,5.0,6.0,0.0,0.0,1.0,0.0,30.0,4.0,10.0,5.0,0.0,0.0,5.0,21.0,12.0,6.0,3.0
323009731,cian.ru,Строгино,34.0,15.0,2843.0,0.0,85.5,3960,4490,1172,1478,334100.0,128.0,58.0,12626.0,0.0,360.55555555555554,3960,4490,1172,1478,5.0,1.0,8.0,6.0,1.0,0.0,1.0,0.0,9.0,5.0,0.0,2.0,0.0,0.0,0.0,0.0,6.0,0.0,6.0,2.0,0.0,1.0,2.0,5.0,0.0,4.0,1.0,11.0,9.0,25.0,35.0,1.0,3.0,7.0,0.0,40.0,10.0,8.0,6.0,1.0,0.0,4.0,0.0,34.0,7.0,11.0,9.0,0.0,1.0,8.0,18.0,6.0,9.0,2.0
323110349,cian.ru,Соколиная Гора,119.0,10.0,664.0,2.0,188.8095238095238,4940,91013,1924,17507,354400.0,358.0,47.0,3985.0,2.0,365.0776699029127,4940,91013,1924,17507,8.0,4.0,11.0,28.0,0.0,6.0,5.0,0.0,19.0,5.0,8.0,0.0,0.0,0.0,4.0,6.0,10.0,4.0,11.0,8.0,0.0,0.0,20.0,17.0,38.0,1.0,0.0,24.0,11.0,18.0,55.0,0.0,8.0,6.0,0.0,31.0,10.0,12.0,2.0,8.0,1.0,4.0,25.0,19.0,9.0,13.0,11.0,0.0,0.0,36.0,29.0,49.0,4.0,0.0
320262146,cian.ru,Пресненский,21.0,8.0,1773.0,0.0,204.8,4670,318598,5210,103583,621300.0,71.0,29.0,3682.0,0.0,303.48148148148147,4670,318598,5210,103583,18.0,5.0,38.0,63.0,0.0,13.0,8.0,0.0,30.0,17.0,0.0,0.0,1.0,0.0,2.0,12.0,15.0,6.0,27.0,12.0,2.0,0.0,35.0,61.0,116.0,1.0,8.0,42.0,7.0,53.0,79.0,0.0,15.0,13.0,0.0,46.0,20.0,0.0,2.0,1.0,0.0,5.0,16.0,17.0,7.0,32.0,16.0,2.0,1.0,50.0,93.0,152.0,1.0,13.0
322811973,cian.ru,Басманный,154.0,37.0,2812.0,60.0,183.76666666666668,5144,27953,1446,10006,461200.0,461.0,128.0,8726.0,60.0,374.0348837209302,5144,27953,1446,10006,18.0,5.0,18.0,50.0,2.0,4.0,6.0,0.0,17.0,2.0,2.0,1.0,6.0,0.0,0.0,3.0,10.0,3.0,8.0,4.0,0.0,1.0,7.0,26.0,54.0,4.0,2.0,49.0,13.0,33.0,111.0,3.0,15.0,14.0,0.0,35.0,14.0,10.0,6.0,13.0,3.0,0.0,9.0,29.0,5.0,16.0,14.0,0.0,5.0,34.0,55.0,104.0,9.0,2.0
324729171,cian.ru,Пресненский,12.0,3.0,137.0,0.0,163.58333333333334,2956,139525,1665,105474,621300.0,58.0,27.0,4445.0,0.0,317.1111111111111,2956,139525,1665,105474,20.0,6.0,40.0,67.0,0.0,10.0,7.0,0.0,37.0,17.0,0.0,0.0,1.0,0.0,3.0,10.0,14.0,7.0,25.0,13.0,2.0,0.0,39.0,72.0,119.0,1.0,11.0,24.0,8.0,53.0,86.0,0.0,16.0,13.0,0.0,54.0,21.0,4.0,3.0,2.0,0.0,5.0,16.0,20.0,7.0,36.0,16.0,2.0,1.0,50.0,96.0,157.0,3.0,13.0
324983643,cian.ru,Пресненский,21.0,8.0,1773.0,0.0,204.8,4670,318598,5210,103583,621300.0,71.0,29.0,3682.0,0.0,303.48148148148147,4670,318598,5210,103583,18.0,5.0,38.0,63.0,0.0,13.0,8.0,0.0,30.0,17.0,0.0,0.0,1.0,0.0,2.0,12.0,15.0,6.0,27.0,12.0,2.0,0.0,35.0,61.0,116.0,1.0,8.0,42.0,7.0,53.0,79.0,0.0,15.0,13.0,0.0,46.0,20.0,0.0,2.0,1.0,0.0,5.0,16.0,17.0,7.0,32.0,16.0,2.0,1.0,50.0,93.0,152.0,1.0,13.0
319518323,cian.ru,Даниловский,100.0,1.0,221.0,66.0,185.92857142857144,672,8711,42,6483,399100.0,238.0,19.0,3602.0,66.0,333.6,672,8711,42,6483,6.0,2.0,5.0,21.0,0.0,5.0,1.0,0.0,11.0,1.0,0.0,0.0,1.0,0.0,1.0,6.0,1.0,1.0,3.0,4.0,0.0,13.0,6.0,4.0,20.0,1.0,0.0,11.0,6.0,16.0,45.0,0.0,8.0,5.0,0.0,72.0,4.0,3.0,2.0,5.0,0.0,2.0,8.0,16.0,3.0,10.0,12.0,0.0,14.0,14.0,27.0,60.0,2.0,3.0
5228411710979830784,realty.yandex.ru,Пресненский,19.0,8.0,253.0,25.0,205.53333333333333,4670,318598,5210,103583,621300.0,68.0,28.0,3622.0,25.0,297.3076923076923,4670,318598,5210,103583,20.0,5.0,41.0,69.0,0.0,13.0,9.0,0.0,30.0,17.0,0.0,0.0,1.0,0.0,2.0,12.0,14.0,7.0,27.0,13.0,2.0,0.0,36.0,65.0,119.0,1.0,10.0,37.0,7.0,53.0,79.0,0.0,15.0,13.0,0.0,46.0,20.0,0.0,1.0,1.0,0.0,5.0,16.0,16.0,7.0,32.0,16.0,2.0,1.0,50.0,93.0,152.0,1.0,13.0
319469217,cian.ru,Марфино,32.0,4.0,1790.0,156.0,196.0,3726,24033,170,9772,370900.0,117.0,30.0,3820.0,156.0,288.3333333333333,3726,24033,170,9772,1.0,0.0,0.0,0.0,0.0,0.0,1.0,0.0,0.0,0.0,0.0,0.0,1.0,0.0,0.0,1.0,0.0,0.0,0.0,0.0,0.0,0.0,0.0,2.0,3.0,1.0,0.0,2.0,3.0,9.0,10.0,0.0,2.0,2.0,0.0,9.0,2.0,0.0,4.0,2.0,2.0,0.0,2.0,5.0,3.0,1.0,0.0,0.0,1.0,0.0,8.0,8.0,2.0,0.0
321863024,cian.ru,Фили-Давыдково,45.0,23.0,2237.0,185.0,233.66666666666663,6756,14256,2320,6762,401300.0,187.0,114.0,10523.0,185.0,380.5,6756,14256,2320,6762,4.0,0.0,9.0,6.0,0.0,0.0,4.0,0.0,11.0,3.0,0.0,2.0,0.0,0.0,1.0,0.0,4.0,1.0,1.0,2.0,0.0,0.0,2.0,7.0,8.0,0.0,1.0,37.0,5.0,15.0,21.0,1.0,0.0,11.0,0.0,20.0,10.0,6.0,6.0,2.0,0.0,2.0,0.0,20.0,8.0,4.0,5.0,0.0,0.0,3.0,11.0,16.0,7.0,1.0
3984986711660253184,realty.yandex.ru,Хамовники,77.0,24.0,1448.0,0.0,209.25,3116,28223,1396,7761,846800.0,272.0,75.0,3864.0,0.0,362.0,3116,28223,1396,7761,18.0,10.0,6.0,17.0,0.0,2.0,4.0,0.0,3.0,2.0,4.0,0.0,0.0,1.0,0.0,6.0,1.0,3.0,5.0,4.0,0.0,2.0,5.0,8.0,15.0,2.0,1.0,29.0,12.0,16.0,58.0,2.0,7.0,8.0,0.0,7.0,8.0,7.0,2.0,2.0,1.0,0.0,14.0,10.0,4.0,10.0,5.0,1.0,3.0,18.0,37.0,56.0,7.0,2.0
8139937830823187456,realty.yandex.ru,Арбат,86.0,8.0,131.0,0.0,187.26666666666668,1152,43197,24,12694,820400.0,315.0,54.0,1071.0,0.0,395.1639344262295,1152,43197,24,12694,5.0,0.0,2.0,7.0,0.0,3.0,2.0,0.0,0.0,1.0,1.0,0.0,6.0,0.0,0.0,6.0,3.0,0.0,3.0,2.0,0.0,2.0,6.0,12.0,22.0,0.0,1.0,13.0,4.0,10.0,30.0,0.0,9.0,6.0,0.0,10.0,1.0,6.0,0.0,19.0,0.0,1.0,11.0,5.0,0.0,7.0,4.0,0.0,7.0,12.0,35.0,73.0,1.0,1.0
321493410,cian.ru,Фили-Давыдково,45.0,23.0,2237.0,185.0,233.66666666666663,6756,14256,2320,6762,401300.0,187.0,114.0,10523.0,185.0,380.5,6756,14256,2320,6762,4.0,0.0,9.0,6.0,0.0,0.0,4.0,0.0,11.0,3.0,0.0,2.0,0.0,0.0,1.0,0.0,4.0,1.0,1.0,2.0,0.0,0.0,2.0,7.0,8.0,0.0,1.0,37.0,5.0,15.0,21.0,1.0,0.0,11.0,0.0,20.0,10.0,6.0,6.0,2.0,0.0,2.0,0.0,20.0,8.0,4.0,5.0,0.0,0.0,3.0,11.0,16.0,7.0,1.0
321754060,cian.ru,Хорошевский,37.0,19.0,3807.0,201.0,247.0,2708,3848,7160,7429,443000.0,217.0,84.0,11707.0,201.0,408.1333333333333,2708,3848,7160,7429,2.0,3.0,5.0,10.0,0.0,1.0,4.0,0.0,9.0,3.0,2.0,1.0,0.0,0.0,1.0,0.0,3.0,1.0,2.0,4.0,3.0,0.0,2.0,13.0,27.0,0.0,0.0,15.0,10.0,16.0,39.0,1.0,2.0,11.0,0.0,40.0,11.0,3.0,3.0,3.0,0.0,1.0,2.0,23.0,1.0,9.0,11.0,3.0,0.0,13.0,23.0,43.0,7.0,0.0
323644129,cian.ru,Покровское-Стрешнево,9.0,6.0,1865.0,,,2658,49,2267,42,398600.0,18.0,12.0,6273.0,,,2658,49,2267,42,0.0,0.0,0.0,0.0,0.0,0.0,0.0,0.0,0.0,0.0,0.0,0.0,0.0,0.0,0.0,0.0,0.0,0.0,0.0,1.0,0.0,0.0,0.0,0.0,0.0,0.0,0.0,1.0,0.0,2.0,3.0,0.0,0.0,0.0,0.0,1.0,5.0,0.0,1.0,0.0,0.0,0.0,0.0,1.0,0.0,0.0,2.0,0.0,1.0,0.0,1.0,2.0,0.0,0.0
324597984,cian.ru,Хамовники,141.0,39.0,904.0,49.0,214.4375,2536,18594,581,8956,846800.0,500.0,173.0,4763.0,49.0,415.0506329113924,2536,18594,581,8956,12.0,1.0,4.0,33.0,0.0,3.0,2.0,0.0,1.0,3.0,2.0,0.0,9.0,0.0,0.0,2.0,3.0,0.0,2.0,0.0,0.0,1.0,1.0,14.0,15.0,0.0,0.0,46.0,18.0,19.0,77.0,0.0,9.0,9.0,0.0,8.0,10.0,8.0,3.0,12.0,0.0,0.0,12.0,9.0,3.0,11.0,8.0,0.0,8.0,18.0,45.0,53.0,5.0,3.0
7034398614177416192,realty.yandex.ru,Таганский,77.0,13.0,1335.0,7.0,195.9090909090909,1468,18739,2432,10691,433700.0,296.0,48.0,3302.0,7.0,389.536231884058,1468,18739,2432,10691,11.0,2.0,4.0,20.0,0.0,0.0,0.0,0.0,3.0,1.0,1.0,1.0,3.0,0.0,1.0,4.0,3.0,0.0,3.0,13.0,1.0,0.0,3.0,8.0,19.0,0.0,2.0,32.0,6.0,20.0,75.0,2.0,7.0,7.0,0.0,19.0,9.0,6.0,2.0,5.0,0.0,3.0,13.0,11.0,3.0,10.0,16.0,1.0,3.0,25.0,44.0,82.0,2.0,3.0
4750548503235560448,realty.yandex.ru,Пресненский,19.0,8.0,253.0,25.0,205.53333333333333,4670,318598,5210,103583,621300.0,68.0,28.0,3622.0,25.0,297.3076923076923,4670,318598,5210,103583,20.0,5.0,41.0,69.0,0.0,13.0,9.0,0.0,30.0,17.0,0.0,0.0,1.0,0.0,2.0,12.0,14.0,7.0,27.0,13.0,2.0,0.0,36.0,65.0,119.0,1.0,10.0,37.0,7.0,53.0,79.0,0.0,15.0,13.0,0.0,46.0,20.0,0.0,1.0,1.0,0.0,5.0,16.0,16.0,7.0,32.0,16.0,2.0,1.0,50.0,93.0,152.0,1.0,13.0
320710595,cian.ru,Арбат,109.0,47.0,1441.0,62.0,153.42105263157896,1772,23789,1335,10052,820400.0,566.0,211.0,5313.0,62.0,406.6891891891892,1772,23789,1335,10052,8.0,5.0,6.0,45.0,2.0,6.0,4.0,0.0,4.0,3.0,3.0,0.0,2.0,0.0,0.0,2.0,9.0,2.0,6.0,2.0,1.0,3.0,7.0,28.0,38.0,0.0,2.0,46.0,17.0,17.0,120.0,3.0,10.0,14.0,0.0,18.0,12.0,16.0,2.0,16.0,0.0,1.0,9.0,20.0,3.0,16.0,14.0,3.0,7.0,15.0,58.0,107.0,9.0,3.0
324915122,cian.ru,Беговой,26.0,14.0,2292.0,30.0,176.66666666666666,4516,26906,2174,11129,414000.0,128.0,53.0,7193.0,30.0,414.0,4516,26906,2174,11129,3.0,1.0,10.0,12.0,0.0,5.0,4.0,0.0,4.0,5.0,2.0,0.0,0.0,0.0,0.0,4.0,3.0,0.0,4.0,5.0,0.0,0.0,4.0,13.0,15.0,0.0,1.0,10.0,4.0,14.0,28.0,2.0,14.0,9.0,0.0,15.0,11.0,6.0,2.0,1.0,1.0,1.0,6.0,16.0,1.0,14.0,9.0,0.0,0.0,7.0,29.0,28.0,3.0,1.0
320022114,cian.ru,Басманный,198.0,45.0,944.0,0.0,185.58695652173915,648,34099,514,13680,461200.0,603.0,147.0,3247.0,0.0,349.241935483871,648,34099,514,13680,26.0,9.0,5.0,44.0,0.0,10.0,3.0,0.0,5.0,0.0,2.0,2.0,16.0,0.0,0.0,3.0,5.0,0.0,6.0,3.0,0.0,1.0,6.0,18.0,64.0,1.0,1.0,78.0,24.0,30.0,214.0,0.0,18.0,12.0,0.0,26.0,11.0,2.0,2.0,21.0,0.0,1.0,10.0,16.0,0.0,18.0,13.0,0.0,14.0,23.0,69.0,224.0,2.0,4.0
324728286,cian.ru,Беговой,26.0,14.0,2292.0,30.0,176.66666666666666,4516,26906,2174,11129,414000.0,128.0,53.0,7193.0,30.0,414.0,4516,26906,2174,11129,3.0,1.0,10.0,12.0,0.0,5.0,4.0,0.0,4.0,5.0,2.0,0.0,0.0,0.0,0.0,4.0,3.0,0.0,4.0,5.0,0.0,0.0,4.0,13.0,15.0,0.0,1.0,10.0,4.0,14.0,28.0,2.0,14.0,9.0,0.0,15.0,11.0,6.0,2.0,1.0,1.0,1.0,6.0,16.0,1.0,14.0,9.0,0.0,0.0,7.0,29.0,28.0,3.0,1.0
321545352,cian.ru,Даниловский,50.0,26.0,2147.0,151.0,239.3333333333333,1026,5156,2039,3221,399100.0,179.0,70.0,6261.0,151.0,446.94444444444446,1026,5156,2039,3221,4.0,2.0,0.0,10.0,1.0,0.0,3.0,0.0,9.0,1.0,0.0,3.0,2.0,0.0,0.0,2.0,4.0,1.0,0.0,1.0,0.0,0.0,1.0,5.0,3.0,1.0,0.0,11.0,9.0,11.0,44.0,1.0,0.0,8.0,0.0,21.0,11.0,3.0,4.0,7.0,0.0,1.0,4.0,35.0,5.0,7.0,9.0,0.0,2.0,7.0,32.0,29.0,29.0,1.0
324946757,cian.ru,Басманный,67.0,,,14.0,207.27272727272728,560,20127,29,3986,461200.0,262.0,34.0,1858.0,14.0,409.425,560,20127,29,3986,0.0,2.0,2.0,8.0,0.0,2.0,1.0,0.0,3.0,0.0,0.0,0.0,0.0,0.0,0.0,2.0,0.0,0.0,1.0,0.0,0.0,0.0,3.0,11.0,13.0,0.0,0.0,6.0,4.0,15.0,39.0,0.0,4.0,6.0,0.0,19.0,4.0,0.0,1.0,19.0,2.0,1.0,5.0,8.0,2.0,8.0,4.0,1.0,1.0,21.0,44.0,77.0,2.0,0.0
325280608,cian.ru,Новогиреево,56.0,37.0,3216.0,147.0,215.5,3534,2774,2290,1787,303600.0,176.0,102.0,11825.0,147.0,357.44444444444446,3534,2774,2290,1787,4.0,1.0,2.0,5.0,0.0,0.0,2.0,0.0,2.0,2.0,5.0,2.0,0.0,0.0,1.0,0.0,13.0,0.0,0.0,1.0,0.0,0.0,0.0,0.0,1.0,2.0,0.0,6.0,3.0,25.0,40.0,0.0,3.0,13.0,0.0,39.0,9.0,8.0,4.0,5.0,0.0,7.0,0.0,38.0,5.0,10.0,8.0,0.0,0.0,4.0,20.0,17.0,5.0,2.0
324684308,cian.ru,Хорошевский,37.0,19.0,3807.0,201.0,247.0,2708,3848,7160,7429,443000.0,217.0,84.0,11707.0,201.0,408.1333333333333,2708,3848,7160,7429,2.0,3.0,5.0,10.0,0.0,1.0,4.0,0.0,9.0,3.0,2.0,1.0,0.0,0.0,1.0,0.0,3.0,1.0,2.0,4.0,3.0,0.0,2.0,13.0,27.0,0.0,0.0,15.0,10.0,16.0,39.0,1.0,2.0,11.0,0.0,40.0,11.0,3.0,3.0,3.0,0.0,1.0,2.0,23.0,1.0,9.0,11.0,3.0,0.0,13.0,23.0,43.0,7.0,0.0
320151005,cian.ru,Пресненский,33.0,20.0,1021.0,112.0,212.44444444444449,1594,37031,2094,17174,621300.0,87.0,38.0,7391.0,112.0,408.0357142857143,1594,37031,2094,17174,10.0,4.0,22.0,21.0,0.0,7.0,5.0,0.0,10.0,7.0,0.0,1.0,1.0,0.0,1.0,7.0,2.0,2.0,14.0,6.0,0.0,0.0,12.0,21.0,41.0,0.0,8.0,63.0,8.0,52.0,82.0,0.0,15.0,13.0,0.0,45.0,24.0,0.0,3.0,1.0,0.0,3.0,16.0,19.0,7.0,35.0,17.0,2.0,1.0,47.0,91.0,142.0,7.0,13.0
321545093,cian.ru,Пресненский,92.0,18.0,869.0,50.0,184.96153846153845,568,12435,363,7182,621300.0,459.0,199.0,7472.0,50.0,368.2,568,12435,363,7182,10.0,5.0,5.0,24.0,0.0,2.0,3.0,0.0,5.0,0.0,2.0,1.0,1.0,0.0,0.0,6.0,1.0,0.0,1.0,2.0,0.0,0.0,11.0,10.0,15.0,1.0,3.0,81.0,23.0,30.0,134.0,0.0,11.0,15.0,0.0,27.0,13.0,9.0,6.0,3.0,0.0,2.0,16.0,20.0,6.0,19.0,10.0,0.0,2.0,26.0,56.0,126.0,9.0,7.0
3940753168374253056,realty.yandex.ru,Мещанский,209.0,111.0,1831.0,0.0,196.3617021276596,322,6490,428,2948,530600.0,590.0,245.0,5166.0,0.0,375.13868613138686,322,6490,428,2948,20.0,8.0,8.0,41.0,0.0,2.0,2.0,0.0,7.0,4.0,0.0,2.0,1.0,0.0,0.0,9.0,2.0,0.0,4.0,5.0,0.0,1.0,10.0,14.0,31.0,5.0,2.0,61.0,28.0,34.0,167.0,0.0,9.0,10.0,0.0,32.0,22.0,5.0,3.0,15.0,0.0,2.0,25.0,15.0,4.0,25.0,18.0,0.0,12.0,35.0,64.0,192.0,12.0,6.0
7580279221,avito.ru,Арбат,119.0,55.0,1507.0,8.0,172.0,1464,17560,1277,10052,820400.0,559.0,215.0,5537.0,8.0,414.1025641025641,1464,17560,1277,10052,9.0,6.0,8.0,63.0,2.0,6.0,4.0,0.0,5.0,6.0,2.0,0.0,2.0,0.0,0.0,3.0,11.0,2.0,7.0,5.0,1.0,2.0,7.0,32.0,50.0,0.0,2.0,45.0,18.0,17.0,124.0,3.0,9.0,14.0,0.0,19.0,12.0,12.0,3.0,16.0,0.0,2.0,7.0,22.0,3.0,16.0,14.0,3.0,7.0,13.0,56.0,110.0,9.0,3.0
323514473,cian.ru,Пресненский,56.0,21.0,1637.0,3.0,156.0,2780,24860,1239,17332,621300.0,257.0,108.0,8322.0,3.0,345.4727272727273,2780,24860,1239,17332,10.0,2.0,6.0,10.0,0.0,1.0,2.0,0.0,3.0,2.0,1.0,1.0,0.0,0.0,0.0,0.0,4.0,0.0,3.0,2.0,0.0,1.0,8.0,5.0,18.0,0.0,0.0,27.0,11.0,22.0,77.0,0.0,4.0,11.0,0.0,20.0,10.0,4.0,6.0,2.0,0.0,0.0,4.0,16.0,4.0,13.0,6.0,1.0,1.0,18.0,27.0,76.0,5.0,1.0
3941700071042077184,realty.yandex.ru,Беговой,27.0,14.0,2292.0,24.0,172.66666666666666,4516,26906,2174,11129,414000.0,130.0,54.0,7311.0,24.0,403.38461538461536,4516,26906,2174,11129,4.0,1.0,10.0,13.0,0.0,5.0,4.0,0.0,4.0,5.0,2.0,0.0,0.0,0.0,0.0,4.0,3.0,0.0,4.0,5.0,0.0,0.0,4.0,13.0,15.0,0.0,1.0,11.0,4.0,15.0,28.0,2.0,14.0,9.0,0.0,15.0,11.0,6.0,2.0,1.0,1.0,1.0,6.0,16.0,1.0,14.0,9.0,0.0,0.0,7.0,29.0,28.0,3.0,1.0
325072708,cian.ru,Беговой,26.0,16.0,3476.0,191.0,245.25,2714,11117,1074,4490,414000.0,159.0,69.0,8441.0,191.0,395.5625,2714,11117,1074,4490,3.0,2.0,7.0,12.0,0.0,4.0,3.0,0.0,1.0,6.0,0.0,0.0,0.0,0.0,0.0,2.0,5.0,0.0,6.0,3.0,0.0,0.0,3.0,7.0,10.0,1.0,0.0,12.0,7.0,15.0,40.0,2.0,11.0,12.0,0.0,16.0,14.0,8.0,2.0,11.0,1.0,0.0,6.0,19.0,2.0,16.0,9.0,0.0,0.0,7.0,25.0,28.0,5.0,1.0
3965285094498907136,realty.yandex.ru,Тверской,112.0,34.0,1872.0,0.0,198.3636363636364,1078,21597,1557,20620,609300.0,341.0,96.0,6276.0,0.0,388.3934426229508,1078,21597,1557,20620,10.0,6.0,9.0,27.0,0.0,3.0,3.0,0.0,33.0,3.0,1.0,1.0,1.0,0.0,0.0,7.0,5.0,1.0,6.0,1.0,2.0,0.0,14.0,15.0,72.0,1.0,1.0,33.0,12.0,30.0,97.0,0.0,5.0,13.0,0.0,46.0,12.0,2.0,4.0,29.0,3.0,0.0,18.0,24.0,3.0,14.0,11.0,2.0,2.0,29.0,48.0,134.0,6.0,5.0
7517866235141814272,realty.yandex.ru,Тверской,112.0,34.0,1872.0,0.0,198.3636363636364,1078,21597,1557,20620,609300.0,341.0,96.0,6276.0,0.0,388.3934426229508,1078,21597,1557,20620,10.0,6.0,9.0,27.0,0.0,3.0,3.0,0.0,33.0,3.0,1.0,1.0,1.0,0.0,0.0,7.0,5.0,1.0,6.0,1.0,2.0,0.0,14.0,15.0,72.0,1.0,1.0,33.0,12.0,30.0,97.0,0.0,5.0,13.0,0.0,46.0,12.0,2.0,4.0,29.0,3.0,0.0,18.0,24.0,3.0,14.0,11.0,2.0,2.0,29.0,48.0,134.0,6.0,5.0
320508564,cian.ru,Беговой,52.0,14.0,2253.0,63.0,221.27777777777777,3008,36202,1528,19633,414000.0,245.0,64.0,7010.0,63.0,381.05555555555554,3008,36202,1528,19633,3.0,4.0,6.0,4.0,0.0,0.0,1.0,0.0,11.0,2.0,1.0,1.0,1.0,0.0,0.0,2.0,3.0,1.0,5.0,0.0,0.0,0.0,9.0,11.0,14.0,1.0,2.0,19.0,16.0,19.0,38.0,2.0,4.0,9.0,0.0,47.0,13.0,3.0,4.0,4.0,0.0,3.0,8.0,19.0,4.0,19.0,3.0,0.0,4.0,17.0,43.0,58.0,4.0,3.0
324138072,cian.ru,Донской,83.0,29.0,1655.0,70.0,193.66666666666663,2514,7094,905,1266,391900.0,334.0,131.0,8170.0,70.0,362.3157894736842,2514,7094,905,1266,6.0,1.0,2.0,27.0,0.0,0.0,1.0,0.0,3.0,0.0,2.0,2.0,2.0,1.0,0.0,1.0,3.0,0.0,3.0,1.0,0.0,0.0,2.0,0.0,1.0,1.0,1.0,35.0,9.0,21.0,74.0,1.0,8.0,12.0,0.0,23.0,9.0,9.0,7.0,8.0,2.0,2.0,5.0,22.0,4.0,8.0,11.0,0.0,0.0,10.0,23.0,27.0,9.0,1.0
3051474370359434240,realty.yandex.ru,Люблино,30.0,15.0,3212.0,160.0,160.0,22358,21158,6296,4368,274100.0,179.0,100.0,13978.0,160.0,448.1428571428572,22358,21158,6296,4368,2.0,1.0,10.0,9.0,0.0,2.0,6.0,0.0,19.0,8.0,1.0,2.0,0.0,0.0,1.0,0.0,17.0,1.0,4.0,4.0,0.0,1.0,3.0,5.0,6.0,2.0,1.0,17.0,9.0,23.0,36.0,1.0,2.0,17.0,0.0,38.0,12.0,7.0,7.0,0.0,0.0,3.0,1.0,30.0,4.0,10.0,7.0,0.0,1.0,7.0,11.0,20.0,5.0,3.0
320610126,cian.ru,Басманный,169.0,78.0,1871.0,13.0,194.57894736842104,1324,9575,690,4621,461200.0,700.0,263.0,5683.0,13.0,414.7809523809524,1324,9575,690,4621,20.0,8.0,5.0,41.0,0.0,6.0,5.0,0.0,3.0,5.0,1.0,3.0,1.0,0.0,0.0,3.0,2.0,1.0,4.0,3.0,0.0,0.0,2.0,4.0,36.0,2.0,0.0,73.0,31.0,19.0,151.0,0.0,15.0,14.0,0.0,19.0,17.0,9.0,6.0,3.0,0.0,0.0,10.0,11.0,2.0,14.0,7.0,0.0,6.0,15.0,30.0,152.0,10.0,2.0
321395086,cian.ru,Беговой,17.0,3.0,861.0,95.0,146.8,596,18086,561,11821,414000.0,68.0,12.0,2333.0,95.0,351.75,596,18086,561,11821,3.0,4.0,0.0,11.0,0.0,2.0,3.0,0.0,0.0,2.0,0.0,0.0,0.0,0.0,0.0,2.0,0.0,0.0,0.0,0.0,0.0,0.0,3.0,2.0,3.0,0.0,0.0,4.0,4.0,3.0,14.0,1.0,4.0,5.0,0.0,7.0,4.0,2.0,0.0,0.0,0.0,2.0,7.0,7.0,0.0,3.0,1.0,0.0,1.0,7.0,13.0,15.0,0.0,0.0
322809102,cian.ru,Басманный,169.0,78.0,1871.0,13.0,194.57894736842104,1324,9575,690,4621,461200.0,700.0,263.0,5683.0,13.0,414.7809523809524,1324,9575,690,4621,20.0,8.0,5.0,41.0,0.0,6.0,5.0,0.0,3.0,5.0,1.0,3.0,1.0,0.0,0.0,3.0,2.0,1.0,4.0,3.0,0.0,0.0,2.0,4.0,36.0,2.0,0.0,73.0,31.0,19.0,151.0,0.0,15.0,14.0,0.0,19.0,17.0,9.0,6.0,3.0,0.0,0.0,10.0,11.0,2.0,14.0,7.0,0.0,6.0,15.0,30.0,152.0,10.0,2.0
324910067,cian.ru,Ростокино,30.0,7.0,60.0,158.0,212.0,1288,18594,236,1286,335200.0,158.0,31.0,3128.0,158.0,423.4,1288,18594,236,1286,0.0,1.0,1.0,1.0,0.0,2.0,1.0,0.0,2.0,0.0,2.0,0.0,0.0,0.0,0.0,0.0,2.0,0.0,0.0,0.0,0.0,0.0,1.0,2.0,4.0,0.0,0.0,2.0,2.0,2.0,4.0,0.0,7.0,3.0,0.0,5.0,0.0,6.0,2.0,21.0,0.0,0.0,0.0,8.0,2.0,0.0,1.0,0.0,2.0,2.0,5.0,6.0,2.0,0.0
325163572,cian.ru,Мещанский,209.0,111.0,1831.0,3.0,197.31914893617025,322,6490,428,2948,530600.0,593.0,247.0,5183.0,3.0,375.3503649635037,322,6490,428,2948,20.0,8.0,9.0,41.0,0.0,3.0,2.0,0.0,7.0,4.0,0.0,2.0,1.0,0.0,0.0,10.0,2.0,0.0,4.0,5.0,0.0,1.0,10.0,14.0,31.0,5.0,2.0,61.0,28.0,34.0,163.0,0.0,9.0,10.0,0.0,32.0,22.0,5.0,3.0,16.0,0.0,2.0,25.0,15.0,4.0,25.0,18.0,0.0,13.0,35.0,64.0,192.0,12.0,6.0
321683426,cian.ru,Филевский Парк,51.0,32.0,4148.0,39.0,43.5,1026,1623,3149,1781,402300.0,185.0,111.0,13318.0,39.0,453.3636363636364,1026,1623,3149,1781,2.0,2.0,6.0,14.0,2.0,1.0,6.0,0.0,13.0,7.0,3.0,2.0,2.0,0.0,0.0,0.0,17.0,5.0,4.0,3.0,0.0,0.0,0.0,1.0,4.0,3.0,1.0,19.0,8.0,19.0,46.0,2.0,3.0,14.0,0.0,69.0,16.0,7.0,8.0,4.0,0.0,6.0,3.0,35.0,13.0,10.0,11.0,0.0,2.0,7.0,17.0,31.0,4.0,1.0
320552886,cian.ru,Беговой,17.0,3.0,861.0,95.0,146.8,596,18086,561,11821,414000.0,68.0,12.0,2333.0,95.0,351.75,596,18086,561,11821,3.0,4.0,0.0,11.0,0.0,2.0,3.0,0.0,0.0,2.0,0.0,0.0,0.0,0.0,0.0,2.0,0.0,0.0,0.0,0.0,0.0,0.0,3.0,2.0,3.0,0.0,0.0,4.0,4.0,3.0,14.0,1.0,4.0,5.0,0.0,7.0,4.0,2.0,0.0,0.0,0.0,2.0,7.0,7.0,0.0,3.0,1.0,0.0,1.0,7.0,13.0,15.0,0.0,0.0
6819069280599073792,realty.yandex.ru,Беговой,24.0,13.0,3007.0,178.0,239.25,2714,11117,1074,4490,414000.0,154.0,66.0,8173.0,178.0,398.375,2714,11117,1074,4490,3.0,2.0,10.0,13.0,0.0,5.0,3.0,0.0,2.0,6.0,0.0,0.0,0.0,0.0,0.0,3.0,5.0,0.0,6.0,5.0,0.0,0.0,4.0,9.0,12.0,1.0,0.0,12.0,7.0,15.0,38.0,2.0,11.0,12.0,0.0,16.0,14.0,8.0,2.0,11.0,1.0,0.0,6.0,18.0,2.0,16.0,10.0,0.0,0.0,7.0,25.0,28.0,5.0,1.0
320094873,cian.ru,Аэропорт,39.0,27.0,2482.0,41.0,230.1428571428572,1288,2287,1305,2939,400700.0,179.0,103.0,9405.0,41.0,368.0,1288,2287,1305,2939,5.0,5.0,3.0,11.0,0.0,1.0,3.0,0.0,1.0,5.0,1.0,0.0,0.0,0.0,0.0,2.0,5.0,0.0,3.0,0.0,0.0,1.0,2.0,7.0,10.0,0.0,0.0,12.0,10.0,11.0,23.0,1.0,5.0,13.0,0.0,6.0,7.0,5.0,2.0,3.0,1.0,1.0,4.0,21.0,3.0,7.0,4.0,1.0,1.0,8.0,19.0,36.0,3.0,1.0
322356619,cian.ru,Беговой,17.0,3.0,861.0,95.0,146.8,596,18086,561,11821,414000.0,68.0,12.0,2333.0,95.0,351.75,596,18086,561,11821,3.0,4.0,0.0,11.0,0.0,2.0,3.0,0.0,0.0,2.0,0.0,0.0,0.0,0.0,0.0,2.0,0.0,0.0,0.0,0.0,0.0,0.0,3.0,2.0,3.0,0.0,0.0,4.0,4.0,3.0,14.0,1.0,4.0,5.0,0.0,7.0,4.0,2.0,0.0,0.0,0.0,2.0,7.0,7.0,0.0,3.0,1.0,0.0,1.0,7.0,13.0,15.0,0.0,0.0
6966110331543774208,realty.yandex.ru,Аэропорт,39.0,28.0,2774.0,76.0,196.8,1058,1128,891,1259,400700.0,188.0,107.0,10357.0,76.0,405.05263157894734,1058,1128,891,1259,6.0,2.0,3.0,10.0,0.0,1.0,4.0,0.0,0.0,4.0,1.0,0.0,0.0,0.0,0.0,3.0,4.0,0.0,4.0,1.0,0.0,1.0,2.0,8.0,6.0,0.0,0.0,14.0,10.0,8.0,25.0,1.0,3.0,13.0,0.0,15.0,12.0,6.0,2.0,3.0,1.0,0.0,3.0,23.0,3.0,8.0,6.0,1.0,1.0,9.0,16.0,35.0,5.0,2.0
3941757984976542208,realty.yandex.ru,Щукино,33.0,10.0,2390.0,115.0,189.0,6834,17691,3466,1955,395300.0,129.0,49.0,5690.0,115.0,270.8333333333333,6834,17691,3466,1955,7.0,2.0,1.0,0.0,0.0,0.0,1.0,0.0,0.0,0.0,0.0,1.0,0.0,0.0,0.0,0.0,0.0,0.0,0.0,1.0,0.0,1.0,2.0,0.0,2.0,0.0,0.0,10.0,2.0,4.0,3.0,1.0,0.0,5.0,0.0,2.0,0.0,0.0,2.0,1.0,0.0,0.0,0.0,5.0,0.0,1.0,1.0,0.0,1.0,2.0,1.0,10.0,1.0,0.0
325090623,cian.ru,Очаково-Матвеевское,18.0,14.0,6120.0,,,2560,318,2419,0,361200.0,91.0,44.0,10911.0,,,2560,318,2419,0,0.0,0.0,0.0,0.0,1.0,0.0,0.0,0.0,0.0,0.0,0.0,1.0,0.0,0.0,0.0,0.0,0.0,0.0,0.0,0.0,0.0,0.0,0.0,0.0,1.0,0.0,0.0,2.0,4.0,5.0,11.0,1.0,2.0,3.0,0.0,4.0,3.0,2.0,3.0,0.0,0.0,0.0,0.0,12.0,0.0,2.0,4.0,0.0,0.0,0.0,3.0,6.0,3.0,1.0
316635802,cian.ru,Беговой,56.0,11.0,2063.0,26.0,221.7826086956522,3008,36202,1528,16793,414000.0,244.0,63.0,6917.0,26.0,366.6111111111111,3008,36202,1528,16793,3.0,4.0,6.0,4.0,1.0,1.0,1.0,0.0,9.0,2.0,1.0,1.0,1.0,0.0,0.0,2.0,3.0,1.0,4.0,1.0,0.0,0.0,9.0,13.0,16.0,1.0,2.0,20.0,14.0,16.0,37.0,2.0,4.0,9.0,0.0,38.0,13.0,4.0,5.0,4.0,0.0,1.0,9.0,13.0,3.0,18.0,3.0,0.0,4.0,18.0,43.0,51.0,3.0,3.0
7580473158,avito.ru,Басманный,178.0,61.0,1146.0,88.0,211.4333333333333,696,7476,733,7496,461200.0,689.0,261.0,6836.0,88.0,374.8673469387755,696,7476,733,7496,16.0,12.0,4.0,31.0,0.0,4.0,4.0,0.0,2.0,7.0,2.0,2.0,1.0,0.0,0.0,3.0,4.0,0.0,4.0,1.0,0.0,3.0,4.0,6.0,64.0,1.0,1.0,73.0,23.0,17.0,139.0,0.0,10.0,12.0,0.0,16.0,16.0,9.0,8.0,9.0,0.0,0.0,8.0,12.0,2.0,10.0,8.0,0.0,9.0,17.0,25.0,135.0,6.0,1.0
325243729,cian.ru,Марфино,32.0,4.0,1790.0,156.0,196.0,3726,24033,170,9772,370900.0,117.0,30.0,3820.0,156.0,288.3333333333333,3726,24033,170,9772,1.0,0.0,0.0,0.0,0.0,0.0,1.0,0.0,0.0,0.0,0.0,0.0,1.0,0.0,0.0,1.0,0.0,0.0,0.0,0.0,0.0,0.0,0.0,2.0,3.0,1.0,0.0,2.0,3.0,9.0,10.0,0.0,2.0,2.0,0.0,9.0,2.0,0.0,4.0,2.0,2.0,0.0,2.0,5.0,3.0,1.0,0.0,0.0,1.0,0.0,8.0,8.0,2.0,0.0
320778326,cian.ru,Раменки,20.0,7.0,1392.0,,,3296,7925,1469,1108,483300.0,111.0,46.0,6791.0,326.0,326.0,3296,7925,1469,1108,6.0,3.0,3.0,4.0,0.0,1.0,1.0,0.0,4.0,2.0,0.0,0.0,0.0,0.0,0.0,0.0,2.0,1.0,0.0,0.0,0.0,0.0,0.0,0.0,5.0,0.0,0.0,10.0,7.0,8.0,16.0,0.0,2.0,4.0,0.0,10.0,6.0,4.0,6.0,2.0,5.0,1.0,0.0,6.0,1.0,2.0,5.0,0.0,1.0,3.0,6.0,10.0,0.0,0.0
324420041,cian.ru,Обручевский,19.0,6.0,1669.0,112.0,168.25,438,4037,3340,389,411600.0,128.0,24.0,6530.0,112.0,396.55,438,4037,3340,389,0.0,0.0,1.0,1.0,0.0,2.0,1.0,0.0,1.0,1.0,0.0,0.0,0.0,0.0,0.0,2.0,2.0,0.0,2.0,0.0,0.0,0.0,2.0,1.0,1.0,1.0,0.0,13.0,1.0,6.0,10.0,0.0,3.0,4.0,0.0,10.0,4.0,1.0,2.0,0.0,3.0,0.0,8.0,14.0,1.0,7.0,4.0,0.0,3.0,7.0,10.0,9.0,6.0,3.0
8302291780482000896,realty.yandex.ru,Таганский,81.0,16.0,1989.0,98.0,177.4,536,5508,3220,7164,433700.0,327.0,93.0,8858.0,98.0,457.4918032786885,536,5508,3220,7164,3.0,4.0,11.0,26.0,0.0,1.0,5.0,0.0,12.0,5.0,2.0,3.0,0.0,0.0,2.0,1.0,11.0,3.0,6.0,3.0,0.0,3.0,8.0,8.0,15.0,3.0,0.0,25.0,22.0,29.0,129.0,5.0,9.0,11.0,0.0,34.0,10.0,15.0,4.0,11.0,1.0,3.0,7.0,26.0,8.0,18.0,10.0,2.0,4.0,18.0,23.0,44.0,14.0,6.0
321661847,cian.ru,Покровское-Стрешнево,2.0,2.0,1190.0,,,0,0,0,0,398600.0,14.0,9.0,4237.0,,,0,0,0,0,0.0,0.0,0.0,0.0,0.0,0.0,0.0,0.0,0.0,0.0,0.0,0.0,0.0,0.0,0.0,0.0,0.0,0.0,0.0,0.0,0.0,1.0,0.0,0.0,0.0,0.0,0.0,0.0,0.0,0.0,0.0,0.0,0.0,0.0,0.0,1.0,1.0,0.0,0.0,0.0,0.0,0.0,0.0,1.0,0.0,0.0,1.0,0.0,1.0,0.0,0.0,2.0,0.0,0.0
5480441165694648320,realty.yandex.ru,Кунцево,16.0,5.0,2046.0,78.0,139.5,924,2193,8965,6568,351900.0,81.0,39.0,6131.0,78.0,397.1666666666667,924,2193,8965,6568,0.0,0.0,1.0,3.0,0.0,1.0,1.0,0.0,6.0,1.0,1.0,1.0,0.0,0.0,0.0,0.0,1.0,0.0,2.0,1.0,0.0,0.0,1.0,2.0,3.0,1.0,0.0,5.0,4.0,2.0,10.0,0.0,1.0,3.0,0.0,12.0,3.0,2.0,1.0,2.0,0.0,0.0,1.0,5.0,0.0,3.0,2.0,0.0,0.0,1.0,5.0,5.0,2.0,1.0
5203054433263412224,realty.yandex.ru,Пресненский,72.0,37.0,3270.0,110.0,221.875,1272,7893,2563,8014,621300.0,334.0,136.0,9109.0,110.0,443.9078947368421,1272,7893,2563,8014,6.0,3.0,14.0,18.0,0.0,1.0,5.0,0.0,16.0,9.0,1.0,5.0,0.0,0.0,1.0,0.0,10.0,4.0,8.0,4.0,1.0,0.0,14.0,15.0,40.0,4.0,1.0,38.0,17.0,26.0,107.0,0.0,12.0,14.0,0.0,32.0,15.0,8.0,7.0,0.0,0.0,2.0,15.0,24.0,4.0,21.0,15.0,1.0,1.0,30.0,36.0,127.0,5.0,5.0
5228411710979832832,realty.yandex.ru,Даниловский,18.0,17.0,5119.0,,,1692,2778,4179,2174,399100.0,47.0,25.0,6726.0,532.0,557.6666666666666,1692,2778,4179,2174,4.0,2.0,4.0,11.0,0.0,0.0,4.0,0.0,2.0,5.0,0.0,1.0,0.0,0.0,0.0,0.0,3.0,0.0,1.0,1.0,0.0,0.0,0.0,13.0,12.0,0.0,0.0,11.0,4.0,4.0,17.0,0.0,1.0,5.0,0.0,3.0,6.0,2.0,2.0,1.0,0.0,0.0,0.0,5.0,2.0,2.0,2.0,0.0,1.0,3.0,15.0,21.0,0.0,1.0
320699687,cian.ru,Арбат,71.0,42.0,1934.0,107.0,214.0,1546,21507,3221,15937,820400.0,302.0,124.0,5520.0,107.0,411.6296296296296,1546,21507,3221,15937,12.0,2.0,8.0,50.0,0.0,3.0,3.0,0.0,6.0,3.0,1.0,1.0,0.0,0.0,1.0,3.0,5.0,1.0,6.0,4.0,0.0,0.0,7.0,10.0,18.0,2.0,4.0,38.0,13.0,21.0,107.0,1.0,13.0,10.0,0.0,27.0,7.0,7.0,3.0,5.0,0.0,3.0,11.0,9.0,3.0,22.0,16.0,0.0,4.0,12.0,39.0,87.0,6.0,6.0
322807544,cian.ru,Даниловский,57.0,11.0,681.0,103.0,211.8181818181818,292,7414,576,3000,399100.0,258.0,36.0,1722.0,103.0,440.2166666666666,292,7414,576,3000,0.0,2.0,2.0,3.0,1.0,0.0,0.0,0.0,2.0,1.0,1.0,0.0,1.0,0.0,0.0,1.0,1.0,0.0,0.0,0.0,0.0,0.0,3.0,3.0,3.0,0.0,0.0,8.0,6.0,8.0,19.0,2.0,3.0,4.0,0.0,22.0,5.0,1.0,1.0,4.0,0.0,0.0,15.0,8.0,3.0,8.0,1.0,0.0,0.0,22.0,23.0,31.0,1.0,1.0
324110839,cian.ru,Хорошево-Мневники,20.0,15.0,1273.0,,,0,0,0,0,454100.0,46.0,35.0,1436.0,,,0,0,0,0,0.0,0.0,0.0,0.0,0.0,0.0,0.0,0.0,0.0,0.0,0.0,0.0,0.0,0.0,0.0,0.0,0.0,0.0,0.0,0.0,0.0,0.0,0.0,0.0,0.0,0.0,0.0,0.0,0.0,0.0,0.0,0.0,0.0,0.0,0.0,1.0,0.0,0.0,0.0,0.0,0.0,0.0,0.0,0.0,0.0,0.0,0.0,0.0,0.0,0.0,0.0,0.0,0.0,0.0
325146113,cian.ru,Замоскворечье,84.0,15.0,563.0,0.0,200.2,244,24157,439,22569,543700.0,325.0,65.0,3075.0,0.0,390.85526315789474,244,24157,439,22569,8.0,0.0,1.0,6.0,0.0,0.0,0.0,0.0,1.0,1.0,2.0,0.0,12.0,0.0,0.0,1.0,0.0,0.0,0.0,0.0,0.0,3.0,2.0,2.0,7.0,0.0,2.0,22.0,7.0,9.0,63.0,0.0,10.0,8.0,0.0,20.0,9.0,3.0,1.0,16.0,0.0,2.0,7.0,11.0,0.0,8.0,6.0,0.0,9.0,12.0,19.0,39.0,6.0,3.0
319185271,cian.ru,Даниловский,52.0,21.0,1010.0,51.0,210.1,692,1364,1393,2309,399100.0,175.0,29.0,1805.0,51.0,418.69444444444446,692,1364,1393,2309,2.0,1.0,1.0,2.0,0.0,1.0,1.0,0.0,0.0,2.0,1.0,0.0,0.0,0.0,0.0,1.0,1.0,1.0,0.0,3.0,0.0,0.0,0.0,3.0,0.0,0.0,0.0,8.0,1.0,5.0,10.0,0.0,3.0,3.0,0.0,10.0,3.0,1.0,1.0,2.0,0.0,1.0,11.0,6.0,3.0,2.0,5.0,0.0,1.0,12.0,5.0,11.0,0.0,0.0
320122861,cian.ru,Даниловский,22.0,11.0,1491.0,241.0,247.0,0,39,0,229,399100.0,145.0,34.0,4431.0,241.0,429.0384615384616,0,39,0,229,0.0,0.0,0.0,0.0,0.0,0.0,0.0,0.0,0.0,0.0,0.0,0.0,0.0,0.0,0.0,1.0,0.0,0.0,0.0,0.0,0.0,0.0,0.0,2.0,0.0,0.0,1.0,6.0,0.0,10.0,13.0,0.0,0.0,4.0,0.0,16.0,6.0,1.0,2.0,1.0,0.0,3.0,10.0,12.0,4.0,7.0,3.0,0.0,3.0,12.0,19.0,17.0,0.0,2.0
322197973,cian.ru,Метрогородок,48.0,5.0,1720.0,142.0,237.75,100,2282,623,178,283200.0,171.0,17.0,4929.0,142.0,387.0833333333333,100,2282,623,178,1.0,0.0,0.0,1.0,0.0,0.0,0.0,0.0,2.0,1.0,0.0,0.0,0.0,0.0,0.0,0.0,1.0,0.0,1.0,1.0,0.0,0.0,1.0,0.0,0.0,0.0,0.0,2.0,0.0,2.0,6.0,0.0,1.0,2.0,0.0,7.0,3.0,0.0,1.0,0.0,0.0,0.0,0.0,6.0,1.0,1.0,1.0,0.0,0.0,2.0,2.0,3.0,1.0,0.0
323911069,cian.ru,,16.0,14.0,,,,0,0,0,0,,34.0,22.0,,,,0,0,0,0,0.0,0.0,0.0,0.0,0.0,0.0,0.0,0.0,0.0,0.0,0.0,0.0,0.0,0.0,0.0,0.0,0.0,0.0,0.0,0.0,0.0,0.0,0.0,0.0,0.0,0.0,0.0,0.0,0.0,0.0,0.0,0.0,0.0,0.0,0.0,0.0,0.0,0.0,0.0,0.0,0.0,0.0,0.0,0.0,0.0,0.0,0.0,0.0,0.0,0.0,0.0,0.0,0.0,0.0
324853455,cian.ru,Даниловский,8.0,,,,,0,14,0,0,399100.0,65.0,14.0,,425.0,510.8181818181818,0,14,0,0,0.0,0.0,0.0,0.0,0.0,0.0,0.0,0.0,0.0,0.0,0.0,0.0,0.0,0.0,0.0,0.0,0.0,0.0,0.0,0.0,0.0,0.0,0.0,0.0,0.0,0.0,0.0,0.0,0.0,1.0,0.0,0.0,1.0,0.0,0.0,2.0,0.0,0.0,0.0,0.0,0.0,0.0,2.0,0.0,0.0,0.0,0.0,0.0,0.0,3.0,0.0,0.0,0.0,0.0
323184279,cian.ru,Покровское-Стрешнево,21.0,11.0,3029.0,297.0,297.0,3186,10073,2673,4332,398600.0,95.0,36.0,5617.0,297.0,418.6666666666667,3186,10073,2673,4332,3.0,3.0,2.0,1.0,0.0,0.0,4.0,0.0,5.0,6.0,0.0,1.0,0.0,0.0,0.0,0.0,8.0,0.0,1.0,2.0,0.0,0.0,1.0,1.0,5.0,2.0,0.0,10.0,5.0,18.0,11.0,0.0,1.0,7.0,0.0,16.0,13.0,1.0,3.0,1.0,1.0,1.0,1.0,13.0,0.0,6.0,5.0,0.0,0.0,3.0,7.0,23.0,3.0,0.0
3986832478446841856,realty.yandex.ru,Соколиная Гора,85.0,2.0,128.0,1.0,188.8928571428572,7820,50301,2439,13137,354400.0,345.0,40.0,3594.0,1.0,358.3243243243243,7820,50301,2439,13137,4.0,2.0,10.0,28.0,0.0,4.0,2.0,0.0,19.0,0.0,0.0,0.0,2.0,0.0,6.0,4.0,12.0,4.0,3.0,7.0,3.0,0.0,10.0,19.0,31.0,0.0,2.0,22.0,5.0,29.0,72.0,1.0,7.0,6.0,0.0,38.0,10.0,9.0,1.0,14.0,1.0,6.0,11.0,27.0,6.0,10.0,15.0,3.0,1.0,26.0,34.0,48.0,4.0,2.0
320684078,cian.ru,Хамовники,50.0,19.0,1387.0,22.0,147.4,2732,28478,710,6542,846800.0,179.0,63.0,4318.0,22.0,263.7333333333333,2732,28478,710,6542,7.0,2.0,6.0,4.0,0.0,1.0,3.0,0.0,9.0,0.0,1.0,1.0,2.0,0.0,0.0,2.0,4.0,1.0,4.0,1.0,0.0,0.0,5.0,5.0,11.0,1.0,3.0,72.0,4.0,12.0,18.0,0.0,3.0,9.0,0.0,17.0,2.0,5.0,6.0,6.0,0.0,0.0,3.0,7.0,4.0,7.0,7.0,0.0,8.0,9.0,9.0,18.0,3.0,3.0
323832770,cian.ru,Басманный,150.0,20.0,538.0,27.0,175.77777777777777,2328,39781,738,11746,461200.0,507.0,77.0,1849.0,27.0,380.3333333333333,2328,39781,738,11746,11.0,4.0,11.0,21.0,0.0,3.0,3.0,0.0,7.0,5.0,0.0,1.0,2.0,1.0,0.0,4.0,3.0,0.0,3.0,1.0,0.0,15.0,9.0,22.0,53.0,3.0,2.0,26.0,15.0,26.0,128.0,1.0,7.0,7.0,0.0,23.0,9.0,2.0,2.0,8.0,1.0,0.0,7.0,9.0,0.0,11.0,11.0,0.0,30.0,20.0,49.0,152.0,3.0,4.0
320695994,cian.ru,Пресненский,12.0,3.0,137.0,0.0,163.58333333333334,2956,139525,1665,105474,621300.0,58.0,27.0,4445.0,0.0,317.1111111111111,2956,139525,1665,105474,20.0,6.0,40.0,67.0,0.0,10.0,7.0,0.0,37.0,17.0,0.0,0.0,1.0,0.0,3.0,10.0,14.0,7.0,25.0,13.0,2.0,0.0,39.0,72.0,119.0,1.0,11.0,24.0,8.0,53.0,86.0,0.0,16.0,13.0,0.0,54.0,21.0,4.0,3.0,2.0,0.0,5.0,16.0,20.0,7.0,36.0,16.0,2.0,1.0,50.0,96.0,157.0,3.0,13.0
321198282,cian.ru,Пресненский,21.0,8.0,1773.0,0.0,204.8,4670,318598,5210,103583,621300.0,71.0,29.0,3682.0,0.0,303.48148148148147,4670,318598,5210,103583,18.0,5.0,38.0,63.0,0.0,13.0,8.0,0.0,30.0,17.0,0.0,0.0,1.0,0.0,2.0,12.0,15.0,6.0,27.0,12.0,2.0,0.0,35.0,61.0,116.0,1.0,8.0,42.0,7.0,53.0,79.0,0.0,15.0,13.0,0.0,46.0,20.0,0.0,2.0,1.0,0.0,5.0,16.0,17.0,7.0,32.0,16.0,2.0,1.0,50.0,93.0,152.0,1.0,13.0
324206296,cian.ru,Таганский,73.0,5.0,340.0,110.0,219.8235294117647,1252,22989,196,9528,433700.0,388.0,45.0,1017.0,110.0,423.0933333333333,1252,22989,196,9528,6.0,1.0,10.0,12.0,0.0,0.0,3.0,0.0,7.0,4.0,0.0,0.0,0.0,0.0,0.0,2.0,3.0,0.0,3.0,1.0,0.0,4.0,6.0,21.0,50.0,1.0,2.0,21.0,8.0,18.0,83.0,1.0,6.0,5.0,0.0,21.0,6.0,0.0,2.0,3.0,1.0,0.0,7.0,6.0,0.0,10.0,8.0,0.0,29.0,21.0,42.0,116.0,3.0,4.0
321711179,cian.ru,Замоскворечье,108.0,17.0,949.0,0.0,177.15384615384616,2000,22775,1043,13738,543700.0,398.0,103.0,7670.0,0.0,396.83505154639175,2000,22775,1043,13738,14.0,7.0,7.0,20.0,0.0,6.0,1.0,0.0,11.0,0.0,3.0,2.0,21.0,0.0,0.0,4.0,4.0,0.0,3.0,0.0,0.0,1.0,11.0,12.0,21.0,2.0,1.0,39.0,19.0,32.0,87.0,1.0,17.0,14.0,0.0,36.0,9.0,7.0,6.0,24.0,1.0,2.0,12.0,24.0,2.0,15.0,6.0,0.0,6.0,33.0,51.0,90.0,9.0,1.0
3963650817019120128,realty.yandex.ru,Измайлово Восточное,62.0,39.0,3131.0,114.0,196.0,11494,20546,1938,3939,296000.0,250.0,145.0,13123.0,114.0,408.2352941176471,11494,20546,1938,3939,5.0,8.0,19.0,34.0,1.0,1.0,6.0,0.0,27.0,8.0,2.0,5.0,0.0,0.0,0.0,2.0,18.0,4.0,10.0,6.0,0.0,0.0,8.0,17.0,11.0,1.0,1.0,26.0,19.0,29.0,62.0,2.0,5.0,14.0,0.0,44.0,12.0,9.0,11.0,10.0,2.0,0.0,3.0,35.0,9.0,16.0,16.0,0.0,1.0,13.0,29.0,18.0,6.0,1.0
321218909,cian.ru,Пресненский,21.0,8.0,1773.0,0.0,204.8,4670,318598,5210,103583,621300.0,71.0,29.0,3682.0,0.0,303.48148148148147,4670,318598,5210,103583,18.0,5.0,38.0,63.0,0.0,13.0,8.0,0.0,30.0,17.0,0.0,0.0,1.0,0.0,2.0,12.0,15.0,6.0,27.0,12.0,2.0,0.0,35.0,61.0,116.0,1.0,8.0,42.0,7.0,53.0,79.0,0.0,15.0,13.0,0.0,46.0,20.0,0.0,2.0,1.0,0.0,5.0,16.0,17.0,7.0,32.0,16.0,2.0,1.0,50.0,93.0,152.0,1.0,13.0
320288727,cian.ru,Пресненский,10.0,2.0,,0.0,173.0,1792,116791,294,101485,621300.0,53.0,20.0,3519.0,0.0,286.09090909090907,1792,116791,294,101485,21.0,5.0,34.0,65.0,0.0,12.0,5.0,0.0,27.0,15.0,0.0,0.0,1.0,0.0,1.0,10.0,11.0,7.0,20.0,12.0,1.0,0.0,35.0,59.0,102.0,1.0,9.0,24.0,10.0,53.0,96.0,0.0,16.0,15.0,0.0,50.0,23.0,3.0,2.0,2.0,0.0,5.0,16.0,24.0,8.0,38.0,17.0,2.0,1.0,50.0,97.0,155.0,3.0,12.0
6858718408377657344,realty.yandex.ru,Даниловский,62.0,2.0,1201.0,42.0,141.42857142857142,5354,49039,699,19225,399100.0,230.0,28.0,5006.0,42.0,333.21875,5354,49039,699,19225,6.0,3.0,11.0,25.0,0.0,5.0,3.0,0.0,19.0,3.0,0.0,0.0,1.0,0.0,2.0,7.0,13.0,2.0,6.0,10.0,0.0,1.0,7.0,10.0,31.0,2.0,3.0,12.0,7.0,18.0,63.0,1.0,8.0,4.0,0.0,76.0,5.0,1.0,4.0,2.0,0.0,2.0,12.0,18.0,3.0,13.0,13.0,0.0,13.0,17.0,34.0,62.0,3.0,3.0
323849244,cian.ru,Тверской,95.0,29.0,1532.0,22.0,169.2941176470588,1464,22570,716,11293,609300.0,529.0,158.0,4869.0,22.0,424.1650485436893,1464,22570,716,11293,4.0,2.0,8.0,26.0,1.0,2.0,2.0,0.0,4.0,2.0,1.0,0.0,2.0,0.0,0.0,5.0,3.0,0.0,4.0,1.0,0.0,2.0,4.0,10.0,44.0,0.0,0.0,32.0,15.0,27.0,119.0,1.0,13.0,14.0,0.0,22.0,11.0,7.0,2.0,6.0,0.0,1.0,15.0,15.0,3.0,18.0,17.0,0.0,9.0,23.0,52.0,199.0,7.0,2.0
322165492,cian.ru,Бутырский,40.0,1.0,,,,1238,7900,239,1460,385200.0,152.0,20.0,3634.0,502.0,541.0,1238,7900,239,1460,0.0,1.0,4.0,9.0,0.0,0.0,1.0,0.0,8.0,2.0,0.0,0.0,0.0,0.0,1.0,0.0,3.0,1.0,1.0,1.0,0.0,0.0,2.0,5.0,6.0,0.0,0.0,2.0,4.0,11.0,11.0,0.0,1.0,2.0,0.0,19.0,7.0,0.0,1.0,0.0,0.0,1.0,0.0,13.0,2.0,3.0,2.0,0.0,0.0,4.0,10.0,8.0,1.0,0.0
323549772,cian.ru,Тверской,113.0,57.0,1809.0,57.0,209.3333333333333,2100,32293,1121,10849,609300.0,487.0,176.0,7087.0,57.0,404.04,2100,32293,1121,10849,10.0,8.0,7.0,49.0,0.0,6.0,5.0,0.0,5.0,3.0,2.0,1.0,1.0,0.0,0.0,3.0,3.0,1.0,5.0,2.0,0.0,0.0,7.0,15.0,49.0,1.0,3.0,72.0,31.0,35.0,171.0,0.0,11.0,14.0,0.0,29.0,17.0,7.0,6.0,4.0,0.0,1.0,23.0,15.0,8.0,17.0,13.0,0.0,2.0,29.0,62.0,107.0,6.0,8.0
324604107,cian.ru,Пресненский,21.0,8.0,1773.0,0.0,204.8,4670,318598,5210,103583,621300.0,71.0,29.0,3682.0,0.0,303.48148148148147,4670,318598,5210,103583,18.0,5.0,38.0,63.0,0.0,13.0,8.0,0.0,30.0,17.0,0.0,0.0,1.0,0.0,2.0,12.0,15.0,6.0,27.0,12.0,2.0,0.0,35.0,61.0,116.0,1.0,8.0,42.0,7.0,53.0,79.0,0.0,15.0,13.0,0.0,46.0,20.0,0.0,2.0,1.0,0.0,5.0,16.0,17.0,7.0,32.0,16.0,2.0,1.0,50.0,93.0,152.0,1.0,13.0
318861519,cian.ru,Даниловский,40.0,4.0,1115.0,0.0,177.125,8504,47936,585,3198,399100.0,195.0,49.0,5656.0,0.0,358.90625,8504,47936,585,3198,2.0,3.0,5.0,13.0,0.0,2.0,1.0,0.0,6.0,1.0,1.0,2.0,0.0,0.0,0.0,1.0,4.0,0.0,4.0,4.0,0.0,0.0,3.0,6.0,15.0,1.0,1.0,14.0,8.0,19.0,83.0,1.0,5.0,8.0,0.0,44.0,8.0,1.0,5.0,6.0,0.0,2.0,11.0,18.0,2.0,13.0,13.0,0.0,2.0,18.0,29.0,56.0,3.0,3.0
321482256,cian.ru,Пресненский,12.0,3.0,137.0,0.0,163.58333333333334,2956,139525,1665,105474,621300.0,58.0,27.0,4445.0,0.0,317.1111111111111,2956,139525,1665,105474,20.0,6.0,40.0,67.0,0.0,10.0,7.0,0.0,37.0,17.0,0.0,0.0,1.0,0.0,3.0,10.0,14.0,7.0,25.0,13.0,2.0,0.0,39.0,72.0,119.0,1.0,11.0,24.0,8.0,53.0,86.0,0.0,16.0,13.0,0.0,54.0,21.0,4.0,3.0,2.0,0.0,5.0,16.0,20.0,7.0,36.0,16.0,2.0,1.0,50.0,96.0,157.0,3.0,13.0
323936998,cian.ru,Таганский,62.0,17.0,1625.0,8.0,211.69230769230768,9062,27804,943,9144,433700.0,280.0,84.0,7871.0,8.0,368.3,9062,27804,943,9144,6.0,4.0,9.0,14.0,0.0,1.0,1.0,0.0,19.0,4.0,0.0,1.0,0.0,0.0,0.0,1.0,13.0,3.0,4.0,1.0,0.0,2.0,7.0,19.0,26.0,4.0,1.0,30.0,12.0,20.0,40.0,2.0,4.0,6.0,0.0,46.0,11.0,3.0,4.0,2.0,0.0,0.0,3.0,22.0,3.0,6.0,9.0,0.0,4.0,12.0,26.0,32.0,11.0,1.0
3965285094498870784,realty.yandex.ru,Тверской,112.0,57.0,1809.0,56.0,209.04761904761904,2100,32293,1121,10849,609300.0,486.0,176.0,7087.0,56.0,404.24,2100,32293,1121,10849,10.0,8.0,7.0,50.0,0.0,6.0,5.0,0.0,5.0,3.0,2.0,1.0,1.0,0.0,0.0,3.0,3.0,1.0,5.0,2.0,0.0,0.0,7.0,15.0,49.0,1.0,3.0,72.0,32.0,35.0,173.0,0.0,11.0,14.0,0.0,29.0,17.0,7.0,6.0,4.0,0.0,1.0,23.0,15.0,8.0,17.0,13.0,0.0,2.0,29.0,62.0,107.0,6.0,8.0
479557936435868416,realty.yandex.ru,Пресненский,75.0,20.0,2181.0,208.0,242.57142857142856,2474,9298,1938,5577,621300.0,298.0,91.0,8875.0,208.0,415.7435897435897,2474,9298,1938,5577,10.0,2.0,10.0,17.0,0.0,1.0,4.0,0.0,11.0,2.0,1.0,3.0,0.0,0.0,3.0,0.0,14.0,2.0,7.0,0.0,0.0,1.0,5.0,9.0,11.0,2.0,1.0,35.0,10.0,27.0,63.0,1.0,15.0,12.0,0.0,33.0,14.0,6.0,6.0,3.0,0.0,3.0,6.0,26.0,4.0,18.0,10.0,0.0,4.0,19.0,25.0,51.0,6.0,2.0
324608798,cian.ru,Измайлово Восточное,62.0,39.0,3131.0,119.0,200.75,11494,20546,1938,3939,296000.0,250.0,145.0,13121.0,119.0,412.6470588235294,11494,20546,1938,3939,6.0,8.0,19.0,34.0,1.0,1.0,6.0,0.0,27.0,8.0,2.0,5.0,0.0,0.0,0.0,2.0,18.0,4.0,10.0,6.0,0.0,0.0,8.0,17.0,11.0,1.0,1.0,26.0,19.0,29.0,63.0,2.0,5.0,14.0,0.0,44.0,12.0,9.0,11.0,10.0,2.0,0.0,3.0,35.0,9.0,16.0,16.0,0.0,1.0,13.0,29.0,18.0,6.0,1.0
324157592,cian.ru,Басманный,150.0,20.0,538.0,27.0,175.77777777777777,2328,39781,738,11746,461200.0,507.0,77.0,1849.0,27.0,380.3333333333333,2328,39781,738,11746,11.0,4.0,11.0,21.0,0.0,3.0,3.0,0.0,7.0,5.0,0.0,1.0,2.0,1.0,0.0,4.0,3.0,0.0,3.0,1.0,0.0,15.0,9.0,22.0,53.0,3.0,2.0,26.0,15.0,26.0,128.0,1.0,7.0,7.0,0.0,23.0,9.0,2.0,2.0,8.0,1.0,0.0,7.0,9.0,0.0,11.0,11.0,0.0,30.0,20.0,49.0,152.0,3.0,4.0
322637739,cian.ru,Замоскворечье,94.0,16.0,755.0,2.0,180.88888888888889,4062,60776,2644,27774,543700.0,447.0,88.0,5133.0,2.0,375.47,4062,60776,2644,27774,8.0,6.0,13.0,16.0,0.0,2.0,3.0,0.0,14.0,2.0,1.0,1.0,13.0,0.0,1.0,5.0,5.0,0.0,5.0,2.0,0.0,3.0,9.0,27.0,49.0,1.0,1.0,72.0,18.0,28.0,88.0,0.0,13.0,10.0,0.0,29.0,9.0,4.0,5.0,21.0,1.0,1.0,14.0,18.0,0.0,9.0,3.0,0.0,6.0,23.0,40.0,97.0,6.0,2.0
322630993,cian.ru,Марьина Роща,39.0,24.0,1992.0,116.0,202.8,1192,30994,2952,9705,402200.0,223.0,102.0,9852.0,116.0,405.8571428571428,1192,30994,2952,9705,9.0,2.0,10.0,13.0,0.0,2.0,4.0,0.0,11.0,3.0,1.0,1.0,1.0,0.0,2.0,2.0,7.0,1.0,4.0,5.0,1.0,0.0,4.0,11.0,15.0,0.0,0.0,17.0,8.0,15.0,41.0,1.0,7.0,10.0,0.0,23.0,12.0,4.0,3.0,8.0,0.0,2.0,4.0,28.0,5.0,12.0,9.0,1.0,1.0,17.0,17.0,31.0,5.0,2.0
321669268,cian.ru,Таганский,60.0,18.0,2006.0,55.0,186.5,1750,18638,2069,8871,433700.0,237.0,75.0,8887.0,55.0,347.5263157894737,1750,18638,2069,8871,4.0,2.0,13.0,28.0,3.0,3.0,6.0,0.0,16.0,0.0,1.0,0.0,2.0,0.0,4.0,2.0,11.0,2.0,8.0,6.0,0.0,0.0,5.0,14.0,20.0,2.0,1.0,22.0,12.0,26.0,91.0,5.0,9.0,16.0,0.0,29.0,6.0,8.0,2.0,4.0,0.0,4.0,7.0,31.0,6.0,15.0,11.0,1.0,9.0,13.0,31.0,36.0,12.0,2.0
324758450,cian.ru,Измайлово Восточное,67.0,43.0,3461.0,251.0,269.5,9226,18275,4071,4015,296000.0,248.0,154.0,13541.0,251.0,429.75,9226,18275,4071,4015,4.0,5.0,16.0,25.0,1.0,0.0,5.0,0.0,16.0,8.0,3.0,4.0,0.0,0.0,0.0,2.0,14.0,4.0,10.0,4.0,0.0,0.0,4.0,11.0,8.0,1.0,1.0,17.0,15.0,29.0,61.0,1.0,4.0,14.0,0.0,44.0,13.0,9.0,11.0,1.0,3.0,0.0,4.0,35.0,8.0,16.0,14.0,0.0,3.0,10.0,27.0,15.0,5.0,1.0
322883363,cian.ru,Басманный,150.0,20.0,538.0,27.0,175.77777777777777,2328,39781,738,11746,461200.0,507.0,77.0,1849.0,27.0,380.3333333333333,2328,39781,738,11746,11.0,4.0,11.0,21.0,0.0,3.0,3.0,0.0,7.0,5.0,0.0,1.0,2.0,1.0,0.0,4.0,3.0,0.0,3.0,1.0,0.0,15.0,9.0,22.0,53.0,3.0,2.0,26.0,15.0,26.0,128.0,1.0,7.0,7.0,0.0,23.0,9.0,2.0,2.0,8.0,1.0,0.0,7.0,9.0,0.0,11.0,11.0,0.0,30.0,20.0,49.0,152.0,3.0,4.0
3986832478442941952,realty.yandex.ru,Замоскворечье,94.0,16.0,755.0,0.0,181.11111111111111,4062,60776,2644,27774,543700.0,446.0,88.0,5133.0,0.0,374.37373737373736,4062,60776,2644,27774,8.0,6.0,13.0,16.0,0.0,2.0,3.0,0.0,14.0,2.0,1.0,1.0,13.0,0.0,1.0,5.0,5.0,0.0,5.0,2.0,0.0,3.0,9.0,27.0,49.0,1.0,1.0,71.0,18.0,28.0,85.0,0.0,13.0,10.0,0.0,29.0,9.0,4.0,5.0,21.0,1.0,1.0,14.0,18.0,0.0,9.0,3.0,0.0,6.0,23.0,40.0,99.0,6.0,2.0
320904414,cian.ru,Дегунино Западное,39.0,10.0,4015.0,118.0,118.0,4742,3492,9025,3963,305700.0,132.0,35.0,8820.0,118.0,327.0,4742,3492,9025,3963,0.0,4.0,6.0,16.0,0.0,1.0,4.0,0.0,6.0,3.0,0.0,0.0,0.0,0.0,1.0,1.0,13.0,0.0,2.0,1.0,0.0,1.0,9.0,4.0,15.0,0.0,0.0,9.0,12.0,14.0,44.0,1.0,2.0,9.0,0.0,13.0,13.0,3.0,2.0,1.0,0.0,1.0,2.0,27.0,1.0,8.0,2.0,0.0,1.0,14.0,12.0,19.0,3.0,0.0
3941757984977346048,realty.yandex.ru,Хамовники,161.0,60.0,989.0,35.0,186.8333333333333,1038,7649,814,4574,846800.0,554.0,183.0,4458.0,35.0,370.0779220779221,1038,7649,814,4574,4.0,9.0,6.0,18.0,0.0,2.0,2.0,0.0,0.0,0.0,2.0,2.0,0.0,0.0,0.0,2.0,0.0,0.0,4.0,0.0,0.0,4.0,4.0,8.0,17.0,3.0,0.0,18.0,12.0,8.0,39.0,0.0,4.0,6.0,0.0,7.0,7.0,5.0,4.0,5.0,0.0,0.0,7.0,3.0,1.0,7.0,5.0,0.0,13.0,15.0,23.0,56.0,5.0,1.0
322673125,cian.ru,Басманный,150.0,20.0,538.0,27.0,175.77777777777777,2328,39781,738,11746,461200.0,507.0,77.0,1849.0,27.0,380.3333333333333,2328,39781,738,11746,11.0,4.0,11.0,21.0,0.0,3.0,3.0,0.0,7.0,5.0,0.0,1.0,2.0,1.0,0.0,4.0,3.0,0.0,3.0,1.0,0.0,15.0,9.0,22.0,53.0,3.0,2.0,26.0,15.0,26.0,128.0,1.0,7.0,7.0,0.0,23.0,9.0,2.0,2.0,8.0,1.0,0.0,7.0,9.0,0.0,11.0,11.0,0.0,30.0,20.0,49.0,152.0,3.0,4.0
322398037,cian.ru,Басманный,150.0,20.0,538.0,27.0,175.77777777777777,2328,39781,738,11746,461200.0,507.0,77.0,1849.0,27.0,380.3333333333333,2328,39781,738,11746,11.0,4.0,11.0,21.0,0.0,3.0,3.0,0.0,7.0,5.0,0.0,1.0,2.0,1.0,0.0,4.0,3.0,0.0,3.0,1.0,0.0,15.0,9.0,22.0,53.0,3.0,2.0,26.0,15.0,26.0,128.0,1.0,7.0,7.0,0.0,23.0,9.0,2.0,2.0,8.0,1.0,0.0,7.0,9.0,0.0,11.0,11.0,0.0,30.0,20.0,49.0,152.0,3.0,4.0
321956826,cian.ru,Таганский,67.0,20.0,2103.0,0.0,193.0,4428,18638,2069,8871,433700.0,249.0,73.0,8520.0,0.0,331.5,4428,18638,2069,8871,4.0,3.0,13.0,27.0,2.0,4.0,5.0,0.0,16.0,0.0,1.0,0.0,1.0,0.0,4.0,4.0,9.0,1.0,6.0,6.0,0.0,1.0,5.0,14.0,20.0,1.0,1.0,21.0,12.0,26.0,92.0,5.0,10.0,15.0,0.0,23.0,5.0,7.0,3.0,4.0,0.0,4.0,7.0,29.0,5.0,15.0,11.0,0.0,9.0,13.0,31.0,34.0,11.0,2.0
5228459417828329472,realty.yandex.ru,Мещанский,79.0,30.0,3307.0,19.0,183.27272727272728,2020,17714,4268,9111,530600.0,248.0,82.0,7889.0,19.0,355.2333333333333,2020,17714,4268,9111,12.0,8.0,8.0,19.0,0.0,2.0,5.0,0.0,9.0,4.0,3.0,5.0,3.0,0.0,0.0,1.0,10.0,0.0,8.0,3.0,1.0,0.0,5.0,3.0,13.0,2.0,1.0,30.0,18.0,17.0,39.0,1.0,3.0,13.0,0.0,17.0,7.0,6.0,7.0,4.0,1.0,0.0,4.0,18.0,1.0,67.0,9.0,1.0,3.0,11.0,8.0,21.0,4.0,3.0
324442459,cian.ru,Мещанский,79.0,30.0,3307.0,17.0,182.27272727272728,2020,17714,4268,9111,530600.0,249.0,82.0,7889.0,17.0,354.5,2020,17714,4268,9111,12.0,8.0,8.0,19.0,0.0,2.0,5.0,0.0,9.0,4.0,3.0,5.0,3.0,0.0,0.0,1.0,10.0,0.0,8.0,3.0,1.0,0.0,5.0,3.0,13.0,2.0,1.0,30.0,18.0,17.0,39.0,1.0,3.0,13.0,0.0,17.0,7.0,6.0,7.0,4.0,1.0,0.0,4.0,18.0,1.0,67.0,9.0,1.0,3.0,11.0,8.0,23.0,4.0,3.0
322268756,cian.ru,Гольяново,34.0,25.0,5223.0,70.0,166.0,5474,4407,3339,2943,277600.0,148.0,82.0,13458.0,70.0,419.3333333333333,5474,4407,3339,2943,1.0,1.0,10.0,13.0,0.0,0.0,5.0,0.0,14.0,2.0,0.0,3.0,0.0,0.0,0.0,0.0,15.0,2.0,2.0,3.0,0.0,0.0,2.0,7.0,6.0,0.0,0.0,10.0,4.0,20.0,28.0,0.0,1.0,10.0,0.0,32.0,8.0,4.0,7.0,1.0,0.0,2.0,0.0,28.0,5.0,5.0,4.0,4.0,0.0,5.0,28.0,51.0,8.0,2.0
325128297,cian.ru,Даниловский,41.0,5.0,726.0,5.0,173.47058823529412,230,58551,733,23826,399100.0,186.0,38.0,4432.0,5.0,266.82142857142856,230,58551,733,23826,13.0,1.0,14.0,24.0,0.0,2.0,5.0,0.0,19.0,7.0,0.0,0.0,1.0,0.0,4.0,10.0,14.0,2.0,8.0,4.0,0.0,2.0,18.0,47.0,49.0,0.0,4.0,24.0,6.0,27.0,49.0,0.0,2.0,8.0,0.0,30.0,17.0,2.0,4.0,2.0,0.0,4.0,14.0,29.0,6.0,14.0,11.0,0.0,5.0,20.0,70.0,60.0,5.0,6.0
3965285094530183168,realty.yandex.ru,Басманный,150.0,21.0,543.0,32.0,178.57142857142858,2328,40652,738,11746,461200.0,510.0,78.0,1851.0,32.0,379.7,2328,40652,738,11746,11.0,4.0,11.0,23.0,0.0,3.0,3.0,0.0,7.0,5.0,0.0,1.0,2.0,1.0,0.0,4.0,3.0,0.0,3.0,1.0,0.0,15.0,9.0,22.0,53.0,3.0,2.0,26.0,15.0,26.0,127.0,1.0,7.0,7.0,0.0,23.0,9.0,2.0,2.0,7.0,1.0,0.0,7.0,9.0,0.0,11.0,11.0,0.0,30.0,20.0,49.0,152.0,3.0,4.0
3941757984977224192,realty.yandex.ru,Лефортово,60.0,20.0,1929.0,0.0,145.0,1258,7502,3077,12192,279300.0,171.0,34.0,3461.0,0.0,393.6666666666667,1258,7502,3077,12192,17.0,1.0,4.0,3.0,0.0,0.0,2.0,0.0,2.0,1.0,2.0,2.0,1.0,2.0,1.0,0.0,1.0,0.0,4.0,1.0,0.0,4.0,3.0,1.0,5.0,1.0,0.0,53.0,3.0,5.0,8.0,0.0,0.0,4.0,0.0,2.0,2.0,3.0,3.0,2.0,4.0,1.0,1.0,9.0,2.0,5.0,2.0,0.0,5.0,7.0,5.0,11.0,2.0,0.0
8427502013113824256,realty.yandex.ru,Басманный,150.0,21.0,543.0,32.0,178.57142857142858,2328,40652,738,11746,461200.0,510.0,78.0,1851.0,32.0,379.7,2328,40652,738,11746,11.0,4.0,11.0,23.0,0.0,3.0,3.0,0.0,7.0,5.0,0.0,1.0,2.0,1.0,0.0,4.0,3.0,0.0,3.0,1.0,0.0,15.0,9.0,22.0,53.0,3.0,2.0,26.0,15.0,26.0,127.0,1.0,7.0,7.0,0.0,23.0,9.0,2.0,2.0,7.0,1.0,0.0,7.0,9.0,0.0,11.0,11.0,0.0,30.0,20.0,49.0,152.0,3.0,4.0
322518998,cian.ru,Мещанский,178.0,76.0,1392.0,0.0,181.06666666666663,634,10003,800,6218,530600.0,574.0,242.0,6394.0,0.0,332.2212389380531,634,10003,800,6218,12.0,2.0,7.0,39.0,0.0,0.0,3.0,0.0,13.0,2.0,2.0,1.0,10.0,0.0,1.0,7.0,7.0,0.0,7.0,4.0,0.0,2.0,5.0,20.0,44.0,2.0,2.0,82.0,30.0,26.0,159.0,1.0,7.0,10.0,0.0,29.0,19.0,5.0,4.0,14.0,0.0,1.0,23.0,13.0,3.0,19.0,17.0,0.0,9.0,26.0,51.0,148.0,12.0,6.0
324016159,cian.ru,Раменки,12.0,4.0,1042.0,263.0,263.0,738,9650,1672,7856,483300.0,68.0,7.0,2690.0,263.0,308.6666666666667,738,9650,1672,7856,6.0,4.0,3.0,15.0,0.0,1.0,2.0,0.0,1.0,0.0,0.0,2.0,1.0,0.0,0.0,0.0,0.0,0.0,0.0,1.0,0.0,1.0,0.0,3.0,3.0,0.0,0.0,12.0,5.0,14.0,28.0,0.0,2.0,5.0,1.0,18.0,4.0,1.0,2.0,15.0,0.0,2.0,1.0,3.0,4.0,6.0,5.0,1.0,1.0,3.0,26.0,37.0,0.0,0.0
3986832478444049920,realty.yandex.ru,Мещанский,171.0,72.0,1471.0,0.0,184.84444444444443,634,14013,800,15415,530600.0,573.0,243.0,6539.0,0.0,335.83185840707966,634,14013,800,15415,12.0,3.0,7.0,42.0,0.0,0.0,3.0,0.0,13.0,1.0,2.0,1.0,10.0,0.0,1.0,7.0,7.0,0.0,7.0,4.0,0.0,2.0,5.0,19.0,44.0,2.0,3.0,83.0,35.0,27.0,160.0,1.0,7.0,11.0,0.0,24.0,18.0,6.0,5.0,13.0,0.0,1.0,23.0,16.0,3.0,15.0,17.0,0.0,8.0,20.0,39.0,123.0,13.0,6.0
319911110,cian.ru,Даниловский,63.0,1.0,221.0,35.0,141.14285714285714,338,16978,699,14810,399100.0,219.0,23.0,4234.0,35.0,333.8125,338,16978,699,14810,6.0,2.0,8.0,23.0,0.0,4.0,2.0,0.0,10.0,2.0,0.0,0.0,1.0,0.0,1.0,7.0,5.0,1.0,4.0,8.0,0.0,0.0,5.0,8.0,27.0,2.0,1.0,11.0,7.0,18.0,59.0,1.0,8.0,4.0,0.0,69.0,4.0,1.0,2.0,3.0,0.0,2.0,11.0,15.0,2.0,13.0,12.0,0.0,13.0,17.0,34.0,62.0,3.0,3.0
324089261,cian.ru,Мещанский,135.0,27.0,369.0,0.0,162.64285714285714,786,25086,508,11748,530600.0,588.0,186.0,2626.0,0.0,391.27272727272725,786,25086,508,11748,8.0,1.0,8.0,28.0,2.0,3.0,3.0,0.0,7.0,5.0,1.0,0.0,6.0,0.0,0.0,3.0,2.0,0.0,4.0,5.0,0.0,6.0,12.0,15.0,56.0,1.0,1.0,32.0,18.0,24.0,127.0,2.0,14.0,9.0,0.0,26.0,10.0,4.0,4.0,13.0,1.0,4.0,15.0,12.0,4.0,20.0,18.0,3.0,23.0,25.0,68.0,222.0,9.0,7.0
5203054433263409152,realty.yandex.ru,Мещанский,101.0,41.0,2777.0,146.0,236.66666666666663,4668,11534,1855,6584,530600.0,337.0,109.0,8049.0,146.0,405.94827586206895,4668,11534,1855,6584,12.0,9.0,11.0,24.0,0.0,5.0,6.0,0.0,2.0,3.0,2.0,2.0,0.0,0.0,0.0,2.0,9.0,2.0,6.0,6.0,0.0,0.0,6.0,12.0,9.0,3.0,2.0,39.0,24.0,29.0,70.0,2.0,10.0,17.0,0.0,20.0,11.0,10.0,5.0,10.0,1.0,0.0,9.0,22.0,5.0,17.0,9.0,0.0,3.0,24.0,33.0,41.0,8.0,5.0
324557162,cian.ru,Арбат,130.0,33.0,768.0,0.0,170.67857142857142,888,25230,884,11948,820400.0,527.0,135.0,3070.0,0.0,367.7934782608696,888,25230,884,11948,12.0,5.0,3.0,24.0,0.0,5.0,4.0,0.0,4.0,1.0,5.0,0.0,7.0,0.0,0.0,5.0,5.0,0.0,4.0,1.0,0.0,1.0,6.0,18.0,21.0,0.0,0.0,27.0,12.0,14.0,81.0,0.0,15.0,8.0,0.0,10.0,5.0,11.0,1.0,24.0,0.0,0.0,12.0,14.0,1.0,15.0,7.0,0.0,10.0,14.0,51.0,102.0,3.0,3.0
319874374,cian.ru,Даниловский,9.0,2.0,920.0,209.0,215.0,1696,92620,332,1776,399100.0,123.0,16.0,3168.0,209.0,457.8666666666667,1696,92620,332,1776,0.0,0.0,1.0,9.0,1.0,5.0,0.0,0.0,8.0,0.0,3.0,0.0,0.0,0.0,0.0,1.0,3.0,1.0,4.0,1.0,0.0,0.0,5.0,10.0,5.0,0.0,0.0,6.0,2.0,6.0,19.0,2.0,10.0,1.0,1.0,17.0,1.0,5.0,0.0,12.0,0.0,2.0,1.0,10.0,2.0,5.0,2.0,8.0,0.0,10.0,19.0,20.0,20.0,0.0
7528072391,avito.ru,Бутырский,45.0,23.0,2715.0,141.0,184.3333333333333,2996,4437,5993,4369,385200.0,170.0,96.0,11697.0,141.0,337.3333333333333,2996,4437,5993,4369,6.0,2.0,10.0,10.0,0.0,0.0,6.0,0.0,30.0,3.0,0.0,4.0,0.0,0.0,3.0,1.0,17.0,2.0,2.0,2.0,0.0,0.0,4.0,7.0,11.0,0.0,1.0,11.0,6.0,22.0,29.0,0.0,0.0,10.0,0.0,39.0,11.0,8.0,12.0,2.0,0.0,4.0,1.0,25.0,3.0,7.0,4.0,1.0,0.0,6.0,12.0,23.0,7.0,3.0
916480002161139584,realty.yandex.ru,Бутово Южное,29.0,10.0,2064.0,0.0,138.5,994,7914,4946,8863,259700.0,114.0,52.0,7919.0,0.0,270.7,994,7914,4946,8863,1.0,1.0,9.0,15.0,0.0,1.0,3.0,0.0,15.0,4.0,1.0,0.0,0.0,0.0,3.0,0.0,24.0,4.0,4.0,4.0,0.0,0.0,5.0,4.0,13.0,1.0,1.0,6.0,5.0,19.0,27.0,1.0,4.0,7.0,0.0,36.0,7.0,7.0,8.0,0.0,0.0,3.0,0.0,35.0,6.0,6.0,6.0,0.0,1.0,7.0,8.0,22.0,9.0,1.0
3940753168374254080,realty.yandex.ru,Арбат,127.0,33.0,768.0,9.0,168.37037037037038,888,25230,884,11948,820400.0,526.0,139.0,3138.0,9.0,371.247311827957,888,25230,884,11948,12.0,5.0,4.0,26.0,0.0,5.0,4.0,0.0,4.0,1.0,5.0,0.0,7.0,0.0,0.0,5.0,5.0,0.0,4.0,1.0,0.0,1.0,6.0,17.0,21.0,0.0,0.0,28.0,12.0,14.0,81.0,0.0,15.0,8.0,0.0,10.0,5.0,11.0,1.0,24.0,0.0,0.0,12.0,14.0,1.0,15.0,7.0,0.0,10.0,14.0,51.0,102.0,3.0,3.0
321300983,cian.ru,Южнопортовый,44.0,3.0,242.0,139.0,210.66666666666663,1038,13947,1594,11118,368900.0,173.0,30.0,3033.0,139.0,414.483870967742,1038,13947,1594,11118,4.0,2.0,2.0,20.0,0.0,1.0,3.0,0.0,13.0,1.0,1.0,0.0,0.0,0.0,1.0,0.0,9.0,1.0,2.0,4.0,0.0,0.0,3.0,5.0,23.0,0.0,0.0,10.0,6.0,10.0,34.0,0.0,1.0,4.0,1.0,27.0,7.0,3.0,3.0,2.0,1.0,1.0,3.0,15.0,2.0,5.0,7.0,0.0,3.0,9.0,13.0,35.0,2.0,0.0
323219932,cian.ru,Чертаново Северное,30.0,11.0,2715.0,149.0,220.3333333333333,3570,6204,3322,2065,320900.0,119.0,61.0,10015.0,149.0,415.0,3570,6204,3322,2065,4.0,5.0,8.0,14.0,0.0,0.0,3.0,0.0,15.0,3.0,3.0,3.0,0.0,0.0,2.0,1.0,11.0,3.0,3.0,6.0,0.0,1.0,5.0,4.0,10.0,2.0,4.0,10.0,11.0,15.0,33.0,0.0,3.0,10.0,0.0,23.0,6.0,6.0,6.0,0.0,0.0,5.0,1.0,26.0,3.0,9.0,10.0,0.0,2.0,6.0,10.0,22.0,3.0,4.0
324824084,cian.ru,Солнцево,14.0,9.0,3685.0,,,3382,2914,1877,1732,284300.0,75.0,33.0,11663.0,516.0,516.0,3382,2914,1877,1732,2.0,1.0,4.0,9.0,0.0,0.0,4.0,0.0,2.0,8.0,1.0,2.0,0.0,0.0,0.0,0.0,5.0,0.0,2.0,0.0,0.0,0.0,1.0,4.0,4.0,1.0,0.0,8.0,4.0,11.0,24.0,0.0,3.0,12.0,0.0,24.0,13.0,3.0,4.0,0.0,0.0,0.0,0.0,16.0,2.0,6.0,0.0,1.0,1.0,3.0,14.0,19.0,2.0,0.0
320251200,cian.ru,Тверской,166.0,68.0,1860.0,0.0,196.79310344827587,2536,12590,803,3461,609300.0,502.0,205.0,6248.0,0.0,368.21176470588233,2536,12590,803,3461,27.0,10.0,11.0,34.0,0.0,5.0,5.0,0.0,2.0,5.0,3.0,1.0,1.0,0.0,0.0,2.0,2.0,2.0,6.0,6.0,0.0,1.0,3.0,18.0,38.0,4.0,1.0,66.0,21.0,32.0,125.0,0.0,12.0,16.0,0.0,28.0,13.0,10.0,6.0,6.0,0.0,1.0,15.0,12.0,6.0,20.0,10.0,0.0,5.0,23.0,60.0,179.0,8.0,3.0
8699682889220812800,realty.yandex.ru,Арбат,91.0,48.0,1694.0,0.0,171.8235294117647,1460,29893,3221,19622,820400.0,421.0,180.0,6759.0,0.0,396.3589743589744,1460,29893,3221,19622,14.0,4.0,6.0,34.0,0.0,9.0,2.0,0.0,4.0,1.0,1.0,1.0,2.0,0.0,2.0,3.0,6.0,1.0,4.0,3.0,0.0,1.0,6.0,13.0,22.0,1.0,4.0,50.0,17.0,30.0,153.0,2.0,16.0,13.0,0.0,31.0,15.0,9.0,5.0,6.0,0.0,4.0,12.0,15.0,3.0,24.0,18.0,2.0,4.0,18.0,48.0,121.0,10.0,7.0
3966105355550984192,realty.yandex.ru,Бутырский,41.0,4.0,354.0,,,1468,14315,0,101,385200.0,144.0,26.0,4156.0,482.0,535.5,1468,14315,0,101,0.0,2.0,1.0,6.0,0.0,0.0,1.0,0.0,7.0,0.0,0.0,0.0,0.0,0.0,0.0,0.0,1.0,1.0,1.0,0.0,0.0,0.0,0.0,4.0,4.0,0.0,0.0,2.0,6.0,13.0,18.0,0.0,2.0,2.0,0.0,20.0,7.0,1.0,1.0,1.0,1.0,1.0,2.0,16.0,6.0,3.0,3.0,0.0,0.0,2.0,11.0,10.0,2.0,0.0
323292276,cian.ru,Пресненский,83.0,17.0,1857.0,12.0,127.57142857142856,2644,19776,2729,20229,621300.0,256.0,90.0,6762.0,12.0,376.1333333333333,2644,19776,2729,20229,11.0,2.0,6.0,8.0,0.0,1.0,2.0,0.0,11.0,2.0,0.0,2.0,1.0,0.0,3.0,1.0,12.0,1.0,6.0,0.0,0.0,2.0,2.0,6.0,8.0,1.0,0.0,25.0,9.0,25.0,47.0,1.0,5.0,12.0,0.0,27.0,13.0,2.0,6.0,1.0,0.0,3.0,3.0,22.0,5.0,18.0,9.0,0.0,5.0,15.0,29.0,42.0,9.0,1.0
5680755586321768448,realty.yandex.ru,Замоскворечье,174.0,53.0,1754.0,64.0,197.12121212121207,654,11677,1262,10017,543700.0,611.0,149.0,5180.0,64.0,386.1171875,654,11677,1262,10017,10.0,4.0,10.0,32.0,0.0,2.0,5.0,0.0,11.0,3.0,1.0,0.0,12.0,0.0,0.0,1.0,16.0,1.0,6.0,6.0,0.0,3.0,8.0,15.0,21.0,3.0,2.0,33.0,11.0,18.0,124.0,1.0,8.0,11.0,0.0,33.0,9.0,5.0,4.0,23.0,0.0,2.0,11.0,30.0,2.0,25.0,15.0,1.0,11.0,24.0,58.0,95.0,14.0,5.0
324064864,cian.ru,Пресненский,21.0,8.0,1773.0,0.0,204.8,4670,318598,5210,103583,621300.0,71.0,29.0,3682.0,0.0,303.48148148148147,4670,318598,5210,103583,18.0,5.0,38.0,63.0,0.0,13.0,8.0,0.0,30.0,17.0,0.0,0.0,1.0,0.0,2.0,12.0,15.0,6.0,27.0,12.0,2.0,0.0,35.0,61.0,116.0,1.0,8.0,42.0,7.0,53.0,79.0,0.0,15.0,13.0,0.0,46.0,20.0,0.0,2.0,1.0,0.0,5.0,16.0,17.0,7.0,32.0,16.0,2.0,1.0,50.0,93.0,152.0,1.0,13.0
320856654,cian.ru,Измайлово Северное,61.0,37.0,3655.0,278.0,286.3333333333333,2394,1991,2223,1458,300800.0,181.0,101.0,11704.0,278.0,390.54545454545456,2394,1991,2223,1458,6.0,3.0,4.0,10.0,1.0,0.0,1.0,0.0,4.0,2.0,0.0,3.0,1.0,0.0,2.0,0.0,13.0,2.0,2.0,2.0,0.0,0.0,1.0,5.0,11.0,2.0,1.0,13.0,5.0,19.0,28.0,3.0,4.0,9.0,0.0,42.0,9.0,9.0,10.0,1.0,0.0,3.0,0.0,33.0,4.0,9.0,6.0,4.0,1.0,5.0,31.0,53.0,9.0,3.0
325083181,cian.ru,Пресненский,12.0,3.0,137.0,0.0,163.58333333333334,2956,139525,1665,105474,621300.0,58.0,27.0,4445.0,0.0,317.1111111111111,2956,139525,1665,105474,20.0,6.0,40.0,67.0,0.0,10.0,7.0,0.0,37.0,17.0,0.0,0.0,1.0,0.0,3.0,10.0,14.0,7.0,25.0,13.0,2.0,0.0,39.0,72.0,119.0,1.0,11.0,24.0,8.0,53.0,86.0,0.0,16.0,13.0,0.0,54.0,21.0,4.0,3.0,2.0,0.0,5.0,16.0,20.0,7.0,36.0,16.0,2.0,1.0,50.0,96.0,157.0,3.0,13.0
3965285094498847744,realty.yandex.ru,Фили-Давыдково,48.0,33.0,2776.0,135.0,206.25,1614,3610,2516,2250,401300.0,168.0,106.0,9846.0,135.0,302.125,1614,3610,2516,2250,6.0,0.0,9.0,7.0,0.0,0.0,5.0,0.0,11.0,3.0,0.0,1.0,2.0,0.0,0.0,0.0,6.0,1.0,1.0,2.0,0.0,0.0,2.0,7.0,3.0,2.0,1.0,26.0,3.0,15.0,23.0,2.0,2.0,11.0,0.0,30.0,12.0,4.0,7.0,2.0,0.0,2.0,0.0,30.0,9.0,6.0,6.0,0.0,0.0,2.0,12.0,21.0,7.0,1.0
323929281,cian.ru,Мещанский,171.0,72.0,1471.0,0.0,184.8,634,14013,800,15415,530600.0,572.0,243.0,6539.0,0.0,335.7787610619469,634,14013,800,15415,12.0,3.0,7.0,42.0,0.0,0.0,3.0,0.0,13.0,1.0,2.0,1.0,10.0,0.0,1.0,7.0,7.0,0.0,7.0,4.0,0.0,2.0,5.0,19.0,44.0,2.0,3.0,83.0,35.0,27.0,160.0,1.0,7.0,11.0,0.0,24.0,18.0,6.0,5.0,13.0,0.0,1.0,23.0,16.0,3.0,15.0,17.0,0.0,8.0,20.0,39.0,123.0,13.0,6.0
7326503480865930240,realty.yandex.ru,Басманный,198.0,45.0,944.0,0.0,185.5652173913044,648,34099,514,13680,461200.0,603.0,146.0,3188.0,0.0,349.23387096774195,648,34099,514,13680,26.0,9.0,5.0,44.0,0.0,10.0,3.0,0.0,5.0,0.0,2.0,2.0,16.0,0.0,0.0,3.0,5.0,0.0,6.0,3.0,0.0,1.0,6.0,18.0,64.0,1.0,1.0,79.0,26.0,30.0,214.0,0.0,18.0,12.0,0.0,26.0,11.0,2.0,2.0,21.0,0.0,1.0,10.0,16.0,0.0,18.0,13.0,0.0,14.0,23.0,69.0,224.0,2.0,4.0
320280805,cian.ru,Даниловский,100.0,1.0,221.0,66.0,185.92857142857144,672,8711,42,6483,399100.0,238.0,19.0,3602.0,66.0,333.6,672,8711,42,6483,6.0,2.0,5.0,21.0,0.0,5.0,1.0,0.0,11.0,1.0,0.0,0.0,1.0,0.0,1.0,6.0,1.0,1.0,3.0,4.0,0.0,13.0,6.0,4.0,20.0,1.0,0.0,11.0,6.0,16.0,45.0,0.0,8.0,5.0,0.0,72.0,4.0,3.0,2.0,5.0,0.0,2.0,8.0,16.0,3.0,10.0,12.0,0.0,14.0,14.0,27.0,60.0,2.0,3.0
324436505,cian.ru,Мещанский,171.0,72.0,1471.0,0.0,184.8,634,14013,800,15415,530600.0,572.0,243.0,6539.0,0.0,335.7787610619469,634,14013,800,15415,12.0,3.0,7.0,42.0,0.0,0.0,3.0,0.0,13.0,1.0,2.0,1.0,10.0,0.0,1.0,7.0,7.0,0.0,7.0,4.0,0.0,2.0,5.0,19.0,44.0,2.0,3.0,83.0,35.0,27.0,160.0,1.0,7.0,11.0,0.0,24.0,18.0,6.0,5.0,13.0,0.0,1.0,23.0,16.0,3.0,15.0,17.0,0.0,8.0,20.0,39.0,123.0,13.0,6.0
324061373,cian.ru,Тверской,99.0,17.0,794.0,36.0,168.8,1282,25844,1497,12392,609300.0,418.0,89.0,2699.0,36.0,385.6067415730337,1282,25844,1497,12392,3.0,0.0,8.0,16.0,0.0,1.0,3.0,0.0,7.0,0.0,0.0,0.0,8.0,0.0,1.0,2.0,6.0,0.0,4.0,3.0,0.0,1.0,7.0,13.0,39.0,0.0,0.0,20.0,3.0,18.0,56.0,0.0,8.0,10.0,0.0,12.0,8.0,9.0,0.0,18.0,0.0,3.0,13.0,9.0,1.0,14.0,12.0,0.0,10.0,25.0,44.0,136.0,2.0,1.0
324433247,cian.ru,Сокольники,62.0,18.0,2871.0,41.0,163.42857142857142,3894,18501,1993,8639,367600.0,225.0,79.0,8291.0,41.0,309.8125,3894,18501,1993,8639,2.0,2.0,11.0,19.0,0.0,1.0,4.0,0.0,12.0,4.0,0.0,1.0,1.0,0.0,3.0,0.0,11.0,5.0,7.0,8.0,0.0,0.0,6.0,6.0,22.0,1.0,0.0,8.0,6.0,24.0,36.0,0.0,7.0,10.0,0.0,31.0,9.0,10.0,5.0,1.0,0.0,7.0,3.0,28.0,8.0,16.0,15.0,0.0,1.0,11.0,19.0,44.0,8.0,0.0
320023334,cian.ru,Басманный,131.0,32.0,722.0,4.0,167.44444444444446,910,19478,479,14648,461200.0,437.0,94.0,4777.0,4.0,341.54651162790697,910,19478,479,14648,14.0,7.0,4.0,54.0,1.0,12.0,4.0,0.0,9.0,4.0,3.0,2.0,0.0,0.0,0.0,8.0,7.0,1.0,9.0,3.0,0.0,1.0,13.0,22.0,39.0,0.0,0.0,40.0,21.0,28.0,110.0,3.0,17.0,12.0,0.0,37.0,12.0,4.0,5.0,10.0,0.0,0.0,14.0,19.0,5.0,26.0,8.0,0.0,5.0,27.0,59.0,93.0,5.0,2.0
323422352,cian.ru,Замоскворечье,162.0,38.0,535.0,56.0,201.5757575757576,380,5195,652,10065,543700.0,487.0,95.0,1958.0,56.0,360.4791666666667,380,5195,652,10065,7.0,1.0,1.0,30.0,0.0,2.0,3.0,0.0,2.0,2.0,2.0,0.0,1.0,0.0,1.0,4.0,5.0,0.0,3.0,2.0,0.0,6.0,3.0,9.0,42.0,1.0,1.0,28.0,10.0,12.0,114.0,1.0,6.0,6.0,0.0,24.0,8.0,4.0,1.0,13.0,0.0,3.0,9.0,16.0,0.0,16.0,8.0,0.0,12.0,19.0,39.0,112.0,6.0,3.0
323929250,cian.ru,Арбат,91.0,48.0,1694.0,0.0,171.94117647058823,1460,29893,3221,19622,820400.0,421.0,180.0,6759.0,0.0,396.56410256410254,1460,29893,3221,19622,14.0,4.0,6.0,34.0,0.0,9.0,2.0,0.0,4.0,1.0,1.0,1.0,2.0,0.0,2.0,3.0,6.0,1.0,4.0,3.0,0.0,0.0,6.0,13.0,22.0,1.0,4.0,50.0,17.0,30.0,153.0,2.0,16.0,13.0,0.0,31.0,15.0,9.0,5.0,6.0,0.0,4.0,12.0,15.0,3.0,24.0,18.0,2.0,4.0,18.0,48.0,121.0,10.0,7.0
324621101,cian.ru,Арбат,91.0,48.0,1694.0,0.0,171.94117647058823,1460,29893,3221,19622,820400.0,421.0,180.0,6759.0,0.0,396.56410256410254,1460,29893,3221,19622,14.0,4.0,6.0,34.0,0.0,9.0,2.0,0.0,4.0,1.0,1.0,1.0,2.0,0.0,2.0,3.0,6.0,1.0,4.0,3.0,0.0,0.0,6.0,13.0,22.0,1.0,4.0,50.0,17.0,30.0,153.0,2.0,16.0,13.0,0.0,31.0,15.0,9.0,5.0,6.0,0.0,4.0,12.0,15.0,3.0,24.0,18.0,2.0,4.0,18.0,48.0,121.0,10.0,7.0
321482807,cian.ru,Даниловский,83.0,1.0,363.0,0.0,195.2,672,8711,137,5032,399100.0,268.0,28.0,3834.0,0.0,370.84375,672,8711,137,5032,3.0,2.0,4.0,8.0,0.0,4.0,1.0,0.0,5.0,0.0,2.0,0.0,2.0,0.0,0.0,4.0,0.0,1.0,2.0,0.0,0.0,12.0,2.0,3.0,9.0,1.0,0.0,13.0,6.0,17.0,49.0,0.0,9.0,7.0,0.0,73.0,7.0,4.0,0.0,5.0,0.0,2.0,8.0,21.0,4.0,10.0,12.0,0.0,14.0,14.0,27.0,60.0,2.0,3.0
323229234,cian.ru,Замоскворечье,71.0,19.0,2734.0,0.0,177.7,2008,11429,1103,5961,543700.0,331.0,91.0,8644.0,0.0,401.52777777777777,2008,11429,1103,5961,24.0,3.0,6.0,21.0,0.0,2.0,4.0,0.0,9.0,5.0,1.0,3.0,0.0,0.0,0.0,1.0,2.0,1.0,4.0,1.0,0.0,0.0,4.0,3.0,10.0,5.0,0.0,67.0,18.0,26.0,64.0,0.0,10.0,10.0,0.0,29.0,12.0,3.0,9.0,12.0,0.0,0.0,10.0,18.0,3.0,13.0,5.0,0.0,4.0,14.0,25.0,43.0,9.0,1.0
324088850,cian.ru,Лефортово,53.0,17.0,3182.0,116.0,175.77777777777777,4170,19605,2052,13004,279300.0,194.0,63.0,8678.0,116.0,324.1111111111111,4170,19605,2052,13004,8.0,3.0,11.0,11.0,0.0,3.0,4.0,0.0,1.0,4.0,4.0,0.0,15.0,1.0,0.0,3.0,10.0,2.0,4.0,1.0,0.0,0.0,9.0,12.0,18.0,2.0,2.0,14.0,7.0,21.0,36.0,0.0,5.0,11.0,0.0,29.0,12.0,7.0,3.0,31.0,3.0,0.0,3.0,32.0,5.0,12.0,7.0,0.0,0.0,16.0,27.0,38.0,5.0,2.0
115805288478022304,realty.yandex.ru,Тверской,165.0,67.0,1844.0,5.0,199.8333333333333,2536,12741,803,3461,609300.0,506.0,206.0,6249.0,5.0,367.15294117647056,2536,12741,803,3461,27.0,10.0,11.0,34.0,0.0,6.0,5.0,0.0,2.0,5.0,3.0,1.0,1.0,0.0,0.0,2.0,2.0,2.0,6.0,6.0,0.0,1.0,3.0,19.0,39.0,4.0,0.0,68.0,21.0,32.0,126.0,0.0,12.0,16.0,0.0,28.0,13.0,10.0,6.0,6.0,0.0,1.0,16.0,12.0,6.0,20.0,10.0,0.0,5.0,23.0,61.0,175.0,8.0,3.0
319732732,cian.ru,Даниловский,83.0,1.0,363.0,0.0,195.2,672,8711,137,5032,399100.0,268.0,28.0,3834.0,0.0,370.84375,672,8711,137,5032,3.0,2.0,4.0,8.0,0.0,4.0,1.0,0.0,5.0,0.0,2.0,0.0,2.0,0.0,0.0,4.0,0.0,1.0,2.0,0.0,0.0,12.0,2.0,3.0,9.0,1.0,0.0,13.0,6.0,17.0,49.0,0.0,9.0,7.0,0.0,73.0,7.0,4.0,0.0,5.0,0.0,2.0,8.0,21.0,4.0,10.0,12.0,0.0,14.0,14.0,27.0,60.0,2.0,3.0
325280623,cian.ru,Басманный,198.0,45.0,980.0,0.0,187.3469387755102,618,25377,409,13593,461200.0,598.0,139.0,3219.0,0.0,347.576,618,25377,409,13593,28.0,8.0,6.0,46.0,0.0,10.0,4.0,0.0,6.0,0.0,2.0,2.0,11.0,0.0,0.0,3.0,5.0,0.0,6.0,3.0,0.0,2.0,7.0,18.0,66.0,1.0,3.0,81.0,23.0,33.0,216.0,0.0,19.0,12.0,0.0,28.0,11.0,2.0,2.0,21.0,1.0,1.0,12.0,17.0,0.0,20.0,15.0,0.0,12.0,22.0,76.0,223.0,2.0,4.0
3967137546321402880,realty.yandex.ru,Лефортово,52.0,17.0,3182.0,108.0,170.33333333333334,4170,27240,2052,13004,279300.0,194.0,64.0,8678.0,108.0,322.27777777777777,4170,27240,2052,13004,8.0,3.0,11.0,9.0,0.0,3.0,4.0,0.0,1.0,4.0,4.0,0.0,15.0,1.0,0.0,3.0,9.0,2.0,4.0,1.0,0.0,0.0,9.0,12.0,18.0,2.0,2.0,14.0,7.0,21.0,36.0,0.0,5.0,11.0,0.0,29.0,12.0,7.0,3.0,31.0,3.0,0.0,3.0,32.0,5.0,12.0,7.0,0.0,0.0,16.0,27.0,38.0,5.0,2.0
323065026,cian.ru,Дорогомилово,53.0,23.0,2640.0,123.0,225.57142857142856,1810,4591,2737,9749,530200.0,162.0,54.0,7051.0,123.0,403.375,1810,4591,2737,9749,6.0,10.0,14.0,21.0,0.0,1.0,4.0,0.0,13.0,2.0,2.0,2.0,0.0,0.0,0.0,1.0,9.0,2.0,7.0,7.0,0.0,0.0,3.0,11.0,27.0,2.0,0.0,13.0,16.0,28.0,60.0,0.0,3.0,11.0,0.0,25.0,7.0,4.0,4.0,0.0,0.0,2.0,7.0,14.0,2.0,17.0,14.0,1.0,1.0,16.0,34.0,74.0,7.0,1.0
5601823815212516352,realty.yandex.ru,Пресненский,87.0,16.0,1627.0,7.0,180.4,2218,21174,2994,20229,621300.0,240.0,87.0,6569.0,7.0,348.52,2218,21174,2994,20229,7.0,2.0,6.0,7.0,0.0,1.0,2.0,0.0,10.0,3.0,0.0,2.0,1.0,0.0,3.0,1.0,12.0,0.0,7.0,0.0,0.0,2.0,2.0,6.0,9.0,0.0,0.0,25.0,8.0,21.0,46.0,0.0,6.0,12.0,0.0,25.0,13.0,2.0,7.0,1.0,0.0,3.0,3.0,22.0,4.0,18.0,7.0,0.0,5.0,15.0,27.0,41.0,8.0,1.0
6145182094726969344,realty.yandex.ru,Замоскворечье,183.0,33.0,1171.0,0.0,195.62,1078,17808,616,10090,543700.0,571.0,114.0,5105.0,0.0,359.1119402985075,1078,17808,616,10090,15.0,5.0,2.0,27.0,0.0,4.0,3.0,0.0,2.0,3.0,0.0,1.0,2.0,0.0,0.0,5.0,2.0,0.0,1.0,0.0,0.0,1.0,4.0,13.0,38.0,1.0,0.0,39.0,17.0,24.0,108.0,0.0,12.0,14.0,0.0,21.0,11.0,5.0,9.0,25.0,1.0,1.0,15.0,29.0,3.0,14.0,5.0,0.0,12.0,23.0,47.0,107.0,5.0,4.0
323813581,cian.ru,Тверской,112.0,34.0,1872.0,0.0,198.3636363636364,1078,21597,1557,20620,609300.0,341.0,96.0,6276.0,0.0,388.344262295082,1078,21597,1557,20620,10.0,6.0,9.0,27.0,0.0,3.0,3.0,0.0,33.0,3.0,1.0,1.0,1.0,0.0,0.0,7.0,5.0,1.0,6.0,1.0,2.0,0.0,14.0,15.0,72.0,1.0,1.0,33.0,12.0,30.0,97.0,0.0,5.0,13.0,0.0,46.0,12.0,2.0,4.0,29.0,3.0,0.0,18.0,24.0,3.0,14.0,11.0,2.0,2.0,29.0,48.0,134.0,6.0,5.0
320902911,cian.ru,Пресненский,92.0,18.0,869.0,50.0,184.96153846153845,568,12435,363,7182,621300.0,459.0,199.0,7472.0,50.0,368.2,568,12435,363,7182,10.0,5.0,5.0,24.0,0.0,2.0,3.0,0.0,5.0,0.0,2.0,1.0,1.0,0.0,0.0,6.0,1.0,0.0,1.0,2.0,0.0,0.0,11.0,10.0,15.0,1.0,3.0,81.0,23.0,30.0,134.0,0.0,11.0,15.0,0.0,27.0,13.0,9.0,6.0,3.0,0.0,2.0,16.0,20.0,6.0,19.0,10.0,0.0,2.0,26.0,56.0,126.0,9.0,7.0
7580495783,avito.ru,Басманный,149.0,21.0,543.0,26.0,175.1851851851852,2328,39781,738,11746,461200.0,508.0,77.0,1849.0,26.0,379.31111111111113,2328,39781,738,11746,11.0,4.0,11.0,22.0,0.0,3.0,3.0,0.0,7.0,5.0,0.0,1.0,2.0,1.0,0.0,4.0,3.0,0.0,3.0,1.0,0.0,15.0,9.0,22.0,53.0,3.0,2.0,26.0,15.0,26.0,127.0,1.0,7.0,7.0,0.0,23.0,9.0,2.0,2.0,8.0,1.0,0.0,7.0,9.0,0.0,11.0,11.0,0.0,30.0,20.0,49.0,152.0,3.0,4.0
319706414,cian.ru,Пресненский,92.0,18.0,869.0,50.0,184.96153846153845,568,12435,363,7182,621300.0,459.0,199.0,7472.0,50.0,368.2,568,12435,363,7182,10.0,5.0,5.0,24.0,0.0,2.0,3.0,0.0,5.0,0.0,2.0,1.0,1.0,0.0,0.0,6.0,1.0,0.0,1.0,2.0,0.0,0.0,11.0,10.0,15.0,1.0,3.0,81.0,23.0,30.0,134.0,0.0,11.0,15.0,0.0,27.0,13.0,9.0,6.0,3.0,0.0,2.0,16.0,20.0,6.0,19.0,10.0,0.0,2.0,26.0,56.0,126.0,9.0,7.0
323298511,cian.ru,Пресненский,92.0,18.0,869.0,50.0,184.96153846153845,568,12435,363,7182,621300.0,459.0,199.0,7472.0,50.0,368.2,568,12435,363,7182,10.0,5.0,5.0,24.0,0.0,2.0,3.0,0.0,5.0,0.0,2.0,1.0,1.0,0.0,0.0,6.0,1.0,0.0,1.0,2.0,0.0,0.0,11.0,10.0,15.0,1.0,3.0,81.0,23.0,30.0,134.0,0.0,11.0,15.0,0.0,27.0,13.0,9.0,6.0,3.0,0.0,2.0,16.0,20.0,6.0,19.0,10.0,0.0,2.0,26.0,56.0,126.0,9.0,7.0
324698343,cian.ru,Тверской,165.0,48.0,771.0,0.0,185.6206896551724,1044,14023,674,6801,609300.0,572.0,162.0,3082.0,0.0,395.04545454545456,1044,14023,674,6801,9.0,5.0,0.0,21.0,0.0,2.0,0.0,0.0,5.0,1.0,0.0,2.0,0.0,0.0,0.0,1.0,0.0,1.0,1.0,2.0,0.0,9.0,2.0,1.0,24.0,1.0,1.0,44.0,23.0,21.0,122.0,1.0,18.0,13.0,0.0,22.0,5.0,7.0,6.0,8.0,0.0,1.0,18.0,9.0,5.0,16.0,13.0,0.0,13.0,21.0,49.0,172.0,10.0,3.0
5601823815212545024,realty.yandex.ru,Таганский,97.0,26.0,1765.0,4.0,190.8421052631579,910,8227,3147,10770,433700.0,423.0,84.0,6586.0,4.0,414.51063829787233,910,8227,3147,10770,9.0,11.0,13.0,38.0,0.0,2.0,3.0,0.0,12.0,4.0,2.0,2.0,1.0,0.0,2.0,3.0,10.0,1.0,6.0,3.0,1.0,1.0,6.0,10.0,22.0,2.0,1.0,50.0,23.0,34.0,137.0,4.0,8.0,9.0,0.0,39.0,10.0,18.0,4.0,7.0,1.0,5.0,11.0,33.0,6.0,17.0,14.0,2.0,5.0,23.0,29.0,72.0,12.0,8.0
306948989166310016,realty.yandex.ru,Тверской,155.0,41.0,639.0,95.0,200.66666666666663,924,14023,382,4858,609300.0,576.0,157.0,3458.0,95.0,414.4297520661157,924,14023,382,4858,11.0,3.0,3.0,35.0,0.0,7.0,4.0,0.0,9.0,2.0,2.0,2.0,0.0,0.0,0.0,5.0,1.0,2.0,3.0,5.0,0.0,8.0,5.0,13.0,40.0,4.0,1.0,41.0,18.0,22.0,117.0,2.0,19.0,10.0,0.0,26.0,6.0,5.0,2.0,6.0,1.0,0.0,19.0,9.0,5.0,13.0,12.0,0.0,15.0,21.0,42.0,179.0,10.0,2.0
322137637,cian.ru,Басманный,126.0,56.0,1807.0,5.0,183.12,1596,11830,1552,16308,461200.0,535.0,188.0,6165.0,5.0,395.5176470588235,1596,11830,1552,16308,13.0,4.0,5.0,51.0,0.0,2.0,7.0,0.0,8.0,1.0,1.0,1.0,1.0,0.0,0.0,3.0,9.0,1.0,9.0,4.0,0.0,0.0,8.0,17.0,37.0,4.0,0.0,45.0,24.0,20.0,137.0,0.0,6.0,15.0,0.0,22.0,13.0,7.0,9.0,21.0,2.0,1.0,10.0,16.0,2.0,19.0,8.0,0.0,4.0,26.0,47.0,108.0,10.0,1.0
323293980,cian.ru,Тверской,92.0,26.0,1647.0,26.0,193.5,1060,10169,1898,8168,609300.0,339.0,113.0,7466.0,26.0,408.1029411764706,1060,10169,1898,8168,11.0,8.0,5.0,30.0,0.0,7.0,2.0,0.0,5.0,1.0,2.0,1.0,1.0,0.0,0.0,6.0,2.0,1.0,3.0,3.0,0.0,4.0,11.0,10.0,9.0,0.0,0.0,47.0,26.0,26.0,121.0,2.0,21.0,13.0,0.0,31.0,10.0,5.0,12.0,12.0,0.0,2.0,19.0,21.0,5.0,18.0,18.0,1.0,4.0,29.0,58.0,92.0,19.0,5.0
3941757984976539136,realty.yandex.ru,Басманный,118.0,24.0,707.0,23.0,172.21875,552,9791,469,7078,461200.0,423.0,103.0,5851.0,23.0,340.1,552,9791,469,7078,15.0,4.0,3.0,31.0,1.0,8.0,2.0,0.0,9.0,2.0,1.0,3.0,3.0,0.0,0.0,7.0,6.0,0.0,6.0,2.0,0.0,1.0,11.0,15.0,35.0,0.0,0.0,39.0,20.0,29.0,111.0,3.0,18.0,14.0,0.0,38.0,17.0,6.0,5.0,10.0,0.0,0.0,14.0,21.0,5.0,25.0,9.0,0.0,5.0,29.0,57.0,90.0,8.0,2.0
320568097,cian.ru,Беговой,14.0,3.0,861.0,0.0,159.2,1462,13083,754,11821,414000.0,64.0,10.0,1738.0,0.0,252.1428571428572,1462,13083,754,11821,3.0,4.0,0.0,11.0,0.0,2.0,3.0,0.0,0.0,2.0,0.0,0.0,0.0,0.0,0.0,2.0,0.0,0.0,0.0,0.0,0.0,0.0,3.0,2.0,3.0,0.0,0.0,3.0,4.0,3.0,19.0,0.0,6.0,5.0,0.0,4.0,5.0,1.0,0.0,0.0,0.0,2.0,2.0,5.0,0.0,2.0,3.0,0.0,0.0,3.0,9.0,15.0,0.0,0.0
5203054433263441920,realty.yandex.ru,Тверской,92.0,26.0,1647.0,26.0,193.41666666666663,1060,10169,1898,8168,609300.0,339.0,113.0,7466.0,26.0,408.0735294117647,1060,10169,1898,8168,11.0,8.0,5.0,30.0,0.0,7.0,2.0,0.0,5.0,1.0,2.0,1.0,1.0,0.0,0.0,6.0,2.0,1.0,3.0,3.0,0.0,4.0,11.0,10.0,9.0,0.0,0.0,47.0,26.0,26.0,121.0,2.0,21.0,13.0,0.0,31.0,10.0,5.0,12.0,12.0,0.0,2.0,19.0,21.0,5.0,18.0,18.0,1.0,4.0,29.0,58.0,92.0,19.0,5.0
323679532,cian.ru,Зябликово,25.0,6.0,1729.0,153.0,215.3333333333333,1494,242,1978,723,281700.0,108.0,34.0,9997.0,153.0,310.3333333333333,1494,242,1978,723,2.0,1.0,8.0,6.0,0.0,0.0,2.0,0.0,3.0,4.0,0.0,0.0,0.0,0.0,0.0,0.0,8.0,0.0,5.0,0.0,0.0,1.0,2.0,5.0,4.0,0.0,1.0,7.0,3.0,10.0,14.0,2.0,1.0,5.0,0.0,21.0,7.0,6.0,7.0,0.0,0.0,0.0,0.0,19.0,0.0,7.0,0.0,0.0,1.0,3.0,9.0,13.0,2.0,2.0
3965285094502360064,realty.yandex.ru,Тверской,168.0,47.0,760.0,45.0,179.22857142857143,944,25975,312,11038,609300.0,521.0,125.0,3220.0,45.0,385.1666666666667,944,25975,312,11038,10.0,3.0,5.0,37.0,0.0,3.0,2.0,0.0,0.0,0.0,3.0,0.0,1.0,1.0,1.0,5.0,0.0,0.0,5.0,7.0,0.0,3.0,7.0,10.0,53.0,7.0,0.0,38.0,12.0,32.0,126.0,3.0,15.0,15.0,0.0,19.0,8.0,5.0,2.0,11.0,1.0,4.0,18.0,15.0,3.0,19.0,23.0,0.0,13.0,26.0,50.0,218.0,8.0,4.0
320851451,cian.ru,Тверской,154.0,44.0,500.0,0.0,180.5405405405405,442,15173,363,9573,609300.0,518.0,118.0,2569.0,0.0,354.46315789473687,442,15173,363,9573,9.0,4.0,8.0,31.0,0.0,3.0,2.0,0.0,1.0,0.0,2.0,0.0,1.0,1.0,2.0,5.0,0.0,0.0,5.0,10.0,0.0,1.0,5.0,8.0,54.0,5.0,1.0,39.0,10.0,28.0,114.0,3.0,16.0,12.0,0.0,20.0,6.0,5.0,2.0,11.0,1.0,5.0,16.0,9.0,2.0,21.0,24.0,3.0,18.0,27.0,61.0,198.0,8.0,5.0
8139937861995715584,realty.yandex.ru,Солнцево,18.0,9.0,4.0,34.0,34.0,1134,633,220,975,284300.0,121.0,73.0,953.0,34.0,335.4,1134,633,220,975,0.0,0.0,1.0,2.0,0.0,1.0,1.0,0.0,4.0,1.0,0.0,0.0,0.0,0.0,0.0,1.0,4.0,0.0,1.0,1.0,0.0,0.0,7.0,3.0,6.0,0.0,0.0,2.0,0.0,7.0,4.0,0.0,2.0,2.0,0.0,26.0,2.0,0.0,2.0,1.0,0.0,6.0,6.0,14.0,3.0,2.0,5.0,0.0,0.0,20.0,19.0,23.0,0.0,0.0
323955575,cian.ru,Зюзино,27.0,10.0,924.0,0.0,111.75,1176,40175,5384,28894,326200.0,101.0,46.0,5309.0,0.0,214.5,1176,40175,5384,28894,1.0,3.0,4.0,1.0,0.0,0.0,1.0,0.0,5.0,0.0,0.0,0.0,1.0,0.0,1.0,3.0,3.0,0.0,1.0,1.0,0.0,1.0,2.0,0.0,2.0,0.0,1.0,7.0,6.0,8.0,9.0,0.0,0.0,6.0,0.0,15.0,4.0,5.0,4.0,5.0,0.0,1.0,3.0,16.0,1.0,5.0,1.0,0.0,1.0,6.0,1.0,6.0,2.0,1.0
320719880,cian.ru,Лефортово,18.0,14.0,831.0,281.0,287.0,762,1118,1210,875,279300.0,157.0,42.0,4807.0,281.0,421.6538461538461,762,1118,1210,875,2.0,3.0,4.0,4.0,0.0,0.0,1.0,0.0,2.0,3.0,0.0,0.0,0.0,0.0,0.0,1.0,2.0,0.0,0.0,0.0,0.0,1.0,1.0,1.0,2.0,0.0,0.0,10.0,7.0,11.0,11.0,0.0,0.0,2.0,0.0,15.0,8.0,1.0,0.0,0.0,0.0,0.0,3.0,15.0,1.0,3.0,2.0,0.0,2.0,10.0,14.0,22.0,4.0,1.0
323231702,cian.ru,Марьина Роща,51.0,2.0,1372.0,27.0,214.84615384615384,4050,24198,4243,28110,402200.0,159.0,27.0,3981.0,27.0,341.1481481481481,4050,24198,4243,28110,1.0,2.0,3.0,2.0,0.0,1.0,0.0,0.0,6.0,0.0,0.0,0.0,2.0,0.0,3.0,3.0,4.0,3.0,2.0,1.0,0.0,1.0,5.0,7.0,23.0,0.0,0.0,8.0,6.0,16.0,18.0,1.0,2.0,6.0,1.0,34.0,3.0,2.0,1.0,3.0,0.0,6.0,10.0,16.0,10.0,8.0,2.0,0.0,2.0,12.0,33.0,72.0,2.0,1.0
322404275,cian.ru,Пресненский,88.0,18.0,1827.0,0.0,167.0,2218,21174,2994,20229,621300.0,241.0,87.0,6569.0,0.0,358.2307692307692,2218,21174,2994,20229,8.0,2.0,6.0,8.0,0.0,1.0,2.0,0.0,10.0,2.0,0.0,2.0,1.0,0.0,3.0,1.0,12.0,1.0,7.0,0.0,0.0,2.0,2.0,6.0,9.0,0.0,0.0,25.0,8.0,21.0,44.0,0.0,6.0,12.0,0.0,25.0,13.0,2.0,7.0,1.0,0.0,3.0,3.0,22.0,4.0,18.0,7.0,0.0,5.0,15.0,27.0,41.0,8.0,1.0
3965285094499588096,realty.yandex.ru,Басманный,186.0,54.0,1155.0,4.0,205.55,308,7126,412,4679,461200.0,648.0,142.0,3172.0,4.0,360.7903225806452,308,7126,412,4679,35.0,12.0,10.0,78.0,0.0,9.0,4.0,0.0,7.0,0.0,1.0,2.0,10.0,0.0,0.0,2.0,5.0,0.0,4.0,5.0,0.0,2.0,9.0,13.0,72.0,0.0,1.0,70.0,26.0,25.0,190.0,0.0,18.0,13.0,0.0,20.0,11.0,3.0,2.0,19.0,1.0,0.0,8.0,15.0,0.0,16.0,11.0,0.0,18.0,25.0,56.0,206.0,4.0,5.0
320411959,cian.ru,Беговой,56.0,11.0,2063.0,26.0,221.7826086956522,3008,36202,1528,16793,414000.0,244.0,63.0,6917.0,26.0,366.6111111111111,3008,36202,1528,16793,3.0,4.0,6.0,4.0,1.0,1.0,1.0,0.0,9.0,2.0,1.0,1.0,1.0,0.0,0.0,2.0,3.0,1.0,4.0,1.0,0.0,0.0,9.0,13.0,16.0,1.0,2.0,20.0,14.0,16.0,37.0,2.0,4.0,9.0,0.0,38.0,13.0,4.0,5.0,4.0,0.0,1.0,9.0,13.0,3.0,18.0,3.0,0.0,4.0,18.0,43.0,51.0,3.0,3.0
8660284132701845504,realty.yandex.ru,Тверской,168.0,47.0,760.0,45.0,179.22857142857143,944,25975,312,11038,609300.0,521.0,125.0,3220.0,45.0,385.1666666666667,944,25975,312,11038,10.0,3.0,5.0,37.0,0.0,3.0,2.0,0.0,0.0,0.0,3.0,0.0,1.0,1.0,1.0,5.0,0.0,0.0,5.0,7.0,0.0,3.0,7.0,10.0,53.0,7.0,0.0,38.0,12.0,32.0,126.0,3.0,15.0,15.0,0.0,19.0,8.0,5.0,2.0,11.0,1.0,4.0,18.0,15.0,3.0,19.0,23.0,0.0,13.0,26.0,50.0,218.0,8.0,4.0
323928322,cian.ru,Пресненский,99.0,37.0,2232.0,0.0,170.0952380952381,1378,13386,2674,6065,621300.0,368.0,124.0,7218.0,0.0,320.64,1378,13386,2674,6065,12.0,7.0,20.0,25.0,0.0,7.0,5.0,0.0,19.0,6.0,3.0,0.0,0.0,0.0,0.0,7.0,12.0,2.0,4.0,5.0,0.0,0.0,10.0,19.0,22.0,1.0,2.0,35.0,14.0,31.0,65.0,1.0,15.0,11.0,0.0,24.0,9.0,7.0,8.0,3.0,1.0,0.0,8.0,23.0,4.0,12.0,11.0,1.0,7.0,21.0,38.0,57.0,6.0,5.0
3965285094498938880,realty.yandex.ru,Пресненский,112.0,43.0,1723.0,79.0,168.44444444444446,1200,11879,602,7501,621300.0,281.0,95.0,5712.0,79.0,386.1388888888889,1200,11879,602,7501,4.0,3.0,3.0,14.0,0.0,1.0,0.0,0.0,2.0,0.0,3.0,1.0,0.0,0.0,0.0,1.0,1.0,0.0,3.0,4.0,0.0,3.0,3.0,6.0,0.0,0.0,1.0,27.0,13.0,24.0,52.0,0.0,9.0,9.0,0.0,27.0,7.0,8.0,4.0,3.0,0.0,0.0,9.0,18.0,4.0,11.0,11.0,1.0,3.0,14.0,36.0,49.0,2.0,4.0
3941757984976566784,realty.yandex.ru,Тверской,168.0,47.0,760.0,45.0,179.22857142857143,944,25975,312,11038,609300.0,521.0,125.0,3220.0,45.0,385.1666666666667,944,25975,312,11038,10.0,3.0,5.0,37.0,0.0,3.0,2.0,0.0,0.0,0.0,3.0,0.0,1.0,1.0,1.0,5.0,0.0,0.0,5.0,7.0,0.0,3.0,7.0,10.0,53.0,7.0,0.0,38.0,12.0,32.0,126.0,3.0,15.0,15.0,0.0,19.0,8.0,5.0,2.0,11.0,1.0,4.0,18.0,15.0,3.0,19.0,23.0,0.0,13.0,26.0,50.0,218.0,8.0,4.0
7517866235120514048,realty.yandex.ru,Тверской,168.0,47.0,760.0,45.0,179.22857142857143,944,25975,312,11038,609300.0,521.0,125.0,3220.0,45.0,385.1666666666667,944,25975,312,11038,10.0,3.0,5.0,37.0,0.0,3.0,2.0,0.0,0.0,0.0,3.0,0.0,1.0,1.0,1.0,5.0,0.0,0.0,5.0,7.0,0.0,3.0,7.0,10.0,53.0,7.0,0.0,38.0,12.0,32.0,126.0,3.0,15.0,15.0,0.0,19.0,8.0,5.0,2.0,11.0,1.0,4.0,18.0,15.0,3.0,19.0,23.0,0.0,13.0,26.0,50.0,218.0,8.0,4.0
324666451,cian.ru,Зюзино,27.0,10.0,924.0,0.0,111.75,1176,40175,5384,28894,326200.0,101.0,46.0,5309.0,0.0,214.5,1176,40175,5384,28894,1.0,3.0,4.0,1.0,0.0,0.0,1.0,0.0,5.0,0.0,0.0,0.0,1.0,0.0,1.0,3.0,3.0,0.0,1.0,1.0,0.0,1.0,2.0,0.0,2.0,0.0,1.0,7.0,6.0,8.0,9.0,0.0,0.0,6.0,0.0,15.0,4.0,5.0,4.0,5.0,0.0,1.0,3.0,16.0,1.0,5.0,1.0,0.0,1.0,6.0,1.0,6.0,2.0,1.0
3940063261425428992,realty.yandex.ru,Пресненский,80.0,32.0,2141.0,0.0,145.125,1494,18009,677,7501,621300.0,238.0,82.0,5251.0,0.0,407.71875,1494,18009,677,7501,1.0,2.0,1.0,8.0,0.0,1.0,1.0,0.0,1.0,0.0,2.0,1.0,0.0,0.0,0.0,1.0,1.0,0.0,2.0,4.0,0.0,1.0,2.0,7.0,1.0,0.0,1.0,28.0,8.0,19.0,45.0,0.0,6.0,8.0,0.0,21.0,6.0,7.0,4.0,1.0,0.0,1.0,7.0,12.0,3.0,10.0,11.0,1.0,5.0,9.0,35.0,39.0,2.0,5.0
320701445,cian.ru,Беговой,41.0,14.0,2240.0,78.0,217.72727272727272,3008,36202,1028,19633,414000.0,238.0,64.0,7256.0,78.0,387.56,3008,36202,1028,19633,2.0,2.0,4.0,4.0,0.0,1.0,1.0,0.0,9.0,2.0,1.0,2.0,0.0,0.0,0.0,1.0,4.0,1.0,6.0,1.0,0.0,0.0,6.0,11.0,12.0,1.0,2.0,18.0,16.0,21.0,38.0,2.0,4.0,8.0,0.0,68.0,13.0,2.0,4.0,5.0,0.0,3.0,5.0,21.0,4.0,20.0,3.0,0.0,4.0,20.0,44.0,63.0,4.0,3.0
322180772,cian.ru,Дорогомилово,72.0,16.0,1610.0,9.0,193.92307692307693,918,14686,1567,11062,530200.0,198.0,67.0,6141.0,9.0,285.3809523809524,918,14686,1567,11062,1.0,5.0,5.0,15.0,0.0,0.0,2.0,0.0,51.0,3.0,0.0,0.0,0.0,0.0,0.0,2.0,1.0,0.0,7.0,4.0,0.0,0.0,7.0,9.0,15.0,2.0,0.0,9.0,18.0,15.0,48.0,0.0,4.0,9.0,0.0,61.0,8.0,4.0,4.0,2.0,0.0,1.0,5.0,9.0,5.0,14.0,9.0,0.0,0.0,9.0,18.0,28.0,5.0,2.0
321146485,cian.ru,Беговой,56.0,11.0,2063.0,26.0,221.7826086956522,3008,36202,1528,16793,414000.0,244.0,63.0,6917.0,26.0,366.6111111111111,3008,36202,1528,16793,3.0,4.0,6.0,4.0,1.0,1.0,1.0,0.0,9.0,2.0,1.0,1.0,1.0,0.0,0.0,2.0,3.0,1.0,4.0,1.0,0.0,0.0,9.0,13.0,16.0,1.0,2.0,20.0,14.0,16.0,37.0,2.0,4.0,9.0,0.0,38.0,13.0,4.0,5.0,4.0,0.0,1.0,9.0,13.0,3.0,18.0,3.0,0.0,4.0,18.0,43.0,51.0,3.0,3.0
324612324,cian.ru,Крылатское,33.0,8.0,2301.0,0.0,151.5,764,8614,1735,7026,404400.0,93.0,27.0,8275.0,0.0,300.0,764,8614,1735,7026,6.0,2.0,4.0,10.0,0.0,0.0,2.0,0.0,18.0,4.0,0.0,1.0,0.0,0.0,1.0,2.0,6.0,0.0,2.0,3.0,0.0,0.0,4.0,5.0,2.0,0.0,0.0,15.0,4.0,14.0,26.0,0.0,0.0,6.0,0.0,31.0,8.0,7.0,6.0,0.0,0.0,2.0,2.0,18.0,2.0,5.0,6.0,0.0,0.0,9.0,9.0,11.0,3.0,2.0
324619194,cian.ru,Крылатское,33.0,8.0,2301.0,0.0,151.5,764,8614,1735,7026,404400.0,93.0,27.0,8275.0,0.0,300.0,764,8614,1735,7026,6.0,2.0,4.0,10.0,0.0,0.0,2.0,0.0,18.0,4.0,0.0,1.0,0.0,0.0,1.0,2.0,6.0,0.0,2.0,3.0,0.0,0.0,4.0,5.0,2.0,0.0,0.0,15.0,4.0,14.0,26.0,0.0,0.0,6.0,0.0,31.0,8.0,7.0,6.0,0.0,0.0,2.0,2.0,18.0,2.0,5.0,6.0,0.0,0.0,9.0,9.0,11.0,3.0,2.0
319970173,cian.ru,Хамовники,76.0,29.0,2504.0,0.0,133.46666666666667,1382,22311,4157,32709,846800.0,275.0,102.0,7675.0,0.0,303.53333333333336,1382,22311,4157,32709,57.0,2.0,7.0,10.0,2.0,1.0,4.0,0.0,29.0,4.0,1.0,1.0,1.0,1.0,0.0,5.0,6.0,1.0,5.0,6.0,0.0,1.0,8.0,14.0,35.0,2.0,0.0,153.0,7.0,18.0,34.0,2.0,11.0,10.0,0.0,42.0,5.0,6.0,10.0,18.0,1.0,0.0,8.0,11.0,4.0,12.0,11.0,0.0,6.0,18.0,29.0,57.0,5.0,1.0
5379286933115260928,realty.yandex.ru,Аэропорт,39.0,28.0,2774.0,76.0,196.8,1058,1128,891,1259,400700.0,188.0,107.0,10357.0,76.0,405.05263157894734,1058,1128,891,1259,6.0,2.0,3.0,10.0,0.0,1.0,4.0,0.0,0.0,4.0,1.0,0.0,0.0,0.0,0.0,3.0,4.0,0.0,4.0,1.0,0.0,1.0,2.0,8.0,6.0,0.0,0.0,14.0,10.0,8.0,25.0,1.0,3.0,13.0,0.0,15.0,12.0,6.0,2.0,3.0,1.0,0.0,3.0,23.0,3.0,8.0,6.0,1.0,1.0,9.0,16.0,35.0,5.0,2.0
8660284132706253824,realty.yandex.ru,Беговой,62.0,14.0,2495.0,34.0,223.2083333333333,3008,30044,5291,13624,414000.0,246.0,66.0,7331.0,34.0,359.62264150943395,3008,30044,5291,13624,3.0,4.0,5.0,5.0,1.0,1.0,2.0,0.0,9.0,2.0,1.0,1.0,1.0,0.0,0.0,2.0,3.0,1.0,4.0,1.0,0.0,0.0,8.0,13.0,14.0,1.0,2.0,20.0,14.0,15.0,37.0,2.0,4.0,9.0,0.0,34.0,12.0,4.0,5.0,4.0,0.0,1.0,9.0,11.0,3.0,17.0,3.0,0.0,4.0,18.0,42.0,43.0,3.0,4.0
321034664,cian.ru,Таганский,85.0,14.0,758.0,0.0,177.66666666666666,1442,17004,614,8206,433700.0,439.0,73.0,4295.0,0.0,439.5842696629214,1442,17004,614,8206,15.0,2.0,1.0,9.0,0.0,3.0,0.0,0.0,1.0,2.0,1.0,0.0,0.0,0.0,0.0,5.0,1.0,0.0,0.0,1.0,0.0,1.0,6.0,4.0,8.0,1.0,4.0,43.0,8.0,15.0,64.0,1.0,10.0,7.0,0.0,8.0,3.0,8.0,7.0,21.0,0.0,1.0,19.0,13.0,1.0,6.0,14.0,0.0,4.0,21.0,17.0,40.0,3.0,7.0
323465517,cian.ru,Таганский,85.0,14.0,758.0,0.0,177.66666666666666,1442,17004,614,8206,433700.0,439.0,73.0,4295.0,0.0,439.5842696629214,1442,17004,614,8206,15.0,2.0,1.0,9.0,0.0,3.0,0.0,0.0,1.0,2.0,1.0,0.0,0.0,0.0,0.0,5.0,1.0,0.0,0.0,1.0,0.0,1.0,6.0,4.0,8.0,1.0,4.0,43.0,8.0,15.0,64.0,1.0,10.0,7.0,0.0,8.0,3.0,8.0,7.0,21.0,0.0,1.0,19.0,13.0,1.0,6.0,14.0,0.0,4.0,21.0,17.0,40.0,3.0,7.0
321967365,cian.ru,Таганский,85.0,14.0,758.0,0.0,177.66666666666666,1442,17004,614,8206,433700.0,439.0,73.0,4295.0,0.0,439.5842696629214,1442,17004,614,8206,15.0,2.0,1.0,9.0,0.0,3.0,0.0,0.0,1.0,2.0,1.0,0.0,0.0,0.0,0.0,5.0,1.0,0.0,0.0,1.0,0.0,1.0,6.0,4.0,8.0,1.0,4.0,43.0,8.0,15.0,64.0,1.0,10.0,7.0,0.0,8.0,3.0,8.0,7.0,21.0,0.0,1.0,19.0,13.0,1.0,6.0,14.0,0.0,4.0,21.0,17.0,40.0,3.0,7.0
116602772660658400,realty.yandex.ru,Пресненский,130.0,46.0,1113.0,17.0,211.3571428571429,928,13929,717,5340,621300.0,615.0,234.0,5833.0,17.0,398.04477611940297,928,13929,717,5340,24.0,4.0,4.0,16.0,0.0,2.0,0.0,0.0,2.0,0.0,1.0,1.0,1.0,0.0,0.0,0.0,1.0,1.0,3.0,2.0,0.0,4.0,2.0,6.0,31.0,2.0,0.0,53.0,17.0,11.0,82.0,0.0,12.0,7.0,0.0,6.0,8.0,13.0,8.0,19.0,0.0,1.0,7.0,6.0,1.0,18.0,13.0,0.0,9.0,14.0,32.0,108.0,8.0,2.0
322121108,cian.ru,Хамовники,74.0,35.0,1969.0,115.0,197.42857142857144,780,3897,3167,9274,846800.0,230.0,99.0,6639.0,115.0,393.0,780,3897,3167,9274,7.0,1.0,2.0,18.0,0.0,0.0,5.0,0.0,2.0,3.0,3.0,2.0,1.0,0.0,1.0,0.0,9.0,2.0,4.0,6.0,0.0,1.0,5.0,8.0,1.0,5.0,0.0,13.0,4.0,12.0,56.0,0.0,6.0,9.0,0.0,11.0,10.0,6.0,9.0,1.0,0.0,1.0,0.0,17.0,3.0,6.0,13.0,0.0,1.0,9.0,10.0,19.0,8.0,1.0
323934637,cian.ru,Басманный,143.0,54.0,1772.0,0.0,209.73684210526315,840,8946,775,8432,461200.0,639.0,190.0,5720.0,0.0,398.6981132075472,840,8946,775,8432,16.0,4.0,1.0,21.0,0.0,1.0,2.0,0.0,5.0,4.0,3.0,3.0,6.0,0.0,0.0,3.0,5.0,1.0,1.0,2.0,0.0,2.0,4.0,4.0,26.0,1.0,0.0,50.0,20.0,13.0,113.0,1.0,11.0,11.0,0.0,15.0,16.0,7.0,8.0,20.0,0.0,0.0,8.0,18.0,3.0,10.0,6.0,0.0,14.0,20.0,29.0,117.0,4.0,1.0
321888206,cian.ru,Мещанский,171.0,72.0,1471.0,0.0,184.8,634,14013,800,15415,530600.0,572.0,243.0,6539.0,0.0,335.7787610619469,634,14013,800,15415,12.0,3.0,7.0,42.0,0.0,0.0,3.0,0.0,13.0,1.0,2.0,1.0,10.0,0.0,1.0,7.0,7.0,0.0,7.0,4.0,0.0,2.0,5.0,19.0,44.0,2.0,3.0,83.0,35.0,27.0,160.0,1.0,7.0,11.0,0.0,24.0,18.0,6.0,5.0,13.0,0.0,1.0,23.0,16.0,3.0,15.0,17.0,0.0,8.0,20.0,39.0,123.0,13.0,6.0
322589395,cian.ru,Пресненский,83.0,44.0,3255.0,0.0,176.13333333333333,2280,2777,1442,1867,621300.0,269.0,134.0,9825.0,0.0,355.84090909090907,2280,2777,1442,1867,4.0,2.0,3.0,16.0,1.0,2.0,1.0,0.0,2.0,1.0,3.0,0.0,0.0,0.0,0.0,1.0,1.0,0.0,3.0,1.0,0.0,0.0,7.0,4.0,2.0,1.0,0.0,18.0,11.0,16.0,61.0,1.0,8.0,8.0,0.0,21.0,11.0,5.0,6.0,1.0,1.0,1.0,3.0,17.0,6.0,11.0,10.0,1.0,6.0,19.0,17.0,65.0,5.0,0.0
322365319,cian.ru,Таганский,97.0,26.0,1765.0,4.0,190.8947368421053,910,8227,3147,10770,433700.0,421.0,84.0,6586.0,4.0,414.2765957446808,910,8227,3147,10770,9.0,11.0,13.0,38.0,0.0,2.0,3.0,0.0,12.0,4.0,2.0,2.0,1.0,0.0,2.0,3.0,10.0,1.0,6.0,3.0,1.0,1.0,6.0,10.0,22.0,2.0,1.0,50.0,23.0,34.0,137.0,4.0,8.0,9.0,0.0,39.0,10.0,18.0,4.0,7.0,1.0,5.0,11.0,33.0,6.0,17.0,14.0,2.0,5.0,23.0,29.0,74.0,12.0,8.0
116624066536476704,realty.yandex.ru,Даниловский,58.0,16.0,1442.0,116.0,193.2,538,5361,578,5445,399100.0,280.0,76.0,5176.0,116.0,388.38,538,5361,578,5445,3.0,2.0,3.0,6.0,0.0,4.0,2.0,0.0,3.0,4.0,0.0,1.0,0.0,0.0,0.0,7.0,8.0,2.0,1.0,5.0,0.0,0.0,5.0,4.0,3.0,0.0,0.0,25.0,12.0,11.0,31.0,1.0,8.0,9.0,0.0,18.0,11.0,1.0,3.0,3.0,0.0,1.0,11.0,17.0,5.0,10.0,10.0,0.0,0.0,20.0,15.0,22.0,3.0,0.0
115805207715187296,realty.yandex.ru,Пресненский,130.0,46.0,1113.0,17.0,211.3571428571429,928,13929,717,5340,621300.0,615.0,234.0,5833.0,17.0,398.04477611940297,928,13929,717,5340,24.0,4.0,4.0,16.0,0.0,2.0,0.0,0.0,2.0,0.0,1.0,1.0,1.0,0.0,0.0,0.0,1.0,1.0,3.0,2.0,0.0,4.0,2.0,6.0,31.0,2.0,0.0,53.0,17.0,11.0,82.0,0.0,12.0,7.0,0.0,6.0,8.0,13.0,8.0,19.0,0.0,1.0,7.0,6.0,1.0,18.0,13.0,0.0,9.0,14.0,32.0,108.0,8.0,2.0
306948989166317568,realty.yandex.ru,Дорогомилово,58.0,34.0,3271.0,236.0,236.0,1526,3430,1600,1709,530200.0,170.0,77.0,7366.0,236.0,434.9166666666667,1526,3430,1600,1709,1.0,3.0,1.0,22.0,0.0,1.0,3.0,0.0,5.0,4.0,3.0,1.0,1.0,0.0,0.0,0.0,4.0,4.0,6.0,3.0,0.0,0.0,1.0,3.0,6.0,3.0,0.0,7.0,13.0,18.0,52.0,0.0,3.0,11.0,0.0,69.0,11.0,6.0,6.0,2.0,4.0,0.0,3.0,14.0,5.0,11.0,9.0,0.0,0.0,11.0,22.0,40.0,9.0,2.0
3965285094498936832,realty.yandex.ru,Останкинский,58.0,9.0,2782.0,137.0,182.0,2200,2681,3026,6615,380300.0,223.0,65.0,7400.0,137.0,357.5652173913044,2200,2681,3026,6615,1.0,0.0,0.0,4.0,0.0,2.0,1.0,0.0,2.0,0.0,0.0,0.0,0.0,0.0,0.0,0.0,2.0,1.0,3.0,1.0,0.0,0.0,7.0,5.0,2.0,0.0,0.0,5.0,3.0,3.0,11.0,1.0,3.0,5.0,0.0,13.0,4.0,1.0,2.0,5.0,0.0,0.0,2.0,13.0,3.0,6.0,4.0,1.0,0.0,14.0,9.0,15.0,6.0,0.0
323509181,cian.ru,Останкинский,60.0,8.0,2722.0,123.0,172.5,2200,3246,3026,9871,380300.0,220.0,62.0,7043.0,123.0,355.6521739130435,2200,3246,3026,9871,1.0,0.0,0.0,4.0,0.0,1.0,1.0,0.0,2.0,0.0,0.0,0.0,0.0,0.0,0.0,0.0,2.0,1.0,3.0,1.0,0.0,0.0,5.0,4.0,2.0,0.0,0.0,4.0,3.0,3.0,9.0,1.0,3.0,5.0,0.0,13.0,4.0,1.0,2.0,5.0,0.0,0.0,1.0,13.0,3.0,6.0,4.0,1.0,0.0,14.0,9.0,15.0,6.0,0.0
5227646640186915840,realty.yandex.ru,Останкинский,58.0,9.0,2782.0,137.0,182.0,2200,2681,3026,6615,380300.0,223.0,65.0,7400.0,137.0,357.5652173913044,2200,2681,3026,6615,1.0,0.0,0.0,4.0,0.0,2.0,1.0,0.0,2.0,0.0,0.0,0.0,0.0,0.0,0.0,0.0,2.0,1.0,3.0,1.0,0.0,0.0,7.0,5.0,2.0,0.0,0.0,5.0,3.0,3.0,11.0,1.0,3.0,5.0,0.0,13.0,4.0,1.0,2.0,5.0,0.0,0.0,2.0,13.0,3.0,6.0,4.0,1.0,0.0,14.0,9.0,15.0,6.0,0.0
3986832478446754816,realty.yandex.ru,Хорошевский,56.0,9.0,1819.0,71.0,211.8,708,330,1602,1806,443000.0,160.0,43.0,4098.0,71.0,361.5833333333333,708,330,1602,1806,0.0,0.0,1.0,2.0,0.0,0.0,1.0,0.0,3.0,0.0,0.0,2.0,0.0,0.0,0.0,0.0,1.0,1.0,0.0,0.0,0.0,0.0,0.0,1.0,2.0,1.0,0.0,1.0,2.0,6.0,12.0,1.0,1.0,6.0,0.0,8.0,3.0,4.0,6.0,1.0,1.0,1.0,0.0,6.0,4.0,1.0,3.0,0.0,0.0,4.0,3.0,4.0,3.0,0.0
2361989376133544960,realty.yandex.ru,Хорошевский,56.0,9.0,1819.0,71.0,211.8,708,330,1602,1806,443000.0,160.0,43.0,4098.0,71.0,361.5833333333333,708,330,1602,1806,0.0,0.0,1.0,2.0,0.0,0.0,1.0,0.0,3.0,0.0,0.0,2.0,0.0,0.0,0.0,0.0,1.0,1.0,0.0,0.0,0.0,0.0,0.0,1.0,2.0,1.0,0.0,1.0,2.0,6.0,12.0,1.0,1.0,6.0,0.0,8.0,3.0,4.0,6.0,1.0,1.0,1.0,0.0,6.0,4.0,1.0,3.0,0.0,0.0,4.0,3.0,4.0,3.0,0.0
3505215390585875968,realty.yandex.ru,Марьина Роща,52.0,2.0,1372.0,22.0,215.15384615384616,4050,24198,4243,28110,402200.0,160.0,27.0,3981.0,22.0,349.5,4050,24198,4243,28110,1.0,2.0,3.0,2.0,0.0,1.0,0.0,0.0,6.0,0.0,0.0,0.0,2.0,0.0,3.0,3.0,4.0,3.0,2.0,1.0,0.0,1.0,5.0,7.0,23.0,0.0,0.0,8.0,7.0,16.0,18.0,1.0,2.0,6.0,1.0,33.0,3.0,2.0,1.0,3.0,0.0,6.0,10.0,16.0,10.0,8.0,2.0,0.0,2.0,12.0,32.0,74.0,2.0,1.0
322858579,cian.ru,Мещанский,26.0,1.0,127.0,13.0,173.66666666666666,22,24508,167,14803,530600.0,191.0,29.0,2721.0,13.0,419.0967741935484,22,24508,167,14803,4.0,2.0,5.0,3.0,0.0,2.0,0.0,0.0,2.0,0.0,0.0,0.0,2.0,0.0,0.0,2.0,0.0,2.0,2.0,4.0,0.0,0.0,8.0,4.0,9.0,0.0,0.0,22.0,8.0,13.0,27.0,1.0,6.0,4.0,0.0,7.0,2.0,5.0,1.0,2.0,0.0,0.0,7.0,8.0,4.0,8.0,7.0,0.0,11.0,18.0,12.0,34.0,0.0,1.0
3336356435599991808,realty.yandex.ru,Теплый Стан,22.0,11.0,1906.0,0.0,0.0,370,12038,1590,5384,312900.0,79.0,32.0,6965.0,0.0,269.3333333333333,370,12038,1590,5384,1.0,0.0,2.0,2.0,0.0,2.0,1.0,0.0,1.0,0.0,1.0,2.0,0.0,0.0,0.0,1.0,4.0,0.0,2.0,2.0,0.0,0.0,1.0,4.0,4.0,2.0,0.0,2.0,2.0,9.0,8.0,1.0,5.0,4.0,0.0,6.0,1.0,5.0,6.0,0.0,0.0,1.0,1.0,21.0,2.0,4.0,3.0,0.0,0.0,6.0,7.0,9.0,5.0,0.0
3336356458675086848,realty.yandex.ru,Теплый Стан,22.0,11.0,1906.0,0.0,0.0,370,12038,1590,5384,312900.0,79.0,32.0,6965.0,0.0,269.3333333333333,370,12038,1590,5384,1.0,0.0,2.0,2.0,0.0,2.0,1.0,0.0,1.0,0.0,1.0,2.0,0.0,0.0,0.0,1.0,4.0,0.0,2.0,2.0,0.0,0.0,1.0,4.0,4.0,2.0,0.0,2.0,2.0,9.0,8.0,1.0,5.0,4.0,0.0,6.0,1.0,5.0,6.0,0.0,0.0,1.0,1.0,21.0,2.0,4.0,3.0,0.0,0.0,6.0,7.0,9.0,5.0,0.0
316780737,cian.ru,Хорошевский,45.0,18.0,3664.0,242.0,268.5,2502,3470,5203,1905,443000.0,210.0,69.0,11464.0,242.0,406.75,2502,3470,5203,1905,1.0,1.0,1.0,0.0,0.0,0.0,1.0,0.0,4.0,0.0,0.0,0.0,3.0,0.0,0.0,1.0,1.0,0.0,0.0,1.0,0.0,0.0,3.0,2.0,0.0,1.0,0.0,26.0,8.0,16.0,21.0,0.0,1.0,11.0,0.0,16.0,4.0,1.0,2.0,6.0,0.0,1.0,1.0,25.0,7.0,7.0,5.0,0.0,2.0,10.0,15.0,8.0,8.0,0.0
322382365,cian.ru,Алексеевский,54.0,15.0,2647.0,0.0,223.75,1448,7880,1143,6368,397600.0,158.0,38.0,7344.0,0.0,342.32,1448,7880,1143,6368,8.0,1.0,3.0,16.0,0.0,2.0,3.0,0.0,4.0,3.0,2.0,1.0,7.0,2.0,0.0,2.0,5.0,3.0,3.0,3.0,0.0,0.0,6.0,3.0,5.0,2.0,1.0,15.0,3.0,8.0,36.0,0.0,3.0,9.0,0.0,20.0,6.0,4.0,1.0,8.0,4.0,0.0,2.0,19.0,6.0,4.0,4.0,0.0,0.0,7.0,7.0,14.0,5.0,1.0
322245928,cian.ru,Пресненский,82.0,38.0,2833.0,0.0,196.66666666666663,986,2836,3095,6427,621300.0,297.0,143.0,11066.0,0.0,424.84615384615387,986,2836,3095,6427,4.0,4.0,9.0,20.0,0.0,1.0,3.0,0.0,16.0,8.0,3.0,0.0,0.0,0.0,1.0,1.0,6.0,4.0,6.0,5.0,1.0,0.0,13.0,14.0,35.0,1.0,0.0,31.0,18.0,26.0,73.0,1.0,9.0,14.0,0.0,24.0,12.0,10.0,9.0,0.0,0.0,1.0,5.0,22.0,4.0,17.0,12.0,1.0,2.0,20.0,30.0,89.0,8.0,1.0
321391003,cian.ru,Тверской,171.0,55.0,931.0,56.0,204.28571428571428,462,12617,453,10370,609300.0,552.0,146.0,3242.0,56.0,400.29661016949154,462,12617,453,10370,10.0,3.0,3.0,35.0,0.0,6.0,2.0,0.0,0.0,0.0,4.0,0.0,1.0,1.0,0.0,5.0,0.0,1.0,2.0,4.0,0.0,1.0,3.0,8.0,42.0,8.0,0.0,40.0,16.0,29.0,124.0,3.0,15.0,13.0,0.0,19.0,9.0,5.0,2.0,11.0,1.0,3.0,15.0,10.0,3.0,18.0,21.0,0.0,17.0,23.0,48.0,214.0,8.0,5.0
3962878261589280768,realty.yandex.ru,Филевский Парк,34.0,13.0,1389.0,0.0,163.25,672,16926,2090,26271,402300.0,116.0,48.0,8894.0,0.0,386.04761904761904,672,16926,2090,26271,2.0,0.0,4.0,4.0,0.0,2.0,1.0,0.0,5.0,2.0,1.0,2.0,0.0,0.0,0.0,4.0,1.0,0.0,1.0,0.0,0.0,0.0,6.0,6.0,5.0,0.0,0.0,6.0,4.0,10.0,22.0,1.0,3.0,5.0,0.0,15.0,7.0,3.0,4.0,0.0,0.0,4.0,8.0,9.0,1.0,4.0,5.0,0.0,0.0,8.0,19.0,33.0,0.0,0.0
321212907,cian.ru,Хамовники,80.0,22.0,1262.0,72.0,229.4,1456,12615,1606,5813,846800.0,284.0,53.0,3742.0,72.0,363.7894736842105,1456,12615,1606,5813,26.0,2.0,4.0,9.0,0.0,5.0,0.0,0.0,3.0,2.0,3.0,1.0,0.0,0.0,0.0,1.0,4.0,1.0,1.0,2.0,0.0,2.0,3.0,3.0,7.0,0.0,0.0,96.0,3.0,10.0,24.0,0.0,6.0,3.0,0.0,14.0,6.0,5.0,2.0,12.0,0.0,0.0,4.0,10.0,5.0,2.0,7.0,0.0,2.0,10.0,13.0,20.0,6.0,0.0
321026241,cian.ru,Войковский,19.0,7.0,870.0,0.0,134.0,468,888,776,823,362300.0,90.0,33.0,3298.0,0.0,396.75,468,888,776,823,2.0,0.0,1.0,2.0,0.0,0.0,1.0,0.0,2.0,1.0,0.0,0.0,0.0,0.0,0.0,2.0,0.0,0.0,2.0,1.0,0.0,0.0,2.0,1.0,2.0,0.0,0.0,2.0,2.0,4.0,7.0,1.0,1.0,6.0,0.0,5.0,2.0,2.0,4.0,0.0,0.0,0.0,3.0,8.0,0.0,3.0,4.0,0.0,1.0,6.0,3.0,12.0,4.0,2.0
3986832478446907904,realty.yandex.ru,Раменки,30.0,13.0,1590.0,4.0,4.0,670,1998,1147,6398,483300.0,116.0,35.0,3991.0,4.0,349.0,670,1998,1147,6398,2.0,1.0,2.0,5.0,0.0,0.0,2.0,0.0,14.0,2.0,1.0,1.0,0.0,0.0,0.0,1.0,3.0,0.0,0.0,2.0,0.0,0.0,3.0,3.0,5.0,0.0,0.0,49.0,3.0,3.0,8.0,0.0,2.0,3.0,0.0,14.0,5.0,2.0,5.0,0.0,0.0,0.0,1.0,6.0,1.0,1.0,2.0,0.0,0.0,3.0,6.0,8.0,2.0,1.0
6819069279850814464,realty.yandex.ru,Хамовники,39.0,9.0,628.0,51.0,215.0,134,13909,743,8577,846800.0,217.0,31.0,2302.0,51.0,399.72222222222223,134,13909,743,8577,4.0,0.0,3.0,0.0,0.0,1.0,1.0,0.0,0.0,0.0,1.0,1.0,0.0,0.0,0.0,1.0,2.0,0.0,1.0,0.0,0.0,3.0,1.0,6.0,4.0,1.0,1.0,106.0,1.0,9.0,5.0,0.0,4.0,3.0,0.0,12.0,3.0,1.0,3.0,6.0,1.0,0.0,5.0,3.0,0.0,6.0,3.0,0.0,5.0,7.0,13.0,21.0,3.0,1.0
320840921,cian.ru,Даниловский,25.0,22.0,3707.0,,,426,14,664,42,399100.0,70.0,39.0,5688.0,537.0,537.0,426,14,664,42,0.0,1.0,1.0,2.0,0.0,0.0,1.0,0.0,1.0,2.0,0.0,0.0,0.0,0.0,0.0,0.0,0.0,0.0,0.0,0.0,0.0,0.0,0.0,0.0,2.0,0.0,0.0,4.0,5.0,1.0,13.0,0.0,1.0,1.0,0.0,2.0,2.0,0.0,0.0,0.0,0.0,0.0,2.0,4.0,1.0,2.0,0.0,0.0,0.0,5.0,5.0,3.0,1.0,0.0
321158290,cian.ru,Можайский,31.0,8.0,143.0,0.0,129.0,228,29484,372,35651,311900.0,91.0,14.0,529.0,0.0,286.46153846153845,228,29484,372,35651,1.0,0.0,3.0,4.0,0.0,1.0,2.0,0.0,8.0,4.0,0.0,0.0,0.0,0.0,0.0,5.0,2.0,1.0,1.0,1.0,0.0,0.0,3.0,10.0,7.0,18.0,0.0,1.0,0.0,3.0,4.0,0.0,1.0,2.0,0.0,11.0,4.0,1.0,0.0,0.0,0.0,0.0,6.0,2.0,1.0,3.0,2.0,0.0,1.0,6.0,13.0,7.0,18.0,0.0
115776236045024704,realty.yandex.ru,Даниловский,58.0,16.0,1442.0,116.0,193.2,538,5361,578,5445,399100.0,280.0,76.0,5176.0,116.0,388.38,538,5361,578,5445,3.0,2.0,3.0,6.0,0.0,4.0,2.0,0.0,3.0,4.0,0.0,1.0,0.0,0.0,0.0,7.0,8.0,2.0,1.0,5.0,0.0,0.0,5.0,4.0,3.0,0.0,0.0,25.0,12.0,11.0,31.0,1.0,8.0,9.0,0.0,18.0,11.0,1.0,3.0,3.0,0.0,1.0,11.0,17.0,5.0,10.0,10.0,0.0,0.0,20.0,15.0,22.0,3.0,0.0
323650567,cian.ru,Басманный,55.0,6.0,353.0,6.0,139.88888888888889,176,22176,165,12880,461200.0,248.0,35.0,2556.0,6.0,398.5660377358491,176,22176,165,12880,9.0,3.0,1.0,3.0,0.0,0.0,0.0,0.0,7.0,0.0,0.0,0.0,26.0,0.0,0.0,5.0,0.0,0.0,2.0,0.0,0.0,0.0,10.0,3.0,18.0,0.0,0.0,17.0,6.0,4.0,17.0,2.0,4.0,5.0,0.0,19.0,2.0,1.0,2.0,34.0,0.0,1.0,7.0,14.0,3.0,5.0,7.0,0.0,1.0,19.0,11.0,32.0,4.0,0.0
3673425666632599040,realty.yandex.ru,Тропарево-Никулино,27.0,10.0,1863.0,74.0,74.0,182,466,3747,1192,399700.0,97.0,41.0,8583.0,74.0,400.2,182,466,3747,1192,3.0,1.0,1.0,2.0,0.0,0.0,0.0,0.0,4.0,0.0,1.0,4.0,0.0,0.0,1.0,0.0,2.0,0.0,0.0,0.0,0.0,0.0,0.0,1.0,0.0,2.0,0.0,6.0,5.0,13.0,15.0,0.0,2.0,7.0,0.0,19.0,11.0,7.0,8.0,0.0,0.0,2.0,1.0,12.0,6.0,3.0,4.0,0.0,1.0,1.0,10.0,13.0,7.0,1.0
321433374,cian.ru,Можайский,23.0,13.0,1931.0,6.0,86.5,2268,8031,4682,4690,311900.0,131.0,68.0,9252.0,6.0,315.2,2268,8031,4682,4690,0.0,1.0,2.0,5.0,0.0,1.0,2.0,0.0,6.0,1.0,1.0,3.0,0.0,0.0,1.0,1.0,3.0,4.0,6.0,0.0,0.0,0.0,1.0,1.0,4.0,0.0,0.0,1.0,4.0,11.0,14.0,0.0,1.0,7.0,0.0,29.0,6.0,5.0,6.0,0.0,0.0,2.0,2.0,16.0,7.0,14.0,5.0,0.0,0.0,6.0,5.0,12.0,4.0,2.0
6505831049871763456,realty.yandex.ru,Гагаринский,29.0,11.0,2166.0,45.0,198.66666666666663,986,2335,1982,2358,454900.0,143.0,30.0,5074.0,45.0,368.8181818181818,986,2335,1982,2358,3.0,3.0,3.0,11.0,0.0,0.0,3.0,0.0,1.0,1.0,1.0,2.0,0.0,0.0,0.0,0.0,6.0,2.0,3.0,0.0,0.0,0.0,0.0,2.0,1.0,2.0,0.0,9.0,10.0,5.0,21.0,0.0,0.0,8.0,0.0,6.0,5.0,4.0,6.0,1.0,0.0,0.0,3.0,12.0,5.0,9.0,2.0,0.0,0.0,7.0,6.0,11.0,4.0,2.0
5203054433263438848,realty.yandex.ru,Гагаринский,29.0,11.0,2166.0,45.0,198.66666666666663,986,2335,1982,2358,454900.0,143.0,30.0,5074.0,45.0,368.8181818181818,986,2335,1982,2358,3.0,3.0,3.0,11.0,0.0,0.0,3.0,0.0,1.0,1.0,1.0,2.0,0.0,0.0,0.0,0.0,6.0,2.0,3.0,0.0,0.0,0.0,0.0,2.0,1.0,2.0,0.0,9.0,10.0,5.0,21.0,0.0,0.0,8.0,0.0,6.0,5.0,4.0,6.0,1.0,0.0,0.0,3.0,12.0,5.0,9.0,2.0,0.0,0.0,7.0,6.0,11.0,4.0,2.0
320818500,cian.ru,Хамовники,84.0,20.0,1169.0,54.0,234.16666666666663,842,11829,1177,6719,846800.0,269.0,48.0,3623.0,54.0,354.27027027027026,842,11829,1177,6719,26.0,2.0,5.0,9.0,0.0,3.0,0.0,0.0,6.0,3.0,3.0,1.0,2.0,0.0,0.0,1.0,4.0,3.0,1.0,2.0,0.0,1.0,4.0,5.0,10.0,0.0,0.0,81.0,5.0,10.0,21.0,0.0,7.0,1.0,0.0,16.0,5.0,5.0,2.0,13.0,0.0,0.0,5.0,9.0,4.0,1.0,7.0,0.0,2.0,11.0,12.0,30.0,7.0,0.0
322848955,cian.ru,Пресненский,169.0,88.0,2207.0,4.0,172.36,464,3793,1477,8224,621300.0,519.0,213.0,6169.0,4.0,388.1707317073171,464,3793,1477,8224,27.0,8.0,7.0,32.0,0.0,3.0,4.0,0.0,3.0,4.0,4.0,1.0,1.0,0.0,0.0,4.0,1.0,3.0,5.0,3.0,0.0,0.0,6.0,18.0,38.0,3.0,0.0,75.0,24.0,25.0,118.0,0.0,16.0,16.0,0.0,20.0,10.0,8.0,8.0,6.0,0.0,1.0,15.0,12.0,6.0,19.0,11.0,0.0,4.0,24.0,44.0,133.0,8.0,5.0
321303369,cian.ru,Алтуфьевский,24.0,5.0,4226.0,,,2742,1275,3762,17,280700.0,145.0,40.0,9084.0,311.0,430.5625,2742,1275,3762,17,0.0,0.0,0.0,0.0,0.0,0.0,1.0,0.0,0.0,0.0,0.0,0.0,0.0,0.0,0.0,0.0,0.0,0.0,0.0,0.0,0.0,0.0,0.0,1.0,0.0,0.0,0.0,7.0,4.0,5.0,17.0,2.0,1.0,6.0,0.0,16.0,4.0,3.0,4.0,0.0,0.0,0.0,3.0,14.0,4.0,1.0,2.0,0.0,0.0,3.0,4.0,4.0,1.0,0.0
319850084,cian.ru,Щукино,52.0,19.0,2276.0,225.0,267.3333333333333,778,866,1199,728,395300.0,177.0,60.0,9249.0,225.0,398.1428571428572,778,866,1199,728,2.0,1.0,0.0,6.0,0.0,1.0,1.0,0.0,0.0,2.0,2.0,2.0,0.0,0.0,0.0,0.0,2.0,1.0,1.0,1.0,0.0,0.0,0.0,3.0,2.0,0.0,0.0,13.0,6.0,7.0,11.0,0.0,3.0,9.0,0.0,10.0,6.0,4.0,6.0,1.0,0.0,0.0,0.0,19.0,3.0,1.0,2.0,0.0,0.0,1.0,6.0,4.0,1.0,0.0
323620240,cian.ru,Метрогородок,44.0,22.0,3177.0,221.0,221.0,1446,1089,1425,487,283200.0,138.0,74.0,12709.0,221.0,444.9090909090909,1446,1089,1425,487,3.0,0.0,3.0,3.0,0.0,0.0,2.0,0.0,7.0,3.0,1.0,1.0,0.0,0.0,0.0,0.0,4.0,0.0,1.0,2.0,0.0,0.0,1.0,1.0,2.0,0.0,0.0,4.0,1.0,10.0,13.0,1.0,0.0,8.0,0.0,19.0,10.0,1.0,3.0,1.0,0.0,0.0,0.0,19.0,2.0,7.0,4.0,0.0,0.0,4.0,5.0,5.0,4.0,0.0
323352379,cian.ru,Гагаринский,13.0,6.0,1987.0,,,4074,21187,1798,15574,454900.0,95.0,40.0,9556.0,490.0,531.0,4074,21187,1798,15574,5.0,3.0,4.0,5.0,0.0,0.0,5.0,0.0,7.0,4.0,1.0,1.0,12.0,0.0,0.0,0.0,4.0,1.0,5.0,3.0,0.0,0.0,0.0,8.0,9.0,2.0,1.0,17.0,10.0,19.0,19.0,0.0,7.0,13.0,0.0,20.0,10.0,6.0,8.0,13.0,1.0,1.0,0.0,28.0,4.0,10.0,9.0,0.0,0.0,4.0,16.0,28.0,7.0,1.0
318711092,cian.ru,Пресненский,90.0,31.0,2171.0,60.0,180.0,12024,84535,1039,10503,621300.0,289.0,122.0,7957.0,60.0,363.3387096774193,12024,84535,1039,10503,19.0,5.0,10.0,44.0,0.0,4.0,5.0,0.0,8.0,3.0,1.0,3.0,0.0,0.0,0.0,4.0,7.0,0.0,5.0,3.0,0.0,0.0,7.0,16.0,70.0,2.0,2.0,33.0,14.0,36.0,113.0,0.0,8.0,17.0,0.0,34.0,20.0,3.0,6.0,1.0,2.0,2.0,14.0,27.0,3.0,24.0,13.0,1.0,3.0,24.0,44.0,149.0,8.0,7.0
322686246,cian.ru,Хамовники,83.0,9.0,737.0,0.0,165.21428571428572,166,5350,581,4055,846800.0,252.0,47.0,3616.0,0.0,354.52777777777777,166,5350,581,4055,7.0,3.0,2.0,1.0,0.0,1.0,0.0,0.0,9.0,4.0,0.0,0.0,4.0,0.0,0.0,4.0,0.0,3.0,1.0,0.0,0.0,0.0,6.0,7.0,12.0,0.0,0.0,130.0,4.0,12.0,24.0,0.0,6.0,1.0,0.0,18.0,6.0,3.0,2.0,10.0,0.0,0.0,6.0,8.0,3.0,4.0,4.0,0.0,4.0,11.0,14.0,31.0,6.0,0.0
321432745,cian.ru,Можайский,43.0,24.0,2690.0,119.0,203.0,2546,8350,3129,6924,311900.0,157.0,87.0,9933.0,119.0,386.6666666666667,2546,8350,3129,6924,19.0,2.0,11.0,6.0,0.0,0.0,4.0,0.0,11.0,8.0,2.0,0.0,0.0,0.0,0.0,0.0,10.0,4.0,2.0,3.0,0.0,1.0,1.0,2.0,3.0,2.0,1.0,31.0,3.0,18.0,15.0,4.0,4.0,13.0,0.0,14.0,13.0,3.0,7.0,2.0,0.0,0.0,0.0,17.0,7.0,6.0,7.0,0.0,1.0,2.0,7.0,6.0,4.0,2.0
324549826,cian.ru,Донской,33.0,5.0,680.0,0.0,187.28571428571428,588,18037,310,5515,391900.0,125.0,24.0,3344.0,0.0,372.7826086956522,588,18037,310,5515,6.0,1.0,2.0,1.0,0.0,0.0,0.0,0.0,1.0,0.0,0.0,0.0,5.0,1.0,0.0,3.0,0.0,0.0,0.0,1.0,0.0,0.0,2.0,2.0,2.0,0.0,0.0,10.0,5.0,7.0,12.0,0.0,6.0,3.0,0.0,4.0,8.0,3.0,0.0,6.0,1.0,0.0,9.0,9.0,0.0,2.0,3.0,0.0,4.0,10.0,13.0,15.0,1.0,0.0
323065053,cian.ru,Донской,33.0,5.0,680.0,0.0,187.28571428571428,588,18037,310,5515,391900.0,125.0,24.0,3344.0,0.0,372.7826086956522,588,18037,310,5515,6.0,1.0,2.0,1.0,0.0,0.0,0.0,0.0,1.0,0.0,0.0,0.0,5.0,1.0,0.0,3.0,0.0,0.0,0.0,1.0,0.0,0.0,2.0,2.0,2.0,0.0,0.0,10.0,5.0,7.0,12.0,0.0,6.0,3.0,0.0,4.0,8.0,3.0,0.0,6.0,1.0,0.0,9.0,9.0,0.0,2.0,3.0,0.0,4.0,10.0,13.0,15.0,1.0,0.0
324130250,cian.ru,Царицыно,30.0,3.0,448.0,135.0,204.3333333333333,918,2447,32,10,302800.0,173.0,18.0,2640.0,135.0,393.5384615384616,918,2447,32,10,0.0,0.0,0.0,0.0,0.0,0.0,0.0,0.0,2.0,0.0,0.0,0.0,0.0,0.0,0.0,0.0,0.0,1.0,0.0,0.0,0.0,0.0,0.0,0.0,0.0,0.0,0.0,4.0,0.0,3.0,1.0,0.0,0.0,3.0,0.0,7.0,2.0,1.0,2.0,0.0,0.0,0.0,0.0,4.0,2.0,1.0,0.0,0.0,1.0,2.0,3.0,2.0,0.0,0.0
322903600,cian.ru,Нагатино-Садовники,67.0,1.0,195.0,0.0,165.5,962,19690,175,21537,353800.0,191.0,38.0,6033.0,0.0,303.89473684210526,962,19690,175,21537,3.0,1.0,3.0,2.0,0.0,2.0,0.0,0.0,3.0,0.0,0.0,0.0,1.0,0.0,0.0,3.0,2.0,1.0,2.0,2.0,0.0,0.0,8.0,3.0,7.0,0.0,0.0,10.0,2.0,11.0,13.0,0.0,4.0,5.0,0.0,15.0,5.0,1.0,3.0,3.0,0.0,1.0,5.0,9.0,1.0,5.0,3.0,0.0,0.0,10.0,7.0,15.0,4.0,1.0
323843688,cian.ru,Косино-Ухтомский,22.0,7.0,2080.0,,,1078,670,4258,4112,266300.0,65.0,36.0,3853.0,,,1078,670,4258,4112,1.0,0.0,2.0,5.0,0.0,0.0,4.0,0.0,6.0,5.0,2.0,1.0,0.0,0.0,1.0,0.0,4.0,1.0,1.0,0.0,0.0,0.0,0.0,1.0,4.0,2.0,0.0,2.0,0.0,2.0,9.0,0.0,0.0,5.0,1.0,6.0,5.0,2.0,4.0,0.0,0.0,1.0,0.0,6.0,1.0,1.0,0.0,0.0,0.0,0.0,2.0,4.0,2.0,0.0
320632133,cian.ru,Даниловский,12.0,12.0,,,,0,14,0,0,399100.0,42.0,27.0,2345.0,540.0,540.0,0,14,0,0,0.0,0.0,0.0,0.0,0.0,0.0,0.0,0.0,0.0,0.0,0.0,0.0,0.0,0.0,0.0,0.0,0.0,0.0,0.0,0.0,0.0,0.0,0.0,0.0,0.0,0.0,0.0,2.0,1.0,0.0,3.0,0.0,0.0,0.0,0.0,0.0,0.0,0.0,2.0,0.0,0.0,0.0,0.0,1.0,0.0,0.0,0.0,0.0,0.0,0.0,0.0,0.0,0.0,0.0
324942533,cian.ru,Даниловский,36.0,13.0,1986.0,0.0,154.4,4964,61224,2479,9671,399100.0,198.0,46.0,4496.0,0.0,340.8666666666667,4964,61224,2479,9671,11.0,3.0,18.0,36.0,0.0,2.0,5.0,0.0,23.0,11.0,0.0,1.0,1.0,0.0,3.0,6.0,23.0,3.0,11.0,7.0,0.0,1.0,14.0,54.0,50.0,1.0,2.0,24.0,6.0,27.0,60.0,1.0,2.0,9.0,0.0,32.0,16.0,3.0,3.0,4.0,0.0,4.0,13.0,29.0,5.0,15.0,11.0,0.0,4.0,21.0,72.0,72.0,25.0,6.0
321119050,cian.ru,Тушино Северное,39.0,10.0,1984.0,104.0,104.0,27206,36094,2234,3365,310000.0,160.0,76.0,13167.0,104.0,391.6666666666667,27206,36094,2234,3365,5.0,2.0,11.0,7.0,0.0,0.0,4.0,0.0,30.0,6.0,2.0,0.0,0.0,0.0,1.0,0.0,6.0,1.0,2.0,2.0,0.0,0.0,2.0,12.0,12.0,0.0,1.0,10.0,6.0,23.0,24.0,0.0,0.0,14.0,0.0,45.0,11.0,5.0,7.0,0.0,0.0,2.0,0.0,23.0,5.0,5.0,4.0,0.0,0.0,7.0,17.0,22.0,7.0,2.0
319657169,cian.ru,Бутово Южное,39.0,19.0,4262.0,0.0,168.75,25610,16593,2562,3411,259700.0,141.0,81.0,13092.0,0.0,311.44444444444446,25610,16593,2562,3411,8.0,4.0,15.0,25.0,0.0,0.0,7.0,0.0,24.0,7.0,2.0,1.0,0.0,0.0,0.0,0.0,28.0,1.0,7.0,4.0,0.0,0.0,5.0,7.0,8.0,5.0,1.0,12.0,11.0,29.0,52.0,0.0,3.0,14.0,0.0,58.0,15.0,11.0,9.0,0.0,0.0,1.0,0.0,47.0,5.0,10.0,10.0,0.0,0.0,10.0,14.0,19.0,7.0,2.0
324007274,cian.ru,Красносельский,60.0,7.0,816.0,0.0,182.84615384615384,1118,20188,334,13657,454800.0,306.0,52.0,4887.0,0.0,368.6164383561644,1118,20188,334,13657,3.0,1.0,3.0,19.0,0.0,2.0,3.0,0.0,13.0,3.0,0.0,1.0,0.0,0.0,0.0,6.0,4.0,0.0,6.0,2.0,0.0,1.0,13.0,17.0,19.0,3.0,3.0,41.0,14.0,19.0,71.0,0.0,5.0,9.0,0.0,39.0,7.0,4.0,4.0,8.0,0.0,0.0,10.0,7.0,0.0,20.0,4.0,0.0,4.0,39.0,63.0,86.0,5.0,4.0
321393428,cian.ru,Пресненский,19.0,10.0,349.0,1.0,161.85714285714286,1978,85163,1936,41406,621300.0,88.0,38.0,6288.0,1.0,416.4814814814815,1978,85163,1936,41406,3.0,2.0,9.0,9.0,0.0,5.0,3.0,0.0,3.0,3.0,0.0,0.0,0.0,0.0,1.0,6.0,1.0,0.0,9.0,3.0,0.0,0.0,6.0,17.0,25.0,0.0,6.0,55.0,7.0,51.0,75.0,0.0,15.0,13.0,0.0,40.0,23.0,0.0,2.0,4.0,0.0,3.0,15.0,20.0,8.0,34.0,15.0,2.0,1.0,45.0,87.0,135.0,2.0,12.0
322735389,cian.ru,Преображенское,62.0,21.0,1690.0,0.0,191.125,2000,28825,1055,17724,331700.0,286.0,73.0,7625.0,0.0,389.1818181818182,2000,28825,1055,17724,2.0,1.0,10.0,17.0,0.0,1.0,3.0,0.0,5.0,3.0,1.0,0.0,0.0,0.0,0.0,2.0,7.0,1.0,5.0,2.0,0.0,1.0,7.0,9.0,15.0,0.0,2.0,13.0,8.0,27.0,47.0,1.0,6.0,10.0,0.0,47.0,6.0,4.0,3.0,1.0,0.0,0.0,3.0,23.0,8.0,12.0,9.0,0.0,4.0,15.0,27.0,33.0,9.0,5.0
322266082,cian.ru,Преображенское,62.0,21.0,1690.0,0.0,191.125,2000,28825,1055,17724,331700.0,286.0,73.0,7625.0,0.0,389.1818181818182,2000,28825,1055,17724,2.0,1.0,10.0,17.0,0.0,1.0,3.0,0.0,5.0,3.0,1.0,0.0,0.0,0.0,0.0,2.0,7.0,1.0,5.0,2.0,0.0,1.0,7.0,9.0,15.0,0.0,2.0,13.0,8.0,27.0,47.0,1.0,6.0,10.0,0.0,47.0,6.0,4.0,3.0,1.0,0.0,0.0,3.0,23.0,8.0,12.0,9.0,0.0,4.0,15.0,27.0,33.0,9.0,5.0
2514106764444659200,realty.yandex.ru,Тверской,87.0,33.0,1866.0,53.0,191.6,1644,22526,1874,20241,609300.0,422.0,100.0,5641.0,53.0,407.4318181818182,1644,22526,1874,20241,15.0,6.0,14.0,47.0,0.0,4.0,4.0,0.0,10.0,4.0,1.0,3.0,28.0,1.0,1.0,4.0,9.0,4.0,9.0,8.0,1.0,0.0,8.0,30.0,50.0,2.0,0.0,68.0,31.0,39.0,191.0,1.0,21.0,11.0,0.0,63.0,14.0,5.0,10.0,30.0,1.0,1.0,25.0,24.0,7.0,22.0,17.0,3.0,5.0,50.0,70.0,167.0,5.0,3.0
322199400,cian.ru,Раменки,33.0,10.0,3143.0,57.0,137.33333333333334,5494,7279,1806,4496,483300.0,132.0,52.0,12907.0,57.0,298.0,5494,7279,1806,4496,3.0,4.0,12.0,15.0,0.0,1.0,5.0,0.0,23.0,1.0,1.0,1.0,0.0,0.0,1.0,1.0,14.0,6.0,4.0,4.0,0.0,1.0,5.0,7.0,14.0,3.0,1.0,26.0,16.0,16.0,43.0,0.0,6.0,15.0,0.0,31.0,3.0,5.0,7.0,0.0,0.0,1.0,2.0,32.0,7.0,7.0,6.0,0.0,1.0,8.0,8.0,26.0,12.0,2.0
324816834,cian.ru,Пресненский,10.0,2.0,,0.0,173.0,1792,116791,294,101485,621300.0,53.0,20.0,3519.0,0.0,286.09090909090907,1792,116791,294,101485,21.0,5.0,34.0,65.0,0.0,12.0,5.0,0.0,27.0,15.0,0.0,0.0,1.0,0.0,1.0,10.0,11.0,7.0,20.0,12.0,1.0,0.0,35.0,59.0,102.0,1.0,9.0,24.0,10.0,53.0,96.0,0.0,16.0,15.0,0.0,50.0,23.0,3.0,2.0,2.0,0.0,5.0,16.0,24.0,8.0,38.0,17.0,2.0,1.0,50.0,97.0,155.0,3.0,12.0
8660284132702831616,realty.yandex.ru,Якиманка,118.0,27.0,1129.0,39.0,196.4583333333333,3100,51423,807,11274,680600.0,542.0,119.0,4505.0,39.0,380.875,3100,51423,807,11274,31.0,4.0,3.0,10.0,0.0,3.0,2.0,0.0,1.0,2.0,1.0,0.0,1.0,0.0,1.0,5.0,5.0,3.0,5.0,4.0,0.0,7.0,1.0,7.0,14.0,1.0,2.0,52.0,17.0,14.0,78.0,1.0,8.0,9.0,0.0,16.0,8.0,7.0,5.0,13.0,0.0,1.0,11.0,17.0,4.0,12.0,8.0,0.0,14.0,8.0,36.0,42.0,6.0,5.0
323312043,cian.ru,Красносельский,104.0,27.0,835.0,25.0,161.04347826086956,1358,18559,783,14177,454800.0,446.0,140.0,5640.0,25.0,361.3013698630137,1358,18559,783,14177,21.0,3.0,6.0,40.0,0.0,2.0,3.0,0.0,11.0,3.0,0.0,1.0,1.0,0.0,0.0,5.0,2.0,0.0,11.0,3.0,0.0,0.0,13.0,14.0,28.0,2.0,1.0,53.0,21.0,16.0,101.0,0.0,10.0,4.0,0.0,26.0,9.0,9.0,3.0,3.0,0.0,0.0,14.0,8.0,2.0,19.0,5.0,0.0,2.0,35.0,30.0,64.0,11.0,3.0
323335744,cian.ru,Красносельский,104.0,27.0,835.0,25.0,161.04347826086956,1358,18559,783,14177,454800.0,446.0,140.0,5640.0,25.0,361.3013698630137,1358,18559,783,14177,21.0,3.0,6.0,40.0,0.0,2.0,3.0,0.0,11.0,3.0,0.0,1.0,1.0,0.0,0.0,5.0,2.0,0.0,11.0,3.0,0.0,0.0,13.0,14.0,28.0,2.0,1.0,53.0,21.0,16.0,101.0,0.0,10.0,4.0,0.0,26.0,9.0,9.0,3.0,3.0,0.0,0.0,14.0,8.0,2.0,19.0,5.0,0.0,2.0,35.0,30.0,64.0,11.0,3.0
319682341,cian.ru,Коммунарка,1.0,,,32.0,32.0,1488,833,0,83,291400.0,6.0,4.0,,32.0,32.0,1488,833,0,83,0.0,0.0,0.0,0.0,0.0,0.0,0.0,0.0,1.0,0.0,0.0,0.0,0.0,0.0,0.0,1.0,0.0,0.0,0.0,0.0,0.0,0.0,0.0,0.0,0.0,0.0,0.0,0.0,0.0,0.0,0.0,0.0,0.0,0.0,0.0,1.0,0.0,0.0,0.0,0.0,0.0,0.0,1.0,1.0,0.0,0.0,1.0,0.0,0.0,0.0,0.0,0.0,0.0,0.0
3986832478470651904,realty.yandex.ru,Соколиная Гора,85.0,2.0,128.0,1.0,188.8928571428572,7820,50301,2439,13137,354400.0,345.0,40.0,3594.0,1.0,358.3243243243243,7820,50301,2439,13137,4.0,2.0,10.0,28.0,0.0,4.0,2.0,0.0,19.0,0.0,0.0,0.0,2.0,0.0,6.0,4.0,12.0,4.0,3.0,7.0,3.0,0.0,10.0,19.0,31.0,0.0,2.0,22.0,5.0,29.0,72.0,1.0,7.0,6.0,0.0,38.0,10.0,9.0,1.0,14.0,1.0,6.0,11.0,27.0,6.0,10.0,15.0,3.0,1.0,26.0,34.0,48.0,4.0,2.0
325110956,cian.ru,Хорошевский,50.0,15.0,1337.0,0.0,126.375,6818,81527,1967,22214,443000.0,250.0,67.0,6819.0,0.0,341.05,6818,81527,1967,22214,4.0,3.0,10.0,17.0,0.0,1.0,3.0,0.0,12.0,0.0,2.0,1.0,19.0,3.0,1.0,5.0,8.0,1.0,7.0,2.0,0.0,0.0,6.0,19.0,17.0,2.0,1.0,13.0,13.0,26.0,37.0,0.0,3.0,9.0,0.0,28.0,4.0,5.0,3.0,26.0,4.0,1.0,7.0,23.0,4.0,12.0,10.0,0.0,0.0,10.0,34.0,28.0,5.0,2.0
323703977,cian.ru,Красносельский,104.0,27.0,835.0,25.0,161.04347826086956,1358,18559,783,14177,454800.0,446.0,140.0,5640.0,25.0,361.3013698630137,1358,18559,783,14177,21.0,3.0,6.0,40.0,0.0,2.0,3.0,0.0,11.0,3.0,0.0,1.0,1.0,0.0,0.0,5.0,2.0,0.0,11.0,3.0,0.0,0.0,13.0,14.0,28.0,2.0,1.0,53.0,21.0,16.0,101.0,0.0,10.0,4.0,0.0,26.0,9.0,9.0,3.0,3.0,0.0,0.0,14.0,8.0,2.0,19.0,5.0,0.0,2.0,35.0,30.0,64.0,11.0,3.0
324095039,cian.ru,Пресненский,10.0,2.0,,0.0,173.0,1792,116791,294,101485,621300.0,53.0,20.0,3519.0,0.0,286.09090909090907,1792,116791,294,101485,21.0,5.0,34.0,65.0,0.0,12.0,5.0,0.0,27.0,15.0,0.0,0.0,1.0,0.0,1.0,10.0,11.0,7.0,20.0,12.0,1.0,0.0,35.0,59.0,102.0,1.0,9.0,24.0,10.0,53.0,96.0,0.0,16.0,15.0,0.0,50.0,23.0,3.0,2.0,2.0,0.0,5.0,16.0,24.0,8.0,38.0,17.0,2.0,1.0,50.0,97.0,155.0,3.0,12.0
324197807,cian.ru,Тверской,143.0,31.0,1294.0,2.0,183.0555555555556,4208,45369,2164,17339,609300.0,418.0,99.0,5552.0,2.0,330.28395061728395,4208,45369,2164,17339,18.0,14.0,18.0,86.0,0.0,4.0,3.0,0.0,22.0,4.0,1.0,2.0,10.0,0.0,1.0,11.0,13.0,1.0,8.0,10.0,0.0,0.0,19.0,27.0,75.0,1.0,1.0,56.0,25.0,34.0,176.0,2.0,13.0,12.0,0.0,54.0,10.0,7.0,6.0,29.0,1.0,1.0,20.0,28.0,5.0,22.0,17.0,3.0,1.0,45.0,62.0,172.0,5.0,4.0
320969907,cian.ru,Пресненский,10.0,2.0,,0.0,173.0,1792,116791,294,101485,621300.0,53.0,20.0,3519.0,0.0,286.09090909090907,1792,116791,294,101485,21.0,5.0,34.0,65.0,0.0,12.0,5.0,0.0,27.0,15.0,0.0,0.0,1.0,0.0,1.0,10.0,11.0,7.0,20.0,12.0,1.0,0.0,35.0,59.0,102.0,1.0,9.0,24.0,10.0,53.0,96.0,0.0,16.0,15.0,0.0,50.0,23.0,3.0,2.0,2.0,0.0,5.0,16.0,24.0,8.0,38.0,17.0,2.0,1.0,50.0,97.0,155.0,3.0,12.0
3966105355550152192,realty.yandex.ru,Хорошевский,50.0,15.0,1337.0,0.0,126.625,6818,81527,1967,22214,443000.0,250.0,67.0,6819.0,0.0,341.15,6818,81527,1967,22214,4.0,3.0,10.0,17.0,0.0,1.0,3.0,0.0,12.0,0.0,2.0,1.0,19.0,3.0,1.0,5.0,8.0,1.0,7.0,2.0,0.0,0.0,6.0,19.0,17.0,2.0,1.0,13.0,13.0,26.0,37.0,0.0,3.0,9.0,0.0,28.0,4.0,5.0,3.0,26.0,4.0,1.0,7.0,23.0,4.0,12.0,10.0,0.0,0.0,10.0,34.0,28.0,5.0,2.0
323931902,cian.ru,Басманный,98.0,37.0,1537.0,130.0,237.1428571428572,4942,36631,2424,16400,461200.0,458.0,151.0,5378.0,130.0,437.6808510638298,4942,36631,2424,16400,13.0,4.0,9.0,37.0,0.0,1.0,4.0,0.0,10.0,3.0,1.0,0.0,0.0,0.0,1.0,4.0,6.0,2.0,7.0,5.0,0.0,0.0,12.0,27.0,38.0,2.0,0.0,39.0,18.0,24.0,151.0,1.0,7.0,18.0,0.0,28.0,12.0,4.0,5.0,22.0,2.0,1.0,10.0,24.0,2.0,19.0,8.0,0.0,4.0,34.0,67.0,115.0,7.0,1.0
324743083,cian.ru,Красносельский,104.0,27.0,835.0,25.0,161.04347826086956,1358,18559,783,14177,454800.0,446.0,140.0,5640.0,25.0,361.3013698630137,1358,18559,783,14177,21.0,3.0,6.0,40.0,0.0,2.0,3.0,0.0,11.0,3.0,0.0,1.0,1.0,0.0,0.0,5.0,2.0,0.0,11.0,3.0,0.0,0.0,13.0,14.0,28.0,2.0,1.0,53.0,21.0,16.0,101.0,0.0,10.0,4.0,0.0,26.0,9.0,9.0,3.0,3.0,0.0,0.0,14.0,8.0,2.0,19.0,5.0,0.0,2.0,35.0,30.0,64.0,11.0,3.0
321381230,cian.ru,Пресненский,12.0,3.0,137.0,0.0,163.58333333333334,2956,139525,1665,105474,621300.0,58.0,27.0,4445.0,0.0,317.1111111111111,2956,139525,1665,105474,20.0,6.0,40.0,67.0,0.0,10.0,7.0,0.0,37.0,17.0,0.0,0.0,1.0,0.0,3.0,10.0,14.0,7.0,25.0,13.0,2.0,0.0,39.0,72.0,119.0,1.0,11.0,24.0,8.0,53.0,86.0,0.0,16.0,13.0,0.0,54.0,21.0,4.0,3.0,2.0,0.0,5.0,16.0,20.0,7.0,36.0,16.0,2.0,1.0,50.0,96.0,157.0,3.0,13.0
323899382,cian.ru,Тверской,67.0,20.0,1331.0,0.0,181.4705882352941,1554,7920,355,6659,609300.0,299.0,84.0,6129.0,0.0,390.3387096774193,1554,7920,355,6659,10.0,4.0,8.0,20.0,0.0,1.0,2.0,0.0,10.0,2.0,1.0,1.0,0.0,0.0,0.0,8.0,1.0,0.0,6.0,2.0,0.0,2.0,0.0,8.0,28.0,1.0,4.0,34.0,10.0,25.0,96.0,0.0,10.0,15.0,0.0,48.0,11.0,1.0,3.0,2.0,2.0,0.0,19.0,18.0,2.0,16.0,9.0,2.0,2.0,25.0,42.0,138.0,6.0,5.0
3987628968733207040,realty.yandex.ru,Можайский,19.0,2.0,311.0,0.0,161.16666666666666,1702,15748,108,8043,311900.0,125.0,33.0,2986.0,0.0,382.5217391304348,1702,15748,108,8043,0.0,0.0,1.0,0.0,0.0,0.0,1.0,0.0,1.0,0.0,0.0,0.0,0.0,0.0,0.0,1.0,1.0,0.0,0.0,0.0,0.0,0.0,2.0,0.0,0.0,0.0,0.0,5.0,2.0,7.0,12.0,1.0,2.0,4.0,0.0,24.0,1.0,1.0,2.0,0.0,0.0,0.0,2.0,9.0,3.0,2.0,3.0,0.0,0.0,6.0,7.0,5.0,1.0,0.0
915530675886279040,realty.yandex.ru,Нагорный,38.0,,,1.0,179.6153846153846,4280,22811,478,17607,345200.0,215.0,7.0,,1.0,395.672131147541,4280,22811,478,17607,2.0,0.0,7.0,6.0,0.0,0.0,1.0,0.0,12.0,0.0,0.0,0.0,1.0,0.0,1.0,4.0,7.0,3.0,4.0,3.0,0.0,0.0,7.0,8.0,13.0,0.0,0.0,6.0,2.0,10.0,10.0,1.0,2.0,2.0,0.0,23.0,3.0,0.0,0.0,2.0,0.0,1.0,6.0,9.0,3.0,8.0,5.0,0.0,0.0,10.0,16.0,23.0,1.0,1.0
3986832478438444032,realty.yandex.ru,Раменки,23.0,10.0,1173.0,,,1936,1663,2305,4613,483300.0,123.0,41.0,4992.0,350.0,463.5,1936,1663,2305,4613,1.0,1.0,3.0,3.0,0.0,0.0,2.0,0.0,6.0,3.0,1.0,0.0,0.0,3.0,0.0,0.0,1.0,1.0,2.0,1.0,0.0,0.0,1.0,3.0,7.0,0.0,0.0,11.0,7.0,11.0,15.0,0.0,3.0,6.0,0.0,12.0,5.0,2.0,4.0,8.0,7.0,0.0,0.0,11.0,3.0,6.0,4.0,0.0,1.0,8.0,12.0,21.0,1.0,0.0
324017022,cian.ru,Таганский,105.0,25.0,1669.0,0.0,178.96296296296296,1122,7951,1035,5755,433700.0,344.0,73.0,6334.0,0.0,387.9565217391304,1122,7951,1035,5755,27.0,7.0,11.0,40.0,0.0,4.0,4.0,0.0,9.0,1.0,5.0,2.0,2.0,0.0,0.0,4.0,16.0,2.0,3.0,5.0,0.0,0.0,5.0,12.0,16.0,7.0,2.0,58.0,30.0,48.0,204.0,4.0,13.0,11.0,0.0,34.0,13.0,13.0,5.0,7.0,0.0,5.0,10.0,38.0,3.0,18.0,18.0,1.0,4.0,25.0,35.0,101.0,11.0,6.0
321494699,cian.ru,Выхино-Жулебино,50.0,35.0,2709.0,,,1076,3010,2432,4283,273000.0,134.0,73.0,7284.0,,,1076,3010,2432,4283,17.0,3.0,11.0,9.0,0.0,1.0,3.0,0.0,9.0,5.0,1.0,1.0,0.0,0.0,1.0,0.0,21.0,2.0,1.0,4.0,0.0,0.0,2.0,5.0,5.0,3.0,0.0,20.0,8.0,22.0,17.0,0.0,2.0,11.0,0.0,23.0,5.0,6.0,8.0,0.0,0.0,5.0,0.0,35.0,7.0,6.0,7.0,0.0,1.0,3.0,10.0,14.0,7.0,5.0
323182167,cian.ru,Раменки,20.0,8.0,1614.0,0.0,42.0,510,1521,2204,1232,483300.0,76.0,25.0,4111.0,0.0,369.4285714285714,510,1521,2204,1232,1.0,0.0,2.0,7.0,0.0,0.0,3.0,0.0,1.0,0.0,0.0,3.0,0.0,0.0,0.0,0.0,4.0,1.0,1.0,1.0,0.0,0.0,0.0,1.0,1.0,2.0,0.0,2.0,4.0,5.0,10.0,0.0,0.0,3.0,0.0,2.0,1.0,4.0,5.0,1.0,0.0,0.0,0.0,5.0,3.0,2.0,1.0,0.0,1.0,0.0,7.0,7.0,4.0,0.0
321547796,cian.ru,Пресненский,86.0,14.0,1219.0,0.0,125.5,3792,13445,571,2247,621300.0,354.0,96.0,6898.0,0.0,415.3888888888889,3792,13445,571,2247,8.0,3.0,4.0,11.0,0.0,4.0,3.0,0.0,2.0,0.0,2.0,0.0,3.0,0.0,0.0,1.0,2.0,0.0,0.0,1.0,0.0,1.0,6.0,7.0,5.0,3.0,0.0,67.0,18.0,13.0,68.0,0.0,11.0,9.0,0.0,11.0,1.0,4.0,5.0,17.0,1.0,0.0,4.0,15.0,3.0,9.0,5.0,1.0,2.0,13.0,33.0,48.0,7.0,3.0
319708809,cian.ru,Даниловский,54.0,19.0,2897.0,89.0,234.27272727272728,5214,28352,3840,15078,399100.0,237.0,59.0,6894.0,89.0,385.2258064516129,5214,28352,3840,15078,8.0,4.0,12.0,38.0,1.0,2.0,4.0,0.0,18.0,3.0,1.0,3.0,0.0,0.0,2.0,6.0,13.0,1.0,7.0,9.0,0.0,1.0,5.0,16.0,33.0,3.0,3.0,19.0,10.0,20.0,76.0,1.0,11.0,10.0,0.0,75.0,11.0,3.0,6.0,2.0,0.0,2.0,11.0,26.0,3.0,16.0,13.0,0.0,6.0,22.0,38.0,65.0,3.0,3.0
325053108,cian.ru,Тимирязевский,18.0,8.0,528.0,22.0,22.0,6478,20323,2824,6019,347300.0,75.0,37.0,3976.0,22.0,446.375,6478,20323,2824,6019,1.0,1.0,4.0,4.0,0.0,0.0,1.0,0.0,5.0,1.0,1.0,2.0,0.0,0.0,1.0,0.0,13.0,1.0,1.0,1.0,0.0,0.0,2.0,3.0,7.0,0.0,0.0,4.0,2.0,6.0,8.0,0.0,2.0,3.0,0.0,20.0,5.0,2.0,3.0,0.0,4.0,1.0,4.0,17.0,1.0,3.0,2.0,0.0,0.0,7.0,8.0,9.0,2.0,0.0
321875839,cian.ru,Бутово Южное,23.0,14.0,4362.0,131.0,167.5,1426,4430,3219,3560,259700.0,133.0,66.0,10628.0,131.0,394.5,1426,4430,3219,3560,1.0,3.0,10.0,14.0,0.0,0.0,4.0,0.0,20.0,3.0,2.0,2.0,0.0,0.0,0.0,0.0,15.0,2.0,3.0,3.0,0.0,0.0,2.0,4.0,4.0,4.0,0.0,11.0,6.0,29.0,41.0,0.0,4.0,13.0,0.0,65.0,13.0,9.0,7.0,0.0,0.0,4.0,0.0,52.0,6.0,12.0,11.0,0.0,1.0,12.0,14.0,21.0,7.0,3.0
322572336,cian.ru,Пресненский,21.0,8.0,1773.0,0.0,204.8,4670,318598,5210,103583,621300.0,71.0,29.0,3682.0,0.0,303.48148148148147,4670,318598,5210,103583,18.0,5.0,38.0,63.0,0.0,13.0,8.0,0.0,30.0,17.0,0.0,0.0,1.0,0.0,2.0,12.0,15.0,6.0,27.0,12.0,2.0,0.0,35.0,61.0,116.0,1.0,8.0,42.0,7.0,53.0,79.0,0.0,15.0,13.0,0.0,46.0,20.0,0.0,2.0,1.0,0.0,5.0,16.0,17.0,7.0,32.0,16.0,2.0,1.0,50.0,93.0,152.0,1.0,13.0
323257752,cian.ru,Замоскворечье,110.0,28.0,2296.0,0.0,144.22727272727272,1008,15214,1043,9312,543700.0,402.0,103.0,7417.0,0.0,387.39,1008,15214,1043,9312,10.0,6.0,4.0,11.0,1.0,7.0,2.0,0.0,8.0,0.0,2.0,3.0,19.0,1.0,0.0,3.0,6.0,0.0,4.0,2.0,0.0,0.0,8.0,8.0,8.0,2.0,1.0,33.0,17.0,29.0,80.0,1.0,14.0,13.0,0.0,40.0,8.0,7.0,4.0,26.0,1.0,1.0,12.0,22.0,3.0,15.0,6.0,0.0,7.0,36.0,51.0,93.0,8.0,4.0
320037850,cian.ru,Раменки,41.0,16.0,3883.0,230.0,234.5,2168,6668,1969,4006,483300.0,121.0,48.0,12003.0,230.0,402.2,2168,6668,1969,4006,15.0,7.0,4.0,20.0,0.0,2.0,5.0,0.0,1.0,0.0,4.0,5.0,0.0,0.0,1.0,0.0,11.0,0.0,1.0,1.0,0.0,0.0,3.0,3.0,5.0,2.0,0.0,32.0,20.0,23.0,56.0,0.0,4.0,14.0,0.0,24.0,8.0,9.0,9.0,0.0,1.0,3.0,2.0,22.0,9.0,12.0,9.0,0.0,0.0,9.0,11.0,40.0,9.0,2.0
323013869,cian.ru,Замоскворечье,184.0,50.0,1153.0,0.0,182.77777777777777,4266,74034,995,19130,543700.0,627.0,151.0,4225.0,0.0,386.8376068376068,4266,74034,995,19130,15.0,3.0,8.0,34.0,1.0,0.0,3.0,0.0,11.0,6.0,1.0,0.0,10.0,0.0,1.0,0.0,11.0,0.0,11.0,3.0,0.0,3.0,5.0,21.0,53.0,2.0,1.0,34.0,12.0,20.0,133.0,1.0,9.0,14.0,0.0,35.0,10.0,4.0,0.0,19.0,0.0,3.0,13.0,32.0,1.0,23.0,17.0,0.0,17.0,21.0,50.0,113.0,9.0,7.0
324900251,cian.ru,Даниловский,41.0,5.0,726.0,5.0,173.47058823529412,230,58551,733,23826,399100.0,186.0,38.0,4432.0,5.0,266.82142857142856,230,58551,733,23826,13.0,1.0,14.0,24.0,0.0,2.0,5.0,0.0,19.0,7.0,0.0,0.0,1.0,0.0,4.0,10.0,14.0,2.0,8.0,4.0,0.0,2.0,18.0,47.0,49.0,0.0,4.0,24.0,6.0,27.0,49.0,0.0,2.0,8.0,0.0,30.0,17.0,2.0,4.0,2.0,0.0,4.0,14.0,29.0,6.0,14.0,11.0,0.0,5.0,20.0,70.0,60.0,5.0,6.0
320952345,cian.ru,Хорошевский,10.0,1.0,,55.0,55.0,350,6412,1309,8358,443000.0,73.0,10.0,2185.0,55.0,356.7142857142857,350,6412,1309,8358,1.0,2.0,9.0,18.0,0.0,2.0,4.0,2.0,23.0,2.0,1.0,0.0,0.0,0.0,0.0,1.0,8.0,1.0,2.0,2.0,2.0,3.0,6.0,17.0,29.0,0.0,1.0,1.0,3.0,19.0,26.0,0.0,5.0,5.0,2.0,50.0,3.0,4.0,3.0,0.0,0.0,3.0,5.0,13.0,2.0,8.0,3.0,15.0,3.0,17.0,44.0,75.0,0.0,1.0
3086829570841411072,realty.yandex.ru,Хорошевский,50.0,15.0,1337.0,0.0,126.625,6818,81527,1967,22214,443000.0,250.0,67.0,6819.0,0.0,341.15,6818,81527,1967,22214,4.0,3.0,10.0,17.0,0.0,1.0,3.0,0.0,12.0,0.0,2.0,1.0,19.0,3.0,1.0,5.0,8.0,1.0,7.0,2.0,0.0,0.0,6.0,19.0,17.0,2.0,1.0,13.0,13.0,26.0,37.0,0.0,3.0,9.0,0.0,28.0,4.0,5.0,3.0,26.0,4.0,1.0,7.0,23.0,4.0,12.0,10.0,0.0,0.0,10.0,34.0,28.0,5.0,2.0
320381407,cian.ru,Марьина Роща,75.0,27.0,2564.0,12.0,163.0,2776,29389,3682,13882,402200.0,251.0,86.0,7360.0,12.0,311.2903225806452,2776,29389,3682,13882,11.0,2.0,4.0,10.0,1.0,1.0,0.0,0.0,4.0,3.0,1.0,1.0,0.0,0.0,1.0,2.0,5.0,0.0,4.0,3.0,0.0,0.0,0.0,6.0,10.0,2.0,0.0,42.0,9.0,16.0,38.0,3.0,14.0,16.0,0.0,25.0,9.0,7.0,1.0,6.0,2.0,2.0,6.0,25.0,5.0,11.0,11.0,1.0,11.0,19.0,21.0,53.0,6.0,1.0
323644098,cian.ru,Крылатское,17.0,8.0,2160.0,0.0,192.5,3178,9556,3302,4583,404400.0,73.0,29.0,8947.0,0.0,356.22222222222223,3178,9556,3302,4583,3.0,2.0,3.0,11.0,0.0,6.0,2.0,0.0,6.0,1.0,1.0,0.0,0.0,0.0,2.0,1.0,1.0,2.0,3.0,2.0,0.0,0.0,0.0,5.0,1.0,0.0,0.0,13.0,2.0,16.0,29.0,0.0,6.0,6.0,0.0,16.0,6.0,4.0,3.0,1.0,0.0,5.0,1.0,15.0,3.0,10.0,10.0,0.0,1.0,2.0,11.0,6.0,5.0,2.0
3965285094502453760,realty.yandex.ru,Якиманка,100.0,25.0,1012.0,9.0,184.77142857142857,486,14190,1781,17834,680600.0,376.0,74.0,3394.0,9.0,345.6666666666667,486,14190,1781,17834,31.0,3.0,2.0,8.0,1.0,2.0,2.0,0.0,1.0,3.0,2.0,1.0,0.0,0.0,1.0,5.0,2.0,1.0,4.0,3.0,0.0,3.0,1.0,6.0,17.0,1.0,1.0,41.0,13.0,11.0,38.0,1.0,7.0,8.0,0.0,9.0,5.0,6.0,4.0,8.0,0.0,1.0,9.0,13.0,3.0,9.0,6.0,1.0,9.0,9.0,37.0,54.0,6.0,3.0
319754389,cian.ru,Тверской,120.0,32.0,1287.0,0.0,219.5652173913044,1980,25568,750,8732,609300.0,538.0,208.0,6289.0,0.0,405.1454545454545,1980,25568,750,8732,24.0,5.0,11.0,29.0,0.0,3.0,4.0,0.0,7.0,3.0,5.0,1.0,4.0,0.0,0.0,6.0,2.0,1.0,3.0,2.0,0.0,1.0,5.0,19.0,41.0,2.0,1.0,57.0,28.0,32.0,159.0,0.0,16.0,19.0,0.0,26.0,17.0,8.0,5.0,4.0,0.0,0.0,18.0,16.0,7.0,21.0,14.0,0.0,3.0,28.0,63.0,151.0,8.0,7.0
320953974,cian.ru,Головинский,44.0,10.0,1146.0,72.0,184.11111111111111,210,2734,510,1039,329000.0,177.0,84.0,12166.0,72.0,293.6666666666667,210,2734,510,1039,5.0,1.0,13.0,15.0,0.0,3.0,5.0,0.0,21.0,2.0,0.0,2.0,7.0,0.0,2.0,5.0,13.0,2.0,3.0,5.0,1.0,0.0,7.0,6.0,14.0,7.0,0.0,14.0,4.0,39.0,46.0,1.0,5.0,12.0,1.0,55.0,16.0,5.0,6.0,7.0,0.0,4.0,8.0,34.0,7.0,8.0,10.0,3.0,0.0,17.0,27.0,45.0,14.0,2.0
7523548143730263040,realty.yandex.ru,Хамовники,116.0,23.0,928.0,1.0,185.09375,3448,25152,613,10311,846800.0,448.0,135.0,6057.0,1.0,310.125,3448,25152,613,10311,27.0,12.0,10.0,24.0,2.0,2.0,3.0,0.0,3.0,4.0,1.0,0.0,1.0,0.0,0.0,9.0,7.0,1.0,5.0,1.0,0.0,0.0,15.0,25.0,31.0,2.0,1.0,77.0,16.0,25.0,69.0,2.0,8.0,11.0,0.0,12.0,14.0,8.0,4.0,12.0,1.0,0.0,15.0,16.0,6.0,12.0,8.0,0.0,2.0,23.0,43.0,59.0,5.0,2.0
323297956,cian.ru,Красносельский,95.0,23.0,499.0,0.0,204.3333333333333,240,8602,458,6875,454800.0,382.0,92.0,4707.0,0.0,371.609375,240,8602,458,6875,4.0,5.0,2.0,23.0,0.0,4.0,2.0,0.0,9.0,4.0,0.0,2.0,1.0,0.0,0.0,3.0,4.0,4.0,5.0,1.0,0.0,3.0,9.0,8.0,31.0,5.0,0.0,35.0,18.0,17.0,100.0,3.0,13.0,12.0,0.0,22.0,13.0,6.0,3.0,2.0,0.0,1.0,11.0,26.0,7.0,27.0,8.0,0.0,3.0,26.0,48.0,62.0,11.0,0.0
321409510,cian.ru,Красносельский,95.0,23.0,499.0,0.0,204.3333333333333,240,8602,458,6875,454800.0,382.0,92.0,4707.0,0.0,371.609375,240,8602,458,6875,4.0,5.0,2.0,23.0,0.0,4.0,2.0,0.0,9.0,4.0,0.0,2.0,1.0,0.0,0.0,3.0,4.0,4.0,5.0,1.0,0.0,3.0,9.0,8.0,31.0,5.0,0.0,35.0,18.0,17.0,100.0,3.0,13.0,12.0,0.0,22.0,13.0,6.0,3.0,2.0,0.0,1.0,11.0,26.0,7.0,27.0,8.0,0.0,3.0,26.0,48.0,62.0,11.0,0.0
323177511,cian.ru,Басманный,131.0,39.0,2170.0,0.0,135.75862068965515,824,17309,694,5365,461200.0,457.0,130.0,5288.0,0.0,312.3478260869565,824,17309,694,5365,20.0,2.0,5.0,46.0,1.0,3.0,4.0,0.0,6.0,3.0,2.0,4.0,5.0,0.0,0.0,3.0,9.0,0.0,3.0,0.0,0.0,2.0,11.0,9.0,5.0,0.0,0.0,54.0,11.0,17.0,100.0,1.0,7.0,9.0,0.0,17.0,9.0,6.0,5.0,16.0,0.0,2.0,13.0,17.0,4.0,8.0,17.0,0.0,8.0,28.0,38.0,86.0,4.0,5.0
3962878261589279744,realty.yandex.ru,Тверской,111.0,46.0,2479.0,8.0,200.23076923076923,1146,19431,969,8839,609300.0,360.0,150.0,8144.0,8.0,378.0933333333333,1146,19431,969,8839,7.0,5.0,6.0,45.0,0.0,4.0,5.0,0.0,4.0,4.0,1.0,2.0,0.0,0.0,1.0,8.0,7.0,0.0,6.0,6.0,0.0,0.0,4.0,10.0,45.0,0.0,3.0,56.0,20.0,39.0,145.0,0.0,11.0,15.0,0.0,41.0,21.0,4.0,6.0,0.0,2.0,2.0,16.0,25.0,7.0,25.0,15.0,1.0,2.0,31.0,58.0,153.0,9.0,10.0
325262656,cian.ru,Рязанский,55.0,29.0,3286.0,168.0,204.0,544,4058,1985,1873,295600.0,178.0,81.0,9667.0,168.0,396.3333333333333,544,4058,1985,1873,0.0,1.0,7.0,5.0,2.0,0.0,5.0,0.0,17.0,8.0,2.0,1.0,0.0,0.0,1.0,0.0,14.0,1.0,4.0,3.0,0.0,0.0,2.0,1.0,8.0,2.0,0.0,7.0,3.0,17.0,33.0,2.0,0.0,9.0,0.0,66.0,17.0,8.0,2.0,1.0,0.0,2.0,1.0,29.0,3.0,9.0,7.0,0.0,0.0,4.0,17.0,39.0,15.0,1.0
324559852,cian.ru,Тверской,109.0,46.0,2587.0,0.0,193.04166666666663,1146,19431,969,8839,609300.0,363.0,151.0,8164.0,0.0,377.0133333333333,1146,19431,969,8839,7.0,5.0,6.0,44.0,0.0,4.0,5.0,0.0,4.0,4.0,1.0,2.0,0.0,0.0,1.0,7.0,7.0,0.0,6.0,6.0,0.0,0.0,4.0,10.0,45.0,0.0,3.0,55.0,22.0,35.0,145.0,0.0,11.0,15.0,0.0,40.0,21.0,4.0,6.0,0.0,2.0,2.0,15.0,25.0,7.0,24.0,15.0,1.0,2.0,29.0,56.0,154.0,9.0,10.0
324401494,cian.ru,Тверской,109.0,46.0,2587.0,0.0,193.04166666666663,1146,19431,969,8839,609300.0,363.0,151.0,8164.0,0.0,377.0133333333333,1146,19431,969,8839,7.0,5.0,6.0,44.0,0.0,4.0,5.0,0.0,4.0,4.0,1.0,2.0,0.0,0.0,1.0,7.0,7.0,0.0,6.0,6.0,0.0,0.0,4.0,10.0,45.0,0.0,3.0,55.0,22.0,35.0,145.0,0.0,11.0,15.0,0.0,40.0,21.0,4.0,6.0,0.0,2.0,2.0,15.0,25.0,7.0,24.0,15.0,1.0,2.0,29.0,56.0,154.0,9.0,10.0
323313218,cian.ru,Ломоносовский,32.0,11.0,1585.0,165.0,216.5,2422,5690,2396,5301,418300.0,97.0,38.0,5869.0,165.0,417.7142857142857,2422,5690,2396,5301,6.0,0.0,6.0,5.0,0.0,3.0,4.0,0.0,2.0,1.0,0.0,2.0,1.0,0.0,0.0,3.0,5.0,1.0,4.0,3.0,0.0,0.0,5.0,2.0,6.0,3.0,0.0,12.0,7.0,12.0,12.0,0.0,5.0,7.0,0.0,11.0,3.0,6.0,6.0,2.0,2.0,2.0,5.0,19.0,4.0,9.0,7.0,0.0,0.0,8.0,6.0,12.0,5.0,1.0
321433221,cian.ru,Медведково Северное,34.0,21.0,3535.0,,,3230,1849,1739,399,301300.0,133.0,65.0,11330.0,332.0,451.625,3230,1849,1739,399,5.0,1.0,2.0,4.0,0.0,0.0,1.0,0.0,0.0,0.0,2.0,3.0,0.0,0.0,0.0,0.0,3.0,0.0,0.0,2.0,0.0,0.0,0.0,1.0,1.0,0.0,1.0,11.0,1.0,14.0,18.0,0.0,0.0,12.0,0.0,21.0,10.0,4.0,7.0,0.0,0.0,3.0,0.0,28.0,4.0,7.0,4.0,0.0,3.0,7.0,9.0,18.0,6.0,3.0
3986832478444078080,realty.yandex.ru,Замоскворечье,167.0,33.0,518.0,0.0,201.52272727272728,574,19817,534,19220,543700.0,440.0,89.0,2293.0,0.0,342.15625,574,19817,534,19220,12.0,4.0,3.0,64.0,0.0,4.0,4.0,0.0,14.0,3.0,1.0,1.0,0.0,0.0,2.0,5.0,5.0,0.0,2.0,6.0,0.0,5.0,10.0,13.0,49.0,2.0,2.0,29.0,8.0,12.0,117.0,1.0,5.0,7.0,0.0,25.0,10.0,4.0,1.0,7.0,0.0,3.0,11.0,14.0,0.0,14.0,8.0,0.0,15.0,19.0,37.0,114.0,6.0,5.0
320214684,cian.ru,Тверской,166.0,51.0,1014.0,35.0,193.4193548387097,944,25975,312,11038,609300.0,522.0,132.0,3586.0,35.0,400.5575221238938,944,25975,312,11038,12.0,3.0,5.0,38.0,0.0,4.0,2.0,0.0,0.0,0.0,3.0,0.0,1.0,1.0,0.0,4.0,0.0,2.0,1.0,5.0,0.0,3.0,5.0,9.0,43.0,7.0,0.0,36.0,12.0,32.0,118.0,3.0,13.0,13.0,0.0,17.0,9.0,5.0,2.0,5.0,1.0,3.0,18.0,12.0,3.0,16.0,21.0,0.0,13.0,24.0,43.0,201.0,8.0,4.0
321840924,cian.ru,Дорогомилово,53.0,23.0,2640.0,123.0,225.57142857142856,1810,4591,2737,9749,530200.0,162.0,54.0,7051.0,123.0,403.375,1810,4591,2737,9749,6.0,10.0,14.0,21.0,0.0,1.0,4.0,0.0,13.0,2.0,2.0,2.0,0.0,0.0,0.0,1.0,9.0,2.0,7.0,7.0,0.0,0.0,3.0,11.0,27.0,2.0,0.0,13.0,16.0,28.0,60.0,0.0,3.0,11.0,0.0,25.0,7.0,4.0,4.0,0.0,0.0,2.0,7.0,14.0,2.0,17.0,14.0,1.0,1.0,16.0,34.0,74.0,7.0,1.0
319315287,cian.ru,Арбат,115.0,53.0,1429.0,64.0,141.76470588235293,1772,17560,1277,10052,820400.0,552.0,203.0,5318.0,64.0,419.38461538461536,1772,17560,1277,10052,8.0,5.0,7.0,49.0,2.0,6.0,3.0,0.0,4.0,3.0,3.0,0.0,2.0,0.0,0.0,2.0,9.0,1.0,7.0,3.0,1.0,3.0,4.0,29.0,39.0,0.0,2.0,45.0,17.0,17.0,117.0,2.0,9.0,14.0,0.0,18.0,12.0,14.0,2.0,16.0,0.0,1.0,10.0,21.0,4.0,16.0,14.0,3.0,7.0,15.0,56.0,108.0,8.0,3.0
8427502013113795584,realty.yandex.ru,Басманный,127.0,36.0,2098.0,0.0,140.76666666666668,1652,26377,832,7852,461200.0,455.0,129.0,5204.0,0.0,310.7058823529412,1652,26377,832,7852,20.0,1.0,5.0,42.0,1.0,3.0,3.0,0.0,6.0,3.0,2.0,4.0,5.0,0.0,0.0,3.0,9.0,0.0,3.0,0.0,0.0,2.0,11.0,8.0,4.0,0.0,0.0,52.0,10.0,17.0,102.0,1.0,7.0,9.0,0.0,17.0,9.0,6.0,5.0,16.0,0.0,2.0,13.0,17.0,4.0,8.0,17.0,0.0,7.0,26.0,38.0,86.0,4.0,5.0
3941757984977221120,realty.yandex.ru,Хамовники,122.0,41.0,1717.0,18.0,173.375,2164,6657,1349,10444,846800.0,490.0,164.0,6471.0,18.0,400.18055555555554,2164,6657,1349,10444,14.0,5.0,9.0,16.0,0.0,1.0,3.0,0.0,5.0,7.0,1.0,2.0,0.0,0.0,0.0,2.0,5.0,0.0,4.0,4.0,0.0,0.0,4.0,10.0,5.0,0.0,1.0,60.0,19.0,22.0,76.0,2.0,8.0,11.0,0.0,14.0,17.0,7.0,6.0,14.0,0.0,0.0,11.0,21.0,3.0,11.0,10.0,0.0,2.0,23.0,37.0,48.0,5.0,2.0
321982450,cian.ru,Хамовники,100.0,36.0,2065.0,27.0,184.1,1054,7492,753,6803,846800.0,287.0,86.0,5572.0,27.0,427.06666666666666,1054,7492,753,6803,2.0,2.0,2.0,11.0,0.0,0.0,3.0,0.0,2.0,2.0,2.0,2.0,2.0,0.0,0.0,2.0,2.0,1.0,1.0,1.0,0.0,2.0,0.0,2.0,2.0,3.0,0.0,50.0,16.0,17.0,47.0,2.0,5.0,8.0,0.0,8.0,8.0,6.0,5.0,2.0,1.0,1.0,11.0,8.0,4.0,8.0,8.0,0.0,2.0,22.0,24.0,52.0,7.0,1.0
3986832478495795200,realty.yandex.ru,Выхино-Жулебино,50.0,35.0,2709.0,,,1076,3010,2432,4283,273000.0,132.0,73.0,7284.0,,,1076,3010,2432,4283,17.0,3.0,11.0,9.0,0.0,1.0,3.0,0.0,9.0,5.0,2.0,1.0,0.0,0.0,1.0,0.0,21.0,2.0,1.0,4.0,0.0,0.0,2.0,5.0,5.0,3.0,0.0,20.0,8.0,22.0,17.0,0.0,2.0,11.0,0.0,23.0,5.0,6.0,8.0,0.0,0.0,5.0,0.0,35.0,7.0,6.0,7.0,0.0,1.0,3.0,10.0,14.0,7.0,5.0
324903669,cian.ru,Хамовники,99.0,10.0,537.0,90.0,177.28571428571428,516,13467,177,13054,846800.0,279.0,62.0,4321.0,90.0,389.5263157894737,516,13467,177,13054,19.0,2.0,4.0,3.0,0.0,0.0,2.0,0.0,1.0,2.0,0.0,3.0,4.0,0.0,0.0,2.0,0.0,1.0,1.0,0.0,0.0,0.0,3.0,1.0,7.0,5.0,0.0,109.0,6.0,16.0,24.0,2.0,10.0,4.0,0.0,8.0,9.0,3.0,7.0,19.0,0.0,1.0,4.0,6.0,2.0,3.0,5.0,0.0,1.0,10.0,9.0,34.0,6.0,0.0
322532427,cian.ru,Рязанский,50.0,9.0,1113.0,62.0,157.0,1084,7840,1893,3681,295600.0,216.0,52.0,4772.0,62.0,416.9166666666667,1084,7840,1893,3681,1.0,1.0,1.0,1.0,0.0,0.0,1.0,0.0,3.0,0.0,0.0,2.0,0.0,0.0,0.0,2.0,5.0,0.0,1.0,0.0,0.0,0.0,4.0,0.0,3.0,0.0,0.0,4.0,2.0,8.0,10.0,0.0,0.0,6.0,0.0,18.0,8.0,3.0,5.0,1.0,0.0,0.0,5.0,16.0,6.0,4.0,2.0,0.0,0.0,10.0,3.0,7.0,2.0,0.0
324736717,cian.ru,Тверской,150.0,49.0,1548.0,40.0,175.4193548387097,1498,14496,561,7357,609300.0,445.0,136.0,5127.0,40.0,370.1782178217822,1498,14496,561,7357,11.0,9.0,5.0,37.0,0.0,4.0,3.0,0.0,7.0,6.0,6.0,2.0,1.0,0.0,0.0,6.0,1.0,1.0,3.0,3.0,0.0,2.0,5.0,11.0,16.0,1.0,1.0,44.0,26.0,28.0,132.0,0.0,14.0,16.0,0.0,30.0,12.0,7.0,9.0,7.0,0.0,0.0,17.0,17.0,4.0,14.0,13.0,0.0,6.0,23.0,61.0,148.0,5.0,4.0
322603365,cian.ru,Мещанский,121.0,27.0,1562.0,36.0,190.31578947368425,1446,23311,656,13995,530600.0,443.0,128.0,7021.0,36.0,402.1645569620253,1446,23311,656,13995,49.0,6.0,3.0,38.0,1.0,2.0,0.0,0.0,2.0,3.0,1.0,0.0,2.0,0.0,0.0,2.0,3.0,0.0,3.0,2.0,0.0,3.0,2.0,11.0,19.0,6.0,1.0,89.0,21.0,20.0,108.0,2.0,4.0,11.0,0.0,24.0,15.0,3.0,2.0,14.0,0.0,1.0,9.0,9.0,2.0,15.0,8.0,0.0,8.0,13.0,48.0,94.0,13.0,3.0
7540338914,avito.ru,Обручевский,21.0,6.0,1106.0,36.0,145.0,130,4037,1074,7652,411600.0,120.0,20.0,5537.0,36.0,375.55555555555554,130,4037,1074,7652,0.0,0.0,0.0,1.0,0.0,3.0,0.0,0.0,3.0,0.0,0.0,0.0,0.0,0.0,0.0,3.0,1.0,0.0,2.0,1.0,0.0,0.0,2.0,1.0,4.0,1.0,0.0,16.0,0.0,5.0,6.0,0.0,3.0,6.0,0.0,6.0,4.0,1.0,2.0,0.0,3.0,0.0,6.0,7.0,1.0,5.0,3.0,0.0,4.0,6.0,7.0,9.0,5.0,3.0
325209977,cian.ru,Алексеевский,71.0,34.0,2829.0,133.0,190.3333333333333,2038,6233,2109,4417,397600.0,214.0,85.0,9918.0,133.0,425.7894736842105,2038,6233,2109,4417,4.0,1.0,9.0,13.0,0.0,0.0,1.0,0.0,22.0,7.0,0.0,1.0,0.0,0.0,0.0,1.0,8.0,1.0,1.0,5.0,0.0,0.0,3.0,6.0,9.0,3.0,2.0,24.0,7.0,16.0,36.0,1.0,4.0,7.0,0.0,32.0,11.0,4.0,4.0,5.0,1.0,0.0,5.0,20.0,6.0,5.0,14.0,0.0,1.0,14.0,17.0,25.0,7.0,2.0
3966105355550833152,realty.yandex.ru,Тверской,111.0,46.0,2479.0,8.0,200.23076923076923,1146,19431,969,8839,609300.0,360.0,150.0,8144.0,8.0,378.0933333333333,1146,19431,969,8839,7.0,5.0,6.0,45.0,0.0,4.0,5.0,0.0,4.0,4.0,1.0,2.0,0.0,0.0,1.0,8.0,7.0,0.0,6.0,6.0,0.0,0.0,4.0,10.0,45.0,0.0,3.0,56.0,20.0,39.0,145.0,0.0,11.0,15.0,0.0,41.0,21.0,4.0,6.0,0.0,2.0,2.0,16.0,25.0,7.0,25.0,15.0,1.0,2.0,31.0,58.0,153.0,9.0,10.0
8139937663171803136,realty.yandex.ru,Басманный,184.0,47.0,919.0,31.0,209.1851851851852,1022,13913,373,6324,461200.0,692.0,157.0,3737.0,31.0,414.84057971014494,1022,13913,373,6324,25.0,4.0,10.0,47.0,0.0,5.0,2.0,0.0,6.0,4.0,0.0,1.0,3.0,1.0,0.0,0.0,3.0,0.0,3.0,3.0,0.0,4.0,5.0,9.0,50.0,0.0,0.0,73.0,31.0,35.0,190.0,0.0,22.0,15.0,0.0,25.0,14.0,3.0,5.0,15.0,1.0,0.0,11.0,15.0,2.0,18.0,14.0,0.0,22.0,27.0,63.0,274.0,6.0,6.0
4035986349848885248,realty.yandex.ru,Тверской,111.0,46.0,2479.0,8.0,200.23076923076923,1146,19431,969,8839,609300.0,360.0,150.0,8144.0,8.0,378.0933333333333,1146,19431,969,8839,7.0,5.0,6.0,45.0,0.0,4.0,5.0,0.0,4.0,4.0,1.0,2.0,0.0,0.0,1.0,8.0,7.0,0.0,6.0,6.0,0.0,0.0,4.0,10.0,45.0,0.0,3.0,56.0,20.0,39.0,145.0,0.0,11.0,15.0,0.0,41.0,21.0,4.0,6.0,0.0,2.0,2.0,16.0,25.0,7.0,25.0,15.0,1.0,2.0,31.0,58.0,153.0,9.0,10.0
320521839,cian.ru,Таганский,89.0,19.0,1395.0,34.0,199.03225806451613,1592,14955,730,6802,433700.0,384.0,87.0,7643.0,34.0,360.6781609195402,1592,14955,730,6802,12.0,10.0,19.0,52.0,0.0,1.0,1.0,0.0,13.0,3.0,4.0,1.0,2.0,0.0,1.0,5.0,9.0,1.0,6.0,5.0,1.0,1.0,7.0,6.0,18.0,7.0,3.0,48.0,25.0,43.0,180.0,4.0,11.0,15.0,0.0,36.0,9.0,15.0,5.0,5.0,0.0,5.0,10.0,44.0,5.0,18.0,19.0,2.0,3.0,27.0,36.0,92.0,14.0,7.0
3987628968732551168,realty.yandex.ru,Таганский,53.0,21.0,1875.0,79.0,207.7333333333333,1164,12065,434,496,433700.0,293.0,62.0,5523.0,79.0,416.84,1164,12065,434,496,10.0,8.0,4.0,51.0,0.0,3.0,0.0,0.0,0.0,5.0,1.0,0.0,0.0,0.0,0.0,0.0,4.0,0.0,1.0,2.0,0.0,0.0,2.0,1.0,7.0,1.0,0.0,25.0,20.0,19.0,135.0,0.0,9.0,8.0,0.0,14.0,11.0,7.0,3.0,4.0,0.0,1.0,4.0,16.0,2.0,10.0,9.0,0.0,4.0,15.0,32.0,78.0,6.0,3.0
324168196,cian.ru,Таганский,105.0,25.0,1669.0,0.0,178.96296296296296,1122,7951,1035,5755,433700.0,344.0,73.0,6334.0,0.0,387.9565217391304,1122,7951,1035,5755,27.0,7.0,11.0,40.0,0.0,4.0,4.0,0.0,9.0,1.0,5.0,2.0,2.0,0.0,0.0,4.0,16.0,2.0,3.0,5.0,0.0,0.0,5.0,12.0,16.0,7.0,2.0,58.0,30.0,48.0,204.0,4.0,13.0,11.0,0.0,34.0,13.0,13.0,5.0,7.0,0.0,5.0,10.0,38.0,3.0,18.0,18.0,1.0,4.0,25.0,35.0,101.0,11.0,6.0
324211401,cian.ru,Обручевский,21.0,6.0,1106.0,36.0,145.0,130,4037,1074,7652,411600.0,120.0,20.0,5537.0,36.0,375.55555555555554,130,4037,1074,7652,0.0,0.0,0.0,1.0,0.0,3.0,0.0,0.0,3.0,0.0,0.0,0.0,0.0,0.0,0.0,3.0,1.0,0.0,2.0,1.0,0.0,0.0,2.0,1.0,4.0,1.0,0.0,16.0,0.0,5.0,6.0,0.0,3.0,6.0,0.0,6.0,4.0,1.0,2.0,0.0,3.0,0.0,6.0,7.0,1.0,5.0,3.0,0.0,4.0,6.0,7.0,9.0,5.0,3.0
320982985,cian.ru,Марьина Роща,51.0,2.0,1372.0,27.0,214.84615384615384,4050,24198,4243,28110,402200.0,159.0,27.0,3981.0,27.0,341.1481481481481,4050,24198,4243,28110,1.0,2.0,3.0,2.0,0.0,1.0,0.0,0.0,6.0,0.0,0.0,0.0,2.0,0.0,3.0,3.0,4.0,3.0,2.0,1.0,0.0,1.0,5.0,7.0,23.0,0.0,0.0,8.0,6.0,16.0,18.0,1.0,2.0,6.0,1.0,34.0,3.0,2.0,1.0,3.0,0.0,6.0,10.0,16.0,10.0,8.0,2.0,0.0,2.0,12.0,33.0,72.0,2.0,1.0
3966105355571210752,realty.yandex.ru,Беговой,51.0,11.0,2061.0,16.0,224.1818181818182,3008,36202,1528,16793,414000.0,243.0,63.0,7088.0,16.0,370.6296296296296,3008,36202,1528,16793,4.0,4.0,6.0,5.0,1.0,1.0,1.0,0.0,9.0,2.0,1.0,1.0,1.0,0.0,0.0,2.0,3.0,1.0,4.0,1.0,0.0,0.0,9.0,13.0,15.0,1.0,2.0,20.0,15.0,16.0,36.0,2.0,4.0,9.0,0.0,38.0,13.0,4.0,5.0,4.0,0.0,2.0,9.0,13.0,4.0,18.0,3.0,0.0,4.0,16.0,43.0,53.0,3.0,4.0
323513798,cian.ru,Алексеевский,71.0,34.0,2829.0,133.0,190.3333333333333,2038,6233,2109,4417,397600.0,214.0,85.0,9918.0,133.0,425.7894736842105,2038,6233,2109,4417,4.0,1.0,9.0,13.0,0.0,0.0,1.0,0.0,22.0,7.0,0.0,1.0,0.0,0.0,0.0,1.0,8.0,1.0,1.0,5.0,0.0,0.0,3.0,6.0,9.0,3.0,2.0,24.0,7.0,16.0,36.0,1.0,4.0,7.0,0.0,32.0,11.0,4.0,4.0,5.0,1.0,0.0,5.0,20.0,6.0,5.0,14.0,0.0,1.0,14.0,17.0,25.0,7.0,2.0
7523548143730269184,realty.yandex.ru,Замоскворечье,66.0,7.0,355.0,0.0,168.08,116,25307,899,19297,543700.0,203.0,46.0,2232.0,0.0,301.9183673469388,116,25307,899,19297,4.0,5.0,10.0,28.0,0.0,3.0,1.0,0.0,8.0,0.0,0.0,0.0,1.0,0.0,1.0,6.0,9.0,1.0,7.0,5.0,0.0,0.0,13.0,12.0,17.0,0.0,1.0,19.0,10.0,20.0,51.0,1.0,5.0,6.0,0.0,20.0,6.0,1.0,2.0,5.0,0.0,2.0,15.0,16.0,3.0,11.0,9.0,0.0,7.0,22.0,34.0,65.0,0.0,3.0
324709089,cian.ru,Красносельский,107.0,37.0,1975.0,20.0,165.875,1030,13223,1448,7040,454800.0,430.0,136.0,7493.0,20.0,435.35,1030,13223,1448,7040,21.0,2.0,1.0,13.0,0.0,2.0,1.0,0.0,0.0,3.0,2.0,0.0,3.0,0.0,0.0,1.0,0.0,1.0,3.0,1.0,0.0,1.0,2.0,6.0,14.0,2.0,1.0,96.0,14.0,9.0,112.0,0.0,6.0,6.0,0.0,18.0,10.0,7.0,2.0,18.0,0.0,1.0,8.0,10.0,4.0,13.0,9.0,0.0,4.0,19.0,34.0,81.0,11.0,5.0
322103954,cian.ru,Тверской,71.0,31.0,2113.0,79.0,228.2,1512,14881,1516,5140,609300.0,251.0,77.0,5091.0,79.0,441.38461538461536,1512,14881,1516,5140,7.0,4.0,1.0,10.0,0.0,4.0,2.0,0.0,9.0,2.0,1.0,2.0,11.0,0.0,1.0,1.0,5.0,0.0,0.0,2.0,0.0,0.0,0.0,3.0,7.0,14.0,1.0,31.0,15.0,11.0,53.0,2.0,11.0,6.0,0.0,16.0,6.0,3.0,4.0,12.0,0.0,1.0,10.0,14.0,1.0,5.0,4.0,0.0,3.0,14.0,22.0,33.0,17.0,2.0
116468038951838496,realty.yandex.ru,Тверской,165.0,67.0,1844.0,5.0,199.8333333333333,2536,12741,803,3461,609300.0,506.0,206.0,6249.0,5.0,367.15294117647056,2536,12741,803,3461,27.0,10.0,11.0,34.0,0.0,6.0,5.0,0.0,2.0,5.0,3.0,1.0,1.0,0.0,0.0,2.0,2.0,2.0,6.0,6.0,0.0,1.0,3.0,19.0,39.0,4.0,0.0,68.0,21.0,32.0,126.0,0.0,12.0,16.0,0.0,28.0,13.0,10.0,6.0,6.0,0.0,1.0,16.0,12.0,6.0,20.0,10.0,0.0,5.0,23.0,61.0,175.0,8.0,3.0
2459344389962869248,realty.yandex.ru,Красносельский,96.0,18.0,1788.0,0.0,160.11764705882354,1324,9717,2071,11334,454800.0,246.0,37.0,3444.0,0.0,321.8378378378378,1324,9717,2071,11334,4.0,1.0,4.0,3.0,0.0,0.0,2.0,0.0,10.0,2.0,5.0,0.0,1.0,0.0,0.0,2.0,2.0,2.0,4.0,1.0,0.0,0.0,6.0,7.0,7.0,3.0,0.0,6.0,7.0,12.0,20.0,0.0,2.0,3.0,1.0,27.0,5.0,8.0,1.0,1.0,0.0,1.0,5.0,5.0,4.0,9.0,5.0,0.0,2.0,13.0,16.0,24.0,5.0,1.0
7523548143730267136,realty.yandex.ru,Донской,47.0,12.0,618.0,1.0,212.5,1678,23568,2261,24993,391900.0,226.0,51.0,3659.0,1.0,357.2307692307692,1678,23568,2261,24993,6.0,1.0,6.0,16.0,0.0,0.0,3.0,1.0,18.0,3.0,0.0,1.0,0.0,3.0,1.0,3.0,8.0,1.0,3.0,2.0,0.0,0.0,14.0,13.0,16.0,0.0,0.0,16.0,8.0,25.0,41.0,0.0,4.0,5.0,2.0,38.0,8.0,2.0,4.0,5.0,5.0,2.0,9.0,15.0,4.0,7.0,8.0,0.0,1.0,22.0,26.0,50.0,3.0,1.0
8660284132701639680,realty.yandex.ru,Таганский,81.0,15.0,2433.0,33.0,150.41666666666666,910,8088,3147,10770,433700.0,340.0,94.0,9041.0,33.0,432.8181818181818,910,8088,3147,10770,4.0,8.0,12.0,36.0,0.0,2.0,4.0,0.0,13.0,5.0,2.0,2.0,1.0,0.0,2.0,2.0,11.0,3.0,7.0,2.0,0.0,2.0,8.0,7.0,15.0,2.0,0.0,28.0,22.0,34.0,124.0,4.0,11.0,12.0,0.0,34.0,10.0,18.0,4.0,8.0,1.0,4.0,10.0,28.0,6.0,21.0,16.0,2.0,4.0,22.0,26.0,49.0,14.0,7.0
8660284132701700096,realty.yandex.ru,Тверской,94.0,28.0,1655.0,22.0,168.8181818181818,1054,10130,1898,13851,609300.0,339.0,108.0,7515.0,22.0,396.25757575757575,1054,10130,1898,13851,11.0,6.0,6.0,32.0,0.0,7.0,2.0,0.0,5.0,2.0,2.0,3.0,0.0,0.0,0.0,7.0,3.0,1.0,5.0,3.0,0.0,1.0,10.0,8.0,9.0,0.0,0.0,46.0,27.0,27.0,127.0,2.0,22.0,13.0,0.0,33.0,10.0,5.0,11.0,13.0,0.0,2.0,19.0,23.0,6.0,19.0,17.0,1.0,4.0,32.0,57.0,88.0,19.0,5.0
320928416,cian.ru,Бабушкинский,71.0,12.0,3967.0,74.0,182.125,5146,5594,5084,1483,308800.0,226.0,34.0,6922.0,74.0,333.94594594594594,5146,5594,5084,1483,0.0,2.0,1.0,2.0,1.0,0.0,2.0,0.0,3.0,1.0,0.0,1.0,0.0,0.0,0.0,0.0,2.0,1.0,1.0,2.0,0.0,0.0,0.0,0.0,1.0,0.0,1.0,8.0,3.0,4.0,7.0,1.0,1.0,5.0,0.0,15.0,3.0,1.0,1.0,6.0,0.0,0.0,3.0,12.0,6.0,3.0,3.0,0.0,1.0,5.0,4.0,1.0,2.0,1.0
321467273,cian.ru,Таганский,150.0,20.0,856.0,10.0,199.25925925925927,544,14896,1082,13932,433700.0,536.0,71.0,3395.0,10.0,364.9929577464789,544,14896,1082,13932,22.0,10.0,5.0,26.0,0.0,5.0,1.0,0.0,4.0,1.0,0.0,1.0,13.0,0.0,0.0,8.0,2.0,0.0,2.0,0.0,0.0,1.0,6.0,8.0,15.0,1.0,2.0,56.0,15.0,17.0,98.0,1.0,9.0,8.0,0.0,15.0,7.0,10.0,3.0,16.0,0.0,1.0,18.0,8.0,1.0,9.0,3.0,0.0,5.0,17.0,27.0,78.0,2.0,9.0
320682694,cian.ru,Тверской,63.0,25.0,3364.0,0.0,135.54545454545453,746,4060,725,3668,609300.0,263.0,76.0,6952.0,0.0,405.75,746,4060,725,3668,3.0,4.0,3.0,9.0,0.0,2.0,1.0,0.0,5.0,4.0,1.0,1.0,3.0,0.0,0.0,1.0,4.0,1.0,5.0,1.0,0.0,3.0,4.0,5.0,8.0,0.0,0.0,32.0,13.0,15.0,40.0,3.0,3.0,9.0,0.0,25.0,10.0,4.0,4.0,6.0,1.0,1.0,8.0,12.0,4.0,18.0,7.0,0.0,5.0,15.0,38.0,49.0,3.0,4.0
321636510,cian.ru,Якиманка,64.0,26.0,3301.0,5.0,192.25,914,7723,3851,5371,680600.0,335.0,108.0,9294.0,5.0,453.7586206896552,914,7723,3851,5371,2.0,2.0,3.0,17.0,0.0,3.0,3.0,0.0,5.0,0.0,2.0,4.0,1.0,0.0,0.0,1.0,8.0,1.0,1.0,2.0,0.0,0.0,0.0,3.0,4.0,1.0,0.0,40.0,12.0,17.0,80.0,0.0,7.0,13.0,0.0,30.0,12.0,5.0,7.0,7.0,1.0,3.0,7.0,21.0,6.0,14.0,11.0,0.0,1.0,15.0,26.0,38.0,7.0,1.0
7546641873,avito.ru,Басманный,111.0,43.0,1931.0,0.0,202.27777777777777,1490,10003,1757,8947,461200.0,499.0,155.0,5672.0,0.0,401.28767123287673,1490,10003,1757,8947,9.0,4.0,7.0,42.0,0.0,1.0,6.0,0.0,5.0,3.0,0.0,6.0,1.0,1.0,0.0,1.0,6.0,0.0,6.0,1.0,0.0,1.0,8.0,11.0,33.0,5.0,0.0,35.0,24.0,18.0,103.0,1.0,4.0,10.0,0.0,15.0,4.0,7.0,10.0,30.0,2.0,0.0,7.0,21.0,2.0,15.0,6.0,0.0,2.0,22.0,36.0,87.0,10.0,2.0
321255155,cian.ru,Донской,62.0,21.0,2314.0,5.0,128.16666666666666,560,4209,1560,4971,391900.0,191.0,49.0,5137.0,5.0,380.6296296296296,560,4209,1560,4971,3.0,1.0,3.0,27.0,0.0,0.0,3.0,0.0,2.0,4.0,0.0,1.0,1.0,0.0,0.0,0.0,4.0,0.0,4.0,1.0,0.0,0.0,3.0,3.0,5.0,0.0,0.0,7.0,7.0,4.0,48.0,0.0,0.0,8.0,0.0,7.0,4.0,2.0,6.0,6.0,0.0,0.0,4.0,10.0,0.0,11.0,3.0,0.0,1.0,10.0,12.0,18.0,4.0,1.0
318857684,cian.ru,Коммунарка,20.0,18.0,3601.0,,,676,365,686,0,291400.0,55.0,52.0,6961.0,,,676,365,686,0,0.0,0.0,0.0,0.0,0.0,0.0,1.0,0.0,0.0,1.0,0.0,0.0,0.0,0.0,0.0,0.0,4.0,0.0,0.0,0.0,0.0,0.0,0.0,1.0,0.0,0.0,0.0,0.0,0.0,3.0,5.0,0.0,2.0,3.0,0.0,2.0,4.0,1.0,0.0,0.0,0.0,0.0,0.0,10.0,2.0,1.0,2.0,0.0,0.0,0.0,2.0,3.0,0.0,0.0
322074413,cian.ru,Фили-Давыдково,20.0,11.0,3652.0,,,2762,2587,4639,3183,401300.0,94.0,49.0,11068.0,337.0,487.1666666666667,2762,2587,4639,3183,2.0,0.0,6.0,8.0,0.0,0.0,3.0,0.0,12.0,4.0,1.0,1.0,0.0,0.0,1.0,0.0,11.0,2.0,2.0,3.0,0.0,0.0,2.0,1.0,2.0,0.0,0.0,7.0,2.0,14.0,15.0,0.0,0.0,5.0,0.0,28.0,10.0,3.0,9.0,0.0,0.0,2.0,0.0,16.0,2.0,8.0,6.0,3.0,0.0,3.0,9.0,11.0,2.0,1.0
319313283,cian.ru,Москворечье-Сабурово,46.0,20.0,4212.0,0.0,39.0,1444,10111,1212,2749,300500.0,145.0,68.0,11488.0,0.0,202.25,1444,10111,1212,2749,1.0,1.0,6.0,7.0,0.0,0.0,6.0,0.0,5.0,2.0,0.0,1.0,0.0,0.0,0.0,0.0,18.0,1.0,0.0,4.0,0.0,0.0,0.0,0.0,0.0,2.0,0.0,29.0,4.0,11.0,13.0,0.0,1.0,11.0,0.0,13.0,4.0,8.0,6.0,1.0,1.0,0.0,0.0,31.0,4.0,1.0,6.0,0.0,0.0,0.0,1.0,4.0,6.0,0.0
8302263638707024896,realty.yandex.ru,Басманный,124.0,38.0,2101.0,10.0,158.0,378,3580,1792,4486,461200.0,450.0,102.0,5748.0,10.0,366.0697674418605,378,3580,1792,4486,9.0,1.0,4.0,14.0,2.0,4.0,4.0,0.0,11.0,2.0,1.0,1.0,0.0,0.0,0.0,1.0,12.0,2.0,0.0,5.0,0.0,0.0,8.0,4.0,10.0,2.0,0.0,27.0,5.0,9.0,43.0,3.0,6.0,10.0,0.0,27.0,3.0,8.0,4.0,33.0,0.0,0.0,10.0,20.0,9.0,9.0,10.0,0.0,4.0,18.0,25.0,46.0,6.0,2.0
306948989166255232,realty.yandex.ru,Внуково,14.0,10.0,3656.0,,,1972,9568,5168,6106,289500.0,45.0,27.0,9296.0,,,1972,9568,5168,6106,6.0,3.0,9.0,26.0,0.0,3.0,7.0,0.0,14.0,10.0,3.0,2.0,0.0,0.0,1.0,0.0,15.0,4.0,4.0,2.0,0.0,0.0,5.0,14.0,12.0,0.0,1.0,10.0,8.0,15.0,44.0,0.0,5.0,10.0,1.0,21.0,15.0,5.0,6.0,0.0,0.0,1.0,0.0,27.0,5.0,6.0,5.0,0.0,1.0,6.0,15.0,16.0,1.0,1.0
321904658,cian.ru,Левобережный,60.0,10.0,1961.0,8.0,130.75,982,6251,3737,5773,362900.0,165.0,50.0,8543.0,8.0,202.2,982,6251,3737,5773,4.0,1.0,4.0,10.0,0.0,1.0,2.0,0.0,15.0,2.0,1.0,2.0,0.0,0.0,1.0,2.0,6.0,3.0,2.0,3.0,0.0,0.0,9.0,6.0,7.0,1.0,0.0,10.0,4.0,7.0,21.0,1.0,3.0,7.0,0.0,19.0,5.0,2.0,9.0,2.0,2.0,1.0,2.0,14.0,6.0,3.0,4.0,0.0,1.0,10.0,8.0,11.0,4.0,1.0
3964705073483010048,realty.yandex.ru,Левобережный,60.0,10.0,1961.0,8.0,131.125,982,6251,3737,5773,362900.0,165.0,50.0,8543.0,8.0,202.5,982,6251,3737,5773,4.0,1.0,4.0,10.0,0.0,1.0,2.0,0.0,15.0,2.0,1.0,2.0,0.0,0.0,1.0,2.0,6.0,3.0,2.0,3.0,0.0,0.0,9.0,6.0,7.0,1.0,0.0,10.0,4.0,7.0,21.0,1.0,3.0,7.0,0.0,19.0,5.0,2.0,9.0,2.0,2.0,1.0,2.0,14.0,6.0,3.0,4.0,0.0,1.0,10.0,8.0,11.0,4.0,1.0
2361989378766624768,realty.yandex.ru,Внуково,14.0,10.0,3656.0,,,1972,9568,5168,6106,289500.0,45.0,27.0,9296.0,,,1972,9568,5168,6106,6.0,3.0,9.0,26.0,0.0,3.0,7.0,0.0,14.0,10.0,3.0,2.0,0.0,0.0,1.0,0.0,15.0,4.0,4.0,2.0,0.0,0.0,5.0,14.0,12.0,0.0,1.0,10.0,8.0,15.0,44.0,0.0,5.0,10.0,1.0,21.0,15.0,5.0,6.0,0.0,0.0,1.0,0.0,27.0,5.0,6.0,5.0,0.0,1.0,6.0,15.0,16.0,1.0,1.0
321001274,cian.ru,Головинский,33.0,21.0,5021.0,84.0,154.0,3516,2661,4455,2705,329000.0,120.0,57.0,9952.0,84.0,363.125,3516,2661,4455,2705,2.0,2.0,2.0,9.0,1.0,1.0,1.0,0.0,1.0,6.0,0.0,2.0,0.0,0.0,0.0,0.0,3.0,0.0,1.0,0.0,0.0,0.0,2.0,4.0,10.0,0.0,0.0,10.0,2.0,23.0,41.0,1.0,7.0,7.0,1.0,25.0,11.0,4.0,4.0,5.0,0.0,0.0,6.0,20.0,6.0,7.0,5.0,2.0,2.0,12.0,20.0,31.0,5.0,1.0
7629899346,avito.ru,Можайский,31.0,8.0,143.0,0.0,128.85714285714286,228,29484,372,35651,311900.0,91.0,14.0,529.0,0.0,286.46153846153845,228,29484,372,35651,1.0,0.0,3.0,4.0,0.0,1.0,2.0,0.0,8.0,4.0,0.0,0.0,0.0,0.0,0.0,5.0,2.0,1.0,1.0,1.0,0.0,0.0,3.0,10.0,7.0,18.0,0.0,1.0,0.0,3.0,4.0,0.0,1.0,2.0,0.0,11.0,4.0,1.0,0.0,0.0,0.0,0.0,6.0,2.0,1.0,3.0,2.0,0.0,1.0,6.0,13.0,7.0,18.0,0.0
324739640,cian.ru,Таганский,83.0,13.0,2406.0,39.0,152.8181818181818,910,8088,3220,7830,433700.0,317.0,94.0,8999.0,39.0,421.63793103448273,910,8088,3220,7830,5.0,8.0,14.0,37.0,0.0,2.0,4.0,0.0,12.0,5.0,2.0,2.0,1.0,0.0,2.0,2.0,11.0,3.0,7.0,2.0,1.0,3.0,8.0,7.0,14.0,3.0,0.0,30.0,23.0,31.0,124.0,4.0,12.0,13.0,0.0,32.0,10.0,13.0,4.0,7.0,1.0,4.0,9.0,30.0,7.0,21.0,15.0,2.0,4.0,23.0,29.0,49.0,14.0,5.0
320561276,cian.ru,Таганский,98.0,19.0,967.0,9.0,158.67857142857142,408,2939,188,1770,433700.0,460.0,57.0,3022.0,9.0,372.5060240963856,408,2939,188,1770,3.0,0.0,0.0,5.0,1.0,2.0,1.0,0.0,5.0,0.0,1.0,0.0,1.0,0.0,0.0,2.0,1.0,1.0,1.0,1.0,0.0,2.0,2.0,2.0,7.0,0.0,0.0,27.0,5.0,5.0,33.0,1.0,10.0,4.0,0.0,9.0,2.0,3.0,3.0,21.0,0.0,0.0,10.0,7.0,3.0,4.0,3.0,0.0,17.0,9.0,15.0,36.0,3.0,4.0
324446757,cian.ru,Таганский,98.0,19.0,967.0,9.0,158.67857142857142,408,2939,188,1770,433700.0,460.0,57.0,3022.0,9.0,372.5060240963856,408,2939,188,1770,3.0,0.0,0.0,5.0,1.0,2.0,1.0,0.0,5.0,0.0,1.0,0.0,1.0,0.0,0.0,2.0,1.0,1.0,1.0,1.0,0.0,2.0,2.0,2.0,7.0,0.0,0.0,27.0,5.0,5.0,33.0,1.0,10.0,4.0,0.0,9.0,2.0,3.0,3.0,21.0,0.0,0.0,10.0,7.0,3.0,4.0,3.0,0.0,17.0,9.0,15.0,36.0,3.0,4.0
321433370,cian.ru,Тропарево-Никулино,27.0,10.0,2581.0,,,754,1083,3010,2301,399700.0,79.0,32.0,8194.0,470.0,470.0,754,1083,3010,2301,3.0,4.0,3.0,6.0,0.0,0.0,3.0,0.0,4.0,2.0,5.0,0.0,0.0,0.0,0.0,0.0,2.0,2.0,2.0,2.0,0.0,2.0,2.0,1.0,1.0,2.0,1.0,10.0,9.0,8.0,15.0,0.0,1.0,9.0,0.0,5.0,2.0,8.0,3.0,9.0,1.0,0.0,0.0,8.0,3.0,4.0,5.0,0.0,4.0,4.0,2.0,11.0,4.0,1.0
322578738,cian.ru,Ломоносовский,29.0,16.0,2416.0,154.0,154.0,1320,9993,3012,7193,418300.0,97.0,41.0,5569.0,154.0,440.4285714285714,1320,9993,3012,7193,1.0,3.0,6.0,7.0,0.0,5.0,4.0,0.0,2.0,2.0,0.0,2.0,1.0,0.0,0.0,3.0,10.0,2.0,6.0,5.0,0.0,0.0,5.0,2.0,2.0,2.0,0.0,10.0,4.0,10.0,13.0,0.0,5.0,9.0,0.0,16.0,5.0,9.0,4.0,2.0,0.0,1.0,4.0,20.0,3.0,6.0,7.0,0.0,0.0,7.0,6.0,10.0,5.0,1.0
325111739,cian.ru,Ломоносовский,29.0,16.0,2416.0,154.0,154.0,1320,9993,3012,7193,418300.0,97.0,41.0,5569.0,154.0,440.4285714285714,1320,9993,3012,7193,1.0,3.0,6.0,7.0,0.0,5.0,4.0,0.0,2.0,2.0,0.0,2.0,1.0,0.0,0.0,3.0,10.0,2.0,6.0,5.0,0.0,0.0,5.0,2.0,2.0,2.0,0.0,10.0,4.0,10.0,13.0,0.0,5.0,9.0,0.0,16.0,5.0,9.0,4.0,2.0,0.0,1.0,4.0,20.0,3.0,6.0,7.0,0.0,0.0,7.0,6.0,10.0,5.0,1.0
2361982417124036096,realty.yandex.ru,Таганский,39.0,6.0,434.0,3.0,158.33333333333334,484,5717,170,823,433700.0,336.0,43.0,2431.0,3.0,424.1111111111111,484,5717,170,823,2.0,0.0,0.0,4.0,0.0,1.0,0.0,0.0,0.0,2.0,0.0,0.0,0.0,0.0,0.0,0.0,0.0,0.0,0.0,0.0,0.0,2.0,0.0,1.0,0.0,0.0,0.0,22.0,4.0,6.0,21.0,1.0,9.0,5.0,0.0,12.0,3.0,2.0,1.0,16.0,0.0,0.0,5.0,4.0,1.0,3.0,1.0,0.0,14.0,9.0,8.0,20.0,2.0,3.0
3963650817019123200,realty.yandex.ru,Отрадное,20.0,3.0,416.0,193.0,240.42857142857144,2496,10087,3793,4281,300400.0,86.0,9.0,916.0,193.0,291.54545454545456,2496,10087,3793,4281,0.0,0.0,3.0,1.0,1.0,0.0,0.0,1.0,7.0,0.0,0.0,0.0,0.0,0.0,2.0,0.0,1.0,1.0,0.0,1.0,1.0,0.0,0.0,0.0,4.0,0.0,0.0,1.0,2.0,3.0,3.0,1.0,0.0,1.0,1.0,9.0,3.0,0.0,0.0,0.0,0.0,2.0,0.0,3.0,1.0,0.0,1.0,1.0,0.0,1.0,1.0,7.0,1.0,0.0
323234990,cian.ru,Замоскворечье,106.0,29.0,2355.0,0.0,154.75,1998,17173,1043,9443,543700.0,398.0,103.0,7420.0,0.0,383.66326530612247,1998,17173,1043,9443,10.0,6.0,5.0,12.0,1.0,7.0,2.0,0.0,8.0,0.0,3.0,3.0,20.0,1.0,0.0,5.0,5.0,0.0,3.0,1.0,0.0,0.0,12.0,11.0,20.0,1.0,1.0,35.0,17.0,30.0,85.0,1.0,16.0,13.0,0.0,37.0,8.0,7.0,4.0,25.0,1.0,1.0,12.0,22.0,2.0,15.0,6.0,0.0,7.0,33.0,50.0,92.0,8.0,4.0
6819069280742130688,realty.yandex.ru,Хорошевский,64.0,15.0,2158.0,149.0,149.0,2396,34890,2824,1694,443000.0,200.0,43.0,6556.0,149.0,444.7142857142857,2396,34890,2824,1694,6.0,4.0,0.0,5.0,0.0,0.0,1.0,0.0,1.0,0.0,0.0,5.0,0.0,0.0,0.0,1.0,2.0,1.0,3.0,0.0,0.0,0.0,0.0,0.0,0.0,2.0,0.0,16.0,15.0,9.0,38.0,0.0,7.0,11.0,0.0,16.0,3.0,5.0,7.0,6.0,1.0,1.0,7.0,12.0,1.0,9.0,7.0,9.0,0.0,9.0,23.0,43.0,6.0,1.0
322656677,cian.ru,Хорошевский,77.0,11.0,1835.0,111.0,111.0,2396,34890,2824,2132,443000.0,209.0,42.0,5703.0,111.0,430.3571428571428,2396,34890,2824,2132,2.0,5.0,0.0,2.0,0.0,0.0,1.0,0.0,1.0,0.0,0.0,5.0,0.0,0.0,0.0,1.0,2.0,0.0,1.0,0.0,0.0,0.0,0.0,0.0,0.0,2.0,0.0,17.0,12.0,8.0,34.0,0.0,7.0,11.0,0.0,16.0,3.0,4.0,7.0,6.0,3.0,1.0,7.0,13.0,1.0,10.0,5.0,8.0,0.0,10.0,25.0,44.0,7.0,1.0
321586240,cian.ru,Ломоносовский,29.0,16.0,2416.0,154.0,154.0,1320,9993,3012,7193,418300.0,97.0,41.0,5569.0,154.0,440.4285714285714,1320,9993,3012,7193,1.0,3.0,6.0,7.0,0.0,5.0,4.0,0.0,2.0,2.0,0.0,2.0,1.0,0.0,0.0,3.0,10.0,2.0,6.0,5.0,0.0,0.0,5.0,2.0,2.0,2.0,0.0,10.0,4.0,10.0,13.0,0.0,5.0,9.0,0.0,16.0,5.0,9.0,4.0,2.0,0.0,1.0,4.0,20.0,3.0,6.0,7.0,0.0,0.0,7.0,6.0,10.0,5.0,1.0
318412969,cian.ru,Беговой,55.0,12.0,2121.0,34.0,224.5,3008,36202,1528,16793,414000.0,244.0,63.0,6817.0,34.0,371.2407407407408,3008,36202,1528,16793,3.0,4.0,6.0,5.0,1.0,1.0,1.0,0.0,9.0,2.0,1.0,1.0,1.0,0.0,0.0,2.0,3.0,1.0,4.0,1.0,0.0,0.0,9.0,13.0,16.0,1.0,2.0,20.0,16.0,16.0,36.0,2.0,4.0,9.0,0.0,40.0,13.0,4.0,5.0,4.0,0.0,2.0,9.0,14.0,4.0,18.0,3.0,0.0,4.0,16.0,44.0,56.0,4.0,3.0
8427502013113800704,realty.yandex.ru,Москворечье-Сабурово,45.0,17.0,3491.0,56.0,156.0,1444,10111,1363,2749,300500.0,146.0,63.0,11564.0,56.0,236.75,1444,10111,1363,2749,1.0,1.0,4.0,6.0,0.0,1.0,5.0,0.0,6.0,2.0,0.0,1.0,0.0,0.0,0.0,0.0,14.0,1.0,0.0,4.0,0.0,0.0,0.0,0.0,0.0,2.0,0.0,29.0,4.0,13.0,12.0,0.0,1.0,11.0,0.0,15.0,4.0,9.0,5.0,1.0,1.0,0.0,0.0,26.0,4.0,1.0,6.0,0.0,0.0,0.0,1.0,6.0,5.0,0.0
321537707,cian.ru,Замоскворечье,192.0,34.0,1065.0,8.0,182.92857142857144,732,10550,609,5524,543700.0,635.0,129.0,5700.0,8.0,369.0,732,10550,609,5524,7.0,3.0,0.0,24.0,0.0,4.0,2.0,0.0,3.0,1.0,0.0,3.0,3.0,0.0,0.0,2.0,1.0,1.0,0.0,0.0,0.0,3.0,1.0,9.0,26.0,3.0,0.0,36.0,16.0,19.0,115.0,0.0,11.0,16.0,0.0,32.0,11.0,6.0,6.0,14.0,0.0,0.0,11.0,34.0,4.0,14.0,12.0,1.0,15.0,19.0,44.0,86.0,9.0,5.0
8303031895734056960,realty.yandex.ru,Гагаринский,29.0,20.0,2734.0,81.0,81.0,2048,3464,1261,2358,454900.0,128.0,66.0,9450.0,81.0,323.0,2048,3464,1261,2358,5.0,4.0,4.0,11.0,0.0,2.0,3.0,0.0,3.0,5.0,1.0,1.0,0.0,0.0,0.0,0.0,6.0,1.0,1.0,3.0,0.0,0.0,0.0,7.0,4.0,3.0,0.0,14.0,14.0,19.0,41.0,0.0,4.0,13.0,0.0,50.0,15.0,8.0,12.0,1.0,0.0,2.0,0.0,28.0,3.0,10.0,14.0,0.0,0.0,11.0,24.0,34.0,9.0,1.0
322812328,cian.ru,Войковский,42.0,4.0,543.0,0.0,134.33333333333334,564,3137,696,2157,362300.0,164.0,55.0,7949.0,0.0,319.1904761904762,564,3137,696,2157,1.0,0.0,1.0,1.0,0.0,0.0,0.0,0.0,2.0,0.0,0.0,0.0,0.0,0.0,0.0,0.0,1.0,1.0,0.0,0.0,0.0,0.0,2.0,0.0,1.0,0.0,0.0,4.0,1.0,8.0,15.0,0.0,5.0,7.0,0.0,13.0,9.0,1.0,4.0,0.0,0.0,0.0,2.0,16.0,5.0,2.0,6.0,0.0,0.0,12.0,7.0,17.0,4.0,2.0
322530390,cian.ru,Войковский,53.0,27.0,2921.0,55.0,201.75,830,5251,2631,4762,362300.0,217.0,106.0,10725.0,55.0,422.69565217391306,830,5251,2631,4762,3.0,1.0,5.0,8.0,0.0,1.0,5.0,0.0,10.0,2.0,1.0,4.0,2.0,1.0,1.0,0.0,12.0,2.0,2.0,5.0,0.0,2.0,1.0,4.0,10.0,0.0,0.0,15.0,3.0,13.0,21.0,0.0,2.0,13.0,0.0,21.0,5.0,2.0,6.0,6.0,2.0,2.0,2.0,26.0,8.0,6.0,9.0,0.0,2.0,10.0,7.0,19.0,7.0,2.0
324706189,cian.ru,Печатники,17.0,1.0,,0.0,88.0,2,18365,0,5403,286900.0,101.0,2.0,299.0,0.0,426.0,2,18365,0,5403,2.0,1.0,0.0,0.0,0.0,0.0,0.0,0.0,5.0,0.0,0.0,0.0,2.0,1.0,0.0,1.0,0.0,0.0,2.0,0.0,0.0,0.0,3.0,2.0,2.0,0.0,0.0,2.0,1.0,5.0,0.0,0.0,0.0,0.0,0.0,11.0,0.0,0.0,0.0,4.0,1.0,0.0,4.0,0.0,1.0,2.0,3.0,0.0,0.0,13.0,5.0,6.0,0.0,0.0
6123865731217989632,realty.yandex.ru,Теплый Стан,22.0,11.0,1906.0,0.0,0.0,370,12038,1590,5384,312900.0,79.0,32.0,6965.0,0.0,269.3333333333333,370,12038,1590,5384,1.0,0.0,2.0,2.0,0.0,2.0,1.0,0.0,1.0,0.0,1.0,2.0,0.0,0.0,0.0,1.0,4.0,0.0,2.0,2.0,0.0,0.0,1.0,4.0,4.0,2.0,0.0,2.0,2.0,9.0,8.0,1.0,5.0,4.0,0.0,6.0,1.0,5.0,6.0,0.0,0.0,1.0,1.0,21.0,2.0,4.0,3.0,0.0,0.0,6.0,7.0,9.0,5.0,0.0
6122996712463657984,realty.yandex.ru,Левобережный,60.0,10.0,1961.0,8.0,131.125,982,6251,3737,5773,362900.0,165.0,50.0,8543.0,8.0,202.5,982,6251,3737,5773,4.0,1.0,4.0,10.0,0.0,1.0,2.0,0.0,15.0,2.0,1.0,2.0,0.0,0.0,1.0,2.0,6.0,3.0,2.0,3.0,0.0,0.0,9.0,6.0,7.0,1.0,0.0,10.0,4.0,7.0,21.0,1.0,3.0,7.0,0.0,19.0,5.0,2.0,9.0,2.0,2.0,1.0,2.0,14.0,6.0,3.0,4.0,0.0,1.0,10.0,8.0,11.0,4.0,1.0
7517866235141811200,realty.yandex.ru,Левобережный,60.0,10.0,1961.0,8.0,131.125,982,6251,3737,5773,362900.0,165.0,50.0,8543.0,8.0,202.5,982,6251,3737,5773,4.0,1.0,4.0,10.0,0.0,1.0,2.0,0.0,15.0,2.0,1.0,2.0,0.0,0.0,1.0,2.0,6.0,3.0,2.0,3.0,0.0,0.0,9.0,6.0,7.0,1.0,0.0,10.0,4.0,7.0,21.0,1.0,3.0,7.0,0.0,19.0,5.0,2.0,9.0,2.0,2.0,1.0,2.0,14.0,6.0,3.0,4.0,0.0,1.0,10.0,8.0,11.0,4.0,1.0
322812441,cian.ru,Войковский,53.0,27.0,2921.0,55.0,201.75,830,5251,2631,4762,362300.0,217.0,106.0,10725.0,55.0,422.69565217391306,830,5251,2631,4762,3.0,1.0,5.0,8.0,0.0,1.0,5.0,0.0,10.0,2.0,1.0,4.0,2.0,1.0,1.0,0.0,12.0,2.0,2.0,5.0,0.0,2.0,1.0,4.0,10.0,0.0,0.0,15.0,3.0,13.0,21.0,0.0,2.0,13.0,0.0,21.0,5.0,2.0,6.0,6.0,2.0,2.0,2.0,26.0,8.0,6.0,9.0,0.0,2.0,10.0,7.0,19.0,7.0,2.0
3965285094498847232,realty.yandex.ru,Марьина Роща,44.0,14.0,1730.0,21.0,47.5,818,3069,1223,2858,402200.0,191.0,39.0,3895.0,21.0,374.0,818,3069,1223,2858,2.0,2.0,0.0,3.0,0.0,0.0,2.0,0.0,5.0,2.0,1.0,0.0,0.0,0.0,0.0,2.0,10.0,0.0,0.0,0.0,0.0,0.0,2.0,2.0,4.0,1.0,0.0,5.0,3.0,4.0,5.0,0.0,2.0,3.0,0.0,10.0,2.0,1.0,0.0,4.0,0.0,0.0,3.0,11.0,3.0,2.0,0.0,0.0,1.0,4.0,5.0,6.0,7.0,0.0
6123865677967768576,realty.yandex.ru,Теплый Стан,22.0,11.0,1906.0,0.0,0.0,370,12038,1590,5384,312900.0,79.0,32.0,6965.0,0.0,269.3333333333333,370,12038,1590,5384,1.0,0.0,2.0,2.0,0.0,2.0,1.0,0.0,1.0,0.0,1.0,2.0,0.0,0.0,0.0,1.0,4.0,0.0,2.0,2.0,0.0,0.0,1.0,4.0,4.0,2.0,0.0,2.0,2.0,9.0,8.0,1.0,5.0,4.0,0.0,6.0,1.0,5.0,6.0,0.0,0.0,1.0,1.0,21.0,2.0,4.0,3.0,0.0,0.0,6.0,7.0,9.0,5.0,0.0
322536129,cian.ru,Замоскворечье,71.0,10.0,116.0,51.0,181.2,274,22067,252,15891,543700.0,322.0,54.0,2763.0,51.0,393.8421052631579,274,22067,252,15891,1.0,3.0,5.0,5.0,1.0,2.0,0.0,0.0,3.0,0.0,0.0,0.0,0.0,0.0,0.0,6.0,0.0,0.0,1.0,0.0,0.0,0.0,4.0,5.0,5.0,0.0,1.0,11.0,8.0,16.0,27.0,2.0,3.0,4.0,0.0,35.0,7.0,2.0,0.0,5.0,0.0,0.0,17.0,6.0,5.0,10.0,6.0,0.0,4.0,28.0,28.0,45.0,2.0,4.0
321886599,cian.ru,Басманный,94.0,33.0,2774.0,0.0,189.3571428571429,322,2074,1298,3014,461200.0,380.0,90.0,7224.0,0.0,367.8783783783784,322,2074,1298,3014,4.0,2.0,5.0,10.0,0.0,4.0,4.0,0.0,3.0,7.0,2.0,2.0,6.0,0.0,0.0,3.0,15.0,0.0,7.0,1.0,0.0,3.0,4.0,9.0,9.0,2.0,0.0,16.0,14.0,19.0,28.0,1.0,6.0,7.0,0.0,13.0,15.0,7.0,7.0,12.0,0.0,0.0,14.0,30.0,8.0,12.0,5.0,0.0,5.0,22.0,20.0,23.0,4.0,1.0
6123234505762425856,realty.yandex.ru,Теплый Стан,22.0,11.0,1906.0,0.0,0.0,370,12038,1590,5384,312900.0,79.0,32.0,6965.0,0.0,269.3333333333333,370,12038,1590,5384,1.0,0.0,2.0,2.0,0.0,2.0,1.0,0.0,1.0,0.0,1.0,2.0,0.0,0.0,0.0,1.0,4.0,0.0,2.0,2.0,0.0,0.0,1.0,4.0,4.0,2.0,0.0,2.0,2.0,9.0,8.0,1.0,5.0,4.0,0.0,6.0,1.0,5.0,6.0,0.0,0.0,1.0,1.0,21.0,2.0,4.0,3.0,0.0,0.0,6.0,7.0,9.0,5.0,0.0
321187888,cian.ru,Донской,46.0,8.0,603.0,53.0,167.6153846153846,240,25195,697,13525,391900.0,141.0,28.0,3881.0,53.0,377.2,240,25195,697,13525,2.0,2.0,3.0,9.0,0.0,0.0,2.0,0.0,2.0,4.0,0.0,0.0,5.0,0.0,0.0,5.0,3.0,0.0,2.0,1.0,0.0,0.0,6.0,12.0,12.0,2.0,0.0,9.0,7.0,6.0,19.0,0.0,5.0,4.0,0.0,6.0,5.0,3.0,1.0,8.0,1.0,0.0,11.0,10.0,0.0,7.0,4.0,0.0,4.0,12.0,20.0,20.0,3.0,0.0
6123023925989027840,realty.yandex.ru,Теплый Стан,22.0,11.0,1906.0,0.0,0.0,370,12038,1590,5384,312900.0,79.0,32.0,6965.0,0.0,269.3333333333333,370,12038,1590,5384,1.0,0.0,2.0,2.0,0.0,2.0,1.0,0.0,1.0,0.0,1.0,2.0,0.0,0.0,0.0,1.0,4.0,0.0,2.0,2.0,0.0,0.0,1.0,4.0,4.0,2.0,0.0,2.0,2.0,9.0,8.0,1.0,5.0,4.0,0.0,6.0,1.0,5.0,6.0,0.0,0.0,1.0,1.0,21.0,2.0,4.0,3.0,0.0,0.0,6.0,7.0,9.0,5.0,0.0
6123815353846545408,realty.yandex.ru,Теплый Стан,22.0,11.0,1906.0,0.0,0.0,370,12038,1590,5384,312900.0,79.0,32.0,6965.0,0.0,269.3333333333333,370,12038,1590,5384,1.0,0.0,2.0,2.0,0.0,2.0,1.0,0.0,1.0,0.0,1.0,2.0,0.0,0.0,0.0,1.0,4.0,0.0,2.0,2.0,0.0,0.0,1.0,4.0,4.0,2.0,0.0,2.0,2.0,9.0,8.0,1.0,5.0,4.0,0.0,6.0,1.0,5.0,6.0,0.0,0.0,1.0,1.0,21.0,2.0,4.0,3.0,0.0,0.0,6.0,7.0,9.0,5.0,0.0
6123924712937621504,realty.yandex.ru,Теплый Стан,22.0,11.0,1906.0,0.0,0.0,370,12038,1590,5384,312900.0,79.0,32.0,6965.0,0.0,269.3333333333333,370,12038,1590,5384,1.0,0.0,2.0,2.0,0.0,2.0,1.0,0.0,1.0,0.0,1.0,2.0,0.0,0.0,0.0,1.0,4.0,0.0,2.0,2.0,0.0,0.0,1.0,4.0,4.0,2.0,0.0,2.0,2.0,9.0,8.0,1.0,5.0,4.0,0.0,6.0,1.0,5.0,6.0,0.0,0.0,1.0,1.0,21.0,2.0,4.0,3.0,0.0,0.0,6.0,7.0,9.0,5.0,0.0
6123815355621552128,realty.yandex.ru,Теплый Стан,22.0,11.0,1906.0,0.0,0.0,370,12038,1590,5384,312900.0,79.0,32.0,6965.0,0.0,269.3333333333333,370,12038,1590,5384,1.0,0.0,2.0,2.0,0.0,2.0,1.0,0.0,1.0,0.0,1.0,2.0,0.0,0.0,0.0,1.0,4.0,0.0,2.0,2.0,0.0,0.0,1.0,4.0,4.0,2.0,0.0,2.0,2.0,9.0,8.0,1.0,5.0,4.0,0.0,6.0,1.0,5.0,6.0,0.0,0.0,1.0,1.0,21.0,2.0,4.0,3.0,0.0,0.0,6.0,7.0,9.0,5.0,0.0
7567824835,avito.ru,Покровское-Стрешнево,34.0,,,9.0,160.7,1018,8863,116,2934,398600.0,148.0,21.0,1888.0,9.0,326.6842105263158,1018,8863,116,2934,3.0,0.0,1.0,0.0,0.0,0.0,0.0,0.0,3.0,0.0,0.0,0.0,0.0,0.0,0.0,2.0,1.0,1.0,0.0,0.0,0.0,0.0,4.0,1.0,0.0,0.0,0.0,3.0,0.0,1.0,3.0,1.0,1.0,0.0,0.0,5.0,0.0,2.0,2.0,1.0,0.0,0.0,4.0,5.0,1.0,0.0,1.0,0.0,0.0,6.0,8.0,3.0,1.0,0.0
6122997374541403136,realty.yandex.ru,Теплый Стан,22.0,11.0,1906.0,0.0,0.0,370,12038,1590,5384,312900.0,79.0,32.0,6965.0,0.0,269.3333333333333,370,12038,1590,5384,1.0,0.0,2.0,2.0,0.0,2.0,1.0,0.0,1.0,0.0,1.0,2.0,0.0,0.0,0.0,1.0,4.0,0.0,2.0,2.0,0.0,0.0,1.0,4.0,4.0,2.0,0.0,2.0,2.0,9.0,8.0,1.0,5.0,4.0,0.0,6.0,1.0,5.0,6.0,0.0,0.0,1.0,1.0,21.0,2.0,4.0,3.0,0.0,0.0,6.0,7.0,9.0,5.0,0.0
6123815297933812736,realty.yandex.ru,Теплый Стан,22.0,11.0,1906.0,0.0,0.0,370,12038,1590,5384,312900.0,79.0,32.0,6965.0,0.0,269.3333333333333,370,12038,1590,5384,1.0,0.0,2.0,2.0,0.0,2.0,1.0,0.0,1.0,0.0,1.0,2.0,0.0,0.0,0.0,1.0,4.0,0.0,2.0,2.0,0.0,0.0,1.0,4.0,4.0,2.0,0.0,2.0,2.0,9.0,8.0,1.0,5.0,4.0,0.0,6.0,1.0,5.0,6.0,0.0,0.0,1.0,1.0,21.0,2.0,4.0,3.0,0.0,0.0,6.0,7.0,9.0,5.0,0.0
6122997378091418624,realty.yandex.ru,Теплый Стан,22.0,11.0,1906.0,0.0,0.0,370,12038,1590,5384,312900.0,79.0,32.0,6965.0,0.0,269.3333333333333,370,12038,1590,5384,1.0,0.0,2.0,2.0,0.0,2.0,1.0,0.0,1.0,0.0,1.0,2.0,0.0,0.0,0.0,1.0,4.0,0.0,2.0,2.0,0.0,0.0,1.0,4.0,4.0,2.0,0.0,2.0,2.0,9.0,8.0,1.0,5.0,4.0,0.0,6.0,1.0,5.0,6.0,0.0,0.0,1.0,1.0,21.0,2.0,4.0,3.0,0.0,0.0,6.0,7.0,9.0,5.0,0.0
3963650817019147776,realty.yandex.ru,Бабушкинский,78.0,12.0,3967.0,90.0,181.72222222222223,2316,3019,5084,1483,308800.0,234.0,35.0,6986.0,90.0,316.65714285714284,2316,3019,5084,1483,0.0,2.0,1.0,2.0,1.0,0.0,2.0,0.0,4.0,1.0,0.0,1.0,0.0,0.0,0.0,0.0,2.0,1.0,1.0,2.0,0.0,0.0,0.0,0.0,1.0,0.0,1.0,8.0,3.0,4.0,7.0,1.0,1.0,4.0,0.0,15.0,3.0,1.0,1.0,6.0,0.0,0.0,3.0,10.0,6.0,3.0,3.0,0.0,1.0,5.0,4.0,1.0,3.0,1.0
6123023950839131136,realty.yandex.ru,Теплый Стан,22.0,11.0,1906.0,0.0,0.0,370,12038,1590,5384,312900.0,79.0,32.0,6965.0,0.0,269.3333333333333,370,12038,1590,5384,1.0,0.0,2.0,2.0,0.0,2.0,1.0,0.0,1.0,0.0,1.0,2.0,0.0,0.0,0.0,1.0,4.0,0.0,2.0,2.0,0.0,0.0,1.0,4.0,4.0,2.0,0.0,2.0,2.0,9.0,8.0,1.0,5.0,4.0,0.0,6.0,1.0,5.0,6.0,0.0,0.0,1.0,1.0,21.0,2.0,4.0,3.0,0.0,0.0,6.0,7.0,9.0,5.0,0.0
323483480,cian.ru,Лефортово,47.0,14.0,3815.0,0.0,177.75,3256,12079,3869,10979,279300.0,177.0,45.0,10404.0,0.0,409.2692307692308,3256,12079,3869,10979,4.0,0.0,6.0,10.0,0.0,3.0,4.0,0.0,4.0,9.0,0.0,3.0,0.0,0.0,0.0,3.0,2.0,0.0,3.0,1.0,0.0,0.0,3.0,5.0,3.0,3.0,0.0,8.0,1.0,17.0,29.0,1.0,8.0,9.0,1.0,21.0,9.0,4.0,5.0,25.0,0.0,2.0,7.0,19.0,1.0,4.0,6.0,2.0,0.0,21.0,30.0,35.0,5.0,0.0
323087807,cian.ru,Замоскворечье,71.0,10.0,116.0,51.0,181.2,274,22067,252,15891,543700.0,322.0,54.0,2763.0,51.0,393.8421052631579,274,22067,252,15891,1.0,3.0,5.0,5.0,1.0,2.0,0.0,0.0,3.0,0.0,0.0,0.0,0.0,0.0,0.0,6.0,0.0,0.0,1.0,0.0,0.0,0.0,4.0,5.0,5.0,0.0,1.0,11.0,8.0,16.0,27.0,2.0,3.0,4.0,0.0,35.0,7.0,2.0,0.0,5.0,0.0,0.0,17.0,6.0,5.0,10.0,6.0,0.0,4.0,28.0,28.0,45.0,2.0,4.0
3941757984976483840,realty.yandex.ru,Пресненский,74.0,32.0,4016.0,12.0,179.2,2300,3124,2766,3868,621300.0,198.0,87.0,8237.0,12.0,418.08,2300,3124,2766,3868,4.0,1.0,2.0,21.0,0.0,2.0,2.0,0.0,1.0,2.0,0.0,0.0,2.0,0.0,0.0,0.0,4.0,2.0,1.0,2.0,0.0,1.0,2.0,3.0,8.0,1.0,0.0,11.0,3.0,6.0,44.0,1.0,7.0,7.0,0.0,6.0,3.0,2.0,1.0,2.0,1.0,0.0,2.0,6.0,3.0,5.0,4.0,0.0,4.0,4.0,5.0,15.0,5.0,0.0
115729461051021296,realty.yandex.ru,Беговой,90.0,19.0,1883.0,0.0,155.55,738,20048,1139,12229,414000.0,261.0,79.0,6869.0,0.0,332.0425531914894,738,20048,1139,12229,13.0,2.0,5.0,23.0,0.0,4.0,3.0,0.0,1.0,2.0,0.0,2.0,0.0,0.0,0.0,4.0,2.0,0.0,2.0,2.0,0.0,3.0,10.0,9.0,18.0,1.0,1.0,29.0,9.0,17.0,60.0,1.0,6.0,13.0,0.0,10.0,13.0,4.0,6.0,1.0,0.0,0.0,15.0,12.0,1.0,12.0,7.0,0.0,4.0,21.0,31.0,39.0,3.0,2.0
323692483,cian.ru,Лефортово,47.0,14.0,3815.0,0.0,177.75,3256,12079,3869,10979,279300.0,177.0,45.0,10404.0,0.0,409.2692307692308,3256,12079,3869,10979,4.0,0.0,6.0,10.0,0.0,3.0,4.0,0.0,4.0,9.0,0.0,3.0,0.0,0.0,0.0,3.0,2.0,0.0,3.0,1.0,0.0,0.0,3.0,5.0,3.0,3.0,0.0,8.0,1.0,17.0,29.0,1.0,8.0,9.0,1.0,21.0,9.0,4.0,5.0,25.0,0.0,2.0,7.0,19.0,1.0,4.0,6.0,2.0,0.0,21.0,30.0,35.0,5.0,0.0
322886673,cian.ru,Хамовники,78.0,26.0,1545.0,5.0,122.4375,1962,15506,1873,5697,846800.0,232.0,71.0,5234.0,5.0,337.38461538461536,1962,15506,1873,5697,0.0,1.0,4.0,12.0,0.0,4.0,1.0,0.0,2.0,0.0,3.0,2.0,0.0,0.0,0.0,0.0,8.0,0.0,0.0,6.0,0.0,1.0,5.0,5.0,6.0,1.0,0.0,35.0,4.0,12.0,42.0,0.0,6.0,6.0,0.0,16.0,7.0,5.0,3.0,5.0,0.0,1.0,5.0,16.0,5.0,6.0,10.0,0.0,2.0,11.0,14.0,22.0,9.0,0.0
7517866235141817344,realty.yandex.ru,Лефортово,16.0,5.0,1644.0,216.0,260.3333333333333,0,0,0,0,279300.0,138.0,35.0,5978.0,216.0,357.4736842105263,0,0,0,0,0.0,0.0,0.0,0.0,0.0,0.0,0.0,0.0,0.0,0.0,0.0,0.0,0.0,0.0,0.0,0.0,5.0,0.0,0.0,0.0,0.0,0.0,0.0,0.0,0.0,0.0,0.0,7.0,2.0,7.0,8.0,1.0,2.0,4.0,0.0,4.0,12.0,1.0,4.0,2.0,0.0,0.0,3.0,9.0,0.0,2.0,1.0,0.0,1.0,6.0,7.0,14.0,3.0,0.0
3336356383237275136,realty.yandex.ru,Замоскворечье,72.0,10.0,116.0,50.0,181.06666666666663,274,22067,252,15891,543700.0,323.0,54.0,2763.0,50.0,396.46753246753246,274,22067,252,15891,1.0,3.0,5.0,5.0,1.0,2.0,0.0,0.0,3.0,0.0,0.0,0.0,0.0,0.0,0.0,6.0,0.0,0.0,1.0,0.0,0.0,0.0,4.0,5.0,5.0,0.0,1.0,11.0,8.0,16.0,27.0,2.0,3.0,4.0,0.0,35.0,7.0,2.0,0.0,5.0,0.0,0.0,17.0,6.0,5.0,10.0,6.0,0.0,4.0,28.0,28.0,45.0,2.0,4.0
325104424,cian.ru,Лефортово,47.0,14.0,3815.0,0.0,177.75,3256,12079,3869,10979,279300.0,177.0,45.0,10404.0,0.0,409.2692307692308,3256,12079,3869,10979,4.0,0.0,6.0,10.0,0.0,3.0,4.0,0.0,4.0,9.0,0.0,3.0,0.0,0.0,0.0,3.0,2.0,0.0,3.0,1.0,0.0,0.0,3.0,5.0,3.0,3.0,0.0,8.0,1.0,17.0,29.0,1.0,8.0,9.0,1.0,21.0,9.0,4.0,5.0,25.0,0.0,2.0,7.0,19.0,1.0,4.0,6.0,2.0,0.0,21.0,30.0,35.0,5.0,0.0
323490729,cian.ru,Лефортово,47.0,14.0,3815.0,0.0,177.75,3256,12079,3869,10979,279300.0,177.0,45.0,10404.0,0.0,409.2692307692308,3256,12079,3869,10979,4.0,0.0,6.0,10.0,0.0,3.0,4.0,0.0,4.0,9.0,0.0,3.0,0.0,0.0,0.0,3.0,2.0,0.0,3.0,1.0,0.0,0.0,3.0,5.0,3.0,3.0,0.0,8.0,1.0,17.0,29.0,1.0,8.0,9.0,1.0,21.0,9.0,4.0,5.0,25.0,0.0,2.0,7.0,19.0,1.0,4.0,6.0,2.0,0.0,21.0,30.0,35.0,5.0,0.0
5203054433263415296,realty.yandex.ru,Сокол,43.0,28.0,3038.0,14.0,214.4,512,2347,942,5389,390900.0,179.0,96.0,8597.0,14.0,302.625,512,2347,942,5389,5.0,2.0,3.0,15.0,0.0,5.0,5.0,0.0,3.0,0.0,5.0,0.0,0.0,1.0,0.0,1.0,6.0,0.0,5.0,4.0,0.0,0.0,1.0,4.0,5.0,2.0,0.0,18.0,9.0,5.0,28.0,0.0,7.0,11.0,0.0,17.0,4.0,9.0,6.0,1.0,1.0,0.0,1.0,13.0,5.0,10.0,11.0,0.0,0.0,1.0,10.0,13.0,5.0,0.0
325054407,cian.ru,Коньково,29.0,1.0,256.0,0.0,176.75,0,14720,164,11877,351300.0,128.0,19.0,3319.0,0.0,379.53333333333336,0,14720,164,11877,1.0,3.0,7.0,7.0,0.0,1.0,2.0,0.0,10.0,3.0,0.0,0.0,0.0,0.0,0.0,2.0,3.0,1.0,1.0,3.0,0.0,0.0,4.0,5.0,5.0,0.0,0.0,6.0,7.0,10.0,20.0,0.0,3.0,3.0,0.0,14.0,4.0,2.0,1.0,0.0,0.0,0.0,4.0,10.0,1.0,4.0,4.0,0.0,2.0,7.0,9.0,10.0,0.0,1.0
324651675,cian.ru,Сокол,41.0,28.0,3022.0,17.0,213.75,512,2347,1409,5506,390900.0,173.0,94.0,7863.0,17.0,317.75,512,2347,1409,5506,4.0,2.0,3.0,16.0,0.0,5.0,4.0,0.0,3.0,0.0,5.0,0.0,0.0,1.0,0.0,1.0,5.0,1.0,3.0,3.0,0.0,0.0,1.0,2.0,4.0,2.0,0.0,16.0,9.0,6.0,28.0,0.0,8.0,11.0,0.0,17.0,5.0,9.0,6.0,1.0,1.0,0.0,1.0,14.0,5.0,9.0,11.0,0.0,0.0,1.0,10.0,13.0,3.0,0.0
321955335,cian.ru,Сокол,41.0,28.0,3022.0,17.0,213.75,512,2347,1409,5506,390900.0,173.0,94.0,7863.0,17.0,317.75,512,2347,1409,5506,4.0,2.0,3.0,16.0,0.0,5.0,4.0,0.0,3.0,0.0,5.0,0.0,0.0,1.0,0.0,1.0,5.0,1.0,3.0,3.0,0.0,0.0,1.0,2.0,4.0,2.0,0.0,16.0,9.0,6.0,28.0,0.0,8.0,11.0,0.0,17.0,5.0,9.0,6.0,1.0,1.0,0.0,1.0,14.0,5.0,9.0,11.0,0.0,0.0,1.0,10.0,13.0,3.0,0.0
323928170,cian.ru,Сокол,41.0,28.0,3022.0,17.0,213.75,512,2347,1409,5506,390900.0,173.0,94.0,7863.0,17.0,317.75,512,2347,1409,5506,4.0,2.0,3.0,16.0,0.0,5.0,4.0,0.0,3.0,0.0,5.0,0.0,0.0,1.0,0.0,1.0,5.0,1.0,3.0,3.0,0.0,0.0,1.0,2.0,4.0,2.0,0.0,16.0,9.0,6.0,28.0,0.0,8.0,11.0,0.0,17.0,5.0,9.0,6.0,1.0,1.0,0.0,1.0,14.0,5.0,9.0,11.0,0.0,0.0,1.0,10.0,13.0,3.0,0.0
324679915,cian.ru,Вешняки,44.0,16.0,3341.0,0.0,170.66666666666666,1364,5886,6501,2672,263200.0,155.0,67.0,11276.0,0.0,342.46153846153845,1364,5886,6501,2672,1.0,0.0,8.0,9.0,0.0,1.0,3.0,0.0,30.0,5.0,0.0,1.0,1.0,0.0,2.0,0.0,8.0,3.0,3.0,4.0,2.0,0.0,7.0,8.0,10.0,1.0,1.0,3.0,1.0,22.0,19.0,0.0,1.0,11.0,0.0,43.0,11.0,3.0,6.0,1.0,0.0,3.0,0.0,33.0,5.0,6.0,5.0,3.0,0.0,9.0,11.0,20.0,4.0,2.0
320664937,cian.ru,Обручевский,34.0,12.0,3438.0,133.0,209.8,3000,2836,2333,5370,411600.0,134.0,53.0,12408.0,133.0,339.9,3000,2836,2333,5370,1.0,0.0,1.0,1.0,0.0,1.0,1.0,0.0,2.0,1.0,0.0,0.0,0.0,6.0,0.0,2.0,1.0,0.0,0.0,5.0,0.0,3.0,2.0,0.0,8.0,0.0,2.0,8.0,3.0,4.0,10.0,0.0,3.0,5.0,0.0,3.0,2.0,1.0,5.0,5.0,7.0,0.0,4.0,12.0,1.0,4.0,5.0,0.0,3.0,6.0,5.0,22.0,3.0,2.0
324521634,cian.ru,Лефортово,56.0,11.0,3058.0,122.0,198.375,1998,6584,2746,6557,279300.0,161.0,39.0,9850.0,122.0,367.25,1998,6584,2746,6557,4.0,0.0,6.0,5.0,0.0,2.0,4.0,0.0,4.0,5.0,0.0,3.0,0.0,0.0,0.0,4.0,7.0,0.0,3.0,1.0,0.0,0.0,4.0,7.0,7.0,3.0,0.0,8.0,1.0,10.0,23.0,1.0,7.0,8.0,0.0,12.0,10.0,1.0,7.0,20.0,0.0,0.0,7.0,17.0,1.0,4.0,4.0,0.0,0.0,18.0,16.0,23.0,4.0,1.0
322236437,cian.ru,Филевский Парк,38.0,25.0,5036.0,5.0,153.5,2378,22129,5401,24873,402300.0,103.0,44.0,8885.0,5.0,297.22222222222223,2378,22129,5401,24873,3.0,1.0,7.0,18.0,0.0,6.0,6.0,0.0,11.0,5.0,4.0,2.0,0.0,0.0,1.0,2.0,9.0,5.0,4.0,4.0,2.0,0.0,9.0,18.0,17.0,2.0,0.0,4.0,3.0,10.0,24.0,0.0,6.0,7.0,1.0,19.0,9.0,5.0,5.0,0.0,0.0,2.0,3.0,21.0,5.0,6.0,9.0,2.0,1.0,10.0,20.0,21.0,2.0,0.0
8689032616066094080,realty.yandex.ru,Войковский,53.0,27.0,2921.0,55.0,201.5,830,5251,2631,4762,362300.0,217.0,106.0,10725.0,55.0,422.60869565217394,830,5251,2631,4762,3.0,1.0,5.0,8.0,0.0,1.0,5.0,0.0,10.0,2.0,1.0,4.0,2.0,1.0,1.0,0.0,12.0,2.0,2.0,5.0,0.0,2.0,1.0,4.0,10.0,0.0,0.0,15.0,3.0,13.0,21.0,0.0,2.0,13.0,0.0,21.0,5.0,2.0,6.0,6.0,2.0,2.0,2.0,26.0,8.0,6.0,9.0,0.0,2.0,10.0,7.0,19.0,7.0,2.0
322926406,cian.ru,Алексеевский,63.0,24.0,4426.0,120.0,211.66666666666663,1904,5450,2389,2061,397600.0,242.0,98.0,12491.0,120.0,372.11764705882354,1904,5450,2389,2061,6.0,4.0,4.0,3.0,0.0,1.0,3.0,0.0,3.0,1.0,1.0,2.0,3.0,0.0,0.0,1.0,5.0,0.0,1.0,1.0,0.0,0.0,3.0,2.0,5.0,0.0,0.0,22.0,9.0,19.0,47.0,1.0,4.0,13.0,0.0,32.0,9.0,4.0,8.0,7.0,1.0,1.0,4.0,28.0,5.0,3.0,11.0,0.0,0.0,13.0,19.0,27.0,5.0,2.0
7443363468868210688,realty.yandex.ru,Обручевский,35.0,14.0,3839.0,0.0,172.33333333333334,1628,1693,2605,4302,411600.0,138.0,56.0,12396.0,0.0,400.7,1628,1693,2605,4302,1.0,0.0,1.0,2.0,0.0,0.0,1.0,0.0,0.0,1.0,0.0,0.0,0.0,5.0,0.0,0.0,3.0,0.0,0.0,4.0,0.0,0.0,2.0,0.0,5.0,1.0,0.0,3.0,2.0,7.0,8.0,0.0,4.0,11.0,0.0,11.0,4.0,3.0,4.0,5.0,7.0,0.0,4.0,16.0,2.0,5.0,5.0,0.0,3.0,6.0,9.0,26.0,6.0,2.0
2459351128778317824,realty.yandex.ru,Даниловский,79.0,20.0,2025.0,0.0,171.83333333333334,1034,8028,1213,8830,399100.0,260.0,84.0,7821.0,0.0,407.6923076923077,1034,8028,1213,8830,3.0,2.0,0.0,3.0,0.0,0.0,0.0,0.0,7.0,2.0,0.0,1.0,4.0,0.0,0.0,0.0,2.0,1.0,0.0,0.0,0.0,0.0,2.0,1.0,0.0,0.0,0.0,13.0,7.0,6.0,69.0,3.0,4.0,7.0,0.0,13.0,12.0,3.0,9.0,6.0,0.0,1.0,5.0,19.0,6.0,10.0,4.0,0.0,1.0,7.0,15.0,15.0,1.0,1.0
324651014,cian.ru,Щукино,19.0,13.0,2629.0,,,1012,437,1884,728,395300.0,90.0,43.0,6344.0,455.0,480.0,1012,437,1884,728,2.0,1.0,1.0,12.0,0.0,2.0,2.0,0.0,4.0,2.0,3.0,2.0,0.0,0.0,0.0,0.0,5.0,0.0,1.0,2.0,0.0,0.0,0.0,1.0,4.0,0.0,0.0,55.0,4.0,3.0,16.0,0.0,4.0,5.0,0.0,12.0,2.0,4.0,6.0,0.0,0.0,0.0,0.0,10.0,2.0,1.0,2.0,0.0,0.0,0.0,2.0,6.0,1.0,0.0
321621452,cian.ru,Даниловский,79.0,20.0,2025.0,0.0,171.83333333333334,1034,8028,1213,8830,399100.0,259.0,83.0,7314.0,0.0,407.4230769230769,1034,8028,1213,8830,3.0,1.0,0.0,3.0,0.0,0.0,0.0,0.0,7.0,2.0,0.0,1.0,4.0,0.0,0.0,0.0,2.0,1.0,0.0,0.0,0.0,0.0,2.0,1.0,0.0,0.0,0.0,13.0,7.0,6.0,69.0,3.0,4.0,7.0,0.0,13.0,12.0,3.0,9.0,6.0,0.0,1.0,5.0,19.0,6.0,10.0,4.0,0.0,1.0,7.0,15.0,15.0,1.0,1.0
324930204,cian.ru,Останкинский,16.0,3.0,192.0,283.0,283.0,186,1498,830,2747,380300.0,84.0,23.0,3460.0,283.0,343.0,186,1498,830,2747,1.0,0.0,0.0,1.0,0.0,0.0,1.0,0.0,1.0,0.0,0.0,0.0,1.0,0.0,0.0,1.0,0.0,1.0,1.0,0.0,0.0,1.0,0.0,1.0,5.0,1.0,0.0,4.0,1.0,0.0,3.0,0.0,1.0,2.0,0.0,2.0,2.0,1.0,3.0,3.0,1.0,0.0,1.0,2.0,3.0,2.0,1.0,0.0,2.0,0.0,5.0,8.0,2.0,0.0
320814925,cian.ru,Рязанский,50.0,9.0,1113.0,62.0,157.0,1084,7840,1893,3681,295600.0,216.0,52.0,4772.0,62.0,416.9166666666667,1084,7840,1893,3681,1.0,1.0,1.0,1.0,0.0,0.0,1.0,0.0,3.0,0.0,0.0,2.0,0.0,0.0,0.0,2.0,5.0,0.0,1.0,0.0,0.0,0.0,4.0,0.0,3.0,0.0,0.0,4.0,2.0,8.0,10.0,0.0,0.0,6.0,0.0,18.0,8.0,3.0,5.0,1.0,0.0,0.0,5.0,16.0,6.0,4.0,2.0,0.0,0.0,10.0,3.0,7.0,2.0,0.0
323446199,cian.ru,Даниловский,79.0,20.0,2025.0,0.0,171.83333333333334,1034,8028,1213,8830,399100.0,259.0,83.0,7314.0,0.0,407.4230769230769,1034,8028,1213,8830,3.0,1.0,0.0,3.0,0.0,0.0,0.0,0.0,7.0,2.0,0.0,1.0,4.0,0.0,0.0,0.0,2.0,1.0,0.0,0.0,0.0,0.0,2.0,1.0,0.0,0.0,0.0,13.0,7.0,6.0,69.0,3.0,4.0,7.0,0.0,13.0,12.0,3.0,9.0,6.0,0.0,1.0,5.0,19.0,6.0,10.0,4.0,0.0,1.0,7.0,15.0,15.0,1.0,1.0
8849730616525789184,realty.yandex.ru,Солнцево,15.0,3.0,821.0,,,102,2010,1158,2044,284300.0,82.0,22.0,4359.0,,,102,2010,1158,2044,1.0,0.0,5.0,5.0,0.0,2.0,2.0,0.0,4.0,3.0,0.0,0.0,0.0,0.0,1.0,0.0,3.0,2.0,2.0,1.0,0.0,0.0,2.0,1.0,7.0,0.0,0.0,4.0,3.0,10.0,14.0,0.0,3.0,7.0,0.0,13.0,4.0,3.0,3.0,0.0,0.0,1.0,0.0,15.0,3.0,6.0,2.0,1.0,0.0,3.0,3.0,12.0,5.0,0.0
324788572,cian.ru,Хамовники,81.0,15.0,1145.0,39.0,162.92857142857142,384,10003,740,6255,846800.0,254.0,44.0,3474.0,39.0,346.8157894736842,384,10003,740,6255,28.0,2.0,5.0,4.0,0.0,2.0,0.0,0.0,7.0,4.0,0.0,0.0,2.0,0.0,0.0,3.0,4.0,3.0,1.0,2.0,0.0,0.0,2.0,6.0,12.0,0.0,0.0,77.0,4.0,7.0,25.0,0.0,8.0,0.0,0.0,17.0,5.0,3.0,2.0,11.0,0.0,0.0,7.0,8.0,3.0,3.0,4.0,0.0,2.0,9.0,9.0,33.0,5.0,0.0
3965285094525481984,realty.yandex.ru,Беговой,78.0,15.0,1444.0,23.0,179.95,724,22174,682,9761,414000.0,268.0,82.0,7673.0,23.0,373.5263157894737,724,22174,682,9761,9.0,2.0,4.0,23.0,0.0,4.0,2.0,0.0,1.0,2.0,0.0,2.0,0.0,0.0,0.0,5.0,2.0,0.0,1.0,2.0,0.0,0.0,10.0,7.0,17.0,1.0,1.0,33.0,10.0,21.0,70.0,1.0,6.0,14.0,0.0,18.0,12.0,4.0,4.0,1.0,0.0,0.0,17.0,16.0,1.0,18.0,7.0,0.0,6.0,18.0,34.0,58.0,2.0,5.0
3965285094498875904,realty.yandex.ru,Филевский Парк,34.0,17.0,1381.0,,,254,2170,2531,2386,402300.0,131.0,45.0,4471.0,546.0,549.0,254,2170,2531,2386,6.0,0.0,0.0,7.0,0.0,0.0,2.0,0.0,3.0,0.0,1.0,1.0,1.0,0.0,0.0,0.0,5.0,0.0,1.0,0.0,0.0,0.0,0.0,3.0,2.0,1.0,0.0,8.0,2.0,3.0,11.0,0.0,4.0,4.0,0.0,12.0,2.0,3.0,4.0,1.0,0.0,0.0,0.0,9.0,0.0,2.0,0.0,0.0,0.0,2.0,10.0,8.0,5.0,1.0
322814099,cian.ru,Тушино Северное,25.0,17.0,3278.0,,,2952,1997,3819,3414,310000.0,123.0,83.0,14068.0,,,2952,1997,3819,3414,0.0,0.0,3.0,2.0,1.0,0.0,5.0,0.0,6.0,6.0,0.0,2.0,0.0,0.0,1.0,0.0,9.0,1.0,0.0,0.0,0.0,0.0,4.0,2.0,5.0,1.0,0.0,4.0,4.0,17.0,15.0,1.0,1.0,11.0,0.0,23.0,17.0,8.0,7.0,0.0,0.0,3.0,0.0,38.0,3.0,5.0,4.0,0.0,1.0,4.0,10.0,11.0,7.0,2.0
3940063261425457152,realty.yandex.ru,Хамовники,78.0,26.0,1545.0,0.0,121.5625,1718,15326,1796,5697,846800.0,228.0,71.0,5234.0,0.0,330.07894736842104,1718,15326,1796,5697,0.0,1.0,4.0,12.0,0.0,4.0,1.0,0.0,2.0,0.0,3.0,2.0,0.0,0.0,0.0,0.0,8.0,0.0,0.0,6.0,0.0,1.0,5.0,5.0,6.0,1.0,0.0,35.0,4.0,13.0,42.0,0.0,6.0,7.0,0.0,16.0,7.0,5.0,3.0,5.0,0.0,1.0,5.0,16.0,5.0,6.0,10.0,0.0,2.0,11.0,14.0,22.0,9.0,0.0
7547709565,avito.ru,Нагатино-Садовники,61.0,2.0,327.0,55.0,156.71428571428572,746,9153,305,6815,353800.0,197.0,35.0,5615.0,55.0,337.57894736842104,746,9153,305,6815,5.0,0.0,2.0,1.0,0.0,1.0,0.0,0.0,1.0,0.0,0.0,0.0,0.0,0.0,0.0,1.0,2.0,1.0,1.0,2.0,0.0,0.0,4.0,2.0,8.0,0.0,0.0,11.0,2.0,11.0,12.0,0.0,5.0,6.0,0.0,16.0,4.0,0.0,4.0,3.0,0.0,0.0,6.0,13.0,1.0,5.0,3.0,0.0,0.0,11.0,10.0,15.0,3.0,1.0
320506958,cian.ru,Гагаринский,25.0,12.0,2537.0,,,1604,3704,2302,7335,454900.0,114.0,56.0,9543.0,327.0,327.0,1604,3704,2302,7335,4.0,4.0,8.0,17.0,0.0,1.0,3.0,0.0,6.0,5.0,1.0,2.0,1.0,0.0,0.0,0.0,15.0,1.0,1.0,4.0,0.0,0.0,4.0,5.0,8.0,5.0,1.0,19.0,9.0,17.0,35.0,0.0,6.0,12.0,0.0,47.0,16.0,6.0,9.0,2.0,0.0,0.0,0.0,29.0,3.0,6.0,11.0,0.0,0.0,10.0,22.0,28.0,6.0,1.0
3941700071042076160,realty.yandex.ru,Лефортово,45.0,13.0,3495.0,140.0,204.8333333333333,1356,1279,2746,6557,279300.0,158.0,41.0,9663.0,140.0,359.7916666666667,1356,1279,2746,6557,3.0,0.0,6.0,5.0,0.0,3.0,4.0,0.0,4.0,6.0,0.0,3.0,0.0,0.0,0.0,3.0,6.0,0.0,3.0,1.0,0.0,0.0,2.0,6.0,7.0,3.0,0.0,7.0,1.0,12.0,26.0,1.0,7.0,7.0,0.0,15.0,11.0,1.0,6.0,18.0,0.0,2.0,7.0,17.0,1.0,4.0,5.0,0.0,0.0,16.0,21.0,30.0,5.0,1.0
321378108,cian.ru,Войковский,53.0,27.0,2921.0,55.0,201.75,830,5251,2631,4762,362300.0,217.0,106.0,10725.0,55.0,422.69565217391306,830,5251,2631,4762,3.0,1.0,5.0,8.0,0.0,1.0,5.0,0.0,10.0,2.0,1.0,4.0,2.0,1.0,1.0,0.0,12.0,2.0,2.0,5.0,0.0,2.0,1.0,4.0,10.0,0.0,0.0,15.0,3.0,13.0,21.0,0.0,2.0,13.0,0.0,21.0,5.0,2.0,6.0,6.0,2.0,2.0,2.0,26.0,8.0,6.0,9.0,0.0,2.0,10.0,7.0,19.0,7.0,2.0
7517866235141810176,realty.yandex.ru,Хамовники,80.0,14.0,1107.0,45.0,163.0,372,10003,740,6255,846800.0,253.0,43.0,3398.0,45.0,347.8421052631579,372,10003,740,6255,36.0,2.0,6.0,4.0,0.0,2.0,0.0,0.0,8.0,4.0,0.0,0.0,4.0,0.0,0.0,3.0,4.0,3.0,1.0,1.0,0.0,0.0,2.0,6.0,12.0,0.0,0.0,79.0,4.0,8.0,25.0,0.0,8.0,0.0,0.0,16.0,5.0,3.0,2.0,11.0,0.0,0.0,7.0,8.0,4.0,3.0,4.0,0.0,2.0,9.0,9.0,32.0,5.0,0.0
6123976527177525248,realty.yandex.ru,Можайский,31.0,8.0,143.0,0.0,128.85714285714286,228,29484,372,35651,311900.0,91.0,14.0,529.0,0.0,286.53846153846155,228,29484,372,35651,1.0,0.0,3.0,4.0,0.0,1.0,2.0,0.0,8.0,4.0,0.0,0.0,0.0,0.0,0.0,5.0,2.0,1.0,1.0,1.0,0.0,0.0,3.0,10.0,7.0,18.0,0.0,1.0,0.0,3.0,4.0,0.0,1.0,2.0,0.0,11.0,4.0,1.0,0.0,0.0,0.0,0.0,6.0,2.0,1.0,3.0,2.0,0.0,1.0,6.0,13.0,7.0,18.0,0.0
325209064,cian.ru,Тропарево-Никулино,21.0,10.0,1716.0,,,690,148,1255,395,399700.0,78.0,34.0,8449.0,363.0,390.5,690,148,1255,395,1.0,0.0,2.0,0.0,0.0,0.0,2.0,0.0,0.0,3.0,1.0,1.0,0.0,0.0,0.0,0.0,2.0,2.0,1.0,0.0,0.0,0.0,0.0,1.0,2.0,1.0,0.0,11.0,3.0,5.0,11.0,0.0,2.0,5.0,0.0,5.0,4.0,3.0,6.0,0.0,4.0,1.0,0.0,12.0,4.0,2.0,2.0,0.0,0.0,0.0,2.0,6.0,2.0,0.0
6123970715803422720,realty.yandex.ru,Можайский,31.0,8.0,143.0,0.0,128.85714285714286,228,29484,372,35651,311900.0,91.0,14.0,529.0,0.0,286.53846153846155,228,29484,372,35651,1.0,0.0,3.0,4.0,0.0,1.0,2.0,0.0,8.0,4.0,0.0,0.0,0.0,0.0,0.0,5.0,2.0,1.0,1.0,1.0,0.0,0.0,3.0,10.0,7.0,18.0,0.0,1.0,0.0,3.0,4.0,0.0,1.0,2.0,0.0,11.0,4.0,1.0,0.0,0.0,0.0,0.0,6.0,2.0,1.0,3.0,2.0,0.0,1.0,6.0,13.0,7.0,18.0,0.0
322964782,cian.ru,Донской,33.0,5.0,680.0,0.0,187.28571428571428,588,18037,310,5515,391900.0,125.0,24.0,3344.0,0.0,372.7826086956522,588,18037,310,5515,6.0,1.0,2.0,1.0,0.0,0.0,0.0,0.0,1.0,0.0,0.0,0.0,5.0,1.0,0.0,3.0,0.0,0.0,0.0,1.0,0.0,0.0,2.0,2.0,2.0,0.0,0.0,10.0,5.0,7.0,12.0,0.0,6.0,3.0,0.0,4.0,8.0,3.0,0.0,6.0,1.0,0.0,9.0,9.0,0.0,2.0,3.0,0.0,4.0,10.0,13.0,15.0,1.0,0.0
321007409,cian.ru,Даниловский,49.0,2.0,,64.0,153.66666666666666,2848,6135,249,5744,399100.0,254.0,58.0,3830.0,64.0,377.483870967742,2848,6135,249,5744,5.0,1.0,1.0,3.0,0.0,3.0,1.0,0.0,6.0,1.0,0.0,1.0,1.0,0.0,0.0,6.0,0.0,0.0,4.0,2.0,0.0,0.0,8.0,12.0,8.0,0.0,0.0,8.0,4.0,3.0,12.0,2.0,3.0,3.0,0.0,11.0,5.0,3.0,3.0,4.0,0.0,0.0,7.0,6.0,0.0,8.0,4.0,0.0,3.0,10.0,16.0,15.0,4.0,0.0
4145876257197060096,realty.yandex.ru,Нагатино-Садовники,61.0,2.0,327.0,55.0,156.85714285714286,746,9153,305,6815,353800.0,197.0,35.0,5615.0,55.0,337.5263157894737,746,9153,305,6815,5.0,0.0,2.0,1.0,0.0,1.0,0.0,0.0,1.0,0.0,0.0,0.0,0.0,0.0,0.0,1.0,2.0,1.0,1.0,2.0,0.0,0.0,4.0,2.0,8.0,0.0,0.0,11.0,2.0,11.0,12.0,0.0,5.0,6.0,0.0,16.0,4.0,0.0,4.0,3.0,0.0,0.0,6.0,13.0,1.0,5.0,3.0,0.0,0.0,11.0,10.0,15.0,3.0,1.0
3065103135954662912,realty.yandex.ru,Нагатино-Садовники,61.0,2.0,327.0,55.0,156.85714285714286,746,9153,305,6815,353800.0,197.0,35.0,5615.0,55.0,337.5263157894737,746,9153,305,6815,5.0,0.0,2.0,1.0,0.0,1.0,0.0,0.0,1.0,0.0,0.0,0.0,0.0,0.0,0.0,1.0,2.0,1.0,1.0,2.0,0.0,0.0,4.0,2.0,8.0,0.0,0.0,11.0,2.0,11.0,12.0,0.0,5.0,6.0,0.0,16.0,4.0,0.0,4.0,3.0,0.0,0.0,6.0,13.0,1.0,5.0,3.0,0.0,0.0,11.0,10.0,15.0,3.0,1.0
323068177,cian.ru,Нагатино-Садовники,61.0,2.0,327.0,55.0,156.71428571428572,746,9153,305,6815,353800.0,197.0,35.0,5615.0,55.0,337.2631578947368,746,9153,305,6815,5.0,0.0,2.0,1.0,0.0,1.0,0.0,0.0,1.0,0.0,0.0,0.0,0.0,0.0,0.0,1.0,2.0,1.0,1.0,2.0,0.0,0.0,4.0,2.0,8.0,0.0,0.0,11.0,2.0,11.0,12.0,0.0,5.0,6.0,0.0,16.0,4.0,0.0,4.0,3.0,0.0,0.0,6.0,13.0,1.0,5.0,3.0,0.0,0.0,11.0,10.0,15.0,3.0,1.0
323933886,cian.ru,Останкинский,16.0,3.0,192.0,283.0,283.0,186,1498,830,2747,380300.0,84.0,23.0,3460.0,283.0,343.0,186,1498,830,2747,1.0,0.0,0.0,1.0,0.0,0.0,1.0,0.0,1.0,0.0,0.0,0.0,1.0,0.0,0.0,1.0,0.0,1.0,1.0,0.0,0.0,1.0,0.0,1.0,5.0,1.0,0.0,4.0,1.0,0.0,3.0,0.0,1.0,2.0,0.0,2.0,2.0,1.0,3.0,3.0,1.0,0.0,1.0,2.0,3.0,2.0,1.0,0.0,2.0,0.0,5.0,8.0,2.0,0.0
322245061,cian.ru,Хорошевский,77.0,11.0,1835.0,111.0,111.0,2396,34890,2824,2132,443000.0,209.0,42.0,5703.0,111.0,430.3571428571428,2396,34890,2824,2132,2.0,5.0,0.0,2.0,0.0,0.0,1.0,0.0,1.0,0.0,0.0,5.0,0.0,0.0,0.0,1.0,2.0,0.0,1.0,0.0,0.0,0.0,0.0,0.0,0.0,2.0,0.0,17.0,12.0,8.0,34.0,0.0,7.0,11.0,0.0,16.0,3.0,4.0,7.0,6.0,3.0,1.0,7.0,13.0,1.0,10.0,5.0,8.0,0.0,10.0,25.0,44.0,7.0,1.0
324585727,cian.ru,Нагатино-Садовники,61.0,2.0,327.0,55.0,156.71428571428572,746,9153,305,6815,353800.0,197.0,35.0,5615.0,55.0,337.2631578947368,746,9153,305,6815,5.0,0.0,2.0,1.0,0.0,1.0,0.0,0.0,1.0,0.0,0.0,0.0,0.0,0.0,0.0,1.0,2.0,1.0,1.0,2.0,0.0,0.0,4.0,2.0,8.0,0.0,0.0,11.0,2.0,11.0,12.0,0.0,5.0,6.0,0.0,16.0,4.0,0.0,4.0,3.0,0.0,0.0,6.0,13.0,1.0,5.0,3.0,0.0,0.0,11.0,10.0,15.0,3.0,1.0
5922144099033102336,realty.yandex.ru,Нагатино-Садовники,61.0,2.0,327.0,55.0,156.85714285714286,746,9153,305,6815,353800.0,197.0,35.0,5615.0,55.0,337.5263157894737,746,9153,305,6815,5.0,0.0,2.0,1.0,0.0,1.0,0.0,0.0,1.0,0.0,0.0,0.0,0.0,0.0,0.0,1.0,2.0,1.0,1.0,2.0,0.0,0.0,4.0,2.0,8.0,0.0,0.0,11.0,2.0,11.0,12.0,0.0,5.0,6.0,0.0,16.0,4.0,0.0,4.0,3.0,0.0,0.0,6.0,13.0,1.0,5.0,3.0,0.0,0.0,11.0,10.0,15.0,3.0,1.0
4611576574878031872,realty.yandex.ru,Нагатино-Садовники,61.0,2.0,327.0,55.0,156.85714285714286,746,9153,305,6815,353800.0,197.0,35.0,5615.0,55.0,337.5263157894737,746,9153,305,6815,5.0,0.0,2.0,1.0,0.0,1.0,0.0,0.0,1.0,0.0,0.0,0.0,0.0,0.0,0.0,1.0,2.0,1.0,1.0,2.0,0.0,0.0,4.0,2.0,8.0,0.0,0.0,11.0,2.0,11.0,12.0,0.0,5.0,6.0,0.0,16.0,4.0,0.0,4.0,3.0,0.0,0.0,6.0,13.0,1.0,5.0,3.0,0.0,0.0,11.0,10.0,15.0,3.0,1.0
812062106166396672,realty.yandex.ru,Нагатино-Садовники,61.0,2.0,327.0,55.0,156.85714285714286,746,9153,305,6815,353800.0,197.0,35.0,5615.0,55.0,337.5263157894737,746,9153,305,6815,5.0,0.0,2.0,1.0,0.0,1.0,0.0,0.0,1.0,0.0,0.0,0.0,0.0,0.0,0.0,1.0,2.0,1.0,1.0,2.0,0.0,0.0,4.0,2.0,8.0,0.0,0.0,11.0,2.0,11.0,12.0,0.0,5.0,6.0,0.0,16.0,4.0,0.0,4.0,3.0,0.0,0.0,6.0,13.0,1.0,5.0,3.0,0.0,0.0,11.0,10.0,15.0,3.0,1.0
321730783,cian.ru,Кунцево,46.0,15.0,1742.0,235.0,277.0,1702,3238,623,194,351900.0,194.0,60.0,7818.0,235.0,435.1666666666667,1702,3238,623,194,0.0,0.0,0.0,4.0,0.0,0.0,1.0,0.0,2.0,0.0,1.0,3.0,0.0,0.0,0.0,0.0,4.0,1.0,0.0,0.0,0.0,1.0,0.0,1.0,0.0,1.0,0.0,0.0,3.0,5.0,9.0,0.0,3.0,6.0,0.0,38.0,9.0,1.0,4.0,2.0,0.0,0.0,2.0,11.0,4.0,4.0,1.0,0.0,3.0,5.0,8.0,7.0,1.0,0.0
324852333,cian.ru,Нагатино-Садовники,61.0,2.0,327.0,55.0,156.71428571428572,746,9153,305,6815,353800.0,197.0,35.0,5615.0,55.0,337.2631578947368,746,9153,305,6815,5.0,0.0,2.0,1.0,0.0,1.0,0.0,0.0,1.0,0.0,0.0,0.0,0.0,0.0,0.0,1.0,2.0,1.0,1.0,2.0,0.0,0.0,4.0,2.0,8.0,0.0,0.0,11.0,2.0,11.0,12.0,0.0,5.0,6.0,0.0,16.0,4.0,0.0,4.0,3.0,0.0,0.0,6.0,13.0,1.0,5.0,3.0,0.0,0.0,11.0,10.0,15.0,3.0,1.0
324169819,cian.ru,Хамовники,76.0,26.0,1617.0,28.0,129.9375,1962,15506,1873,5697,846800.0,239.0,72.0,5233.0,28.0,333.2894736842105,1962,15506,1873,5697,0.0,1.0,4.0,13.0,0.0,5.0,1.0,0.0,2.0,0.0,3.0,2.0,0.0,0.0,0.0,0.0,8.0,0.0,0.0,5.0,0.0,1.0,5.0,5.0,8.0,2.0,0.0,47.0,4.0,12.0,42.0,0.0,6.0,6.0,0.0,15.0,7.0,5.0,3.0,5.0,0.0,1.0,5.0,15.0,5.0,6.0,10.0,0.0,2.0,11.0,14.0,22.0,9.0,0.0
915817187355229184,realty.yandex.ru,Нагатино-Садовники,61.0,2.0,327.0,55.0,156.85714285714286,746,9153,305,6815,353800.0,197.0,35.0,5615.0,55.0,337.5263157894737,746,9153,305,6815,5.0,0.0,2.0,1.0,0.0,1.0,0.0,0.0,1.0,0.0,0.0,0.0,0.0,0.0,0.0,1.0,2.0,1.0,1.0,2.0,0.0,0.0,4.0,2.0,8.0,0.0,0.0,11.0,2.0,11.0,12.0,0.0,5.0,6.0,0.0,16.0,4.0,0.0,4.0,3.0,0.0,0.0,6.0,13.0,1.0,5.0,3.0,0.0,0.0,11.0,10.0,15.0,3.0,1.0
5919931017693375488,realty.yandex.ru,Нагатино-Садовники,61.0,2.0,327.0,55.0,156.85714285714286,746,9153,305,6815,353800.0,197.0,35.0,5615.0,55.0,337.5263157894737,746,9153,305,6815,5.0,0.0,2.0,1.0,0.0,1.0,0.0,0.0,1.0,0.0,0.0,0.0,0.0,0.0,0.0,1.0,2.0,1.0,1.0,2.0,0.0,0.0,4.0,2.0,8.0,0.0,0.0,11.0,2.0,11.0,12.0,0.0,5.0,6.0,0.0,16.0,4.0,0.0,4.0,3.0,0.0,0.0,6.0,13.0,1.0,5.0,3.0,0.0,0.0,11.0,10.0,15.0,3.0,1.0
324799079,cian.ru,Нагатино-Садовники,61.0,2.0,327.0,55.0,156.71428571428572,746,9153,305,6815,353800.0,197.0,35.0,5615.0,55.0,337.2631578947368,746,9153,305,6815,5.0,0.0,2.0,1.0,0.0,1.0,0.0,0.0,1.0,0.0,0.0,0.0,0.0,0.0,0.0,1.0,2.0,1.0,1.0,2.0,0.0,0.0,4.0,2.0,8.0,0.0,0.0,11.0,2.0,11.0,12.0,0.0,5.0,6.0,0.0,16.0,4.0,0.0,4.0,3.0,0.0,0.0,6.0,13.0,1.0,5.0,3.0,0.0,0.0,11.0,10.0,15.0,3.0,1.0
2883327296280893952,realty.yandex.ru,Нагатино-Садовники,61.0,2.0,327.0,55.0,156.85714285714286,746,9153,305,6815,353800.0,197.0,35.0,5615.0,55.0,337.5263157894737,746,9153,305,6815,5.0,0.0,2.0,1.0,0.0,1.0,0.0,0.0,1.0,0.0,0.0,0.0,0.0,0.0,0.0,1.0,2.0,1.0,1.0,2.0,0.0,0.0,4.0,2.0,8.0,0.0,0.0,11.0,2.0,11.0,12.0,0.0,5.0,6.0,0.0,16.0,4.0,0.0,4.0,3.0,0.0,0.0,6.0,13.0,1.0,5.0,3.0,0.0,0.0,11.0,10.0,15.0,3.0,1.0
4941320854031960064,realty.yandex.ru,Нагатино-Садовники,61.0,2.0,327.0,55.0,156.85714285714286,746,9153,305,6815,353800.0,197.0,35.0,5615.0,55.0,337.5263157894737,746,9153,305,6815,5.0,0.0,2.0,1.0,0.0,1.0,0.0,0.0,1.0,0.0,0.0,0.0,0.0,0.0,0.0,1.0,2.0,1.0,1.0,2.0,0.0,0.0,4.0,2.0,8.0,0.0,0.0,11.0,2.0,11.0,12.0,0.0,5.0,6.0,0.0,16.0,4.0,0.0,4.0,3.0,0.0,0.0,6.0,13.0,1.0,5.0,3.0,0.0,0.0,11.0,10.0,15.0,3.0,1.0
324177950,cian.ru,Сокол,41.0,28.0,3022.0,17.0,213.75,512,2347,1409,5506,390900.0,173.0,94.0,7863.0,17.0,317.75,512,2347,1409,5506,4.0,2.0,3.0,16.0,0.0,5.0,4.0,0.0,3.0,0.0,5.0,0.0,0.0,1.0,0.0,1.0,5.0,1.0,3.0,3.0,0.0,0.0,1.0,2.0,4.0,2.0,0.0,16.0,9.0,6.0,28.0,0.0,8.0,11.0,0.0,17.0,5.0,9.0,6.0,1.0,1.0,0.0,1.0,14.0,5.0,9.0,11.0,0.0,0.0,1.0,10.0,13.0,3.0,0.0
7517866235120427008,realty.yandex.ru,Филевский Парк,38.0,25.0,5036.0,6.0,153.75,2378,22129,5401,24873,402300.0,103.0,44.0,8885.0,6.0,297.3333333333333,2378,22129,5401,24873,3.0,1.0,7.0,18.0,0.0,6.0,6.0,0.0,11.0,5.0,4.0,2.0,0.0,0.0,1.0,2.0,9.0,5.0,4.0,4.0,2.0,0.0,9.0,18.0,17.0,2.0,0.0,4.0,3.0,10.0,24.0,0.0,6.0,7.0,1.0,19.0,9.0,5.0,5.0,0.0,0.0,2.0,3.0,21.0,5.0,6.0,9.0,2.0,1.0,10.0,20.0,21.0,2.0,0.0
320736494,cian.ru,Теплый Стан,22.0,11.0,1906.0,0.0,0.0,370,12038,1590,5384,312900.0,79.0,32.0,6965.0,0.0,269.3333333333333,370,12038,1590,5384,1.0,0.0,2.0,2.0,0.0,2.0,1.0,0.0,1.0,0.0,1.0,2.0,0.0,0.0,0.0,1.0,4.0,0.0,2.0,2.0,0.0,0.0,1.0,4.0,4.0,2.0,0.0,2.0,2.0,9.0,8.0,1.0,5.0,4.0,0.0,6.0,1.0,5.0,6.0,0.0,0.0,1.0,1.0,21.0,2.0,4.0,3.0,0.0,0.0,6.0,7.0,9.0,5.0,0.0
323347699,cian.ru,Даниловский,63.0,19.0,1619.0,1.0,126.83333333333331,2890,10800,2412,7029,399100.0,153.0,47.0,4684.0,1.0,368.8421052631579,2890,10800,2412,7029,0.0,1.0,5.0,8.0,0.0,1.0,4.0,0.0,8.0,4.0,0.0,1.0,1.0,0.0,1.0,1.0,7.0,1.0,3.0,2.0,0.0,0.0,4.0,3.0,4.0,1.0,0.0,2.0,1.0,9.0,11.0,0.0,2.0,7.0,0.0,14.0,5.0,1.0,3.0,1.0,1.0,1.0,7.0,11.0,4.0,6.0,3.0,0.0,0.0,12.0,14.0,12.0,2.0,1.0
3673425668290435072,realty.yandex.ru,Щербинка,13.0,12.0,1631.0,,,0,0,0,0,213800.0,30.0,24.0,2387.0,,,0,0,0,0,0.0,1.0,2.0,2.0,0.0,0.0,0.0,0.0,4.0,2.0,0.0,0.0,0.0,0.0,0.0,0.0,1.0,0.0,2.0,0.0,0.0,0.0,0.0,1.0,1.0,0.0,0.0,1.0,1.0,3.0,5.0,0.0,0.0,0.0,0.0,5.0,4.0,0.0,1.0,0.0,0.0,0.0,0.0,2.0,1.0,2.0,0.0,0.0,0.0,0.0,1.0,1.0,0.0,0.0
321029067,cian.ru,Куркино,31.0,16.0,1080.0,225.0,225.0,930,13028,2793,11253,328100.0,129.0,84.0,7319.0,225.0,225.0,930,13028,2793,11253,2.0,2.0,7.0,12.0,0.0,1.0,4.0,0.0,8.0,1.0,1.0,2.0,1.0,0.0,1.0,0.0,6.0,1.0,1.0,1.0,0.0,0.0,1.0,3.0,4.0,1.0,0.0,9.0,11.0,13.0,49.0,0.0,2.0,9.0,0.0,13.0,4.0,5.0,10.0,1.0,0.0,1.0,0.0,20.0,2.0,3.0,3.0,0.0,1.0,2.0,6.0,6.0,2.0,0.0
325162037,cian.ru,Теплый Стан,22.0,11.0,1906.0,0.0,0.0,370,12038,1590,5384,312900.0,79.0,32.0,6965.0,0.0,269.3333333333333,370,12038,1590,5384,1.0,0.0,2.0,2.0,0.0,2.0,1.0,0.0,1.0,0.0,1.0,2.0,0.0,0.0,0.0,1.0,4.0,0.0,2.0,2.0,0.0,0.0,1.0,4.0,4.0,2.0,0.0,2.0,2.0,9.0,8.0,1.0,5.0,4.0,0.0,6.0,1.0,5.0,6.0,0.0,0.0,1.0,1.0,21.0,2.0,4.0,3.0,0.0,0.0,6.0,7.0,9.0,5.0,0.0
325162032,cian.ru,Теплый Стан,22.0,11.0,1906.0,0.0,0.0,370,12038,1590,5384,312900.0,79.0,32.0,6965.0,0.0,269.3333333333333,370,12038,1590,5384,1.0,0.0,2.0,2.0,0.0,2.0,1.0,0.0,1.0,0.0,1.0,2.0,0.0,0.0,0.0,1.0,4.0,0.0,2.0,2.0,0.0,0.0,1.0,4.0,4.0,2.0,0.0,2.0,2.0,9.0,8.0,1.0,5.0,4.0,0.0,6.0,1.0,5.0,6.0,0.0,0.0,1.0,1.0,21.0,2.0,4.0,3.0,0.0,0.0,6.0,7.0,9.0,5.0,0.0
322967669,cian.ru,Куркино,31.0,16.0,1080.0,225.0,225.0,930,13028,2793,11253,328100.0,129.0,84.0,7319.0,225.0,225.0,930,13028,2793,11253,2.0,2.0,7.0,12.0,0.0,1.0,4.0,0.0,8.0,1.0,1.0,2.0,1.0,0.0,1.0,0.0,6.0,1.0,1.0,1.0,0.0,0.0,1.0,3.0,4.0,1.0,0.0,9.0,11.0,13.0,49.0,0.0,2.0,9.0,0.0,13.0,4.0,5.0,10.0,1.0,0.0,1.0,0.0,20.0,2.0,3.0,3.0,0.0,1.0,2.0,6.0,6.0,2.0,0.0
325162039,cian.ru,Теплый Стан,22.0,11.0,1906.0,0.0,0.0,370,12038,1590,5384,312900.0,79.0,32.0,6965.0,0.0,269.3333333333333,370,12038,1590,5384,1.0,0.0,2.0,2.0,0.0,2.0,1.0,0.0,1.0,0.0,1.0,2.0,0.0,0.0,0.0,1.0,4.0,0.0,2.0,2.0,0.0,0.0,1.0,4.0,4.0,2.0,0.0,2.0,2.0,9.0,8.0,1.0,5.0,4.0,0.0,6.0,1.0,5.0,6.0,0.0,0.0,1.0,1.0,21.0,2.0,4.0,3.0,0.0,0.0,6.0,7.0,9.0,5.0,0.0
321544549,cian.ru,Люблино,34.0,9.0,1688.0,122.0,225.25,0,63,0,28,274100.0,180.0,21.0,6796.0,122.0,368.34615384615387,0,63,0,28,0.0,0.0,0.0,0.0,0.0,0.0,0.0,0.0,0.0,0.0,0.0,1.0,0.0,0.0,0.0,0.0,0.0,0.0,0.0,0.0,0.0,0.0,2.0,0.0,1.0,0.0,0.0,4.0,1.0,5.0,13.0,1.0,3.0,5.0,0.0,19.0,13.0,0.0,2.0,6.0,1.0,0.0,1.0,13.0,5.0,3.0,4.0,1.0,1.0,5.0,13.0,8.0,0.0,0.0
7571371801,avito.ru,Куркино,31.0,16.0,1080.0,225.0,225.0,930,13028,2793,11253,328100.0,129.0,84.0,7319.0,225.0,225.0,930,13028,2793,11253,2.0,2.0,7.0,12.0,0.0,1.0,4.0,0.0,8.0,1.0,1.0,2.0,1.0,0.0,1.0,0.0,6.0,1.0,1.0,1.0,0.0,0.0,1.0,3.0,4.0,1.0,0.0,9.0,11.0,13.0,51.0,0.0,2.0,9.0,0.0,13.0,4.0,5.0,10.0,1.0,0.0,1.0,0.0,20.0,2.0,3.0,3.0,0.0,1.0,2.0,6.0,6.0,2.0,0.0
322471470,cian.ru,Нагатино-Садовники,61.0,2.0,327.0,55.0,156.71428571428572,746,9153,305,6815,353800.0,197.0,35.0,5615.0,55.0,337.2631578947368,746,9153,305,6815,5.0,0.0,2.0,1.0,0.0,1.0,0.0,0.0,1.0,0.0,0.0,0.0,0.0,0.0,0.0,1.0,2.0,1.0,1.0,2.0,0.0,0.0,4.0,2.0,8.0,0.0,0.0,11.0,2.0,11.0,12.0,0.0,5.0,6.0,0.0,16.0,4.0,0.0,4.0,3.0,0.0,0.0,6.0,13.0,1.0,5.0,3.0,0.0,0.0,11.0,10.0,15.0,3.0,1.0
321050033,cian.ru,Нагатино-Садовники,61.0,2.0,327.0,55.0,156.71428571428572,746,9153,305,6815,353800.0,197.0,35.0,5615.0,55.0,337.2631578947368,746,9153,305,6815,5.0,0.0,2.0,1.0,0.0,1.0,0.0,0.0,1.0,0.0,0.0,0.0,0.0,0.0,0.0,1.0,2.0,1.0,1.0,2.0,0.0,0.0,4.0,2.0,8.0,0.0,0.0,11.0,2.0,11.0,12.0,0.0,5.0,6.0,0.0,16.0,4.0,0.0,4.0,3.0,0.0,0.0,6.0,13.0,1.0,5.0,3.0,0.0,0.0,11.0,10.0,15.0,3.0,1.0
322748980,cian.ru,Нагатино-Садовники,61.0,2.0,327.0,55.0,156.71428571428572,746,9153,305,6815,353800.0,197.0,35.0,5615.0,55.0,337.2631578947368,746,9153,305,6815,5.0,0.0,2.0,1.0,0.0,1.0,0.0,0.0,1.0,0.0,0.0,0.0,0.0,0.0,0.0,1.0,2.0,1.0,1.0,2.0,0.0,0.0,4.0,2.0,8.0,0.0,0.0,11.0,2.0,11.0,12.0,0.0,5.0,6.0,0.0,16.0,4.0,0.0,4.0,3.0,0.0,0.0,6.0,13.0,1.0,5.0,3.0,0.0,0.0,11.0,10.0,15.0,3.0,1.0
320333922,cian.ru,Даниловский,55.0,17.0,1487.0,9.0,147.83333333333334,2890,10800,2412,7029,399100.0,156.0,47.0,4613.0,9.0,396.82608695652175,2890,10800,2412,7029,0.0,1.0,4.0,8.0,0.0,1.0,4.0,0.0,8.0,3.0,0.0,1.0,1.0,0.0,1.0,2.0,7.0,1.0,3.0,3.0,0.0,0.0,4.0,4.0,4.0,1.0,0.0,2.0,1.0,9.0,11.0,0.0,2.0,7.0,0.0,19.0,5.0,1.0,3.0,1.0,1.0,1.0,9.0,11.0,4.0,6.0,3.0,0.0,1.0,16.0,19.0,35.0,2.0,2.0
322865643,cian.ru,Нагатино-Садовники,61.0,2.0,327.0,55.0,156.71428571428572,746,9153,305,6815,353800.0,197.0,35.0,5615.0,55.0,337.2631578947368,746,9153,305,6815,5.0,0.0,2.0,1.0,0.0,1.0,0.0,0.0,1.0,0.0,0.0,0.0,0.0,0.0,0.0,1.0,2.0,1.0,1.0,2.0,0.0,0.0,4.0,2.0,8.0,0.0,0.0,11.0,2.0,11.0,12.0,0.0,5.0,6.0,0.0,16.0,4.0,0.0,4.0,3.0,0.0,0.0,6.0,13.0,1.0,5.0,3.0,0.0,0.0,11.0,10.0,15.0,3.0,1.0
321660478,cian.ru,Гагаринский,30.0,4.0,954.0,0.0,118.5,1912,10247,1997,6966,454900.0,117.0,24.0,4313.0,0.0,256.3333333333333,1912,10247,1997,6966,6.0,0.0,3.0,2.0,0.0,3.0,2.0,0.0,2.0,1.0,3.0,4.0,0.0,0.0,1.0,0.0,4.0,2.0,2.0,5.0,0.0,0.0,3.0,4.0,5.0,1.0,0.0,16.0,6.0,9.0,14.0,0.0,4.0,7.0,0.0,12.0,6.0,4.0,8.0,2.0,0.0,1.0,0.0,15.0,5.0,6.0,9.0,0.0,0.0,8.0,11.0,19.0,1.0,1.0
321376466,cian.ru,Бирюлево Восточное,25.0,13.0,3503.0,230.0,238.5,1552,9153,1958,8094,263200.0,126.0,52.0,12339.0,230.0,479.4,1552,9153,1958,8094,1.0,0.0,3.0,5.0,0.0,1.0,4.0,0.0,2.0,2.0,2.0,1.0,1.0,0.0,0.0,0.0,12.0,1.0,2.0,2.0,0.0,0.0,0.0,3.0,0.0,0.0,0.0,10.0,2.0,12.0,27.0,0.0,3.0,10.0,0.0,12.0,16.0,3.0,8.0,1.0,0.0,0.0,1.0,40.0,5.0,6.0,5.0,0.0,0.0,2.0,7.0,5.0,3.0,0.0
324693658,cian.ru,Ростокино,36.0,8.0,868.0,54.0,145.66666666666666,9320,78158,155,742,335200.0,137.0,40.0,3194.0,54.0,256.4,9320,78158,155,742,0.0,1.0,0.0,2.0,0.0,0.0,1.0,0.0,1.0,1.0,0.0,0.0,0.0,0.0,0.0,0.0,4.0,0.0,0.0,1.0,0.0,0.0,0.0,1.0,1.0,1.0,0.0,3.0,1.0,0.0,3.0,0.0,0.0,5.0,0.0,2.0,4.0,1.0,3.0,0.0,0.0,0.0,0.0,9.0,0.0,1.0,2.0,0.0,0.0,0.0,2.0,3.0,1.0,0.0
3987628968732372992,realty.yandex.ru,Нагорный,38.0,,,1.0,179.6153846153846,4280,22811,478,17607,345200.0,215.0,7.0,,1.0,395.672131147541,4280,22811,478,17607,2.0,0.0,7.0,6.0,0.0,0.0,1.0,0.0,12.0,0.0,0.0,0.0,1.0,0.0,1.0,4.0,7.0,3.0,4.0,3.0,0.0,0.0,7.0,8.0,13.0,0.0,0.0,6.0,2.0,10.0,10.0,1.0,2.0,2.0,0.0,23.0,3.0,0.0,0.0,2.0,0.0,1.0,6.0,9.0,3.0,8.0,5.0,0.0,0.0,10.0,16.0,23.0,1.0,1.0
5096683996509251584,realty.yandex.ru,Обручевский,32.0,3.0,826.0,0.0,172.66666666666666,3744,32124,301,4752,411600.0,114.0,19.0,4379.0,0.0,319.1904761904762,3744,32124,301,4752,6.0,0.0,0.0,2.0,0.0,0.0,0.0,0.0,2.0,0.0,0.0,0.0,0.0,0.0,0.0,2.0,1.0,1.0,1.0,0.0,0.0,0.0,3.0,2.0,2.0,0.0,0.0,9.0,6.0,6.0,13.0,0.0,7.0,2.0,0.0,13.0,2.0,1.0,1.0,0.0,0.0,1.0,4.0,11.0,3.0,5.0,4.0,0.0,0.0,13.0,15.0,28.0,8.0,1.0
320993381,cian.ru,Даниловский,36.0,13.0,1986.0,0.0,154.4,4964,61224,2479,9671,399100.0,198.0,46.0,4496.0,0.0,340.8666666666667,4964,61224,2479,9671,11.0,3.0,18.0,36.0,0.0,2.0,5.0,0.0,23.0,11.0,0.0,1.0,1.0,0.0,3.0,6.0,23.0,3.0,11.0,7.0,0.0,1.0,14.0,54.0,50.0,1.0,2.0,24.0,6.0,27.0,60.0,1.0,2.0,9.0,0.0,32.0,16.0,3.0,3.0,4.0,0.0,4.0,13.0,29.0,5.0,15.0,11.0,0.0,4.0,21.0,72.0,72.0,25.0,6.0
6122995864010138624,realty.yandex.ru,Обручевский,32.0,3.0,826.0,0.0,172.66666666666666,3744,32124,301,4752,411600.0,114.0,19.0,4379.0,0.0,319.1904761904762,3744,32124,301,4752,6.0,0.0,0.0,2.0,0.0,0.0,0.0,0.0,2.0,0.0,0.0,0.0,0.0,0.0,0.0,2.0,1.0,1.0,1.0,0.0,0.0,0.0,3.0,2.0,2.0,0.0,0.0,9.0,6.0,6.0,13.0,0.0,7.0,2.0,0.0,13.0,2.0,1.0,1.0,0.0,0.0,1.0,4.0,11.0,3.0,5.0,4.0,0.0,0.0,13.0,15.0,28.0,8.0,1.0
325125485,cian.ru,Головинский,50.0,14.0,1806.0,0.0,157.8,10630,49659,2948,18351,329000.0,168.0,56.0,9448.0,0.0,363.6315789473685,10630,49659,2948,18351,10.0,1.0,27.0,28.0,0.0,4.0,4.0,1.0,36.0,4.0,1.0,0.0,0.0,0.0,1.0,5.0,10.0,4.0,5.0,8.0,3.0,0.0,10.0,17.0,35.0,1.0,1.0,16.0,3.0,39.0,54.0,1.0,6.0,13.0,1.0,46.0,14.0,2.0,5.0,7.0,0.0,2.0,9.0,35.0,5.0,8.0,12.0,3.0,1.0,21.0,27.0,56.0,8.0,3.0
322781478,cian.ru,Беговой,50.0,18.0,1206.0,106.0,221.5,5800,40013,1078,2624,414000.0,249.0,86.0,7402.0,106.0,427.2241379310345,5800,40013,1078,2624,3.0,2.0,5.0,10.0,0.0,0.0,4.0,0.0,8.0,0.0,0.0,1.0,1.0,0.0,0.0,0.0,3.0,0.0,2.0,3.0,0.0,1.0,4.0,8.0,16.0,0.0,0.0,43.0,9.0,29.0,91.0,1.0,6.0,15.0,0.0,21.0,13.0,2.0,6.0,1.0,0.0,0.0,9.0,22.0,1.0,16.0,10.0,0.0,7.0,21.0,38.0,104.0,4.0,4.0
315642392,cian.ru,Красносельский,81.0,14.0,1110.0,55.0,155.0,2688,33074,1668,14634,454800.0,354.0,66.0,4828.0,55.0,396.9411764705882,2688,33074,1668,14634,7.0,1.0,8.0,25.0,0.0,0.0,3.0,0.0,3.0,6.0,1.0,1.0,2.0,0.0,1.0,1.0,11.0,1.0,4.0,2.0,0.0,1.0,5.0,8.0,18.0,6.0,2.0,21.0,17.0,19.0,65.0,3.0,3.0,15.0,0.0,20.0,10.0,5.0,3.0,4.0,0.0,2.0,3.0,30.0,7.0,14.0,6.0,0.0,5.0,18.0,38.0,62.0,9.0,2.0
322857670,cian.ru,Южнопортовый,40.0,5.0,1974.0,176.0,251.6,3948,34390,7169,6433,368900.0,175.0,16.0,5815.0,176.0,430.72222222222223,3948,34390,7169,6433,0.0,1.0,0.0,17.0,0.0,0.0,1.0,0.0,8.0,0.0,0.0,0.0,0.0,0.0,2.0,0.0,2.0,0.0,1.0,0.0,0.0,0.0,0.0,3.0,14.0,0.0,0.0,5.0,2.0,4.0,20.0,0.0,1.0,2.0,0.0,24.0,1.0,2.0,0.0,8.0,0.0,2.0,3.0,6.0,1.0,6.0,4.0,0.0,1.0,13.0,12.0,28.0,0.0,0.0
6122995864897642496,realty.yandex.ru,Обручевский,32.0,3.0,826.0,0.0,172.66666666666666,3744,32124,301,4752,411600.0,114.0,19.0,4379.0,0.0,319.1904761904762,3744,32124,301,4752,6.0,0.0,0.0,2.0,0.0,0.0,0.0,0.0,2.0,0.0,0.0,0.0,0.0,0.0,0.0,2.0,1.0,1.0,1.0,0.0,0.0,0.0,3.0,2.0,2.0,0.0,0.0,9.0,6.0,6.0,13.0,0.0,7.0,2.0,0.0,13.0,2.0,1.0,1.0,0.0,0.0,1.0,4.0,11.0,3.0,5.0,4.0,0.0,0.0,13.0,15.0,28.0,8.0,1.0
7523548143730270208,realty.yandex.ru,Тверской,96.0,34.0,1693.0,0.0,184.44444444444449,7640,94026,2521,35586,609300.0,430.0,104.0,5808.0,0.0,370.9647058823529,7640,94026,2521,35586,17.0,7.0,15.0,76.0,0.0,8.0,4.0,0.0,11.0,6.0,1.0,3.0,20.0,1.0,1.0,6.0,12.0,4.0,12.0,9.0,1.0,1.0,9.0,34.0,55.0,3.0,0.0,57.0,30.0,37.0,185.0,2.0,21.0,9.0,0.0,62.0,12.0,6.0,10.0,30.0,1.0,1.0,23.0,23.0,5.0,22.0,17.0,3.0,4.0,50.0,68.0,163.0,5.0,3.0
321384930,cian.ru,Мещанский,128.0,45.0,1562.0,0.0,192.8,5912,76634,2840,20848,530600.0,545.0,212.0,6894.0,0.0,392.6806722689076,5912,76634,2840,20848,25.0,18.0,15.0,42.0,0.0,0.0,4.0,0.0,7.0,4.0,4.0,2.0,1.0,0.0,1.0,9.0,4.0,2.0,9.0,9.0,0.0,0.0,9.0,14.0,56.0,4.0,1.0,51.0,42.0,26.0,131.0,1.0,6.0,10.0,0.0,14.0,13.0,5.0,6.0,25.0,0.0,1.0,23.0,12.0,4.0,13.0,10.0,0.0,4.0,16.0,30.0,99.0,12.0,6.0
321707818,cian.ru,Тверской,96.0,34.0,1693.0,0.0,184.4814814814815,7640,94026,2521,35586,609300.0,430.0,104.0,5808.0,0.0,371.0352941176471,7640,94026,2521,35586,17.0,7.0,15.0,76.0,0.0,8.0,4.0,0.0,11.0,6.0,1.0,3.0,20.0,1.0,1.0,6.0,12.0,4.0,12.0,9.0,1.0,1.0,9.0,34.0,55.0,3.0,0.0,57.0,30.0,37.0,185.0,2.0,21.0,9.0,0.0,62.0,12.0,6.0,10.0,30.0,1.0,1.0,23.0,23.0,5.0,22.0,17.0,3.0,4.0,50.0,68.0,163.0,5.0,3.0
320870565,cian.ru,Выхино-Жулебино,29.0,15.0,3589.0,,,2298,7742,3326,5138,273000.0,116.0,68.0,11415.0,513.0,513.0,2298,7742,3326,5138,19.0,1.0,19.0,24.0,1.0,1.0,10.0,0.0,40.0,7.0,0.0,2.0,0.0,0.0,1.0,0.0,13.0,3.0,5.0,6.0,2.0,0.0,11.0,19.0,26.0,6.0,1.0,30.0,11.0,38.0,74.0,4.0,3.0,19.0,0.0,58.0,20.0,9.0,8.0,0.0,0.0,3.0,1.0,53.0,8.0,16.0,11.0,2.0,0.0,13.0,25.0,39.0,13.0,2.0
322054966,cian.ru,Тверской,96.0,34.0,1693.0,0.0,184.4814814814815,7640,94026,2521,35586,609300.0,430.0,104.0,5808.0,0.0,371.0352941176471,7640,94026,2521,35586,17.0,7.0,15.0,76.0,0.0,8.0,4.0,0.0,11.0,6.0,1.0,3.0,20.0,1.0,1.0,6.0,12.0,4.0,12.0,9.0,1.0,1.0,9.0,34.0,55.0,3.0,0.0,57.0,30.0,37.0,185.0,2.0,21.0,9.0,0.0,62.0,12.0,6.0,10.0,30.0,1.0,1.0,23.0,23.0,5.0,22.0,17.0,3.0,4.0,50.0,68.0,163.0,5.0,3.0
322672271,cian.ru,Нагатино-Садовники,40.0,3.0,,0.0,181.4375,4280,22811,478,17607,353800.0,224.0,11.0,465.0,0.0,366.864406779661,4280,22811,478,17607,4.0,0.0,8.0,8.0,0.0,1.0,1.0,0.0,13.0,0.0,0.0,0.0,1.0,0.0,1.0,3.0,6.0,2.0,5.0,5.0,0.0,0.0,5.0,11.0,15.0,0.0,0.0,4.0,0.0,8.0,11.0,1.0,2.0,2.0,0.0,22.0,3.0,0.0,0.0,4.0,0.0,1.0,5.0,9.0,5.0,9.0,5.0,0.0,0.0,10.0,18.0,20.0,1.0,1.0
320508918,cian.ru,Ростокино,11.0,4.0,731.0,107.0,192.66666666666663,5196,25002,1354,7422,335200.0,67.0,26.0,4752.0,107.0,364.1428571428572,5196,25002,1354,7422,4.0,1.0,8.0,2.0,0.0,3.0,1.0,0.0,4.0,2.0,0.0,0.0,0.0,0.0,0.0,0.0,2.0,0.0,2.0,2.0,0.0,0.0,1.0,6.0,10.0,0.0,1.0,9.0,6.0,10.0,23.0,0.0,5.0,6.0,0.0,11.0,7.0,0.0,3.0,0.0,0.0,0.0,1.0,11.0,2.0,7.0,4.0,0.0,1.0,3.0,14.0,20.0,0.0,1.0
320218502,cian.ru,Ростокино,11.0,4.0,731.0,107.0,192.66666666666663,5196,25002,1354,7422,335200.0,67.0,26.0,4752.0,107.0,364.1428571428572,5196,25002,1354,7422,4.0,1.0,8.0,2.0,0.0,3.0,1.0,0.0,4.0,2.0,0.0,0.0,0.0,0.0,0.0,0.0,2.0,0.0,2.0,2.0,0.0,0.0,1.0,6.0,10.0,0.0,1.0,9.0,6.0,10.0,23.0,0.0,5.0,6.0,0.0,11.0,7.0,0.0,3.0,0.0,0.0,0.0,1.0,11.0,2.0,7.0,4.0,0.0,1.0,3.0,14.0,20.0,0.0,1.0
8699683739509367808,realty.yandex.ru,Бибирево,41.0,9.0,1778.0,135.0,164.25,5216,8290,2047,10887,271300.0,120.0,35.0,8230.0,135.0,350.5,5216,8290,2047,10887,4.0,5.0,12.0,16.0,2.0,1.0,5.0,0.0,38.0,5.0,1.0,2.0,0.0,0.0,4.0,0.0,12.0,1.0,4.0,5.0,0.0,0.0,8.0,10.0,18.0,1.0,2.0,12.0,8.0,20.0,26.0,5.0,2.0,11.0,1.0,47.0,10.0,4.0,7.0,1.0,0.0,5.0,2.0,32.0,7.0,6.0,10.0,0.0,1.0,10.0,14.0,23.0,6.0,2.0
320034639,cian.ru,Ростокино,11.0,4.0,731.0,107.0,192.66666666666663,5196,25002,1354,7422,335200.0,67.0,26.0,4752.0,107.0,364.1428571428572,5196,25002,1354,7422,4.0,1.0,8.0,2.0,0.0,3.0,1.0,0.0,4.0,2.0,0.0,0.0,0.0,0.0,0.0,0.0,2.0,0.0,2.0,2.0,0.0,0.0,1.0,6.0,10.0,0.0,1.0,9.0,6.0,10.0,23.0,0.0,5.0,6.0,0.0,11.0,7.0,0.0,3.0,0.0,0.0,0.0,1.0,11.0,2.0,7.0,4.0,0.0,1.0,3.0,14.0,20.0,0.0,1.0
322164919,cian.ru,Косино-Ухтомский,76.0,63.0,1624.0,,,2350,5410,2035,4348,266300.0,195.0,137.0,6487.0,,,2350,5410,2035,4348,4.0,3.0,1.0,15.0,0.0,2.0,4.0,0.0,8.0,4.0,2.0,2.0,0.0,0.0,2.0,0.0,12.0,0.0,2.0,1.0,0.0,0.0,2.0,2.0,7.0,3.0,0.0,10.0,8.0,11.0,36.0,0.0,4.0,7.0,0.0,15.0,9.0,5.0,5.0,0.0,0.0,2.0,0.0,27.0,3.0,6.0,6.0,0.0,0.0,6.0,8.0,11.0,5.0,0.0
6123969839837289472,realty.yandex.ru,Можайский,19.0,2.0,311.0,0.0,161.16666666666666,1702,15748,108,8043,311900.0,125.0,33.0,2986.0,0.0,382.5217391304348,1702,15748,108,8043,0.0,0.0,1.0,0.0,0.0,0.0,1.0,0.0,1.0,0.0,0.0,0.0,0.0,0.0,0.0,1.0,1.0,0.0,0.0,0.0,0.0,0.0,2.0,0.0,0.0,0.0,0.0,5.0,2.0,7.0,12.0,1.0,2.0,4.0,0.0,24.0,1.0,1.0,2.0,0.0,0.0,0.0,2.0,9.0,3.0,2.0,3.0,0.0,0.0,6.0,7.0,5.0,1.0,0.0
319728486,cian.ru,Тропарево-Никулино,22.0,12.0,3048.0,200.0,200.0,3360,1067,2196,2180,399700.0,64.0,32.0,6417.0,200.0,357.3333333333333,3360,1067,2196,2180,2.0,3.0,2.0,18.0,0.0,0.0,2.0,0.0,1.0,1.0,0.0,2.0,0.0,0.0,2.0,0.0,13.0,1.0,3.0,2.0,0.0,0.0,1.0,2.0,2.0,0.0,0.0,4.0,5.0,11.0,31.0,1.0,3.0,6.0,0.0,16.0,5.0,3.0,4.0,0.0,0.0,4.0,1.0,27.0,2.0,5.0,5.0,0.0,0.0,4.0,9.0,7.0,2.0,1.0
6123969834512267264,realty.yandex.ru,Можайский,19.0,2.0,311.0,0.0,161.16666666666666,1702,15748,108,8043,311900.0,125.0,33.0,2986.0,0.0,382.5217391304348,1702,15748,108,8043,0.0,0.0,1.0,0.0,0.0,0.0,1.0,0.0,1.0,0.0,0.0,0.0,0.0,0.0,0.0,1.0,1.0,0.0,0.0,0.0,0.0,0.0,2.0,0.0,0.0,0.0,0.0,5.0,2.0,7.0,12.0,1.0,2.0,4.0,0.0,24.0,1.0,1.0,2.0,0.0,0.0,0.0,2.0,9.0,3.0,2.0,3.0,0.0,0.0,6.0,7.0,5.0,1.0,0.0
6123233655533899776,realty.yandex.ru,Можайский,19.0,2.0,311.0,0.0,161.16666666666666,1702,15748,108,8043,311900.0,125.0,33.0,2986.0,0.0,382.5217391304348,1702,15748,108,8043,0.0,0.0,1.0,0.0,0.0,0.0,1.0,0.0,1.0,0.0,0.0,0.0,0.0,0.0,0.0,1.0,1.0,0.0,0.0,0.0,0.0,0.0,2.0,0.0,0.0,0.0,0.0,5.0,2.0,7.0,12.0,1.0,2.0,4.0,0.0,24.0,1.0,1.0,2.0,0.0,0.0,0.0,2.0,9.0,3.0,2.0,3.0,0.0,0.0,6.0,7.0,5.0,1.0,0.0
6123864983939890176,realty.yandex.ru,Можайский,19.0,2.0,311.0,0.0,161.16666666666666,1702,15748,108,8043,311900.0,125.0,33.0,2986.0,0.0,382.5217391304348,1702,15748,108,8043,0.0,0.0,1.0,0.0,0.0,0.0,1.0,0.0,1.0,0.0,0.0,0.0,0.0,0.0,0.0,1.0,1.0,0.0,0.0,0.0,0.0,0.0,2.0,0.0,0.0,0.0,0.0,5.0,2.0,7.0,12.0,1.0,2.0,4.0,0.0,24.0,1.0,1.0,2.0,0.0,0.0,0.0,2.0,9.0,3.0,2.0,3.0,0.0,0.0,6.0,7.0,5.0,1.0,0.0
5096742023274923008,realty.yandex.ru,Можайский,19.0,2.0,311.0,0.0,161.16666666666666,1702,15748,108,8043,311900.0,125.0,33.0,2986.0,0.0,382.5217391304348,1702,15748,108,8043,0.0,0.0,1.0,0.0,0.0,0.0,1.0,0.0,1.0,0.0,0.0,0.0,0.0,0.0,0.0,1.0,1.0,0.0,0.0,0.0,0.0,0.0,2.0,0.0,0.0,0.0,0.0,5.0,2.0,7.0,12.0,1.0,2.0,4.0,0.0,24.0,1.0,1.0,2.0,0.0,0.0,0.0,2.0,9.0,3.0,2.0,3.0,0.0,0.0,6.0,7.0,5.0,1.0,0.0
323135565,cian.ru,Марьино,28.0,10.0,3541.0,101.0,204.3333333333333,10044,26691,4178,7906,285300.0,107.0,42.0,11532.0,101.0,414.3333333333333,10044,26691,4178,7906,6.0,4.0,15.0,25.0,2.0,1.0,6.0,0.0,23.0,7.0,0.0,1.0,0.0,0.0,2.0,0.0,24.0,5.0,5.0,4.0,0.0,1.0,4.0,3.0,10.0,4.0,2.0,33.0,14.0,32.0,82.0,2.0,4.0,20.0,0.0,71.0,15.0,6.0,6.0,1.0,0.0,6.0,0.0,52.0,9.0,11.0,12.0,1.0,2.0,16.0,17.0,49.0,8.0,3.0
6122995920810374144,realty.yandex.ru,Можайский,19.0,2.0,311.0,0.0,161.16666666666666,1702,15748,108,8043,311900.0,125.0,33.0,2986.0,0.0,382.5217391304348,1702,15748,108,8043,0.0,0.0,1.0,0.0,0.0,0.0,1.0,0.0,1.0,0.0,0.0,0.0,0.0,0.0,0.0,1.0,1.0,0.0,0.0,0.0,0.0,0.0,2.0,0.0,0.0,0.0,0.0,5.0,2.0,7.0,12.0,1.0,2.0,4.0,0.0,24.0,1.0,1.0,2.0,0.0,0.0,0.0,2.0,9.0,3.0,2.0,3.0,0.0,0.0,6.0,7.0,5.0,1.0,0.0
322984999,cian.ru,Донской,88.0,32.0,2452.0,52.0,198.44444444444449,3160,25723,1514,18461,391900.0,317.0,97.0,8506.0,52.0,369.2,3160,25723,1514,18461,3.0,1.0,6.0,15.0,0.0,3.0,1.0,0.0,10.0,3.0,2.0,1.0,6.0,0.0,2.0,4.0,6.0,1.0,5.0,2.0,0.0,1.0,6.0,17.0,17.0,0.0,0.0,38.0,8.0,19.0,71.0,0.0,5.0,9.0,0.0,25.0,7.0,8.0,5.0,10.0,2.0,3.0,6.0,24.0,3.0,9.0,9.0,0.0,2.0,14.0,30.0,33.0,8.0,2.0
5576755546114744320,realty.yandex.ru,Можайский,19.0,2.0,311.0,0.0,161.16666666666666,1702,15748,108,8043,311900.0,125.0,33.0,2986.0,0.0,382.5217391304348,1702,15748,108,8043,0.0,0.0,1.0,0.0,0.0,0.0,1.0,0.0,1.0,0.0,0.0,0.0,0.0,0.0,0.0,1.0,1.0,0.0,0.0,0.0,0.0,0.0,2.0,0.0,0.0,0.0,0.0,5.0,2.0,7.0,12.0,1.0,2.0,4.0,0.0,24.0,1.0,1.0,2.0,0.0,0.0,0.0,2.0,9.0,3.0,2.0,3.0,0.0,0.0,6.0,7.0,5.0,1.0,0.0
323622046,cian.ru,Обручевский,32.0,3.0,826.0,0.0,172.77777777777777,3744,32124,301,4752,411600.0,114.0,19.0,4379.0,0.0,319.3809523809524,3744,32124,301,4752,6.0,0.0,0.0,2.0,0.0,0.0,0.0,0.0,2.0,0.0,0.0,0.0,0.0,0.0,0.0,2.0,1.0,1.0,1.0,0.0,0.0,0.0,3.0,2.0,2.0,0.0,0.0,9.0,6.0,6.0,13.0,0.0,7.0,2.0,0.0,13.0,2.0,1.0,1.0,0.0,0.0,1.0,4.0,11.0,3.0,5.0,4.0,0.0,0.0,13.0,15.0,28.0,8.0,1.0
321014251,cian.ru,Красносельский,168.0,35.0,655.0,56.0,193.48717948717947,508,12333,256,8649,454800.0,632.0,190.0,3340.0,56.0,391.0546875,508,12333,256,8649,17.0,6.0,3.0,43.0,0.0,2.0,2.0,0.0,2.0,1.0,1.0,0.0,10.0,0.0,0.0,2.0,2.0,0.0,3.0,0.0,0.0,7.0,4.0,12.0,37.0,1.0,0.0,61.0,27.0,23.0,149.0,0.0,19.0,10.0,0.0,30.0,11.0,5.0,4.0,24.0,0.0,2.0,14.0,13.0,0.0,20.0,11.0,0.0,18.0,31.0,78.0,218.0,5.0,5.0
6122995834722516992,realty.yandex.ru,Можайский,19.0,2.0,311.0,0.0,161.16666666666666,1702,15748,108,8043,311900.0,125.0,33.0,2986.0,0.0,382.5217391304348,1702,15748,108,8043,0.0,0.0,1.0,0.0,0.0,0.0,1.0,0.0,1.0,0.0,0.0,0.0,0.0,0.0,0.0,1.0,1.0,0.0,0.0,0.0,0.0,0.0,2.0,0.0,0.0,0.0,0.0,5.0,2.0,7.0,12.0,1.0,2.0,4.0,0.0,24.0,1.0,1.0,2.0,0.0,0.0,0.0,2.0,9.0,3.0,2.0,3.0,0.0,0.0,6.0,7.0,5.0,1.0,0.0
2361982415264005120,realty.yandex.ru,Обручевский,26.0,14.0,3981.0,252.0,267.5,2814,11689,1844,4473,411600.0,124.0,59.0,10523.0,252.0,389.46153846153845,2814,11689,1844,4473,5.0,4.0,4.0,12.0,0.0,2.0,3.0,0.0,1.0,5.0,0.0,3.0,0.0,0.0,1.0,1.0,10.0,1.0,3.0,4.0,0.0,0.0,0.0,1.0,6.0,1.0,0.0,11.0,20.0,12.0,39.0,0.0,3.0,7.0,0.0,17.0,12.0,5.0,10.0,1.0,0.0,1.0,2.0,14.0,4.0,8.0,7.0,0.0,0.0,4.0,17.0,31.0,13.0,1.0
324012509,cian.ru,Выхино-Жулебино,47.0,27.0,2291.0,,,1076,3010,1819,3642,273000.0,154.0,85.0,8231.0,,,1076,3010,1819,3642,14.0,3.0,10.0,3.0,0.0,1.0,5.0,0.0,9.0,3.0,1.0,1.0,0.0,0.0,0.0,0.0,15.0,2.0,0.0,2.0,0.0,0.0,1.0,5.0,3.0,2.0,0.0,20.0,9.0,21.0,25.0,0.0,3.0,12.0,0.0,18.0,7.0,5.0,6.0,0.0,0.0,4.0,0.0,33.0,8.0,6.0,8.0,0.0,2.0,4.0,8.0,14.0,6.0,4.0
7579597058,avito.ru,Южнопортовый,28.0,6.0,2500.0,71.0,178.2,2704,15385,3304,9770,368900.0,165.0,15.0,6544.0,71.0,445.4117647058824,2704,15385,3304,9770,4.0,2.0,0.0,18.0,0.0,1.0,2.0,0.0,14.0,1.0,0.0,0.0,8.0,0.0,2.0,1.0,4.0,0.0,1.0,0.0,0.0,0.0,5.0,6.0,20.0,0.0,0.0,4.0,2.0,1.0,21.0,0.0,1.0,2.0,0.0,18.0,5.0,0.0,0.0,8.0,0.0,3.0,2.0,5.0,1.0,1.0,1.0,0.0,0.0,9.0,8.0,25.0,0.0,0.0
317428116,cian.ru,Тверской,123.0,61.0,2423.0,0.0,211.0434782608696,838,8012,916,5857,609300.0,441.0,161.0,7008.0,0.0,400.5161290322581,838,8012,916,5857,13.0,12.0,9.0,53.0,0.0,3.0,6.0,0.0,6.0,7.0,1.0,5.0,0.0,0.0,0.0,6.0,5.0,2.0,6.0,6.0,0.0,1.0,7.0,17.0,25.0,1.0,1.0,62.0,28.0,32.0,158.0,0.0,14.0,16.0,0.0,28.0,14.0,8.0,10.0,12.0,0.0,0.0,18.0,18.0,8.0,13.0,12.0,1.0,7.0,28.0,57.0,95.0,6.0,6.0
321467774,cian.ru,Пресненский,143.0,52.0,1396.0,84.0,215.52,4762,56562,776,9696,621300.0,557.0,186.0,4464.0,84.0,369.8170731707317,4762,56562,776,9696,9.0,8.0,4.0,38.0,0.0,4.0,5.0,0.0,5.0,0.0,6.0,1.0,10.0,0.0,0.0,2.0,7.0,0.0,5.0,3.0,0.0,1.0,3.0,23.0,31.0,0.0,1.0,35.0,15.0,15.0,108.0,2.0,13.0,10.0,0.0,13.0,8.0,16.0,1.0,20.0,0.0,0.0,12.0,15.0,2.0,15.0,8.0,3.0,8.0,16.0,56.0,114.0,6.0,3.0
3051474312584879104,realty.yandex.ru,Красносельский,161.0,28.0,681.0,36.0,158.30555555555554,1182,35269,343,14536,454800.0,584.0,116.0,2149.0,36.0,368.76984126984127,1182,35269,343,14536,10.0,6.0,4.0,37.0,0.0,4.0,2.0,0.0,3.0,0.0,1.0,1.0,8.0,0.0,0.0,1.0,2.0,0.0,4.0,1.0,0.0,2.0,4.0,13.0,47.0,1.0,2.0,78.0,24.0,29.0,205.0,0.0,20.0,11.0,0.0,30.0,5.0,2.0,2.0,26.0,0.0,3.0,11.0,18.0,0.0,23.0,16.0,3.0,17.0,29.0,95.0,248.0,5.0,5.0
324351205,cian.ru,Тверской,122.0,40.0,1674.0,28.0,231.7142857142857,1302,21720,797,9931,609300.0,523.0,147.0,4219.0,28.0,408.5833333333333,1302,21720,797,9931,10.0,6.0,12.0,39.0,1.0,6.0,5.0,0.0,7.0,3.0,1.0,0.0,0.0,0.0,0.0,8.0,3.0,0.0,5.0,4.0,0.0,2.0,6.0,17.0,78.0,3.0,0.0,33.0,15.0,26.0,138.0,1.0,16.0,14.0,0.0,25.0,11.0,7.0,1.0,4.0,1.0,1.0,19.0,15.0,2.0,17.0,15.0,0.0,13.0,25.0,54.0,207.0,9.0,1.0
324136532,cian.ru,Тверской,93.0,22.0,1480.0,0.0,193.25,1262,10740,854,11397,609300.0,344.0,103.0,6869.0,0.0,366.4647887323944,1262,10740,854,11397,20.0,7.0,11.0,51.0,0.0,10.0,5.0,0.0,11.0,4.0,2.0,5.0,1.0,0.0,0.0,8.0,4.0,2.0,9.0,7.0,1.0,4.0,11.0,19.0,25.0,1.0,0.0,57.0,25.0,30.0,156.0,2.0,19.0,11.0,0.0,35.0,14.0,5.0,10.0,29.0,1.0,1.0,21.0,26.0,6.0,18.0,15.0,1.0,5.0,42.0,61.0,108.0,5.0,4.0
6858718382583651328,realty.yandex.ru,Черемушки,50.0,31.0,3182.0,102.0,174.75,3872,11150,3793,4895,361200.0,179.0,111.0,11518.0,102.0,369.6666666666667,3872,11150,3793,4895,4.0,2.0,7.0,13.0,0.0,0.0,5.0,0.0,5.0,3.0,2.0,0.0,0.0,0.0,2.0,0.0,9.0,1.0,3.0,4.0,1.0,0.0,2.0,6.0,13.0,2.0,0.0,10.0,2.0,12.0,26.0,0.0,0.0,10.0,0.0,12.0,10.0,8.0,5.0,0.0,0.0,2.0,0.0,22.0,2.0,6.0,5.0,1.0,0.0,2.0,9.0,23.0,5.0,0.0
6123948568149062656,realty.yandex.ru,Даниловский,36.0,13.0,1986.0,2.0,138.77777777777777,4964,61224,2479,9671,399100.0,198.0,46.0,4496.0,2.0,341.6666666666667,4964,61224,2479,9671,11.0,3.0,18.0,37.0,0.0,2.0,5.0,0.0,24.0,11.0,0.0,1.0,1.0,0.0,3.0,6.0,23.0,3.0,11.0,7.0,0.0,1.0,14.0,54.0,50.0,1.0,2.0,24.0,6.0,27.0,60.0,1.0,2.0,9.0,0.0,32.0,16.0,3.0,3.0,4.0,0.0,4.0,13.0,29.0,5.0,15.0,11.0,0.0,4.0,21.0,72.0,72.0,25.0,6.0
322268826,cian.ru,Строгино,37.0,13.0,3236.0,82.0,127.0,2408,7925,3297,4658,334100.0,141.0,48.0,10591.0,82.0,362.0,2408,7925,3297,4658,5.0,2.0,9.0,14.0,0.0,2.0,5.0,0.0,6.0,2.0,2.0,1.0,0.0,0.0,2.0,2.0,8.0,3.0,2.0,3.0,0.0,0.0,2.0,11.0,5.0,3.0,0.0,15.0,2.0,13.0,27.0,0.0,6.0,7.0,0.0,14.0,4.0,9.0,6.0,0.0,0.0,2.0,4.0,16.0,6.0,7.0,6.0,0.0,1.0,12.0,20.0,7.0,7.0,1.0
322495924,cian.ru,Донской,85.0,31.0,2280.0,32.0,196.875,1978,16950,1970,18646,391900.0,326.0,104.0,8675.0,32.0,378.7,1978,16950,1970,18646,2.0,2.0,4.0,16.0,0.0,3.0,2.0,0.0,11.0,2.0,2.0,2.0,6.0,0.0,2.0,3.0,7.0,1.0,4.0,2.0,0.0,1.0,6.0,15.0,20.0,0.0,0.0,37.0,8.0,19.0,76.0,0.0,5.0,10.0,0.0,25.0,7.0,8.0,5.0,10.0,2.0,3.0,6.0,24.0,3.0,10.0,9.0,0.0,2.0,14.0,30.0,33.0,10.0,2.0
6123948570811574272,realty.yandex.ru,Даниловский,36.0,13.0,1986.0,2.0,138.77777777777777,4964,61224,2479,9671,399100.0,198.0,46.0,4496.0,2.0,341.6666666666667,4964,61224,2479,9671,11.0,3.0,18.0,37.0,0.0,2.0,5.0,0.0,24.0,11.0,0.0,1.0,1.0,0.0,3.0,6.0,23.0,3.0,11.0,7.0,0.0,1.0,14.0,54.0,50.0,1.0,2.0,24.0,6.0,27.0,60.0,1.0,2.0,9.0,0.0,32.0,16.0,3.0,3.0,4.0,0.0,4.0,13.0,29.0,5.0,15.0,11.0,0.0,4.0,21.0,72.0,72.0,25.0,6.0
324094846,cian.ru,Пресненский,113.0,44.0,2473.0,1.0,210.3333333333333,418,1553,1063,2650,621300.0,319.0,100.0,5975.0,1.0,404.75,418,1553,1063,2650,15.0,4.0,10.0,15.0,0.0,3.0,4.0,0.0,4.0,0.0,2.0,1.0,0.0,0.0,0.0,2.0,6.0,3.0,3.0,2.0,0.0,2.0,5.0,15.0,9.0,1.0,1.0,33.0,13.0,25.0,58.0,1.0,11.0,10.0,0.0,26.0,7.0,7.0,5.0,3.0,0.0,0.0,10.0,20.0,4.0,13.0,12.0,1.0,3.0,14.0,44.0,60.0,3.0,5.0
321501070,cian.ru,Замоскворечье,62.0,9.0,598.0,0.0,180.19230769230768,818,26036,1920,17975,543700.0,207.0,46.0,2560.0,0.0,318.0,818,26036,1920,17975,5.0,5.0,8.0,27.0,0.0,3.0,2.0,0.0,5.0,0.0,1.0,1.0,1.0,0.0,1.0,7.0,12.0,1.0,7.0,5.0,0.0,0.0,16.0,12.0,19.0,0.0,1.0,20.0,10.0,24.0,52.0,1.0,4.0,6.0,0.0,22.0,6.0,1.0,2.0,3.0,0.0,2.0,14.0,16.0,3.0,10.0,9.0,0.0,5.0,20.0,41.0,78.0,0.0,4.0
6858718388937451520,realty.yandex.ru,Тверской,123.0,61.0,2423.0,2.0,211.2173913043478,838,8012,897,5857,609300.0,441.0,161.0,7028.0,2.0,400.64516129032256,838,8012,897,5857,13.0,12.0,9.0,53.0,0.0,3.0,6.0,0.0,6.0,7.0,1.0,5.0,0.0,0.0,0.0,6.0,5.0,2.0,6.0,6.0,0.0,1.0,7.0,18.0,25.0,1.0,1.0,62.0,28.0,32.0,158.0,0.0,14.0,16.0,0.0,28.0,14.0,8.0,10.0,12.0,0.0,0.0,18.0,19.0,8.0,13.0,12.0,1.0,7.0,28.0,57.0,95.0,6.0,7.0
323146880,cian.ru,Красносельский,94.0,26.0,2533.0,115.0,223.875,932,3059,2627,3295,454800.0,368.0,96.0,7689.0,115.0,418.8571428571428,932,3059,2627,3295,38.0,3.0,5.0,16.0,1.0,2.0,3.0,0.0,7.0,5.0,0.0,1.0,0.0,0.0,0.0,2.0,5.0,4.0,3.0,6.0,0.0,0.0,3.0,10.0,17.0,3.0,0.0,88.0,13.0,12.0,67.0,1.0,9.0,8.0,0.0,14.0,12.0,7.0,3.0,13.0,0.0,0.0,4.0,13.0,5.0,9.0,8.0,0.0,3.0,15.0,37.0,58.0,14.0,3.0
8699680957988791296,realty.yandex.ru,Донской,61.0,28.0,2989.0,104.0,180.25,914,16950,3851,18646,391900.0,332.0,104.0,8762.0,104.0,426.2068965517241,914,16950,3851,18646,3.0,3.0,6.0,18.0,0.0,3.0,4.0,0.0,8.0,1.0,1.0,4.0,1.0,0.0,1.0,2.0,8.0,2.0,3.0,2.0,0.0,0.0,5.0,9.0,9.0,1.0,0.0,45.0,9.0,19.0,77.0,0.0,6.0,14.0,0.0,27.0,10.0,6.0,5.0,7.0,1.0,3.0,7.0,25.0,5.0,13.0,11.0,0.0,1.0,16.0,32.0,34.0,8.0,1.0
324563928,cian.ru,Бибирево,37.0,9.0,1729.0,8.0,69.0,1214,5249,1370,6691,271300.0,125.0,41.0,9948.0,8.0,341.375,1214,5249,1370,6691,5.0,1.0,5.0,5.0,1.0,1.0,2.0,0.0,7.0,1.0,0.0,0.0,0.0,0.0,1.0,1.0,11.0,0.0,1.0,2.0,0.0,0.0,5.0,4.0,12.0,7.0,1.0,16.0,9.0,17.0,36.0,2.0,3.0,15.0,0.0,47.0,10.0,6.0,7.0,0.0,2.0,7.0,2.0,40.0,5.0,5.0,11.0,1.0,1.0,11.0,14.0,38.0,10.0,2.0
321297715,cian.ru,Савеловский,81.0,32.0,2454.0,0.0,178.2,4444,11999,5137,8371,361300.0,221.0,115.0,9432.0,0.0,295.57894736842104,4444,11999,5137,8371,4.0,4.0,2.0,13.0,0.0,0.0,2.0,0.0,5.0,4.0,2.0,3.0,3.0,0.0,0.0,0.0,4.0,1.0,1.0,1.0,0.0,0.0,5.0,5.0,8.0,1.0,1.0,17.0,15.0,7.0,32.0,1.0,0.0,9.0,0.0,11.0,11.0,4.0,6.0,4.0,0.0,1.0,2.0,19.0,4.0,6.0,6.0,1.0,1.0,13.0,15.0,35.0,2.0,1.0
4037572671515146752,realty.yandex.ru,Мещанский,95.0,32.0,3042.0,9.0,162.78571428571428,1910,17714,4268,9111,530600.0,267.0,92.0,8603.0,9.0,343.5757575757576,1910,17714,4268,9111,15.0,11.0,6.0,20.0,1.0,2.0,5.0,0.0,8.0,6.0,3.0,4.0,4.0,0.0,0.0,2.0,9.0,0.0,8.0,3.0,0.0,0.0,8.0,2.0,13.0,2.0,2.0,38.0,20.0,24.0,43.0,1.0,4.0,13.0,0.0,17.0,9.0,6.0,9.0,6.0,2.0,0.0,5.0,19.0,1.0,52.0,9.0,1.0,4.0,14.0,9.0,21.0,6.0,4.0
3966105355550986752,realty.yandex.ru,Чертаново Южное,30.0,5.0,945.0,129.0,182.0,832,17137,959,7946,291700.0,108.0,32.0,8587.0,129.0,368.0769230769231,832,17137,959,7946,4.0,1.0,6.0,1.0,0.0,1.0,3.0,0.0,3.0,1.0,2.0,1.0,1.0,0.0,1.0,3.0,1.0,5.0,0.0,0.0,0.0,1.0,5.0,3.0,0.0,0.0,1.0,7.0,3.0,23.0,33.0,0.0,4.0,16.0,0.0,36.0,12.0,6.0,6.0,3.0,1.0,4.0,3.0,34.0,11.0,11.0,5.0,0.0,1.0,11.0,12.0,9.0,2.0,1.0
322776997,cian.ru,Рязанский,40.0,3.0,1019.0,58.0,185.8333333333333,484,3721,171,2103,295600.0,169.0,41.0,11435.0,58.0,369.3888888888889,484,3721,171,2103,1.0,0.0,2.0,2.0,0.0,1.0,0.0,0.0,6.0,2.0,0.0,0.0,0.0,0.0,0.0,1.0,1.0,2.0,0.0,2.0,0.0,0.0,3.0,1.0,2.0,0.0,0.0,7.0,2.0,11.0,11.0,0.0,3.0,8.0,0.0,17.0,6.0,2.0,3.0,0.0,0.0,0.0,1.0,16.0,5.0,4.0,3.0,0.0,3.0,10.0,9.0,10.0,0.0,1.0
2361982388695408128,realty.yandex.ru,Мещанский,95.0,32.0,3042.0,9.0,162.78571428571428,1910,17714,4268,9111,530600.0,267.0,92.0,8603.0,9.0,343.5757575757576,1910,17714,4268,9111,15.0,11.0,6.0,20.0,1.0,2.0,5.0,0.0,8.0,6.0,3.0,4.0,4.0,0.0,0.0,2.0,9.0,0.0,8.0,3.0,0.0,0.0,8.0,2.0,13.0,2.0,2.0,38.0,20.0,24.0,43.0,1.0,4.0,13.0,0.0,17.0,9.0,6.0,9.0,6.0,2.0,0.0,5.0,19.0,1.0,52.0,9.0,1.0,4.0,14.0,9.0,21.0,6.0,4.0
323900355,cian.ru,Мещанский,93.0,31.0,2089.0,33.0,201.1818181818182,1802,8089,2586,7744,530600.0,422.0,141.0,6722.0,33.0,385.3,1802,8089,2586,7744,13.0,14.0,6.0,24.0,0.0,0.0,2.0,0.0,2.0,4.0,1.0,2.0,1.0,0.0,0.0,5.0,3.0,2.0,4.0,1.0,0.0,3.0,3.0,3.0,17.0,1.0,2.0,53.0,38.0,26.0,105.0,1.0,3.0,12.0,0.0,10.0,12.0,6.0,5.0,16.0,0.0,1.0,16.0,10.0,4.0,10.0,11.0,0.0,7.0,16.0,28.0,93.0,8.0,4.0
5203054433263440896,realty.yandex.ru,Мещанский,95.0,32.0,3042.0,9.0,162.78571428571428,1910,17714,4268,9111,530600.0,267.0,92.0,8603.0,9.0,343.5757575757576,1910,17714,4268,9111,15.0,11.0,6.0,20.0,1.0,2.0,5.0,0.0,8.0,6.0,3.0,4.0,4.0,0.0,0.0,2.0,9.0,0.0,8.0,3.0,0.0,0.0,8.0,2.0,13.0,2.0,2.0,38.0,20.0,24.0,43.0,1.0,4.0,13.0,0.0,17.0,9.0,6.0,9.0,6.0,2.0,0.0,5.0,19.0,1.0,52.0,9.0,1.0,4.0,14.0,9.0,21.0,6.0,4.0
320964085,cian.ru,Войковский,29.0,12.0,1761.0,289.0,289.0,692,1181,496,498,362300.0,137.0,49.0,5953.0,289.0,504.2857142857143,692,1181,496,498,7.0,3.0,0.0,8.0,0.0,0.0,2.0,0.0,2.0,1.0,3.0,3.0,0.0,0.0,0.0,0.0,4.0,0.0,1.0,2.0,0.0,0.0,0.0,0.0,2.0,2.0,0.0,15.0,3.0,12.0,26.0,0.0,1.0,8.0,0.0,30.0,6.0,6.0,3.0,18.0,0.0,0.0,0.0,16.0,1.0,7.0,12.0,0.0,0.0,5.0,12.0,17.0,5.0,2.0
323836663,cian.ru,Хамовники,96.0,5.0,228.0,23.0,163.33333333333334,516,13467,177,6464,846800.0,300.0,70.0,4936.0,23.0,435.72,516,13467,177,6464,20.0,1.0,3.0,2.0,0.0,0.0,1.0,0.0,1.0,0.0,0.0,0.0,6.0,0.0,0.0,2.0,0.0,1.0,0.0,0.0,0.0,0.0,3.0,1.0,5.0,5.0,0.0,109.0,5.0,16.0,21.0,2.0,12.0,5.0,0.0,6.0,9.0,3.0,7.0,14.0,0.0,0.0,5.0,8.0,5.0,3.0,4.0,0.0,1.0,15.0,12.0,28.0,6.0,0.0
324860201,cian.ru,Ломоносовский,25.0,11.0,2607.0,271.0,271.0,2030,2610,3062,3137,418300.0,138.0,63.0,9823.0,271.0,398.5,2030,2610,3062,3137,7.0,2.0,12.0,18.0,0.0,1.0,4.0,0.0,7.0,2.0,0.0,5.0,0.0,0.0,1.0,0.0,10.0,1.0,5.0,6.0,0.0,0.0,0.0,7.0,8.0,1.0,0.0,17.0,8.0,19.0,49.0,1.0,6.0,13.0,0.0,20.0,7.0,16.0,20.0,2.0,0.0,1.0,0.0,23.0,2.0,12.0,16.0,0.0,0.0,3.0,14.0,14.0,8.0,1.0
325089854,cian.ru,Мещанский,95.0,32.0,3042.0,11.0,164.21428571428572,1910,17714,4268,9111,530600.0,268.0,92.0,8603.0,11.0,344.8181818181818,1910,17714,4268,9111,15.0,11.0,6.0,20.0,0.0,2.0,5.0,0.0,8.0,6.0,3.0,4.0,4.0,0.0,0.0,2.0,8.0,0.0,8.0,3.0,0.0,0.0,8.0,2.0,13.0,2.0,2.0,38.0,20.0,23.0,43.0,1.0,4.0,13.0,0.0,17.0,7.0,6.0,9.0,5.0,2.0,0.0,5.0,19.0,1.0,52.0,9.0,1.0,4.0,14.0,9.0,21.0,6.0,4.0
325132830,cian.ru,Басманный,115.0,21.0,1172.0,0.0,190.84,552,7247,626,5041,461200.0,405.0,97.0,6146.0,0.0,368.4177215189873,552,7247,626,5041,16.0,4.0,1.0,22.0,1.0,6.0,2.0,0.0,7.0,2.0,1.0,3.0,6.0,0.0,0.0,6.0,2.0,0.0,4.0,1.0,0.0,0.0,4.0,12.0,17.0,0.0,0.0,36.0,16.0,31.0,109.0,2.0,18.0,13.0,0.0,31.0,19.0,5.0,6.0,12.0,0.0,0.0,15.0,24.0,1.0,20.0,10.0,0.0,5.0,28.0,57.0,101.0,8.0,2.0
322842818,cian.ru,Дегунино Западное,26.0,7.0,4049.0,206.0,206.0,2636,260,3377,1124,305700.0,116.0,25.0,8278.0,206.0,206.0,2636,260,3377,1124,0.0,2.0,4.0,14.0,0.0,1.0,3.0,0.0,4.0,2.0,0.0,0.0,0.0,0.0,1.0,1.0,10.0,0.0,1.0,1.0,0.0,0.0,8.0,3.0,15.0,0.0,0.0,5.0,10.0,11.0,37.0,1.0,1.0,8.0,0.0,12.0,14.0,1.0,0.0,1.0,0.0,1.0,1.0,25.0,1.0,5.0,2.0,0.0,1.0,13.0,8.0,19.0,2.0,0.0
321679396,cian.ru,Марьина Роща,71.0,24.0,2284.0,0.0,183.2142857142857,344,3075,1614,6688,402200.0,270.0,94.0,8192.0,0.0,364.4772727272728,344,3075,1614,6688,28.0,3.0,2.0,14.0,1.0,2.0,0.0,0.0,4.0,3.0,2.0,1.0,1.0,0.0,0.0,2.0,2.0,1.0,3.0,2.0,0.0,0.0,2.0,3.0,4.0,2.0,0.0,41.0,5.0,16.0,37.0,1.0,13.0,13.0,0.0,28.0,7.0,6.0,2.0,4.0,1.0,2.0,10.0,32.0,9.0,13.0,11.0,1.0,7.0,20.0,26.0,37.0,7.0,2.0
322809720,cian.ru,Марьина Роща,44.0,14.0,1730.0,15.0,46.0,650,2748,1223,2858,402200.0,191.0,39.0,3895.0,15.0,375.0,650,2748,1223,2858,2.0,2.0,0.0,3.0,0.0,0.0,2.0,0.0,5.0,2.0,1.0,0.0,0.0,0.0,0.0,2.0,10.0,0.0,0.0,0.0,0.0,0.0,2.0,2.0,4.0,1.0,0.0,5.0,3.0,4.0,5.0,0.0,2.0,3.0,0.0,10.0,2.0,1.0,0.0,4.0,0.0,0.0,3.0,11.0,3.0,2.0,0.0,0.0,1.0,4.0,5.0,6.0,7.0,0.0
321302658,cian.ru,Даниловский,28.0,,,0.0,171.73333333333332,0,19826,133,24080,399100.0,170.0,34.0,4620.0,0.0,308.6666666666667,0,19826,133,24080,10.0,1.0,11.0,13.0,0.0,2.0,2.0,0.0,13.0,3.0,0.0,0.0,0.0,0.0,1.0,9.0,1.0,1.0,4.0,3.0,0.0,1.0,13.0,34.0,30.0,0.0,3.0,16.0,3.0,22.0,43.0,0.0,4.0,7.0,0.0,32.0,16.0,1.0,2.0,2.0,0.0,5.0,14.0,31.0,6.0,15.0,12.0,0.0,4.0,23.0,65.0,58.0,2.0,4.0
320053800,cian.ru,Марьина Роща,71.0,24.0,2284.0,0.0,183.2142857142857,344,3075,1614,6688,402200.0,270.0,94.0,8192.0,0.0,364.4772727272728,344,3075,1614,6688,28.0,3.0,2.0,14.0,1.0,2.0,0.0,0.0,4.0,3.0,2.0,1.0,1.0,0.0,0.0,2.0,2.0,1.0,3.0,2.0,0.0,0.0,2.0,3.0,4.0,2.0,0.0,41.0,5.0,16.0,37.0,1.0,13.0,13.0,0.0,28.0,7.0,6.0,2.0,4.0,1.0,2.0,10.0,32.0,9.0,13.0,11.0,1.0,7.0,20.0,26.0,37.0,7.0,2.0
8660284132700026880,realty.yandex.ru,Красносельский,76.0,17.0,1774.0,39.0,186.4375,1400,12247,1859,6721,454800.0,241.0,50.0,4797.0,39.0,328.38235294117646,1400,12247,1859,6721,4.0,4.0,12.0,10.0,0.0,0.0,3.0,1.0,15.0,2.0,6.0,1.0,1.0,0.0,1.0,3.0,5.0,3.0,3.0,3.0,0.0,1.0,8.0,12.0,16.0,2.0,1.0,13.0,11.0,18.0,22.0,1.0,7.0,8.0,1.0,27.0,6.0,9.0,1.0,1.0,0.0,2.0,4.0,17.0,4.0,7.0,7.0,0.0,2.0,14.0,22.0,28.0,5.0,1.0
319850982,cian.ru,Пресненский,61.0,25.0,1698.0,65.0,181.95652173913044,2780,24860,1239,17332,621300.0,257.0,112.0,8555.0,65.0,332.3333333333333,2780,24860,1239,17332,10.0,2.0,5.0,10.0,0.0,1.0,2.0,0.0,2.0,2.0,1.0,1.0,0.0,0.0,0.0,1.0,2.0,0.0,3.0,2.0,0.0,1.0,6.0,5.0,16.0,0.0,0.0,23.0,10.0,25.0,70.0,1.0,3.0,12.0,0.0,26.0,13.0,4.0,5.0,1.0,0.0,1.0,3.0,18.0,6.0,16.0,10.0,1.0,1.0,24.0,32.0,92.0,5.0,1.0
319397125,cian.ru,Пресненский,61.0,25.0,1698.0,65.0,181.95652173913044,2780,24860,1239,17332,621300.0,257.0,112.0,8555.0,65.0,332.3333333333333,2780,24860,1239,17332,10.0,2.0,5.0,10.0,0.0,1.0,2.0,0.0,2.0,2.0,1.0,1.0,0.0,0.0,0.0,1.0,2.0,0.0,3.0,2.0,0.0,1.0,6.0,5.0,16.0,0.0,0.0,23.0,10.0,25.0,70.0,1.0,3.0,12.0,0.0,26.0,13.0,4.0,5.0,1.0,0.0,1.0,3.0,18.0,6.0,16.0,10.0,1.0,1.0,24.0,32.0,92.0,5.0,1.0
320194985,cian.ru,Мещанский,94.0,46.0,3628.0,20.0,148.9090909090909,1402,5673,2712,6289,530600.0,339.0,111.0,9565.0,20.0,371.1521739130435,1402,5673,2712,6289,12.0,10.0,11.0,25.0,1.0,1.0,6.0,0.0,2.0,5.0,3.0,2.0,2.0,0.0,0.0,3.0,9.0,2.0,3.0,6.0,0.0,0.0,5.0,8.0,10.0,4.0,3.0,46.0,25.0,24.0,57.0,1.0,9.0,18.0,0.0,18.0,12.0,8.0,8.0,6.0,1.0,0.0,6.0,29.0,5.0,18.0,10.0,0.0,1.0,22.0,19.0,29.0,7.0,4.0
3940063261425451008,realty.yandex.ru,Красносельский,76.0,17.0,1774.0,39.0,186.4375,1400,12247,1859,6721,454800.0,241.0,50.0,4797.0,39.0,328.38235294117646,1400,12247,1859,6721,4.0,4.0,12.0,10.0,0.0,0.0,3.0,1.0,15.0,2.0,6.0,1.0,1.0,0.0,1.0,3.0,5.0,3.0,3.0,3.0,0.0,1.0,8.0,12.0,16.0,2.0,1.0,13.0,11.0,18.0,22.0,1.0,7.0,8.0,1.0,27.0,6.0,9.0,1.0,1.0,0.0,2.0,4.0,17.0,4.0,7.0,7.0,0.0,2.0,14.0,22.0,28.0,5.0,1.0
323633337,cian.ru,Даниловский,68.0,3.0,378.0,29.0,153.8,0,6250,6,6701,399100.0,207.0,29.0,2830.0,29.0,394.61764705882354,0,6250,6,6701,7.0,1.0,7.0,17.0,0.0,2.0,1.0,0.0,9.0,2.0,0.0,0.0,0.0,0.0,0.0,5.0,1.0,1.0,7.0,4.0,0.0,1.0,7.0,22.0,33.0,1.0,0.0,17.0,6.0,22.0,59.0,1.0,9.0,7.0,1.0,34.0,12.0,2.0,3.0,9.0,1.0,3.0,16.0,25.0,6.0,12.0,10.0,3.0,2.0,25.0,71.0,70.0,22.0,4.0
5096684054196990976,realty.yandex.ru,Покровское-Стрешнево,49.0,22.0,1844.0,122.0,215.8333333333333,3310,15264,3594,6083,398600.0,173.0,63.0,5090.0,122.0,302.25,3310,15264,3594,6083,6.0,2.0,8.0,14.0,0.0,5.0,4.0,0.0,33.0,6.0,1.0,1.0,1.0,0.0,3.0,1.0,14.0,2.0,2.0,3.0,1.0,0.0,7.0,9.0,20.0,14.0,0.0,16.0,5.0,13.0,29.0,0.0,6.0,8.0,0.0,46.0,8.0,5.0,6.0,1.0,1.0,3.0,2.0,22.0,6.0,6.0,5.0,2.0,0.0,10.0,14.0,31.0,17.0,0.0
7629450153,avito.ru,Покровское-Стрешнево,47.0,22.0,1844.0,114.0,216.16666666666663,3310,14508,3594,6083,398600.0,175.0,67.0,5558.0,114.0,303.25,3310,14508,3594,6083,6.0,2.0,8.0,15.0,0.0,5.0,4.0,0.0,33.0,6.0,1.0,1.0,1.0,0.0,3.0,1.0,13.0,2.0,2.0,3.0,1.0,0.0,7.0,9.0,19.0,14.0,0.0,17.0,5.0,13.0,29.0,0.0,6.0,8.0,0.0,46.0,8.0,5.0,6.0,1.0,1.0,3.0,2.0,22.0,6.0,6.0,5.0,2.0,0.0,10.0,14.0,30.0,17.0,0.0
324806981,cian.ru,Савеловский,76.0,17.0,1763.0,67.0,184.44444444444449,1300,11967,1342,10230,361300.0,255.0,98.0,8893.0,67.0,335.25,1300,11967,1342,10230,3.0,0.0,3.0,1.0,0.0,2.0,3.0,0.0,1.0,0.0,0.0,1.0,0.0,0.0,0.0,2.0,4.0,1.0,2.0,1.0,0.0,1.0,0.0,3.0,1.0,0.0,1.0,10.0,7.0,13.0,14.0,0.0,2.0,9.0,0.0,21.0,6.0,5.0,5.0,2.0,0.0,1.0,4.0,23.0,8.0,8.0,7.0,0.0,5.0,5.0,11.0,18.0,3.0,1.0
325032638,cian.ru,Якиманка,64.0,26.0,3301.0,5.0,192.25,914,7723,3851,5371,680600.0,335.0,108.0,9294.0,5.0,453.7586206896552,914,7723,3851,5371,2.0,2.0,3.0,17.0,0.0,3.0,3.0,0.0,5.0,0.0,2.0,4.0,1.0,0.0,0.0,1.0,8.0,1.0,1.0,2.0,0.0,0.0,0.0,3.0,4.0,1.0,0.0,40.0,12.0,17.0,80.0,0.0,7.0,13.0,0.0,30.0,12.0,5.0,7.0,7.0,1.0,3.0,7.0,21.0,6.0,14.0,11.0,0.0,1.0,15.0,26.0,38.0,7.0,1.0
324806949,cian.ru,Савеловский,76.0,17.0,1763.0,67.0,184.44444444444449,1300,11967,1342,10230,361300.0,255.0,98.0,8893.0,67.0,335.25,1300,11967,1342,10230,3.0,0.0,3.0,1.0,0.0,2.0,3.0,0.0,1.0,0.0,0.0,1.0,0.0,0.0,0.0,2.0,4.0,1.0,2.0,1.0,0.0,1.0,0.0,3.0,1.0,0.0,1.0,10.0,7.0,13.0,14.0,0.0,2.0,9.0,0.0,21.0,6.0,5.0,5.0,2.0,0.0,1.0,4.0,23.0,8.0,8.0,7.0,0.0,5.0,5.0,11.0,18.0,3.0,1.0
324806977,cian.ru,Савеловский,76.0,17.0,1763.0,67.0,184.44444444444449,1300,11967,1342,10230,361300.0,255.0,98.0,8893.0,67.0,335.25,1300,11967,1342,10230,3.0,0.0,3.0,1.0,0.0,2.0,3.0,0.0,1.0,0.0,0.0,1.0,0.0,0.0,0.0,2.0,4.0,1.0,2.0,1.0,0.0,1.0,0.0,3.0,1.0,0.0,1.0,10.0,7.0,13.0,14.0,0.0,2.0,9.0,0.0,21.0,6.0,5.0,5.0,2.0,0.0,1.0,4.0,23.0,8.0,8.0,7.0,0.0,5.0,5.0,11.0,18.0,3.0,1.0
325087878,cian.ru,Чертаново Южное,37.0,,,0.0,173.16666666666666,0,59415,588,21119,291700.0,81.0,15.0,3197.0,0.0,254.88888888888889,0,59415,588,21119,3.0,0.0,0.0,0.0,0.0,0.0,1.0,0.0,2.0,0.0,0.0,0.0,0.0,0.0,2.0,0.0,1.0,0.0,1.0,0.0,0.0,0.0,2.0,2.0,9.0,0.0,0.0,7.0,4.0,3.0,7.0,0.0,0.0,4.0,0.0,5.0,6.0,2.0,3.0,0.0,0.0,3.0,0.0,9.0,1.0,4.0,1.0,0.0,1.0,4.0,8.0,21.0,2.0,2.0
324806986,cian.ru,Савеловский,76.0,17.0,1763.0,67.0,184.44444444444449,1300,11967,1342,10230,361300.0,255.0,98.0,8893.0,67.0,335.25,1300,11967,1342,10230,3.0,0.0,3.0,1.0,0.0,2.0,3.0,0.0,1.0,0.0,0.0,1.0,0.0,0.0,0.0,2.0,4.0,1.0,2.0,1.0,0.0,1.0,0.0,3.0,1.0,0.0,1.0,10.0,7.0,13.0,14.0,0.0,2.0,9.0,0.0,21.0,6.0,5.0,5.0,2.0,0.0,1.0,4.0,23.0,8.0,8.0,7.0,0.0,5.0,5.0,11.0,18.0,3.0,1.0
324824681,cian.ru,Савеловский,65.0,12.0,1684.0,0.0,154.0,1300,11967,1342,10230,361300.0,253.0,97.0,8889.0,0.0,338.3809523809524,1300,11967,1342,10230,3.0,0.0,3.0,1.0,0.0,2.0,3.0,0.0,3.0,0.0,0.0,1.0,0.0,0.0,0.0,3.0,2.0,1.0,2.0,0.0,0.0,1.0,0.0,5.0,2.0,0.0,0.0,4.0,7.0,14.0,15.0,0.0,2.0,8.0,0.0,22.0,6.0,5.0,5.0,2.0,0.0,1.0,5.0,26.0,8.0,6.0,5.0,0.0,5.0,5.0,13.0,17.0,3.0,1.0
323127995,cian.ru,Донской,45.0,5.0,658.0,265.0,277.5,414,2490,345,538,391900.0,180.0,51.0,4715.0,265.0,469.60869565217394,414,2490,345,538,1.0,1.0,1.0,1.0,0.0,5.0,0.0,0.0,0.0,0.0,3.0,0.0,1.0,0.0,0.0,0.0,0.0,0.0,0.0,0.0,0.0,4.0,0.0,0.0,0.0,1.0,0.0,11.0,7.0,6.0,13.0,0.0,6.0,6.0,0.0,3.0,7.0,4.0,1.0,8.0,1.0,0.0,6.0,11.0,1.0,4.0,4.0,0.0,4.0,6.0,8.0,12.0,5.0,0.0
320367159,cian.ru,Останкинский,15.0,2.0,97.0,27.0,27.0,1508,5622,2812,4538,380300.0,86.0,25.0,3376.0,27.0,414.1666666666667,1508,5622,2812,4538,0.0,0.0,3.0,2.0,0.0,0.0,2.0,0.0,19.0,0.0,0.0,0.0,0.0,0.0,1.0,0.0,2.0,2.0,2.0,2.0,0.0,0.0,2.0,5.0,14.0,0.0,0.0,3.0,1.0,8.0,7.0,1.0,0.0,5.0,0.0,25.0,1.0,0.0,2.0,0.0,0.0,2.0,0.0,8.0,2.0,4.0,3.0,6.0,0.0,5.0,15.0,44.0,4.0,0.0
321601473,cian.ru,Таганский,95.0,8.0,450.0,30.0,210.92307692307693,70,16403,275,7397,433700.0,263.0,55.0,5019.0,30.0,320.962962962963,70,16403,275,7397,2.0,2.0,2.0,1.0,0.0,2.0,0.0,0.0,17.0,2.0,2.0,2.0,4.0,0.0,0.0,0.0,1.0,0.0,4.0,1.0,0.0,0.0,6.0,2.0,4.0,1.0,1.0,14.0,5.0,8.0,13.0,0.0,7.0,7.0,0.0,33.0,7.0,5.0,6.0,6.0,0.0,1.0,4.0,18.0,5.0,10.0,6.0,0.0,4.0,15.0,16.0,9.0,3.0,1.0
8660284132705573888,realty.yandex.ru,Донской,36.0,6.0,236.0,0.0,197.3,0,8325,583,7766,391900.0,195.0,34.0,1439.0,0.0,378.7941176470589,0,8325,583,7766,7.0,0.0,1.0,4.0,0.0,2.0,0.0,0.0,4.0,0.0,1.0,0.0,0.0,0.0,0.0,4.0,1.0,0.0,0.0,1.0,0.0,0.0,9.0,4.0,23.0,0.0,0.0,20.0,2.0,17.0,18.0,3.0,3.0,1.0,2.0,28.0,2.0,1.0,0.0,1.0,0.0,3.0,9.0,8.0,6.0,2.0,7.0,0.0,0.0,18.0,19.0,38.0,1.0,1.0
318095826,cian.ru,Медведково Северное,23.0,14.0,1953.0,154.0,154.0,866,5197,5710,6047,301300.0,78.0,44.0,6566.0,154.0,314.0,866,5197,5710,6047,0.0,2.0,1.0,6.0,0.0,0.0,4.0,0.0,10.0,5.0,0.0,5.0,0.0,0.0,1.0,0.0,5.0,2.0,1.0,1.0,0.0,0.0,4.0,2.0,3.0,1.0,0.0,8.0,3.0,6.0,11.0,0.0,0.0,6.0,1.0,14.0,6.0,4.0,8.0,0.0,1.0,1.0,0.0,12.0,4.0,1.0,2.0,2.0,0.0,4.0,3.0,10.0,2.0,1.0
325127319,cian.ru,Обручевский,18.0,5.0,1106.0,6.0,149.16666666666666,130,4676,1074,7652,411600.0,121.0,24.0,7518.0,6.0,391.4736842105263,130,4676,1074,7652,0.0,0.0,1.0,1.0,0.0,3.0,1.0,0.0,3.0,1.0,0.0,0.0,0.0,0.0,0.0,4.0,3.0,0.0,2.0,1.0,0.0,1.0,2.0,1.0,4.0,0.0,2.0,13.0,1.0,6.0,8.0,0.0,3.0,6.0,0.0,7.0,5.0,1.0,2.0,0.0,4.0,0.0,6.0,9.0,1.0,7.0,3.0,0.0,3.0,6.0,10.0,11.0,3.0,3.0
324927778,cian.ru,Басманный,113.0,29.0,1791.0,39.0,133.4375,520,4050,1152,3823,461200.0,527.0,129.0,6446.0,39.0,427.2696629213483,520,4050,1152,3823,3.0,2.0,0.0,12.0,0.0,3.0,5.0,0.0,2.0,2.0,3.0,3.0,0.0,0.0,0.0,5.0,3.0,1.0,3.0,1.0,0.0,1.0,4.0,4.0,8.0,2.0,1.0,19.0,9.0,9.0,41.0,2.0,7.0,13.0,0.0,17.0,8.0,10.0,5.0,6.0,0.0,0.0,14.0,27.0,6.0,6.0,9.0,1.0,4.0,25.0,30.0,51.0,9.0,2.0
3966105355571303936,realty.yandex.ru,Преображенское,105.0,7.0,336.0,0.0,193.9354838709677,218,15276,593,8318,331700.0,411.0,33.0,2491.0,0.0,363.960396039604,218,15276,593,8318,1.0,3.0,0.0,5.0,0.0,2.0,1.0,0.0,12.0,2.0,1.0,0.0,0.0,0.0,0.0,10.0,4.0,3.0,3.0,0.0,0.0,0.0,3.0,5.0,2.0,0.0,1.0,22.0,6.0,7.0,28.0,0.0,6.0,3.0,0.0,19.0,2.0,10.0,1.0,0.0,1.0,1.0,24.0,8.0,6.0,6.0,3.0,0.0,0.0,21.0,20.0,18.0,4.0,1.0
324378229,cian.ru,Раменки,27.0,9.0,2376.0,,,520,977,1618,1182,483300.0,99.0,44.0,8275.0,520.0,556.0,520,977,1618,1182,2.0,6.0,2.0,16.0,0.0,5.0,1.0,0.0,1.0,2.0,2.0,1.0,0.0,0.0,0.0,0.0,3.0,1.0,0.0,2.0,0.0,0.0,0.0,7.0,10.0,1.0,0.0,15.0,14.0,16.0,50.0,0.0,7.0,7.0,0.0,9.0,10.0,6.0,12.0,0.0,6.0,1.0,0.0,11.0,3.0,13.0,10.0,0.0,1.0,2.0,12.0,28.0,1.0,0.0
6123864904064559104,realty.yandex.ru,Покровское-Стрешнево,49.0,22.0,1844.0,122.0,215.8333333333333,3310,15264,3594,6083,398600.0,173.0,63.0,5090.0,122.0,302.25,3310,15264,3594,6083,6.0,2.0,8.0,14.0,0.0,5.0,4.0,0.0,33.0,6.0,1.0,1.0,1.0,0.0,3.0,1.0,14.0,2.0,2.0,3.0,1.0,0.0,7.0,9.0,20.0,14.0,0.0,16.0,5.0,13.0,29.0,0.0,6.0,8.0,0.0,46.0,8.0,5.0,6.0,1.0,1.0,3.0,2.0,22.0,6.0,6.0,5.0,2.0,0.0,10.0,14.0,31.0,17.0,0.0
6123233686596529152,realty.yandex.ru,Покровское-Стрешнево,49.0,22.0,1844.0,122.0,215.8333333333333,3310,15264,3594,6083,398600.0,173.0,63.0,5090.0,122.0,302.25,3310,15264,3594,6083,6.0,2.0,8.0,14.0,0.0,5.0,4.0,0.0,33.0,6.0,1.0,1.0,1.0,0.0,3.0,1.0,14.0,2.0,2.0,3.0,1.0,0.0,7.0,9.0,20.0,14.0,0.0,16.0,5.0,13.0,29.0,0.0,6.0,8.0,0.0,46.0,8.0,5.0,6.0,1.0,1.0,3.0,2.0,22.0,6.0,6.0,5.0,2.0,0.0,10.0,14.0,31.0,17.0,0.0
3966105355550952960,realty.yandex.ru,Аэропорт,77.0,32.0,2690.0,0.0,192.88888888888889,604,4392,1175,2553,400700.0,264.0,89.0,7743.0,0.0,363.1290322580645,604,4392,1175,2553,5.0,4.0,0.0,12.0,0.0,0.0,1.0,0.0,3.0,2.0,0.0,5.0,1.0,3.0,0.0,1.0,5.0,3.0,0.0,3.0,0.0,0.0,2.0,0.0,2.0,1.0,0.0,19.0,8.0,25.0,36.0,0.0,3.0,12.0,0.0,52.0,6.0,2.0,8.0,6.0,5.0,1.0,7.0,20.0,9.0,10.0,7.0,0.0,0.0,17.0,22.0,47.0,4.0,3.0
320698432,cian.ru,Соколиная Гора,96.0,18.0,1249.0,16.0,199.1,860,8028,1207,7775,354400.0,327.0,81.0,6200.0,16.0,374.1578947368421,860,8028,1207,7775,5.0,2.0,3.0,4.0,0.0,7.0,2.0,0.0,5.0,0.0,3.0,1.0,4.0,0.0,0.0,3.0,2.0,1.0,1.0,0.0,1.0,0.0,4.0,2.0,3.0,0.0,0.0,43.0,8.0,11.0,18.0,1.0,10.0,10.0,0.0,12.0,7.0,6.0,8.0,4.0,0.0,0.0,5.0,19.0,4.0,8.0,2.0,1.0,1.0,11.0,10.0,15.0,2.0,1.0
323946546,cian.ru,Отрадное,28.0,12.0,2029.0,53.0,80.0,1486,5805,871,1030,300400.0,129.0,55.0,10619.0,53.0,316.2,1486,5805,871,1030,3.0,0.0,3.0,2.0,0.0,1.0,1.0,0.0,1.0,2.0,1.0,1.0,1.0,0.0,0.0,0.0,3.0,0.0,0.0,1.0,0.0,0.0,0.0,2.0,0.0,0.0,0.0,13.0,5.0,17.0,20.0,0.0,3.0,7.0,0.0,24.0,7.0,7.0,5.0,1.0,0.0,0.0,1.0,23.0,4.0,4.0,5.0,0.0,1.0,7.0,11.0,10.0,4.0,5.0
325119331,cian.ru,Савеловский,73.0,13.0,1280.0,0.0,191.11111111111111,808,11967,1171,10230,361300.0,255.0,98.0,8817.0,0.0,305.6111111111111,808,11967,1171,10230,3.0,1.0,3.0,2.0,0.0,1.0,2.0,0.0,2.0,1.0,0.0,0.0,0.0,0.0,0.0,2.0,5.0,2.0,2.0,3.0,0.0,4.0,2.0,3.0,3.0,0.0,1.0,12.0,6.0,11.0,11.0,1.0,2.0,9.0,0.0,18.0,6.0,5.0,5.0,3.0,0.0,0.0,4.0,19.0,6.0,7.0,7.0,0.0,5.0,7.0,11.0,18.0,3.0,1.0
6122994022440000512,realty.yandex.ru,Савеловский,76.0,17.0,1763.0,65.0,183.88888888888889,1300,11967,1342,10230,361300.0,254.0,98.0,8893.0,65.0,334.95,1300,11967,1342,10230,3.0,0.0,3.0,1.0,0.0,2.0,3.0,0.0,1.0,0.0,0.0,1.0,0.0,0.0,0.0,2.0,4.0,1.0,2.0,1.0,0.0,1.0,0.0,3.0,1.0,0.0,1.0,10.0,7.0,13.0,14.0,0.0,2.0,9.0,0.0,21.0,6.0,5.0,5.0,2.0,0.0,1.0,4.0,23.0,8.0,8.0,7.0,0.0,5.0,5.0,11.0,18.0,3.0,1.0
323928570,cian.ru,Левобережный,60.0,10.0,1961.0,8.0,130.75,982,6251,3737,5773,362900.0,165.0,50.0,8543.0,8.0,202.2,982,6251,3737,5773,4.0,1.0,4.0,10.0,0.0,1.0,2.0,0.0,15.0,2.0,1.0,2.0,0.0,0.0,1.0,2.0,6.0,3.0,2.0,3.0,0.0,0.0,9.0,6.0,7.0,1.0,0.0,10.0,4.0,7.0,21.0,1.0,3.0,7.0,0.0,19.0,5.0,2.0,9.0,2.0,2.0,1.0,2.0,14.0,6.0,3.0,4.0,0.0,1.0,10.0,8.0,11.0,4.0,1.0
6122994044627592192,realty.yandex.ru,Савеловский,76.0,17.0,1763.0,65.0,183.88888888888889,1300,11967,1342,10230,361300.0,254.0,98.0,8893.0,65.0,334.95,1300,11967,1342,10230,3.0,0.0,3.0,1.0,0.0,2.0,3.0,0.0,1.0,0.0,0.0,1.0,0.0,0.0,0.0,2.0,4.0,1.0,2.0,1.0,0.0,1.0,0.0,3.0,1.0,0.0,1.0,10.0,7.0,13.0,14.0,0.0,2.0,9.0,0.0,21.0,6.0,5.0,5.0,2.0,0.0,1.0,4.0,23.0,8.0,8.0,7.0,0.0,5.0,5.0,11.0,18.0,3.0,1.0
3966105355550179840,realty.yandex.ru,Алексеевский,71.0,11.0,764.0,74.0,164.44444444444446,790,10671,1782,11472,397600.0,208.0,32.0,3379.0,74.0,338.42105263157896,790,10671,1782,11472,9.0,9.0,3.0,25.0,1.0,2.0,0.0,0.0,4.0,3.0,2.0,3.0,1.0,0.0,0.0,1.0,5.0,1.0,5.0,2.0,0.0,1.0,8.0,5.0,5.0,3.0,0.0,16.0,10.0,8.0,37.0,1.0,5.0,3.0,0.0,7.0,3.0,6.0,5.0,9.0,0.0,0.0,5.0,11.0,1.0,25.0,2.0,0.0,3.0,16.0,9.0,9.0,5.0,0.0
324824677,cian.ru,Савеловский,73.0,13.0,1280.0,0.0,191.11111111111111,808,11967,1171,10230,361300.0,255.0,98.0,8817.0,0.0,305.6111111111111,808,11967,1171,10230,3.0,1.0,3.0,2.0,0.0,1.0,2.0,0.0,2.0,1.0,0.0,0.0,0.0,0.0,0.0,2.0,5.0,2.0,2.0,3.0,0.0,4.0,2.0,3.0,3.0,0.0,1.0,12.0,6.0,11.0,11.0,1.0,2.0,9.0,0.0,18.0,6.0,5.0,5.0,3.0,0.0,0.0,4.0,19.0,6.0,7.0,7.0,0.0,5.0,7.0,11.0,18.0,3.0,1.0
319948085,cian.ru,Якиманка,62.0,13.0,824.0,34.0,147.14285714285714,808,20278,453,13819,680600.0,321.0,72.0,5248.0,34.0,444.037037037037,808,20278,453,13819,26.0,0.0,3.0,2.0,0.0,2.0,0.0,0.0,2.0,1.0,0.0,2.0,0.0,0.0,0.0,5.0,0.0,0.0,1.0,0.0,0.0,1.0,1.0,3.0,13.0,0.0,0.0,64.0,11.0,28.0,61.0,0.0,5.0,5.0,0.0,21.0,9.0,2.0,7.0,11.0,0.0,1.0,8.0,7.0,0.0,10.0,3.0,0.0,5.0,14.0,29.0,76.0,5.0,2.0
320921013,cian.ru,Левобережный,60.0,10.0,1961.0,8.0,130.75,982,6251,3737,5773,362900.0,165.0,50.0,8543.0,8.0,202.2,982,6251,3737,5773,4.0,1.0,4.0,10.0,0.0,1.0,2.0,0.0,15.0,2.0,1.0,2.0,0.0,0.0,1.0,2.0,6.0,3.0,2.0,3.0,0.0,0.0,9.0,6.0,7.0,1.0,0.0,10.0,4.0,7.0,21.0,1.0,3.0,7.0,0.0,19.0,5.0,2.0,9.0,2.0,2.0,1.0,2.0,14.0,6.0,3.0,4.0,0.0,1.0,10.0,8.0,11.0,4.0,1.0
319244087,cian.ru,Левобережный,60.0,10.0,1961.0,8.0,130.75,982,6251,3737,5773,362900.0,165.0,50.0,8543.0,8.0,202.2,982,6251,3737,5773,4.0,1.0,4.0,10.0,0.0,1.0,2.0,0.0,15.0,2.0,1.0,2.0,0.0,0.0,1.0,2.0,6.0,3.0,2.0,3.0,0.0,0.0,9.0,6.0,7.0,1.0,0.0,10.0,4.0,7.0,21.0,1.0,3.0,7.0,0.0,19.0,5.0,2.0,9.0,2.0,2.0,1.0,2.0,14.0,6.0,3.0,4.0,0.0,1.0,10.0,8.0,11.0,4.0,1.0
325160302,cian.ru,Тверской,75.0,25.0,1926.0,8.0,162.04545454545453,982,30280,1179,30497,609300.0,419.0,163.0,7427.0,8.0,383.3589743589744,982,30280,1179,30497,18.0,9.0,7.0,39.0,0.0,4.0,4.0,0.0,5.0,7.0,1.0,6.0,1.0,0.0,0.0,6.0,5.0,1.0,2.0,4.0,0.0,3.0,9.0,13.0,15.0,0.0,2.0,64.0,37.0,32.0,165.0,0.0,19.0,14.0,0.0,26.0,14.0,7.0,11.0,20.0,1.0,0.0,19.0,17.0,10.0,19.0,19.0,1.0,5.0,30.0,58.0,91.0,3.0,4.0
6033204199439501312,realty.yandex.ru,Даниловский,88.0,42.0,2534.0,61.0,208.875,1078,4646,772,1183,399100.0,296.0,123.0,8827.0,61.0,349.2105263157895,1078,4646,772,1183,7.0,3.0,5.0,29.0,0.0,3.0,4.0,0.0,3.0,2.0,3.0,2.0,0.0,0.0,0.0,1.0,4.0,2.0,1.0,3.0,0.0,0.0,3.0,1.0,2.0,2.0,1.0,28.0,11.0,15.0,79.0,1.0,5.0,16.0,0.0,64.0,10.0,8.0,7.0,5.0,1.0,0.0,5.0,28.0,6.0,12.0,9.0,0.0,0.0,12.0,29.0,41.0,8.0,1.0
324580066,cian.ru,Басманный,143.0,54.0,1772.0,0.0,209.73684210526315,840,8946,775,8432,461200.0,639.0,190.0,5720.0,0.0,398.6981132075472,840,8946,775,8432,16.0,4.0,1.0,21.0,0.0,1.0,2.0,0.0,5.0,4.0,3.0,3.0,6.0,0.0,0.0,3.0,5.0,1.0,1.0,2.0,0.0,2.0,4.0,4.0,26.0,1.0,0.0,50.0,20.0,13.0,113.0,1.0,11.0,11.0,0.0,15.0,16.0,7.0,8.0,20.0,0.0,0.0,8.0,18.0,3.0,10.0,6.0,0.0,14.0,20.0,29.0,117.0,4.0,1.0
321229367,cian.ru,Донской,36.0,6.0,236.0,2.0,198.2,0,8325,583,7766,391900.0,195.0,34.0,1439.0,2.0,379.3235294117647,0,8325,583,7766,7.0,0.0,1.0,4.0,0.0,2.0,0.0,0.0,4.0,0.0,1.0,0.0,0.0,0.0,0.0,4.0,1.0,0.0,0.0,1.0,0.0,0.0,9.0,4.0,22.0,0.0,0.0,20.0,2.0,17.0,18.0,3.0,3.0,1.0,2.0,28.0,2.0,1.0,0.0,1.0,0.0,3.0,9.0,8.0,6.0,2.0,7.0,0.0,0.0,18.0,19.0,38.0,1.0,1.0
321704002,cian.ru,Войковский,52.0,29.0,3586.0,0.0,122.25,4668,7260,3431,2238,362300.0,206.0,97.0,10324.0,0.0,404.875,4668,7260,3431,2238,1.0,0.0,3.0,6.0,0.0,1.0,3.0,0.0,8.0,1.0,2.0,2.0,3.0,1.0,0.0,0.0,4.0,0.0,3.0,1.0,0.0,0.0,1.0,3.0,5.0,2.0,0.0,19.0,4.0,10.0,36.0,0.0,2.0,11.0,0.0,20.0,5.0,8.0,9.0,6.0,2.0,1.0,2.0,26.0,3.0,5.0,6.0,0.0,2.0,9.0,10.0,9.0,4.0,0.0
2361989379569223168,realty.yandex.ru,Пресненский,61.0,25.0,1698.0,65.0,182.2608695652174,2780,24860,1239,17332,621300.0,258.0,112.0,8555.0,65.0,332.3529411764706,2780,24860,1239,17332,10.0,2.0,5.0,10.0,0.0,1.0,2.0,0.0,2.0,2.0,1.0,1.0,0.0,0.0,0.0,1.0,2.0,0.0,3.0,2.0,0.0,1.0,6.0,5.0,16.0,0.0,0.0,23.0,10.0,25.0,70.0,1.0,3.0,12.0,0.0,26.0,13.0,4.0,5.0,1.0,0.0,1.0,3.0,18.0,6.0,16.0,10.0,1.0,1.0,24.0,32.0,92.0,5.0,1.0
324416245,cian.ru,Войковский,52.0,29.0,3586.0,0.0,122.25,4668,7260,3431,2238,362300.0,206.0,97.0,10324.0,0.0,404.875,4668,7260,3431,2238,1.0,0.0,3.0,6.0,0.0,1.0,3.0,0.0,8.0,1.0,2.0,2.0,3.0,1.0,0.0,0.0,4.0,0.0,3.0,1.0,0.0,0.0,1.0,3.0,5.0,2.0,0.0,19.0,4.0,10.0,36.0,0.0,2.0,11.0,0.0,20.0,5.0,8.0,9.0,6.0,2.0,1.0,2.0,26.0,3.0,5.0,6.0,0.0,2.0,9.0,10.0,9.0,4.0,0.0
8139937801480155136,realty.yandex.ru,Южнопортовый,28.0,6.0,2500.0,71.0,178.4,2704,15385,3304,9770,368900.0,165.0,15.0,6544.0,71.0,445.4411764705882,2704,15385,3304,9770,4.0,2.0,0.0,18.0,0.0,1.0,2.0,0.0,14.0,1.0,0.0,0.0,8.0,0.0,2.0,1.0,4.0,0.0,1.0,0.0,0.0,0.0,5.0,6.0,20.0,0.0,0.0,4.0,2.0,1.0,21.0,0.0,1.0,2.0,0.0,18.0,5.0,0.0,0.0,8.0,0.0,3.0,2.0,5.0,1.0,1.0,1.0,0.0,0.0,9.0,8.0,25.0,0.0,0.0
322287747,cian.ru,Пресненский,110.0,42.0,1723.0,78.0,168.44444444444446,1200,11879,602,7501,621300.0,282.0,95.0,5712.0,78.0,386.1388888888889,1200,11879,602,7501,4.0,3.0,3.0,14.0,0.0,1.0,0.0,0.0,2.0,0.0,3.0,1.0,0.0,0.0,0.0,1.0,1.0,0.0,3.0,4.0,0.0,3.0,3.0,6.0,0.0,0.0,1.0,27.0,13.0,24.0,52.0,0.0,9.0,9.0,0.0,27.0,7.0,8.0,4.0,3.0,0.0,0.0,9.0,18.0,4.0,11.0,11.0,1.0,3.0,14.0,36.0,50.0,2.0,4.0
8660284132704645120,realty.yandex.ru,Соколиная Гора,98.0,18.0,1249.0,15.0,199.1,860,8028,1207,7775,354400.0,322.0,77.0,6009.0,15.0,371.3421052631579,860,8028,1207,7775,5.0,2.0,3.0,4.0,0.0,7.0,2.0,0.0,5.0,0.0,3.0,1.0,4.0,0.0,0.0,3.0,2.0,1.0,0.0,0.0,1.0,0.0,4.0,2.0,3.0,0.0,0.0,36.0,8.0,11.0,18.0,1.0,10.0,10.0,0.0,12.0,7.0,6.0,8.0,4.0,0.0,0.0,5.0,19.0,4.0,8.0,2.0,1.0,1.0,11.0,10.0,15.0,2.0,1.0
3987628968733232128,realty.yandex.ru,Беговой,64.0,17.0,1263.0,40.0,191.0,846,6220,1013,2905,414000.0,203.0,66.0,6592.0,40.0,382.09302325581393,846,6220,1013,2905,4.0,2.0,1.0,5.0,0.0,0.0,1.0,0.0,0.0,0.0,0.0,2.0,0.0,0.0,0.0,2.0,2.0,1.0,2.0,1.0,0.0,0.0,3.0,2.0,2.0,0.0,0.0,27.0,5.0,14.0,44.0,1.0,2.0,9.0,0.0,10.0,7.0,2.0,4.0,2.0,0.0,0.0,4.0,14.0,1.0,12.0,7.0,0.0,5.0,17.0,18.0,40.0,0.0,0.0
6123948573474084864,realty.yandex.ru,Покровское-Стрешнево,49.0,22.0,1844.0,122.0,215.8333333333333,3310,15264,3594,6083,398600.0,173.0,63.0,5090.0,122.0,302.25,3310,15264,3594,6083,6.0,2.0,8.0,14.0,0.0,5.0,4.0,0.0,33.0,6.0,1.0,1.0,1.0,0.0,3.0,1.0,14.0,2.0,2.0,3.0,1.0,0.0,7.0,9.0,20.0,14.0,0.0,16.0,5.0,13.0,29.0,0.0,6.0,8.0,0.0,46.0,8.0,5.0,6.0,1.0,1.0,3.0,2.0,22.0,6.0,6.0,5.0,2.0,0.0,10.0,14.0,31.0,17.0,0.0
323844681,cian.ru,Алексеевский,47.0,33.0,2542.0,0.0,36.0,424,6505,1327,5288,397600.0,184.0,100.0,9968.0,0.0,391.2857142857143,424,6505,1327,5288,0.0,1.0,1.0,2.0,0.0,2.0,3.0,0.0,2.0,3.0,1.0,3.0,1.0,0.0,0.0,3.0,7.0,1.0,0.0,2.0,0.0,0.0,1.0,2.0,1.0,2.0,0.0,18.0,7.0,12.0,42.0,2.0,3.0,19.0,0.0,14.0,5.0,4.0,9.0,11.0,6.0,0.0,3.0,32.0,3.0,4.0,8.0,0.0,0.0,4.0,9.0,20.0,6.0,0.0
322217154,cian.ru,Алексеевский,47.0,33.0,2542.0,0.0,36.0,424,6505,1327,5288,397600.0,184.0,100.0,9968.0,0.0,391.2857142857143,424,6505,1327,5288,0.0,1.0,1.0,2.0,0.0,2.0,3.0,0.0,2.0,3.0,1.0,3.0,1.0,0.0,0.0,3.0,7.0,1.0,0.0,2.0,0.0,0.0,1.0,2.0,1.0,2.0,0.0,18.0,7.0,12.0,42.0,2.0,3.0,19.0,0.0,14.0,5.0,4.0,9.0,11.0,6.0,0.0,3.0,32.0,3.0,4.0,8.0,0.0,0.0,4.0,9.0,20.0,6.0,0.0
6033204199439746048,realty.yandex.ru,Алексеевский,47.0,33.0,2542.0,0.0,36.0,424,6505,1327,5288,397600.0,184.0,100.0,9968.0,0.0,391.3571428571428,424,6505,1327,5288,0.0,1.0,1.0,2.0,0.0,2.0,3.0,0.0,2.0,3.0,1.0,3.0,1.0,0.0,0.0,3.0,7.0,1.0,0.0,2.0,0.0,0.0,1.0,2.0,1.0,2.0,0.0,18.0,7.0,12.0,42.0,2.0,3.0,19.0,0.0,14.0,5.0,4.0,9.0,11.0,6.0,0.0,3.0,32.0,3.0,4.0,8.0,0.0,0.0,4.0,9.0,20.0,6.0,0.0
323412307,cian.ru,Гагаринский,33.0,22.0,3595.0,246.0,246.0,8608,13496,3136,2214,454900.0,152.0,82.0,10756.0,246.0,392.3333333333333,8608,13496,3136,2214,4.0,5.0,3.0,11.0,0.0,2.0,5.0,0.0,2.0,5.0,1.0,2.0,0.0,0.0,0.0,0.0,7.0,1.0,3.0,5.0,0.0,0.0,0.0,4.0,4.0,2.0,0.0,15.0,12.0,16.0,42.0,0.0,4.0,14.0,0.0,24.0,16.0,10.0,13.0,2.0,0.0,2.0,0.0,24.0,3.0,9.0,15.0,0.0,0.0,10.0,22.0,31.0,10.0,1.0
323644546,cian.ru,Чертаново Центральное,44.0,,,0.0,165.8181818181818,0,2128,0,1961,287200.0,132.0,3.0,449.0,0.0,339.0740740740741,0,2128,0,1961,1.0,1.0,1.0,6.0,0.0,0.0,0.0,0.0,6.0,0.0,0.0,0.0,1.0,0.0,1.0,2.0,0.0,2.0,1.0,0.0,0.0,0.0,5.0,5.0,0.0,0.0,0.0,3.0,2.0,13.0,15.0,1.0,1.0,4.0,1.0,23.0,1.0,0.0,0.0,1.0,0.0,1.0,3.0,11.0,4.0,3.0,4.0,7.0,0.0,8.0,28.0,39.0,1.0,1.0
8427502013113827328,realty.yandex.ru,Алексеевский,46.0,32.0,2482.0,25.0,139.33333333333334,424,6505,1327,5288,397600.0,183.0,100.0,9914.0,25.0,395.1428571428572,424,6505,1327,5288,0.0,1.0,1.0,3.0,0.0,2.0,3.0,0.0,2.0,3.0,1.0,4.0,1.0,0.0,0.0,3.0,9.0,1.0,0.0,2.0,0.0,0.0,1.0,2.0,1.0,2.0,0.0,15.0,6.0,11.0,45.0,2.0,3.0,16.0,0.0,12.0,8.0,4.0,9.0,11.0,7.0,0.0,3.0,30.0,3.0,4.0,7.0,0.0,0.0,3.0,9.0,18.0,6.0,0.0
324105750,cian.ru,Алексеевский,47.0,33.0,2542.0,0.0,36.0,424,6505,1327,5288,397600.0,184.0,100.0,9968.0,0.0,391.2857142857143,424,6505,1327,5288,0.0,1.0,1.0,2.0,0.0,2.0,3.0,0.0,2.0,3.0,1.0,3.0,1.0,0.0,0.0,3.0,7.0,1.0,0.0,2.0,0.0,0.0,1.0,2.0,1.0,2.0,0.0,18.0,7.0,12.0,42.0,2.0,3.0,19.0,0.0,14.0,5.0,4.0,9.0,11.0,6.0,0.0,3.0,32.0,3.0,4.0,8.0,0.0,0.0,4.0,9.0,20.0,6.0,0.0
3965285094498814976,realty.yandex.ru,Савеловский,73.0,13.0,1280.0,0.0,191.11111111111111,808,11967,1171,10230,361300.0,255.0,98.0,8817.0,0.0,305.72222222222223,808,11967,1171,10230,3.0,1.0,3.0,2.0,0.0,1.0,2.0,0.0,2.0,1.0,0.0,0.0,0.0,0.0,0.0,2.0,5.0,2.0,2.0,3.0,0.0,4.0,2.0,3.0,3.0,0.0,1.0,12.0,6.0,11.0,11.0,1.0,2.0,9.0,0.0,18.0,6.0,5.0,5.0,3.0,0.0,0.0,4.0,19.0,7.0,7.0,7.0,0.0,5.0,7.0,11.0,18.0,3.0,1.0
323640648,cian.ru,Тропарево-Никулино,22.0,7.0,2128.0,173.0,173.0,596,6244,807,1159,399700.0,82.0,35.0,8452.0,173.0,289.5,596,6244,807,1159,2.0,3.0,0.0,5.0,0.0,1.0,0.0,0.0,0.0,0.0,0.0,2.0,8.0,3.0,1.0,0.0,0.0,2.0,1.0,1.0,0.0,3.0,0.0,1.0,5.0,0.0,0.0,13.0,9.0,6.0,26.0,0.0,4.0,6.0,0.0,4.0,4.0,3.0,7.0,9.0,3.0,1.0,0.0,11.0,7.0,4.0,5.0,0.0,3.0,2.0,3.0,11.0,3.0,0.0
322035782,cian.ru,Алексеевский,47.0,33.0,2542.0,0.0,36.0,424,6505,1327,5288,397600.0,184.0,100.0,9968.0,0.0,391.2857142857143,424,6505,1327,5288,0.0,1.0,1.0,2.0,0.0,2.0,3.0,0.0,2.0,3.0,1.0,3.0,1.0,0.0,0.0,3.0,7.0,1.0,0.0,2.0,0.0,0.0,1.0,2.0,1.0,2.0,0.0,18.0,7.0,12.0,42.0,2.0,3.0,19.0,0.0,14.0,5.0,4.0,9.0,11.0,6.0,0.0,3.0,32.0,3.0,4.0,8.0,0.0,0.0,4.0,9.0,20.0,6.0,0.0
323996286,cian.ru,Марьина Роща,69.0,22.0,1715.0,0.0,134.27272727272728,454,20137,1106,14361,402200.0,286.0,79.0,6389.0,0.0,370.5882352941176,454,20137,1106,14361,24.0,2.0,2.0,11.0,0.0,5.0,4.0,0.0,3.0,0.0,2.0,0.0,2.0,0.0,0.0,3.0,9.0,1.0,3.0,2.0,0.0,0.0,10.0,9.0,12.0,2.0,1.0,35.0,7.0,4.0,28.0,1.0,9.0,10.0,0.0,10.0,4.0,9.0,3.0,18.0,2.0,0.0,9.0,13.0,5.0,6.0,4.0,0.0,13.0,10.0,15.0,23.0,10.0,1.0
6123924691637533696,realty.yandex.ru,Теплый Стан,22.0,11.0,1906.0,0.0,0.0,370,12038,1590,5384,312900.0,79.0,32.0,6965.0,0.0,269.3333333333333,370,12038,1590,5384,1.0,0.0,2.0,2.0,0.0,2.0,1.0,0.0,1.0,0.0,1.0,2.0,0.0,0.0,0.0,1.0,4.0,0.0,2.0,2.0,0.0,0.0,1.0,4.0,4.0,2.0,0.0,2.0,2.0,9.0,8.0,1.0,5.0,4.0,0.0,6.0,1.0,5.0,6.0,0.0,0.0,1.0,1.0,21.0,2.0,4.0,3.0,0.0,0.0,6.0,7.0,9.0,5.0,0.0
8660284132700828672,realty.yandex.ru,Коптево,55.0,17.0,1453.0,0.0,163.58333333333334,720,7750,714,5409,327800.0,194.0,88.0,7695.0,0.0,306.125,720,7750,714,5409,0.0,0.0,4.0,4.0,0.0,1.0,3.0,0.0,9.0,6.0,3.0,0.0,0.0,0.0,0.0,3.0,9.0,8.0,1.0,3.0,0.0,0.0,6.0,5.0,3.0,1.0,1.0,28.0,2.0,9.0,15.0,1.0,1.0,5.0,0.0,14.0,9.0,5.0,4.0,4.0,0.0,0.0,6.0,14.0,9.0,3.0,6.0,0.0,0.0,10.0,6.0,11.0,4.0,2.0
325032606,cian.ru,Басманный,143.0,54.0,1772.0,0.0,209.73684210526315,840,8946,775,8432,461200.0,639.0,190.0,5720.0,0.0,398.6981132075472,840,8946,775,8432,16.0,4.0,1.0,21.0,0.0,1.0,2.0,0.0,5.0,4.0,3.0,3.0,6.0,0.0,0.0,3.0,5.0,1.0,1.0,2.0,0.0,2.0,4.0,4.0,26.0,1.0,0.0,50.0,20.0,13.0,113.0,1.0,11.0,11.0,0.0,15.0,16.0,7.0,8.0,20.0,0.0,0.0,8.0,18.0,3.0,10.0,6.0,0.0,14.0,20.0,29.0,117.0,4.0,1.0
2361989402728271872,realty.yandex.ru,Басманный,97.0,37.0,2968.0,4.0,193.66666666666663,412,2074,1631,3014,461200.0,353.0,88.0,6817.0,4.0,361.55223880597015,412,2074,1631,3014,4.0,1.0,5.0,10.0,0.0,4.0,1.0,0.0,2.0,4.0,2.0,2.0,3.0,0.0,0.0,2.0,13.0,0.0,7.0,1.0,0.0,3.0,2.0,6.0,9.0,2.0,0.0,14.0,13.0,19.0,22.0,1.0,9.0,7.0,0.0,12.0,15.0,7.0,7.0,13.0,1.0,0.0,14.0,29.0,8.0,12.0,5.0,0.0,5.0,20.0,19.0,22.0,4.0,1.0
6123023898476413952,realty.yandex.ru,Теплый Стан,22.0,11.0,1906.0,0.0,0.0,370,12038,1590,5384,312900.0,79.0,32.0,6965.0,0.0,269.3333333333333,370,12038,1590,5384,1.0,0.0,2.0,2.0,0.0,2.0,1.0,0.0,1.0,0.0,1.0,2.0,0.0,0.0,0.0,1.0,4.0,0.0,2.0,2.0,0.0,0.0,1.0,4.0,4.0,2.0,0.0,2.0,2.0,9.0,8.0,1.0,5.0,4.0,0.0,6.0,1.0,5.0,6.0,0.0,0.0,1.0,1.0,21.0,2.0,4.0,3.0,0.0,0.0,6.0,7.0,9.0,5.0,0.0
6123924688975022080,realty.yandex.ru,Теплый Стан,22.0,11.0,1906.0,0.0,0.0,370,12038,1590,5384,312900.0,79.0,32.0,6965.0,0.0,269.3333333333333,370,12038,1590,5384,1.0,0.0,2.0,2.0,0.0,2.0,1.0,0.0,1.0,0.0,1.0,2.0,0.0,0.0,0.0,1.0,4.0,0.0,2.0,2.0,0.0,0.0,1.0,4.0,4.0,2.0,0.0,2.0,2.0,9.0,8.0,1.0,5.0,4.0,0.0,6.0,1.0,5.0,6.0,0.0,0.0,1.0,1.0,21.0,2.0,4.0,3.0,0.0,0.0,6.0,7.0,9.0,5.0,0.0
6123970550727737344,realty.yandex.ru,Теплый Стан,22.0,11.0,1906.0,0.0,0.0,370,12038,1590,5384,312900.0,79.0,32.0,6965.0,0.0,269.3333333333333,370,12038,1590,5384,1.0,0.0,2.0,2.0,0.0,2.0,1.0,0.0,1.0,0.0,1.0,2.0,0.0,0.0,0.0,1.0,4.0,0.0,2.0,2.0,0.0,0.0,1.0,4.0,4.0,2.0,0.0,2.0,2.0,9.0,8.0,1.0,5.0,4.0,0.0,6.0,1.0,5.0,6.0,0.0,0.0,1.0,1.0,21.0,2.0,4.0,3.0,0.0,0.0,6.0,7.0,9.0,5.0,0.0
6122996575788090368,realty.yandex.ru,Теплый Стан,22.0,11.0,1906.0,0.0,0.0,370,12038,1590,5384,312900.0,79.0,32.0,6965.0,0.0,269.3333333333333,370,12038,1590,5384,1.0,0.0,2.0,2.0,0.0,2.0,1.0,0.0,1.0,0.0,1.0,2.0,0.0,0.0,0.0,1.0,4.0,0.0,2.0,2.0,0.0,0.0,1.0,4.0,4.0,2.0,0.0,2.0,2.0,9.0,8.0,1.0,5.0,4.0,0.0,6.0,1.0,5.0,6.0,0.0,0.0,1.0,1.0,21.0,2.0,4.0,3.0,0.0,0.0,6.0,7.0,9.0,5.0,0.0
3963650817019121152,realty.yandex.ru,Даниловский,68.0,3.0,378.0,30.0,154.0,0,6250,6,6701,399100.0,207.0,29.0,2830.0,30.0,394.6764705882353,0,6250,6,6701,7.0,1.0,7.0,17.0,0.0,2.0,1.0,0.0,9.0,2.0,0.0,0.0,0.0,0.0,0.0,5.0,1.0,1.0,7.0,4.0,0.0,1.0,7.0,22.0,33.0,1.0,0.0,17.0,6.0,22.0,59.0,1.0,9.0,7.0,1.0,34.0,12.0,2.0,3.0,9.0,1.0,3.0,16.0,25.0,6.0,12.0,10.0,3.0,2.0,25.0,71.0,70.0,22.0,4.0
5601823815211794432,realty.yandex.ru,Лефортово,16.0,5.0,1644.0,216.0,260.3333333333333,0,0,0,0,279300.0,138.0,35.0,5978.0,216.0,357.4736842105263,0,0,0,0,0.0,0.0,0.0,0.0,0.0,0.0,0.0,0.0,0.0,0.0,0.0,0.0,0.0,0.0,0.0,0.0,5.0,0.0,0.0,0.0,0.0,0.0,0.0,0.0,0.0,0.0,0.0,7.0,2.0,7.0,8.0,1.0,2.0,4.0,0.0,4.0,12.0,1.0,4.0,2.0,0.0,0.0,3.0,9.0,0.0,2.0,1.0,0.0,1.0,6.0,7.0,14.0,3.0,0.0
319756189,cian.ru,Лефортово,67.0,12.0,1124.0,0.0,134.9,692,5312,572,6825,279300.0,169.0,38.0,8957.0,0.0,299.1666666666667,692,5312,572,6825,2.0,0.0,1.0,1.0,1.0,0.0,2.0,0.0,2.0,3.0,0.0,2.0,2.0,0.0,0.0,3.0,3.0,0.0,1.0,1.0,0.0,0.0,2.0,2.0,4.0,3.0,0.0,7.0,0.0,7.0,13.0,2.0,5.0,6.0,0.0,8.0,8.0,2.0,6.0,7.0,0.0,0.0,4.0,14.0,0.0,3.0,1.0,0.0,0.0,13.0,11.0,18.0,4.0,1.0
323810406,cian.ru,Аэропорт,50.0,19.0,1916.0,17.0,179.28571428571428,518,5131,1731,4670,400700.0,219.0,89.0,8032.0,17.0,356.8666666666667,518,5131,1731,4670,5.0,0.0,1.0,0.0,0.0,0.0,2.0,0.0,5.0,0.0,1.0,3.0,0.0,0.0,0.0,1.0,2.0,0.0,0.0,1.0,0.0,0.0,6.0,5.0,3.0,0.0,0.0,24.0,7.0,7.0,21.0,1.0,5.0,6.0,0.0,9.0,5.0,5.0,8.0,2.0,1.0,0.0,4.0,14.0,4.0,4.0,5.0,0.0,1.0,15.0,15.0,17.0,3.0,0.0
6123948597436684288,realty.yandex.ru,Даниловский,29.0,,,0.0,171.4,0,19826,133,24080,399100.0,170.0,34.0,4620.0,0.0,308.5,0,19826,133,24080,10.0,1.0,11.0,13.0,0.0,2.0,2.0,0.0,13.0,3.0,0.0,0.0,0.0,0.0,1.0,9.0,1.0,1.0,4.0,3.0,0.0,1.0,13.0,34.0,30.0,0.0,3.0,16.0,3.0,22.0,43.0,0.0,4.0,7.0,0.0,32.0,16.0,1.0,2.0,2.0,0.0,5.0,14.0,31.0,6.0,15.0,12.0,0.0,4.0,23.0,65.0,58.0,2.0,4.0
6123948545961470976,realty.yandex.ru,Даниловский,29.0,,,0.0,171.4,0,19826,133,24080,399100.0,170.0,34.0,4620.0,0.0,308.5,0,19826,133,24080,10.0,1.0,11.0,13.0,0.0,2.0,2.0,0.0,13.0,3.0,0.0,0.0,0.0,0.0,1.0,9.0,1.0,1.0,4.0,3.0,0.0,1.0,13.0,34.0,30.0,0.0,3.0,16.0,3.0,22.0,43.0,0.0,4.0,7.0,0.0,32.0,16.0,1.0,2.0,2.0,0.0,5.0,14.0,31.0,6.0,15.0,12.0,0.0,4.0,23.0,65.0,58.0,2.0,4.0
325279514,cian.ru,Преображенское,105.0,7.0,336.0,1.0,197.25,218,15276,593,8318,331700.0,412.0,33.0,2491.0,1.0,363.86138613861385,218,15276,593,8318,1.0,3.0,0.0,5.0,0.0,2.0,1.0,0.0,12.0,2.0,1.0,0.0,0.0,0.0,0.0,10.0,4.0,3.0,3.0,0.0,0.0,0.0,3.0,5.0,2.0,0.0,1.0,22.0,6.0,7.0,28.0,0.0,6.0,3.0,0.0,19.0,2.0,10.0,1.0,0.0,1.0,1.0,24.0,8.0,5.0,6.0,3.0,0.0,0.0,21.0,20.0,18.0,4.0,1.0
3986832478441273856,realty.yandex.ru,Выхино-Жулебино,23.0,8.0,1741.0,236.0,236.0,944,3790,919,3349,273000.0,68.0,27.0,4953.0,236.0,236.0,944,3790,919,3349,1.0,3.0,0.0,3.0,0.0,1.0,1.0,0.0,2.0,0.0,0.0,1.0,0.0,0.0,0.0,0.0,5.0,1.0,0.0,0.0,0.0,0.0,0.0,2.0,2.0,1.0,0.0,5.0,6.0,7.0,16.0,0.0,4.0,6.0,0.0,17.0,1.0,5.0,5.0,0.0,0.0,5.0,0.0,16.0,4.0,3.0,4.0,1.0,0.0,1.0,3.0,10.0,2.0,1.0
321784426,cian.ru,Соколиная Гора,96.0,18.0,1249.0,16.0,199.1,860,8028,1207,7775,354400.0,327.0,81.0,6200.0,16.0,374.1578947368421,860,8028,1207,7775,5.0,2.0,3.0,4.0,0.0,7.0,2.0,0.0,5.0,0.0,3.0,1.0,4.0,0.0,0.0,3.0,2.0,1.0,1.0,0.0,1.0,0.0,4.0,2.0,3.0,0.0,0.0,43.0,8.0,11.0,18.0,1.0,10.0,10.0,0.0,12.0,7.0,6.0,8.0,4.0,0.0,0.0,5.0,19.0,4.0,8.0,2.0,1.0,1.0,11.0,10.0,15.0,2.0,1.0
3005970751419460096,realty.yandex.ru,Раменки,11.0,2.0,406.0,0.0,0.0,540,2551,609,1514,483300.0,25.0,6.0,1489.0,0.0,0.0,540,2551,609,1514,0.0,0.0,0.0,0.0,0.0,0.0,0.0,0.0,1.0,0.0,0.0,0.0,0.0,0.0,0.0,0.0,1.0,0.0,0.0,0.0,0.0,0.0,2.0,2.0,0.0,0.0,0.0,1.0,0.0,4.0,4.0,0.0,3.0,2.0,0.0,3.0,0.0,0.0,0.0,0.0,0.0,0.0,2.0,6.0,1.0,2.0,2.0,1.0,0.0,7.0,6.0,2.0,0.0,0.0
6819069221161172992,realty.yandex.ru,Лианозово,55.0,31.0,3111.0,280.0,280.0,880,3094,1562,2066,285600.0,224.0,130.0,4294.0,280.0,427.5,880,3094,1562,2066,3.0,2.0,6.0,6.0,0.0,1.0,2.0,0.0,3.0,2.0,2.0,2.0,1.0,0.0,0.0,0.0,8.0,0.0,1.0,0.0,0.0,0.0,0.0,0.0,0.0,2.0,0.0,5.0,2.0,12.0,11.0,0.0,1.0,3.0,1.0,8.0,4.0,4.0,3.0,1.0,0.0,1.0,0.0,15.0,3.0,1.0,1.0,0.0,0.0,2.0,3.0,4.0,5.0,0.0
321776380,cian.ru,Орехово-Борисово Южное,46.0,16.0,3596.0,4.0,194.33333333333331,1838,2418,3758,2044,279800.0,171.0,74.0,15439.0,4.0,303.4166666666667,1838,2418,3758,2044,0.0,2.0,4.0,8.0,0.0,1.0,3.0,0.0,5.0,3.0,6.0,1.0,0.0,0.0,0.0,1.0,8.0,3.0,2.0,2.0,0.0,1.0,0.0,1.0,1.0,1.0,1.0,11.0,4.0,13.0,18.0,0.0,3.0,9.0,0.0,11.0,11.0,10.0,11.0,1.0,0.0,1.0,1.0,30.0,3.0,6.0,4.0,0.0,3.0,1.0,5.0,14.0,6.0,1.0
320939891,cian.ru,Басманный,42.0,6.0,943.0,0.0,196.46666666666667,1024,39038,749,27613,461200.0,232.0,37.0,3573.0,0.0,329.2972972972973,1024,39038,749,27613,9.0,3.0,1.0,5.0,0.0,1.0,1.0,0.0,8.0,0.0,0.0,1.0,17.0,0.0,0.0,6.0,4.0,0.0,4.0,2.0,0.0,0.0,10.0,4.0,17.0,0.0,0.0,13.0,4.0,3.0,8.0,0.0,3.0,3.0,0.0,9.0,1.0,1.0,1.0,34.0,1.0,1.0,6.0,7.0,4.0,5.0,5.0,0.0,3.0,16.0,4.0,21.0,0.0,1.0
8139937833484775424,realty.yandex.ru,Басманный,128.0,11.0,486.0,0.0,179.76,184,11593,482,7974,461200.0,344.0,53.0,4673.0,0.0,349.9117647058824,184,11593,482,7974,1.0,2.0,4.0,5.0,0.0,1.0,1.0,0.0,5.0,1.0,1.0,1.0,0.0,0.0,0.0,5.0,9.0,2.0,3.0,1.0,0.0,0.0,10.0,7.0,9.0,2.0,1.0,11.0,8.0,16.0,14.0,1.0,4.0,6.0,0.0,8.0,10.0,6.0,4.0,11.0,0.0,0.0,11.0,24.0,4.0,10.0,5.0,0.0,6.0,23.0,18.0,25.0,5.0,1.0
321259248,cian.ru,Раменки,42.0,12.0,2680.0,239.0,268.0,2456,800,4061,602,483300.0,117.0,23.0,3819.0,239.0,423.9,2456,800,4061,602,0.0,0.0,2.0,2.0,0.0,0.0,2.0,0.0,5.0,1.0,0.0,2.0,0.0,0.0,0.0,0.0,3.0,0.0,0.0,0.0,0.0,0.0,1.0,3.0,1.0,2.0,0.0,2.0,2.0,4.0,3.0,0.0,1.0,3.0,0.0,11.0,5.0,1.0,2.0,0.0,0.0,0.0,3.0,5.0,1.0,1.0,1.0,0.0,1.0,5.0,10.0,4.0,2.0,0.0
321452343,cian.ru,Дмитровский,27.0,16.0,2679.0,,,1464,1828,3593,912,288000.0,135.0,78.0,13321.0,373.0,373.0,1464,1828,3593,912,0.0,0.0,5.0,7.0,0.0,0.0,4.0,0.0,3.0,2.0,2.0,2.0,0.0,0.0,0.0,0.0,6.0,3.0,1.0,1.0,0.0,0.0,1.0,5.0,5.0,2.0,0.0,6.0,8.0,12.0,33.0,0.0,4.0,12.0,0.0,11.0,13.0,5.0,11.0,0.0,0.0,0.0,0.0,23.0,7.0,4.0,4.0,0.0,1.0,5.0,8.0,7.0,6.0,0.0
321882562,cian.ru,Даниловский,25.0,7.0,1773.0,209.0,248.75,2504,2352,1333,3289,399100.0,96.0,22.0,6294.0,209.0,451.2173913043478,2504,2352,1333,3289,1.0,3.0,2.0,11.0,0.0,1.0,3.0,0.0,2.0,4.0,0.0,0.0,0.0,0.0,0.0,0.0,3.0,2.0,2.0,1.0,0.0,1.0,1.0,10.0,14.0,0.0,1.0,12.0,4.0,8.0,24.0,0.0,1.0,5.0,0.0,8.0,7.0,1.0,2.0,5.0,0.0,0.0,7.0,7.0,2.0,4.0,3.0,0.0,1.0,11.0,28.0,32.0,0.0,1.0
324416233,cian.ru,Щукино,52.0,12.0,698.0,11.0,157.2,250,4821,653,7330,395300.0,199.0,92.0,6187.0,11.0,311.44444444444446,250,4821,653,7330,13.0,1.0,3.0,3.0,0.0,1.0,1.0,0.0,0.0,0.0,1.0,1.0,0.0,0.0,0.0,1.0,1.0,0.0,0.0,0.0,0.0,0.0,0.0,2.0,1.0,0.0,0.0,48.0,1.0,5.0,8.0,2.0,2.0,4.0,0.0,0.0,0.0,5.0,3.0,8.0,4.0,0.0,1.0,6.0,0.0,2.0,0.0,0.0,1.0,1.0,2.0,11.0,2.0,0.0
319759862,cian.ru,Басманный,42.0,6.0,943.0,0.0,196.46666666666667,1024,39038,749,27613,461200.0,232.0,37.0,3573.0,0.0,329.2972972972973,1024,39038,749,27613,9.0,3.0,1.0,5.0,0.0,1.0,1.0,0.0,8.0,0.0,0.0,1.0,17.0,0.0,0.0,6.0,4.0,0.0,4.0,2.0,0.0,0.0,10.0,4.0,17.0,0.0,0.0,13.0,4.0,3.0,8.0,0.0,3.0,3.0,0.0,9.0,1.0,1.0,1.0,34.0,1.0,1.0,6.0,7.0,4.0,5.0,5.0,0.0,3.0,16.0,4.0,21.0,0.0,1.0
322204530,cian.ru,Левобережный,15.0,4.0,818.0,69.0,168.6,952,9054,992,5652,362900.0,110.0,63.0,8937.0,69.0,239.0,952,9054,992,5652,1.0,0.0,1.0,3.0,0.0,2.0,1.0,0.0,5.0,0.0,1.0,1.0,0.0,0.0,0.0,3.0,2.0,0.0,1.0,0.0,0.0,0.0,4.0,4.0,11.0,0.0,0.0,6.0,3.0,10.0,21.0,0.0,6.0,8.0,0.0,24.0,5.0,2.0,3.0,1.0,0.0,0.0,3.0,15.0,8.0,4.0,8.0,1.0,0.0,4.0,6.0,18.0,4.0,1.0
322348009,cian.ru,Головинский,25.0,12.0,1505.0,0.0,117.0,952,9054,992,5652,329000.0,123.0,75.0,9397.0,0.0,216.5,952,9054,992,5652,1.0,0.0,1.0,1.0,0.0,3.0,0.0,0.0,5.0,1.0,1.0,1.0,0.0,0.0,0.0,2.0,2.0,2.0,0.0,5.0,0.0,0.0,2.0,1.0,5.0,1.0,0.0,5.0,2.0,11.0,15.0,0.0,6.0,11.0,0.0,27.0,6.0,3.0,3.0,2.0,0.0,0.0,3.0,20.0,8.0,3.0,8.0,0.0,0.0,4.0,7.0,13.0,6.0,1.0
322150420,cian.ru,Левобережный,17.0,7.0,979.0,0.0,147.5,838,7075,1318,2345,362900.0,98.0,59.0,8464.0,0.0,199.2,838,7075,1318,2345,1.0,0.0,1.0,1.0,0.0,2.0,0.0,0.0,4.0,0.0,1.0,0.0,0.0,0.0,0.0,2.0,2.0,0.0,0.0,0.0,0.0,0.0,2.0,1.0,5.0,1.0,0.0,2.0,3.0,9.0,16.0,0.0,6.0,9.0,0.0,15.0,4.0,3.0,3.0,1.0,0.0,0.0,3.0,14.0,8.0,4.0,7.0,1.0,0.0,4.0,6.0,15.0,5.0,1.0
322672245,cian.ru,Щукино,53.0,18.0,1232.0,49.0,116.5,314,4232,653,7031,395300.0,210.0,97.0,5738.0,49.0,298.55555555555554,314,4232,653,7031,13.0,1.0,3.0,3.0,0.0,1.0,1.0,0.0,0.0,0.0,3.0,1.0,0.0,0.0,0.0,1.0,1.0,0.0,0.0,0.0,0.0,0.0,0.0,2.0,1.0,0.0,0.0,46.0,2.0,5.0,14.0,2.0,2.0,4.0,0.0,1.0,0.0,5.0,4.0,8.0,4.0,0.0,1.0,8.0,0.0,2.0,0.0,0.0,2.0,1.0,3.0,10.0,1.0,0.0
6033204199439740928,realty.yandex.ru,Алексеевский,47.0,33.0,2542.0,0.0,36.0,424,6505,1327,5288,397600.0,184.0,100.0,9968.0,0.0,391.3571428571428,424,6505,1327,5288,0.0,1.0,1.0,2.0,0.0,2.0,3.0,0.0,2.0,3.0,1.0,3.0,1.0,0.0,0.0,3.0,7.0,1.0,0.0,2.0,0.0,0.0,1.0,2.0,1.0,2.0,0.0,18.0,7.0,12.0,42.0,2.0,3.0,19.0,0.0,14.0,5.0,4.0,9.0,11.0,6.0,0.0,3.0,32.0,3.0,4.0,8.0,0.0,0.0,4.0,9.0,20.0,6.0,0.0
321516122,cian.ru,Академический,55.0,4.0,728.0,0.0,144.5,716,3157,1428,3233,387300.0,214.0,34.0,4099.0,0.0,426.0,716,3157,1428,3233,0.0,0.0,1.0,1.0,0.0,0.0,0.0,0.0,3.0,0.0,0.0,0.0,0.0,3.0,0.0,1.0,2.0,0.0,0.0,2.0,0.0,0.0,2.0,0.0,4.0,0.0,0.0,1.0,5.0,3.0,13.0,0.0,0.0,2.0,0.0,6.0,5.0,2.0,2.0,0.0,3.0,0.0,5.0,5.0,2.0,3.0,3.0,1.0,0.0,6.0,3.0,7.0,0.0,1.0
6123969865574895616,realty.yandex.ru,Даниловский,29.0,,,0.0,171.4,0,19826,133,24080,399100.0,170.0,34.0,4620.0,0.0,308.5,0,19826,133,24080,10.0,1.0,11.0,13.0,0.0,2.0,2.0,0.0,13.0,3.0,0.0,0.0,0.0,0.0,1.0,9.0,1.0,1.0,4.0,3.0,0.0,1.0,13.0,34.0,30.0,0.0,3.0,16.0,3.0,22.0,43.0,0.0,4.0,7.0,0.0,32.0,16.0,1.0,2.0,2.0,0.0,5.0,14.0,31.0,6.0,15.0,12.0,0.0,4.0,23.0,65.0,58.0,2.0,4.0
6033204199439741952,realty.yandex.ru,Даниловский,62.0,2.0,378.0,8.0,202.3846153846154,0,12178,733,19482,399100.0,207.0,32.0,3121.0,8.0,362.9117647058824,0,12178,733,19482,10.0,2.0,9.0,23.0,0.0,2.0,4.0,0.0,13.0,3.0,0.0,0.0,0.0,0.0,2.0,8.0,17.0,2.0,7.0,6.0,0.0,0.0,11.0,32.0,47.0,1.0,0.0,23.0,6.0,27.0,57.0,1.0,7.0,7.0,0.0,33.0,14.0,2.0,3.0,4.0,0.0,4.0,15.0,26.0,5.0,14.0,11.0,0.0,3.0,21.0,72.0,71.0,22.0,4.0
323869686,cian.ru,Можайский,31.0,8.0,143.0,0.0,129.0,228,29484,372,35651,311900.0,91.0,14.0,529.0,0.0,286.46153846153845,228,29484,372,35651,1.0,0.0,3.0,4.0,0.0,1.0,2.0,0.0,8.0,4.0,0.0,0.0,0.0,0.0,0.0,5.0,2.0,1.0,1.0,1.0,0.0,0.0,3.0,10.0,7.0,18.0,0.0,1.0,0.0,3.0,4.0,0.0,1.0,2.0,0.0,11.0,4.0,1.0,0.0,0.0,0.0,0.0,6.0,2.0,1.0,3.0,2.0,0.0,1.0,6.0,13.0,7.0,18.0,0.0
321764770,cian.ru,Аэропорт,50.0,19.0,1916.0,17.0,179.28571428571428,518,5131,1731,4670,400700.0,219.0,89.0,8032.0,17.0,356.8666666666667,518,5131,1731,4670,5.0,0.0,1.0,0.0,0.0,0.0,2.0,0.0,5.0,0.0,1.0,3.0,0.0,0.0,0.0,1.0,2.0,0.0,0.0,1.0,0.0,0.0,6.0,5.0,3.0,0.0,0.0,24.0,7.0,7.0,21.0,1.0,5.0,6.0,0.0,9.0,5.0,5.0,8.0,2.0,1.0,0.0,4.0,14.0,4.0,4.0,5.0,0.0,1.0,15.0,15.0,17.0,3.0,0.0
320473903,cian.ru,Ростокино,64.0,14.0,1194.0,0.0,165.23529411764707,210,8509,508,5971,335200.0,253.0,45.0,5215.0,0.0,286.8,210,8509,508,5971,1.0,0.0,3.0,2.0,0.0,0.0,0.0,0.0,4.0,0.0,1.0,1.0,0.0,0.0,0.0,1.0,1.0,0.0,0.0,1.0,0.0,0.0,2.0,0.0,6.0,2.0,0.0,13.0,4.0,6.0,14.0,0.0,3.0,10.0,0.0,8.0,3.0,2.0,2.0,1.0,0.0,0.0,4.0,10.0,3.0,4.0,4.0,0.0,0.0,2.0,2.0,11.0,3.0,0.0
325116370,cian.ru,Можайский,31.0,8.0,143.0,0.0,129.0,228,29484,372,35651,311900.0,91.0,14.0,529.0,0.0,286.46153846153845,228,29484,372,35651,1.0,0.0,3.0,4.0,0.0,1.0,2.0,0.0,8.0,4.0,0.0,0.0,0.0,0.0,0.0,5.0,2.0,1.0,1.0,1.0,0.0,0.0,3.0,10.0,7.0,18.0,0.0,1.0,0.0,3.0,4.0,0.0,1.0,2.0,0.0,11.0,4.0,1.0,0.0,0.0,0.0,0.0,6.0,2.0,1.0,3.0,2.0,0.0,1.0,6.0,13.0,7.0,18.0,0.0
323869691,cian.ru,Можайский,31.0,8.0,143.0,0.0,129.0,228,29484,372,35651,311900.0,91.0,14.0,529.0,0.0,286.46153846153845,228,29484,372,35651,1.0,0.0,3.0,4.0,0.0,1.0,2.0,0.0,8.0,4.0,0.0,0.0,0.0,0.0,0.0,5.0,2.0,1.0,1.0,1.0,0.0,0.0,3.0,10.0,7.0,18.0,0.0,1.0,0.0,3.0,4.0,0.0,1.0,2.0,0.0,11.0,4.0,1.0,0.0,0.0,0.0,0.0,6.0,2.0,1.0,3.0,2.0,0.0,1.0,6.0,13.0,7.0,18.0,0.0
322808764,cian.ru,Можайский,30.0,12.0,143.0,0.0,154.375,0,16674,270,35651,311900.0,82.0,16.0,1020.0,0.0,295.85714285714283,0,16674,270,35651,1.0,0.0,3.0,4.0,0.0,1.0,1.0,0.0,11.0,4.0,0.0,0.0,0.0,0.0,0.0,5.0,0.0,1.0,2.0,1.0,0.0,0.0,3.0,10.0,5.0,18.0,0.0,1.0,0.0,3.0,7.0,0.0,1.0,2.0,0.0,11.0,4.0,1.0,0.0,0.0,0.0,0.0,6.0,2.0,2.0,3.0,2.0,0.0,1.0,9.0,15.0,9.0,18.0,0.0
8660284132706254848,realty.yandex.ru,Раменки,42.0,12.0,2680.0,240.0,269.0,2456,800,4061,602,483300.0,118.0,23.0,3819.0,240.0,423.8,2456,800,4061,602,0.0,0.0,2.0,2.0,0.0,0.0,2.0,0.0,5.0,1.0,0.0,2.0,0.0,0.0,0.0,0.0,3.0,0.0,0.0,0.0,0.0,0.0,1.0,3.0,1.0,2.0,0.0,2.0,2.0,4.0,3.0,0.0,1.0,3.0,0.0,11.0,5.0,1.0,2.0,0.0,0.0,0.0,3.0,5.0,1.0,1.0,1.0,0.0,1.0,5.0,10.0,4.0,2.0,0.0
324619353,cian.ru,Можайский,31.0,8.0,143.0,0.0,129.0,228,29484,372,35651,311900.0,91.0,14.0,529.0,0.0,286.46153846153845,228,29484,372,35651,1.0,0.0,3.0,4.0,0.0,1.0,2.0,0.0,8.0,4.0,0.0,0.0,0.0,0.0,0.0,5.0,2.0,1.0,1.0,1.0,0.0,0.0,3.0,10.0,7.0,18.0,0.0,1.0,0.0,3.0,4.0,0.0,1.0,2.0,0.0,11.0,4.0,1.0,0.0,0.0,0.0,0.0,6.0,2.0,1.0,3.0,2.0,0.0,1.0,6.0,13.0,7.0,18.0,0.0
5203054433263439872,realty.yandex.ru,Беговой,83.0,16.0,1550.0,0.0,168.5625,718,8161,986,13241,414000.0,274.0,80.0,7062.0,0.0,361.9019607843137,718,8161,986,13241,6.0,1.0,3.0,12.0,0.0,3.0,2.0,0.0,3.0,0.0,1.0,1.0,0.0,0.0,0.0,5.0,1.0,0.0,2.0,1.0,0.0,1.0,8.0,6.0,16.0,1.0,1.0,31.0,9.0,13.0,62.0,2.0,7.0,9.0,0.0,20.0,14.0,8.0,3.0,13.0,0.0,0.0,13.0,12.0,2.0,14.0,10.0,0.0,4.0,23.0,34.0,37.0,5.0,2.0
319062724,cian.ru,Замоскворечье,42.0,3.0,450.0,0.0,188.53333333333333,0,15060,442,15367,543700.0,203.0,37.0,2931.0,0.0,388.9473684210527,0,15060,442,15367,4.0,3.0,4.0,23.0,0.0,1.0,2.0,0.0,3.0,0.0,1.0,0.0,2.0,0.0,1.0,4.0,9.0,0.0,6.0,2.0,0.0,0.0,11.0,10.0,11.0,0.0,0.0,26.0,13.0,21.0,63.0,0.0,5.0,7.0,0.0,20.0,3.0,2.0,4.0,4.0,0.0,2.0,14.0,21.0,3.0,10.0,10.0,0.0,6.0,22.0,41.0,67.0,1.0,4.0
325223682,cian.ru,Дмитровский,27.0,16.0,2679.0,,,1464,1828,3593,912,288000.0,135.0,78.0,13321.0,373.0,373.0,1464,1828,3593,912,0.0,0.0,5.0,7.0,0.0,0.0,4.0,0.0,3.0,2.0,2.0,2.0,0.0,0.0,0.0,0.0,6.0,3.0,1.0,1.0,0.0,0.0,1.0,5.0,5.0,2.0,0.0,6.0,8.0,12.0,33.0,0.0,4.0,12.0,0.0,11.0,13.0,5.0,11.0,0.0,0.0,0.0,0.0,23.0,7.0,4.0,4.0,0.0,1.0,5.0,8.0,7.0,6.0,0.0
324898505,cian.ru,Можайский,23.0,13.0,1931.0,6.0,86.5,2268,8031,4682,4690,311900.0,131.0,68.0,9252.0,6.0,315.2,2268,8031,4682,4690,0.0,1.0,2.0,5.0,0.0,1.0,2.0,0.0,6.0,1.0,1.0,3.0,0.0,0.0,1.0,1.0,3.0,4.0,6.0,0.0,0.0,0.0,1.0,1.0,4.0,0.0,0.0,1.0,4.0,11.0,14.0,0.0,1.0,7.0,0.0,29.0,6.0,5.0,6.0,0.0,0.0,2.0,2.0,16.0,7.0,14.0,5.0,0.0,0.0,6.0,5.0,12.0,4.0,2.0
320217949,cian.ru,Коньково,17.0,3.0,279.0,0.0,163.66666666666666,6,5027,15,3293,351300.0,93.0,40.0,3720.0,0.0,364.0,6,5027,15,3293,0.0,1.0,1.0,0.0,0.0,0.0,1.0,0.0,0.0,0.0,0.0,0.0,0.0,0.0,0.0,1.0,0.0,1.0,0.0,0.0,0.0,0.0,0.0,0.0,4.0,2.0,0.0,1.0,2.0,2.0,3.0,0.0,0.0,6.0,0.0,2.0,1.0,1.0,2.0,0.0,0.0,0.0,1.0,13.0,2.0,1.0,0.0,0.0,0.0,1.0,3.0,10.0,3.0,0.0
6123233738071742464,realty.yandex.ru,Даниловский,29.0,,,0.0,171.4,0,19826,133,24080,399100.0,170.0,34.0,4620.0,0.0,308.5,0,19826,133,24080,10.0,1.0,11.0,13.0,0.0,2.0,2.0,0.0,13.0,3.0,0.0,0.0,0.0,0.0,1.0,9.0,1.0,1.0,4.0,3.0,0.0,1.0,13.0,34.0,30.0,0.0,3.0,16.0,3.0,22.0,43.0,0.0,4.0,7.0,0.0,32.0,16.0,1.0,2.0,2.0,0.0,5.0,14.0,31.0,6.0,15.0,12.0,0.0,4.0,23.0,65.0,58.0,2.0,4.0
6123864959977290752,realty.yandex.ru,Даниловский,29.0,,,0.0,171.4,0,19826,133,24080,399100.0,170.0,34.0,4620.0,0.0,308.5,0,19826,133,24080,10.0,1.0,11.0,13.0,0.0,2.0,2.0,0.0,13.0,3.0,0.0,0.0,0.0,0.0,1.0,9.0,1.0,1.0,4.0,3.0,0.0,1.0,13.0,34.0,30.0,0.0,3.0,16.0,3.0,22.0,43.0,0.0,4.0,7.0,0.0,32.0,16.0,1.0,2.0,2.0,0.0,5.0,14.0,31.0,6.0,15.0,12.0,0.0,4.0,23.0,65.0,58.0,2.0,4.0
322986872,cian.ru,Щукино,52.0,12.0,698.0,11.0,157.2,250,4821,653,7330,395300.0,199.0,92.0,6187.0,11.0,311.44444444444446,250,4821,653,7330,13.0,1.0,3.0,3.0,0.0,1.0,1.0,0.0,0.0,0.0,1.0,1.0,0.0,0.0,0.0,1.0,1.0,0.0,0.0,0.0,0.0,0.0,0.0,2.0,1.0,0.0,0.0,48.0,1.0,5.0,8.0,2.0,2.0,4.0,0.0,0.0,0.0,5.0,3.0,8.0,4.0,0.0,1.0,6.0,0.0,2.0,0.0,0.0,1.0,1.0,2.0,11.0,2.0,0.0
324385586,cian.ru,Дмитровский,29.0,8.0,2285.0,179.0,203.0,2856,8237,7543,4018,288000.0,137.0,35.0,6776.0,179.0,203.0,2856,8237,7543,4018,0.0,0.0,1.0,1.0,0.0,0.0,2.0,0.0,4.0,1.0,1.0,1.0,0.0,0.0,1.0,1.0,2.0,1.0,0.0,2.0,0.0,0.0,2.0,0.0,0.0,0.0,1.0,18.0,1.0,5.0,10.0,2.0,2.0,5.0,0.0,14.0,6.0,3.0,4.0,0.0,0.0,1.0,1.0,15.0,3.0,2.0,4.0,0.0,0.0,2.0,3.0,7.0,3.0,1.0
3987628968732341248,realty.yandex.ru,Можайский,31.0,8.0,143.0,0.0,128.85714285714286,228,29484,372,35651,311900.0,91.0,14.0,529.0,0.0,286.53846153846155,228,29484,372,35651,1.0,0.0,3.0,4.0,0.0,1.0,2.0,0.0,8.0,4.0,0.0,0.0,0.0,0.0,0.0,5.0,2.0,1.0,1.0,1.0,0.0,0.0,3.0,10.0,7.0,18.0,0.0,1.0,0.0,3.0,4.0,0.0,1.0,2.0,0.0,11.0,4.0,1.0,0.0,0.0,0.0,0.0,6.0,2.0,1.0,3.0,2.0,0.0,1.0,6.0,13.0,7.0,18.0,0.0
322986892,cian.ru,Щукино,52.0,12.0,698.0,11.0,157.2,250,4821,653,7330,395300.0,199.0,92.0,6187.0,11.0,311.44444444444446,250,4821,653,7330,13.0,1.0,3.0,3.0,0.0,1.0,1.0,0.0,0.0,0.0,1.0,1.0,0.0,0.0,0.0,1.0,1.0,0.0,0.0,0.0,0.0,0.0,0.0,2.0,1.0,0.0,0.0,48.0,1.0,5.0,8.0,2.0,2.0,4.0,0.0,0.0,0.0,5.0,3.0,8.0,4.0,0.0,1.0,6.0,0.0,2.0,0.0,0.0,1.0,1.0,2.0,11.0,2.0,0.0
3967137546321399808,realty.yandex.ru,Ломоносовский,34.0,17.0,1886.0,0.0,110.5,2874,5697,1664,1323,418300.0,130.0,62.0,9981.0,0.0,344.0,2874,5697,1664,1323,3.0,1.0,2.0,5.0,0.0,3.0,2.0,0.0,11.0,0.0,8.0,3.0,0.0,0.0,1.0,0.0,9.0,1.0,0.0,3.0,0.0,0.0,0.0,1.0,2.0,1.0,0.0,14.0,6.0,17.0,28.0,1.0,6.0,11.0,0.0,29.0,9.0,17.0,11.0,2.0,0.0,1.0,1.0,37.0,5.0,9.0,13.0,0.0,0.0,2.0,9.0,12.0,11.0,2.0
8660284132701663232,realty.yandex.ru,Печатники,17.0,9.0,1777.0,0.0,0.0,322,2770,1410,1651,286900.0,80.0,43.0,8843.0,0.0,404.1666666666667,322,2770,1410,1651,0.0,0.0,2.0,2.0,0.0,1.0,1.0,0.0,10.0,2.0,2.0,2.0,0.0,0.0,0.0,1.0,7.0,1.0,1.0,3.0,0.0,0.0,0.0,3.0,0.0,0.0,0.0,0.0,2.0,6.0,8.0,1.0,2.0,7.0,0.0,25.0,7.0,4.0,6.0,0.0,0.0,1.0,1.0,23.0,4.0,3.0,6.0,0.0,0.0,3.0,8.0,5.0,4.0,0.0
6819069301092038656,realty.yandex.ru,Солнцево,35.0,19.0,4043.0,,,1572,7670,4344,7067,284300.0,111.0,51.0,9326.0,,,1572,7670,4344,7067,5.0,2.0,6.0,4.0,0.0,0.0,3.0,0.0,10.0,0.0,1.0,3.0,0.0,0.0,2.0,0.0,4.0,3.0,1.0,2.0,0.0,0.0,1.0,5.0,9.0,2.0,0.0,26.0,3.0,14.0,20.0,0.0,2.0,11.0,0.0,22.0,5.0,2.0,6.0,0.0,0.0,2.0,0.0,24.0,10.0,5.0,4.0,0.0,1.0,4.0,10.0,14.0,5.0,1.0
319755543,cian.ru,Ломоносовский,25.0,11.0,2607.0,271.0,271.0,2030,2610,3062,3137,418300.0,138.0,63.0,9823.0,271.0,398.5,2030,2610,3062,3137,7.0,2.0,12.0,18.0,0.0,1.0,4.0,0.0,7.0,2.0,0.0,5.0,0.0,0.0,1.0,0.0,10.0,1.0,5.0,6.0,0.0,0.0,0.0,7.0,8.0,1.0,0.0,17.0,8.0,19.0,49.0,1.0,6.0,13.0,0.0,20.0,7.0,16.0,20.0,2.0,0.0,1.0,0.0,23.0,2.0,12.0,16.0,0.0,0.0,3.0,14.0,14.0,8.0,1.0
325210907,cian.ru,Коммунарка,20.0,19.0,2794.0,,,2018,172,4681,424,291400.0,48.0,41.0,5635.0,,,2018,172,4681,424,0.0,0.0,0.0,0.0,0.0,0.0,2.0,0.0,1.0,2.0,0.0,0.0,0.0,0.0,0.0,0.0,4.0,0.0,1.0,1.0,0.0,0.0,0.0,0.0,1.0,0.0,0.0,2.0,0.0,3.0,16.0,0.0,2.0,8.0,0.0,6.0,8.0,1.0,1.0,0.0,0.0,0.0,0.0,14.0,3.0,3.0,1.0,1.0,0.0,2.0,2.0,7.0,0.0,0.0
6122996523425373184,realty.yandex.ru,Можайский,31.0,8.0,143.0,0.0,128.85714285714286,228,29484,372,35651,311900.0,91.0,14.0,529.0,0.0,286.53846153846155,228,29484,372,35651,1.0,0.0,3.0,4.0,0.0,1.0,2.0,0.0,8.0,4.0,0.0,0.0,0.0,0.0,0.0,5.0,2.0,1.0,1.0,1.0,0.0,0.0,3.0,10.0,7.0,18.0,0.0,1.0,0.0,3.0,4.0,0.0,1.0,2.0,0.0,11.0,4.0,1.0,0.0,0.0,0.0,0.0,6.0,2.0,1.0,3.0,2.0,0.0,1.0,6.0,13.0,7.0,18.0,0.0
321705304,cian.ru,Даниловский,61.0,2.0,96.0,0.0,150.45454545454547,192,6135,378,5744,399100.0,249.0,54.0,3850.0,0.0,341.1666666666667,192,6135,378,5744,5.0,1.0,1.0,3.0,0.0,3.0,1.0,0.0,6.0,1.0,0.0,1.0,0.0,0.0,0.0,6.0,0.0,0.0,4.0,2.0,0.0,0.0,8.0,13.0,8.0,0.0,0.0,10.0,4.0,3.0,13.0,2.0,3.0,3.0,0.0,12.0,6.0,3.0,3.0,4.0,0.0,0.0,7.0,6.0,0.0,8.0,5.0,0.0,3.0,12.0,18.0,17.0,3.0,0.0
319649070,cian.ru,Даниловский,55.0,4.0,34.0,74.0,168.0,2848,6135,169,5744,399100.0,259.0,54.0,3348.0,74.0,385.09090909090907,2848,6135,169,5744,6.0,1.0,0.0,3.0,0.0,3.0,0.0,0.0,6.0,1.0,0.0,1.0,1.0,0.0,0.0,6.0,0.0,0.0,5.0,2.0,0.0,0.0,6.0,10.0,8.0,0.0,0.0,10.0,4.0,3.0,14.0,2.0,3.0,2.0,0.0,12.0,6.0,3.0,3.0,4.0,0.0,0.0,7.0,6.0,0.0,8.0,5.0,0.0,4.0,10.0,17.0,16.0,4.0,0.0
320337393,cian.ru,Строгино,92.0,67.0,90.0,137.0,137.0,176,418,23,8,334100.0,237.0,137.0,1394.0,137.0,137.0,176,418,23,8,0.0,0.0,0.0,0.0,0.0,0.0,0.0,0.0,2.0,1.0,0.0,0.0,0.0,0.0,0.0,0.0,0.0,0.0,0.0,0.0,0.0,0.0,0.0,0.0,0.0,0.0,0.0,0.0,1.0,1.0,3.0,0.0,0.0,1.0,1.0,6.0,1.0,1.0,0.0,1.0,0.0,0.0,0.0,7.0,0.0,0.0,1.0,0.0,3.0,0.0,1.0,0.0,0.0,0.0
321147088,cian.ru,Даниловский,83.0,1.0,363.0,0.0,195.2,672,8711,137,5032,399100.0,268.0,28.0,3834.0,0.0,370.84375,672,8711,137,5032,3.0,2.0,4.0,8.0,0.0,4.0,1.0,0.0,5.0,0.0,2.0,0.0,2.0,0.0,0.0,4.0,0.0,1.0,2.0,0.0,0.0,12.0,2.0,3.0,9.0,1.0,0.0,13.0,6.0,17.0,49.0,0.0,9.0,7.0,0.0,73.0,7.0,4.0,0.0,5.0,0.0,2.0,8.0,21.0,4.0,10.0,12.0,0.0,14.0,14.0,27.0,60.0,2.0,3.0
321176140,cian.ru,Медведково Северное,38.0,,,7.0,155.8,780,14074,28,1294,301300.0,127.0,9.0,2089.0,7.0,318.5263157894737,780,14074,28,1294,0.0,0.0,1.0,1.0,0.0,0.0,0.0,0.0,1.0,0.0,0.0,0.0,0.0,0.0,0.0,1.0,0.0,0.0,1.0,0.0,0.0,0.0,3.0,0.0,1.0,0.0,0.0,1.0,1.0,6.0,2.0,0.0,0.0,1.0,1.0,8.0,0.0,0.0,0.0,0.0,0.0,0.0,1.0,4.0,1.0,2.0,1.0,0.0,1.0,6.0,2.0,3.0,3.0,0.0
320275378,cian.ru,Медведково Северное,38.0,,,7.0,155.8,780,14074,28,1294,301300.0,127.0,9.0,2089.0,7.0,318.5263157894737,780,14074,28,1294,0.0,0.0,1.0,1.0,0.0,0.0,0.0,0.0,1.0,0.0,0.0,0.0,0.0,0.0,0.0,1.0,0.0,0.0,1.0,0.0,0.0,0.0,3.0,0.0,1.0,0.0,0.0,1.0,1.0,6.0,2.0,0.0,0.0,1.0,1.0,8.0,0.0,0.0,0.0,0.0,0.0,0.0,1.0,4.0,1.0,2.0,1.0,0.0,1.0,6.0,2.0,3.0,3.0,0.0
321175059,cian.ru,Хорошевский,82.0,,,12.0,189.66666666666663,0,3695,14,3429,443000.0,228.0,3.0,101.0,12.0,352.3421052631579,0,3695,14,3429,0.0,1.0,1.0,0.0,0.0,0.0,0.0,0.0,8.0,0.0,0.0,0.0,0.0,0.0,0.0,6.0,0.0,3.0,5.0,0.0,0.0,0.0,4.0,5.0,0.0,0.0,0.0,0.0,1.0,2.0,1.0,0.0,0.0,0.0,0.0,20.0,3.0,0.0,0.0,0.0,0.0,0.0,8.0,3.0,7.0,5.0,0.0,0.0,0.0,9.0,10.0,2.0,0.0,1.0
324744334,cian.ru,Хорошевский,82.0,,,6.0,200.07692307692307,0,3695,14,3429,443000.0,228.0,3.0,101.0,6.0,354.3157894736842,0,3695,14,3429,0.0,1.0,1.0,0.0,0.0,0.0,0.0,0.0,8.0,0.0,0.0,0.0,0.0,0.0,0.0,6.0,0.0,3.0,5.0,0.0,0.0,0.0,4.0,5.0,0.0,0.0,0.0,0.0,1.0,2.0,1.0,0.0,0.0,0.0,0.0,22.0,3.0,0.0,0.0,0.0,0.0,0.0,8.0,3.0,7.0,5.0,0.0,0.0,0.0,11.0,10.0,2.0,0.0,1.0
321706226,cian.ru,Хорошевский,82.0,,,6.0,200.07692307692307,0,3695,14,3429,443000.0,228.0,3.0,101.0,6.0,354.3157894736842,0,3695,14,3429,0.0,1.0,1.0,0.0,0.0,0.0,0.0,0.0,8.0,0.0,0.0,0.0,0.0,0.0,0.0,6.0,0.0,3.0,5.0,0.0,0.0,0.0,4.0,5.0,0.0,0.0,0.0,0.0,1.0,2.0,1.0,0.0,0.0,0.0,0.0,22.0,3.0,0.0,0.0,0.0,0.0,0.0,8.0,3.0,7.0,5.0,0.0,0.0,0.0,11.0,10.0,2.0,0.0,1.0
323471134,cian.ru,Можайский,19.0,2.0,311.0,0.0,161.16666666666666,1702,15748,108,8043,311900.0,125.0,33.0,2986.0,0.0,382.5217391304348,1702,15748,108,8043,0.0,0.0,1.0,0.0,0.0,0.0,1.0,0.0,1.0,0.0,0.0,0.0,0.0,0.0,0.0,1.0,1.0,0.0,0.0,0.0,0.0,0.0,2.0,0.0,0.0,0.0,0.0,5.0,2.0,7.0,12.0,1.0,2.0,4.0,0.0,24.0,1.0,1.0,2.0,0.0,0.0,0.0,2.0,9.0,3.0,2.0,3.0,0.0,0.0,6.0,7.0,5.0,1.0,0.0
306948989167023872,realty.yandex.ru,Войковский,44.0,18.0,1612.0,90.0,177.0,586,7829,2551,5025,362300.0,200.0,83.0,9562.0,90.0,443.7142857142857,586,7829,2551,5025,4.0,4.0,7.0,6.0,0.0,1.0,2.0,0.0,4.0,2.0,1.0,0.0,0.0,1.0,2.0,0.0,9.0,5.0,3.0,3.0,0.0,2.0,2.0,0.0,8.0,0.0,1.0,16.0,8.0,19.0,23.0,0.0,1.0,12.0,0.0,25.0,8.0,3.0,8.0,3.0,2.0,2.0,1.0,23.0,8.0,5.0,7.0,0.0,2.0,10.0,5.0,19.0,5.0,2.0
318178402,cian.ru,Строгино,30.0,,,0.0,0.0,0,6929,0,3217,334100.0,70.0,,,0.0,0.0,0,6929,0,3217,0.0,0.0,0.0,0.0,0.0,0.0,0.0,0.0,3.0,0.0,0.0,0.0,0.0,0.0,0.0,1.0,0.0,0.0,1.0,0.0,0.0,0.0,2.0,0.0,0.0,1.0,0.0,1.0,0.0,0.0,0.0,0.0,0.0,0.0,0.0,3.0,0.0,0.0,0.0,0.0,0.0,0.0,1.0,2.0,0.0,2.0,0.0,0.0,0.0,2.0,0.0,1.0,1.0,0.0
320428250,cian.ru,Щербинка,14.0,4.0,,296.0,296.0,0,0,0,0,213800.0,76.0,14.0,629.0,296.0,296.0,0,0,0,0,0.0,0.0,0.0,0.0,0.0,0.0,0.0,0.0,0.0,0.0,1.0,0.0,0.0,0.0,0.0,1.0,0.0,0.0,0.0,0.0,0.0,0.0,0.0,0.0,3.0,0.0,0.0,0.0,1.0,2.0,1.0,1.0,1.0,1.0,0.0,5.0,4.0,3.0,1.0,0.0,0.0,1.0,1.0,4.0,0.0,0.0,1.0,0.0,0.0,2.0,3.0,11.0,0.0,0.0
6819069281545449472,realty.yandex.ru,Измайлово,11.0,10.0,2816.0,,,1078,0,1908,0,278800.0,67.0,36.0,5362.0,452.0,452.0,1078,0,1908,0,0.0,0.0,1.0,3.0,0.0,1.0,0.0,0.0,0.0,3.0,0.0,1.0,0.0,0.0,0.0,0.0,0.0,0.0,0.0,0.0,0.0,0.0,0.0,1.0,0.0,0.0,0.0,1.0,0.0,2.0,7.0,1.0,2.0,3.0,0.0,2.0,10.0,1.0,2.0,7.0,2.0,0.0,0.0,11.0,1.0,1.0,0.0,0.0,0.0,1.0,3.0,4.0,1.0,0.0
320736498,cian.ru,Теплый Стан,22.0,11.0,1906.0,0.0,0.0,370,12038,1590,5384,312900.0,79.0,32.0,6965.0,0.0,269.3333333333333,370,12038,1590,5384,1.0,0.0,2.0,2.0,0.0,2.0,1.0,0.0,1.0,0.0,1.0,2.0,0.0,0.0,0.0,1.0,4.0,0.0,2.0,2.0,0.0,0.0,1.0,4.0,4.0,2.0,0.0,2.0,2.0,9.0,8.0,1.0,5.0,4.0,0.0,6.0,1.0,5.0,6.0,0.0,0.0,1.0,1.0,21.0,2.0,4.0,3.0,0.0,0.0,6.0,7.0,9.0,5.0,0.0
320736512,cian.ru,Теплый Стан,22.0,11.0,1906.0,0.0,0.0,370,12038,1590,5384,312900.0,79.0,32.0,6965.0,0.0,269.3333333333333,370,12038,1590,5384,1.0,0.0,2.0,2.0,0.0,2.0,1.0,0.0,1.0,0.0,1.0,2.0,0.0,0.0,0.0,1.0,4.0,0.0,2.0,2.0,0.0,0.0,1.0,4.0,4.0,2.0,0.0,2.0,2.0,9.0,8.0,1.0,5.0,4.0,0.0,6.0,1.0,5.0,6.0,0.0,0.0,1.0,1.0,21.0,2.0,4.0,3.0,0.0,0.0,6.0,7.0,9.0,5.0,0.0
324462193,cian.ru,Теплый Стан,22.0,11.0,1906.0,0.0,0.0,370,12038,1590,5384,312900.0,79.0,32.0,6965.0,0.0,269.3333333333333,370,12038,1590,5384,1.0,0.0,2.0,2.0,0.0,2.0,1.0,0.0,1.0,0.0,1.0,2.0,0.0,0.0,0.0,1.0,4.0,0.0,2.0,2.0,0.0,0.0,1.0,4.0,4.0,2.0,0.0,2.0,2.0,9.0,8.0,1.0,5.0,4.0,0.0,6.0,1.0,5.0,6.0,0.0,0.0,1.0,1.0,21.0,2.0,4.0,3.0,0.0,0.0,6.0,7.0,9.0,5.0,0.0
324462179,cian.ru,Теплый Стан,22.0,11.0,1906.0,0.0,0.0,370,12038,1590,5384,312900.0,79.0,32.0,6965.0,0.0,269.3333333333333,370,12038,1590,5384,1.0,0.0,2.0,2.0,0.0,2.0,1.0,0.0,1.0,0.0,1.0,2.0,0.0,0.0,0.0,1.0,4.0,0.0,2.0,2.0,0.0,0.0,1.0,4.0,4.0,2.0,0.0,2.0,2.0,9.0,8.0,1.0,5.0,4.0,0.0,6.0,1.0,5.0,6.0,0.0,0.0,1.0,1.0,21.0,2.0,4.0,3.0,0.0,0.0,6.0,7.0,9.0,5.0,0.0
320767445,cian.ru,Таганский,44.0,22.0,3234.0,9.0,178.2,8304,19462,2032,6787,433700.0,223.0,97.0,11480.0,9.0,396.8518518518519,8304,19462,2032,6787,7.0,5.0,11.0,22.0,0.0,2.0,8.0,0.0,13.0,3.0,2.0,1.0,1.0,0.0,2.0,1.0,10.0,3.0,5.0,3.0,0.0,0.0,4.0,10.0,9.0,2.0,0.0,43.0,11.0,25.0,77.0,4.0,10.0,19.0,0.0,30.0,7.0,7.0,6.0,3.0,0.0,5.0,7.0,36.0,10.0,17.0,15.0,0.0,1.0,11.0,29.0,29.0,10.0,2.0
322811600,cian.ru,Таганский,44.0,22.0,3234.0,9.0,178.2,8304,19462,2032,6787,433700.0,223.0,97.0,11480.0,9.0,396.8518518518519,8304,19462,2032,6787,7.0,5.0,11.0,22.0,0.0,2.0,8.0,0.0,13.0,3.0,2.0,1.0,1.0,0.0,2.0,1.0,10.0,3.0,5.0,3.0,0.0,0.0,4.0,10.0,9.0,2.0,0.0,43.0,11.0,25.0,77.0,4.0,10.0,19.0,0.0,30.0,7.0,7.0,6.0,3.0,0.0,5.0,7.0,36.0,10.0,17.0,15.0,0.0,1.0,11.0,29.0,29.0,10.0,2.0
320868601,cian.ru,Таганский,44.0,22.0,3234.0,9.0,178.2,8304,19462,2032,6787,433700.0,223.0,97.0,11480.0,9.0,396.8518518518519,8304,19462,2032,6787,7.0,5.0,11.0,22.0,0.0,2.0,8.0,0.0,13.0,3.0,2.0,1.0,1.0,0.0,2.0,1.0,10.0,3.0,5.0,3.0,0.0,0.0,4.0,10.0,9.0,2.0,0.0,43.0,11.0,25.0,77.0,4.0,10.0,19.0,0.0,30.0,7.0,7.0,6.0,3.0,0.0,5.0,7.0,36.0,10.0,17.0,15.0,0.0,1.0,11.0,29.0,29.0,10.0,2.0
7034398614177442816,realty.yandex.ru,Филевский Парк,40.0,27.0,2833.0,15.0,126.66666666666669,1674,4426,1794,1887,402300.0,130.0,69.0,7814.0,15.0,382.4,1674,4426,1794,1887,5.0,1.0,7.0,12.0,1.0,0.0,5.0,0.0,11.0,3.0,1.0,2.0,0.0,0.0,0.0,2.0,12.0,0.0,2.0,3.0,0.0,2.0,2.0,3.0,4.0,2.0,0.0,22.0,2.0,14.0,25.0,2.0,5.0,9.0,0.0,62.0,9.0,4.0,3.0,2.0,0.0,5.0,3.0,18.0,3.0,6.0,6.0,1.0,2.0,6.0,23.0,25.0,5.0,2.0
323001562,cian.ru,Лефортово,67.0,14.0,1161.0,3.0,139.58823529411765,10292,50337,548,5362,279300.0,277.0,72.0,5446.0,3.0,346.3863636363636,10292,50337,548,5362,3.0,3.0,5.0,2.0,0.0,1.0,0.0,0.0,9.0,0.0,1.0,1.0,0.0,0.0,0.0,2.0,5.0,0.0,2.0,2.0,0.0,1.0,5.0,9.0,12.0,1.0,0.0,24.0,10.0,17.0,35.0,1.0,2.0,4.0,0.0,45.0,9.0,3.0,2.0,0.0,0.0,0.0,3.0,20.0,3.0,5.0,7.0,0.0,5.0,12.0,26.0,34.0,6.0,1.0
7523548143730329600,realty.yandex.ru,Новогиреево,43.0,28.0,3285.0,0.0,126.0,7334,7135,1077,4276,303600.0,178.0,116.0,11295.0,0.0,173.75,7334,7135,1077,4276,3.0,3.0,16.0,8.0,0.0,0.0,6.0,0.0,17.0,6.0,0.0,1.0,0.0,0.0,0.0,0.0,13.0,1.0,6.0,4.0,0.0,0.0,3.0,10.0,2.0,4.0,2.0,10.0,12.0,28.0,34.0,0.0,4.0,13.0,0.0,33.0,12.0,6.0,5.0,0.0,0.0,1.0,0.0,40.0,7.0,10.0,7.0,0.0,0.0,7.0,21.0,10.0,5.0,3.0
7629695176,avito.ru,Можайский,19.0,2.0,311.0,0.0,161.16666666666666,1702,15748,108,8043,311900.0,125.0,33.0,2986.0,0.0,382.5652173913044,1702,15748,108,8043,0.0,0.0,1.0,0.0,0.0,0.0,1.0,0.0,1.0,0.0,0.0,0.0,0.0,0.0,0.0,1.0,1.0,0.0,0.0,0.0,0.0,0.0,2.0,0.0,0.0,0.0,0.0,5.0,2.0,7.0,12.0,1.0,2.0,4.0,0.0,24.0,1.0,1.0,2.0,0.0,0.0,0.0,2.0,9.0,3.0,2.0,3.0,0.0,0.0,6.0,7.0,5.0,1.0,0.0
7629173405,avito.ru,Можайский,19.0,2.0,311.0,0.0,161.16666666666666,1702,15748,108,8043,311900.0,125.0,33.0,2986.0,0.0,382.5652173913044,1702,15748,108,8043,0.0,0.0,1.0,0.0,0.0,0.0,1.0,0.0,1.0,0.0,0.0,0.0,0.0,0.0,0.0,1.0,1.0,0.0,0.0,0.0,0.0,0.0,2.0,0.0,0.0,0.0,0.0,5.0,2.0,7.0,12.0,1.0,2.0,4.0,0.0,24.0,1.0,1.0,2.0,0.0,0.0,0.0,2.0,9.0,3.0,2.0,3.0,0.0,0.0,6.0,7.0,5.0,1.0,0.0
3966105355550183936,realty.yandex.ru,Солнцево,4.0,,,36.0,166.0,430,5342,0,3055,284300.0,19.0,2.0,1.0,36.0,290.2,430,5342,0,3055,1.0,1.0,4.0,3.0,0.0,0.0,2.0,0.0,7.0,0.0,0.0,0.0,0.0,0.0,6.0,3.0,7.0,2.0,1.0,1.0,0.0,0.0,2.0,10.0,9.0,0.0,0.0,3.0,2.0,7.0,4.0,0.0,1.0,3.0,0.0,21.0,1.0,0.0,0.0,1.0,0.0,7.0,6.0,12.0,3.0,2.0,4.0,0.0,0.0,13.0,17.0,23.0,0.0,0.0
3051474285984680960,realty.yandex.ru,Измайлово,61.0,25.0,2725.0,0.0,175.6153846153846,3950,15080,2030,7813,278800.0,236.0,134.0,11162.0,0.0,220.16666666666663,3950,15080,2030,7813,7.0,6.0,13.0,27.0,1.0,3.0,5.0,0.0,26.0,5.0,1.0,2.0,9.0,0.0,0.0,2.0,14.0,5.0,4.0,9.0,0.0,0.0,9.0,13.0,8.0,1.0,0.0,29.0,16.0,25.0,58.0,2.0,4.0,15.0,0.0,40.0,11.0,8.0,12.0,10.0,1.0,0.0,3.0,36.0,7.0,13.0,12.0,0.0,0.0,12.0,26.0,16.0,3.0,1.0
321063718,cian.ru,Щукино,41.0,13.0,2761.0,10.0,124.5,5222,19893,4306,13532,395300.0,185.0,68.0,8475.0,10.0,325.72727272727275,5222,19893,4306,13532,4.0,0.0,10.0,12.0,0.0,2.0,3.0,0.0,22.0,2.0,0.0,1.0,1.0,0.0,2.0,0.0,15.0,1.0,4.0,7.0,2.0,1.0,7.0,10.0,26.0,1.0,2.0,70.0,5.0,17.0,30.0,0.0,4.0,9.0,0.0,43.0,8.0,4.0,6.0,1.0,0.0,3.0,1.0,30.0,5.0,6.0,11.0,3.0,1.0,10.0,13.0,32.0,6.0,4.0
6122995724672060416,realty.yandex.ru,Можайский,19.0,2.0,311.0,0.0,161.16666666666666,1702,15748,108,8043,311900.0,125.0,33.0,2986.0,0.0,382.5217391304348,1702,15748,108,8043,0.0,0.0,1.0,0.0,0.0,0.0,1.0,0.0,1.0,0.0,0.0,0.0,0.0,0.0,0.0,1.0,1.0,0.0,0.0,0.0,0.0,0.0,2.0,0.0,0.0,0.0,0.0,5.0,2.0,7.0,12.0,1.0,2.0,4.0,0.0,24.0,1.0,1.0,2.0,0.0,0.0,0.0,2.0,9.0,3.0,2.0,3.0,0.0,0.0,6.0,7.0,5.0,1.0,0.0
320955072,cian.ru,Ивановское,46.0,31.0,3289.0,285.0,285.0,2152,1133,3000,2330,260100.0,176.0,93.0,10712.0,285.0,435.7,2152,1133,3000,2330,0.0,1.0,1.0,8.0,0.0,1.0,2.0,0.0,4.0,2.0,1.0,2.0,2.0,0.0,1.0,0.0,11.0,0.0,0.0,1.0,0.0,0.0,0.0,3.0,2.0,1.0,1.0,7.0,4.0,28.0,41.0,0.0,4.0,11.0,0.0,43.0,7.0,9.0,4.0,3.0,0.0,8.0,0.0,38.0,4.0,9.0,9.0,0.0,0.0,4.0,18.0,21.0,5.0,5.0
323931453,cian.ru,Митино,16.0,3.0,1280.0,,,3430,10286,1455,8314,298300.0,54.0,19.0,5062.0,,,3430,10286,1455,8314,3.0,0.0,0.0,8.0,0.0,1.0,2.0,0.0,6.0,1.0,0.0,2.0,0.0,0.0,1.0,0.0,7.0,0.0,1.0,3.0,0.0,1.0,3.0,2.0,7.0,2.0,0.0,10.0,4.0,4.0,15.0,0.0,3.0,6.0,0.0,9.0,3.0,3.0,5.0,0.0,0.0,1.0,0.0,20.0,2.0,5.0,3.0,0.0,1.0,5.0,5.0,11.0,3.0,0.0
6123232998781175808,realty.yandex.ru,Можайский,19.0,2.0,311.0,0.0,161.16666666666666,1702,15748,108,8043,311900.0,125.0,33.0,2986.0,0.0,382.5217391304348,1702,15748,108,8043,0.0,0.0,1.0,0.0,0.0,0.0,1.0,0.0,1.0,0.0,0.0,0.0,0.0,0.0,0.0,1.0,1.0,0.0,0.0,0.0,0.0,0.0,2.0,0.0,0.0,0.0,0.0,5.0,2.0,7.0,12.0,1.0,2.0,4.0,0.0,24.0,1.0,1.0,2.0,0.0,0.0,0.0,2.0,9.0,3.0,2.0,3.0,0.0,0.0,6.0,7.0,5.0,1.0,0.0
4777675775673472000,realty.yandex.ru,Дегунино Восточное,33.0,4.0,884.0,8.0,107.4,844,24242,1027,10244,283000.0,147.0,44.0,10864.0,8.0,326.1428571428572,844,24242,1027,10244,0.0,1.0,3.0,15.0,0.0,3.0,3.0,0.0,4.0,0.0,0.0,1.0,2.0,0.0,1.0,3.0,6.0,1.0,3.0,1.0,0.0,0.0,7.0,5.0,2.0,0.0,0.0,6.0,4.0,12.0,38.0,0.0,4.0,11.0,0.0,14.0,11.0,1.0,3.0,2.0,0.0,1.0,5.0,25.0,1.0,9.0,6.0,0.0,0.0,9.0,10.0,11.0,3.0,2.0
324703554,cian.ru,Лефортово,67.0,14.0,1161.0,3.0,139.58823529411765,10292,50337,548,5362,279300.0,277.0,72.0,5446.0,3.0,346.3863636363636,10292,50337,548,5362,3.0,3.0,5.0,2.0,0.0,1.0,0.0,0.0,9.0,0.0,1.0,1.0,0.0,0.0,0.0,2.0,5.0,0.0,2.0,2.0,0.0,1.0,5.0,9.0,12.0,1.0,0.0,24.0,10.0,17.0,35.0,1.0,2.0,4.0,0.0,45.0,9.0,3.0,2.0,0.0,0.0,0.0,3.0,20.0,3.0,5.0,7.0,0.0,5.0,12.0,26.0,34.0,6.0,1.0
323914383,cian.ru,Сокол,48.0,10.0,1466.0,82.0,212.6,208,16896,294,18086,390900.0,242.0,77.0,5764.0,82.0,337.6,208,16896,294,18086,3.0,5.0,3.0,12.0,0.0,4.0,3.0,0.0,8.0,0.0,1.0,0.0,1.0,0.0,0.0,4.0,11.0,1.0,8.0,2.0,0.0,0.0,11.0,10.0,11.0,0.0,1.0,12.0,10.0,16.0,32.0,1.0,4.0,8.0,0.0,41.0,10.0,6.0,5.0,13.0,1.0,1.0,6.0,23.0,4.0,16.0,4.0,0.0,3.0,22.0,36.0,33.0,4.0,3.0
320456011,cian.ru,Коньково,34.0,2.0,432.0,0.0,62.66666666666666,0,2500,0,3183,351300.0,115.0,15.0,3837.0,0.0,366.27777777777777,0,2500,0,3183,5.0,0.0,2.0,2.0,0.0,0.0,0.0,0.0,2.0,0.0,0.0,0.0,0.0,0.0,0.0,2.0,0.0,0.0,2.0,0.0,0.0,1.0,1.0,1.0,0.0,1.0,0.0,10.0,4.0,7.0,10.0,0.0,5.0,3.0,0.0,10.0,1.0,1.0,1.0,0.0,2.0,2.0,5.0,12.0,4.0,5.0,5.0,0.0,2.0,10.0,12.0,37.0,7.0,3.0
325168095,cian.ru,Красносельский,171.0,88.0,1654.0,28.0,196.17142857142855,1622,22889,939,13175,454800.0,594.0,252.0,5192.0,28.0,370.9243697478992,1622,22889,939,13175,15.0,7.0,8.0,46.0,0.0,1.0,2.0,0.0,8.0,4.0,2.0,1.0,4.0,0.0,0.0,7.0,4.0,0.0,5.0,5.0,0.0,1.0,9.0,16.0,46.0,2.0,1.0,62.0,25.0,23.0,168.0,0.0,10.0,9.0,0.0,33.0,13.0,6.0,3.0,21.0,0.0,1.0,20.0,12.0,1.0,22.0,12.0,0.0,14.0,24.0,69.0,168.0,11.0,4.0
7537076051,avito.ru,Басманный,137.0,32.0,817.0,43.0,163.58823529411765,194,7955,469,14648,461200.0,456.0,94.0,3966.0,43.0,347.5632183908046,194,7955,469,14648,15.0,10.0,5.0,58.0,1.0,10.0,3.0,0.0,9.0,5.0,2.0,1.0,0.0,0.0,0.0,9.0,7.0,1.0,10.0,3.0,0.0,2.0,15.0,26.0,41.0,1.0,0.0,39.0,18.0,20.0,116.0,2.0,18.0,11.0,0.0,37.0,10.0,4.0,5.0,11.0,0.0,0.0,15.0,17.0,5.0,24.0,6.0,0.0,5.0,27.0,56.0,82.0,8.0,2.0
322602945,cian.ru,Лефортово,62.0,15.0,1161.0,0.0,137.1875,3344,21264,548,5362,279300.0,270.0,66.0,5130.0,0.0,350.93023255813955,3344,21264,548,5362,6.0,1.0,3.0,1.0,0.0,0.0,0.0,0.0,5.0,0.0,1.0,0.0,0.0,0.0,0.0,1.0,3.0,0.0,2.0,1.0,0.0,1.0,3.0,5.0,7.0,1.0,0.0,24.0,9.0,17.0,34.0,1.0,2.0,4.0,0.0,45.0,9.0,3.0,2.0,0.0,0.0,0.0,3.0,20.0,3.0,5.0,7.0,0.0,5.0,12.0,26.0,34.0,6.0,1.0
7661589186,avito.ru,Замоскворечье,116.0,25.0,1575.0,0.0,183.9642857142857,732,14848,1211,6902,543700.0,344.0,81.0,5352.0,0.0,352.5595238095238,732,14848,1211,6902,8.0,2.0,3.0,6.0,1.0,1.0,3.0,0.0,5.0,0.0,2.0,1.0,1.0,0.0,1.0,0.0,4.0,0.0,4.0,2.0,0.0,0.0,10.0,8.0,13.0,3.0,0.0,24.0,12.0,15.0,48.0,2.0,15.0,6.0,0.0,35.0,3.0,5.0,3.0,24.0,1.0,1.0,16.0,17.0,4.0,12.0,7.0,0.0,2.0,30.0,29.0,45.0,4.0,2.0
8660284132705452032,realty.yandex.ru,Коньково,34.0,2.0,432.0,0.0,62.66666666666666,0,2500,0,3183,351300.0,115.0,15.0,3837.0,0.0,366.22222222222223,0,2500,0,3183,5.0,0.0,2.0,2.0,0.0,0.0,0.0,0.0,2.0,0.0,0.0,0.0,0.0,0.0,0.0,2.0,0.0,0.0,2.0,0.0,0.0,1.0,1.0,1.0,0.0,1.0,0.0,10.0,4.0,7.0,10.0,0.0,5.0,3.0,0.0,10.0,1.0,1.0,1.0,0.0,2.0,2.0,5.0,12.0,4.0,5.0,5.0,0.0,2.0,10.0,12.0,37.0,7.0,3.0
3965285094499772928,realty.yandex.ru,Басманный,142.0,32.0,817.0,18.0,165.41176470588235,142,5755,436,14648,461200.0,459.0,98.0,4414.0,18.0,339.01176470588234,142,5755,436,14648,14.0,9.0,5.0,60.0,1.0,10.0,4.0,0.0,8.0,5.0,2.0,1.0,0.0,0.0,0.0,9.0,7.0,1.0,11.0,3.0,0.0,1.0,15.0,27.0,40.0,3.0,0.0,41.0,19.0,24.0,118.0,2.0,18.0,11.0,0.0,36.0,10.0,5.0,5.0,10.0,0.0,0.0,15.0,17.0,4.0,24.0,7.0,0.0,5.0,27.0,57.0,83.0,8.0,2.0
321982232,cian.ru,Таганский,83.0,20.0,1677.0,17.0,202.30769230769232,1578,13250,1714,6802,433700.0,379.0,87.0,7577.0,17.0,377.3086419753087,1578,13250,1714,6802,10.0,11.0,16.0,55.0,0.0,1.0,2.0,0.0,13.0,4.0,2.0,1.0,3.0,0.0,2.0,4.0,10.0,2.0,6.0,3.0,0.0,1.0,8.0,10.0,23.0,8.0,1.0,49.0,23.0,37.0,160.0,4.0,14.0,16.0,0.0,37.0,10.0,15.0,4.0,5.0,0.0,5.0,10.0,42.0,6.0,20.0,19.0,2.0,4.0,21.0,33.0,74.0,14.0,8.0
323878394,cian.ru,Филевский Парк,49.0,13.0,3406.0,0.0,183.22222222222223,1778,53510,8394,16562,402300.0,152.0,46.0,7320.0,0.0,369.0967741935484,1778,53510,8394,16562,1.0,1.0,7.0,12.0,2.0,2.0,0.0,1.0,4.0,3.0,1.0,1.0,0.0,0.0,1.0,2.0,5.0,0.0,2.0,2.0,1.0,0.0,3.0,3.0,21.0,1.0,0.0,8.0,3.0,16.0,24.0,2.0,3.0,2.0,1.0,44.0,10.0,1.0,3.0,0.0,0.0,6.0,6.0,16.0,4.0,5.0,9.0,1.0,0.0,16.0,27.0,50.0,1.0,1.0
324963581,cian.ru,Басманный,142.0,33.0,1088.0,1.0,168.41176470588235,142,5755,436,14648,461200.0,463.0,100.0,4440.0,1.0,339.4470588235294,142,5755,436,14648,14.0,10.0,5.0,61.0,1.0,11.0,4.0,0.0,9.0,5.0,2.0,1.0,0.0,0.0,0.0,9.0,7.0,1.0,11.0,3.0,0.0,1.0,15.0,27.0,40.0,3.0,0.0,41.0,19.0,24.0,117.0,2.0,18.0,11.0,0.0,36.0,10.0,6.0,5.0,9.0,0.0,0.0,15.0,16.0,5.0,23.0,7.0,0.0,5.0,27.0,56.0,83.0,8.0,3.0
7523548143730265088,realty.yandex.ru,Войковский,32.0,14.0,1066.0,0.0,150.0,4556,8597,748,3126,362300.0,177.0,67.0,5667.0,0.0,418.125,4556,8597,748,3126,1.0,1.0,2.0,5.0,0.0,0.0,2.0,0.0,8.0,1.0,1.0,0.0,0.0,0.0,0.0,0.0,5.0,2.0,1.0,0.0,0.0,0.0,0.0,1.0,4.0,1.0,0.0,6.0,1.0,6.0,11.0,0.0,0.0,5.0,0.0,15.0,6.0,3.0,2.0,1.0,1.0,0.0,6.0,13.0,8.0,3.0,5.0,0.0,0.0,11.0,5.0,15.0,3.0,1.0
320802438,cian.ru,Басманный,137.0,32.0,817.0,43.0,163.58823529411765,194,7955,469,14648,461200.0,456.0,94.0,3966.0,43.0,347.5632183908046,194,7955,469,14648,15.0,10.0,5.0,58.0,1.0,10.0,3.0,0.0,9.0,5.0,2.0,1.0,0.0,0.0,0.0,9.0,7.0,1.0,10.0,3.0,0.0,2.0,15.0,26.0,41.0,1.0,0.0,39.0,18.0,20.0,116.0,2.0,18.0,11.0,0.0,37.0,10.0,4.0,5.0,11.0,0.0,0.0,15.0,17.0,5.0,24.0,6.0,0.0,5.0,27.0,56.0,82.0,8.0,2.0
320061430,cian.ru,Можайский,34.0,18.0,1097.0,,,1060,2239,795,448,311900.0,111.0,63.0,4159.0,395.0,441.6,1060,2239,795,448,2.0,0.0,3.0,2.0,0.0,0.0,2.0,0.0,1.0,1.0,1.0,0.0,1.0,0.0,0.0,0.0,2.0,0.0,1.0,1.0,0.0,0.0,0.0,0.0,0.0,1.0,0.0,7.0,2.0,5.0,6.0,0.0,2.0,7.0,0.0,13.0,3.0,4.0,2.0,1.0,0.0,0.0,0.0,12.0,0.0,4.0,4.0,0.0,0.0,0.0,0.0,7.0,2.0,0.0
320802428,cian.ru,Басманный,142.0,33.0,1088.0,1.0,168.41176470588235,142,5755,436,14648,461200.0,463.0,100.0,4440.0,1.0,339.4470588235294,142,5755,436,14648,14.0,10.0,5.0,61.0,1.0,11.0,4.0,0.0,9.0,5.0,2.0,1.0,0.0,0.0,0.0,9.0,7.0,1.0,11.0,3.0,0.0,1.0,15.0,27.0,40.0,3.0,0.0,41.0,19.0,24.0,117.0,2.0,18.0,11.0,0.0,36.0,10.0,6.0,5.0,9.0,0.0,0.0,15.0,16.0,5.0,23.0,7.0,0.0,5.0,27.0,56.0,83.0,8.0,3.0
321492395,cian.ru,Савеловский,66.0,8.0,1750.0,71.0,177.33333333333334,1300,11967,1296,10230,361300.0,251.0,93.0,8502.0,71.0,326.9,1300,11967,1296,10230,3.0,0.0,3.0,1.0,0.0,2.0,1.0,0.0,3.0,0.0,0.0,0.0,0.0,0.0,0.0,3.0,1.0,1.0,2.0,0.0,0.0,0.0,0.0,5.0,2.0,0.0,0.0,5.0,6.0,14.0,12.0,1.0,2.0,8.0,0.0,22.0,4.0,6.0,4.0,2.0,1.0,1.0,4.0,25.0,7.0,6.0,5.0,0.0,5.0,5.0,13.0,17.0,4.0,1.0
321845775,cian.ru,Соколиная Гора,79.0,,,0.0,159.2,154,6226,163,5876,354400.0,266.0,33.0,3808.0,0.0,359.65384615384613,154,6226,163,5876,4.0,1.0,1.0,11.0,0.0,2.0,0.0,0.0,4.0,0.0,0.0,0.0,0.0,0.0,0.0,0.0,1.0,0.0,0.0,0.0,0.0,0.0,4.0,0.0,4.0,0.0,0.0,15.0,6.0,23.0,49.0,0.0,13.0,7.0,0.0,32.0,1.0,3.0,3.0,8.0,0.0,4.0,6.0,18.0,3.0,8.0,12.0,4.0,0.0,17.0,29.0,42.0,1.0,1.0
7629090701,avito.ru,Новогиреево,43.0,16.0,1342.0,0.0,117.4,366,13966,1468,12516,303600.0,121.0,47.0,5437.0,0.0,117.4,366,13966,1468,12516,0.0,0.0,1.0,3.0,0.0,1.0,3.0,0.0,3.0,3.0,1.0,0.0,0.0,0.0,0.0,3.0,6.0,2.0,1.0,1.0,0.0,0.0,4.0,1.0,2.0,2.0,0.0,0.0,0.0,1.0,4.0,0.0,2.0,5.0,0.0,4.0,4.0,2.0,4.0,0.0,0.0,0.0,3.0,10.0,2.0,1.0,2.0,0.0,0.0,4.0,4.0,5.0,3.0,0.0
324442535,cian.ru,Соколиная Гора,87.0,,,0.0,165.375,176,10142,163,5876,354400.0,260.0,35.0,4038.0,0.0,360.2156862745098,176,10142,163,5876,5.0,0.0,1.0,11.0,0.0,2.0,0.0,0.0,3.0,0.0,0.0,0.0,3.0,0.0,0.0,1.0,0.0,0.0,0.0,0.0,0.0,0.0,5.0,1.0,2.0,0.0,0.0,14.0,7.0,22.0,46.0,1.0,13.0,8.0,0.0,33.0,1.0,3.0,3.0,8.0,0.0,4.0,7.0,20.0,4.0,9.0,12.0,4.0,0.0,19.0,30.0,44.0,3.0,1.0
320754131,cian.ru,Соколиная Гора,64.0,2.0,79.0,80.0,204.4375,144,11058,149,11396,354400.0,254.0,22.0,2287.0,80.0,376.1454545454545,144,11058,149,11396,4.0,1.0,5.0,20.0,0.0,2.0,1.0,0.0,6.0,0.0,0.0,0.0,2.0,0.0,1.0,0.0,6.0,0.0,2.0,1.0,0.0,0.0,5.0,5.0,9.0,0.0,0.0,15.0,4.0,18.0,48.0,0.0,5.0,5.0,0.0,31.0,0.0,1.0,0.0,7.0,0.0,6.0,7.0,16.0,4.0,6.0,10.0,3.0,1.0,20.0,28.0,42.0,1.0,2.0
323289677,cian.ru,Раменки,14.0,9.0,785.0,15.0,15.0,4958,8709,164,630,483300.0,62.0,41.0,5659.0,15.0,281.5,4958,8709,164,630,0.0,1.0,0.0,3.0,0.0,1.0,0.0,0.0,0.0,0.0,0.0,2.0,0.0,0.0,0.0,1.0,0.0,1.0,0.0,0.0,0.0,0.0,0.0,0.0,3.0,0.0,0.0,1.0,2.0,5.0,13.0,1.0,4.0,3.0,0.0,4.0,2.0,2.0,4.0,0.0,0.0,1.0,1.0,0.0,1.0,2.0,5.0,0.0,1.0,0.0,2.0,9.0,1.0,0.0
324605489,cian.ru,Перово ,60.0,10.0,1321.0,3.0,183.72222222222223,588,8400,2580,5548,294700.0,254.0,65.0,5799.0,3.0,351.4035087719298,588,8400,2580,5548,3.0,1.0,1.0,7.0,1.0,1.0,2.0,0.0,11.0,0.0,0.0,1.0,0.0,0.0,1.0,2.0,5.0,3.0,1.0,1.0,0.0,0.0,1.0,6.0,5.0,0.0,0.0,9.0,7.0,11.0,23.0,1.0,5.0,12.0,0.0,37.0,14.0,2.0,4.0,1.0,0.0,2.0,3.0,30.0,5.0,4.0,5.0,0.0,0.0,10.0,13.0,12.0,3.0,1.0
321620714,cian.ru,Измайлово,9.0,3.0,502.0,0.0,0.0,1742,3033,148,1357,278800.0,103.0,24.0,2583.0,0.0,461.54545454545456,1742,3033,148,1357,1.0,0.0,1.0,2.0,0.0,0.0,0.0,0.0,0.0,2.0,0.0,1.0,0.0,0.0,0.0,0.0,2.0,0.0,0.0,0.0,0.0,0.0,0.0,0.0,0.0,1.0,1.0,4.0,3.0,6.0,5.0,0.0,0.0,4.0,0.0,4.0,3.0,3.0,3.0,1.0,0.0,0.0,0.0,9.0,4.0,2.0,0.0,4.0,1.0,1.0,7.0,4.0,3.0,1.0
324803073,cian.ru,Соколиная Гора,46.0,14.0,1091.0,0.0,89.33333333333333,1404,7045,498,1787,354400.0,163.0,67.0,7353.0,0.0,368.2380952380952,1404,7045,498,1787,1.0,3.0,3.0,1.0,0.0,0.0,4.0,0.0,2.0,1.0,1.0,2.0,0.0,0.0,0.0,0.0,5.0,0.0,1.0,0.0,0.0,1.0,0.0,5.0,1.0,0.0,0.0,30.0,5.0,14.0,20.0,1.0,0.0,11.0,0.0,11.0,11.0,4.0,8.0,2.0,0.0,2.0,1.0,22.0,3.0,8.0,0.0,1.0,1.0,9.0,19.0,33.0,5.0,1.0
324353046,cian.ru,Перово ,55.0,1.0,30.0,97.0,177.4,0,4153,8,3893,294700.0,139.0,3.0,54.0,97.0,405.0,0,4153,8,3893,1.0,1.0,0.0,0.0,0.0,0.0,0.0,0.0,7.0,0.0,0.0,0.0,0.0,0.0,0.0,0.0,0.0,1.0,0.0,2.0,0.0,0.0,4.0,2.0,0.0,0.0,0.0,2.0,1.0,4.0,2.0,0.0,0.0,0.0,0.0,13.0,0.0,0.0,0.0,0.0,0.0,0.0,1.0,0.0,3.0,0.0,2.0,0.0,0.0,5.0,3.0,2.0,0.0,0.0
321158703,cian.ru,Дегунино Западное,29.0,11.0,2375.0,,,664,600,871,368,305700.0,113.0,41.0,8053.0,,,664,600,871,368,0.0,1.0,2.0,7.0,0.0,0.0,1.0,0.0,0.0,2.0,0.0,0.0,0.0,0.0,0.0,0.0,2.0,0.0,1.0,1.0,0.0,1.0,0.0,4.0,0.0,3.0,0.0,4.0,4.0,7.0,23.0,0.0,2.0,9.0,0.0,10.0,9.0,3.0,4.0,0.0,0.0,0.0,0.0,16.0,2.0,6.0,2.0,0.0,2.0,3.0,5.0,13.0,3.0,1.0
321427024,cian.ru,Левобережный,48.0,17.0,3873.0,0.0,139.57142857142858,1888,6506,3717,5005,362900.0,166.0,63.0,9736.0,0.0,260.3636363636364,1888,6506,3717,5005,3.0,1.0,5.0,15.0,0.0,1.0,4.0,0.0,15.0,2.0,1.0,3.0,0.0,0.0,1.0,2.0,7.0,4.0,2.0,3.0,0.0,0.0,9.0,6.0,7.0,1.0,1.0,14.0,5.0,16.0,33.0,0.0,3.0,10.0,0.0,29.0,7.0,3.0,7.0,1.0,2.0,3.0,2.0,26.0,10.0,5.0,6.0,0.0,1.0,14.0,10.0,18.0,6.0,1.0
7579903767,avito.ru,Соколиная Гора,100.0,5.0,466.0,42.0,194.15,224,5218,1024,6389,354400.0,284.0,62.0,5027.0,42.0,303.3428571428572,224,5218,1024,6389,4.0,2.0,3.0,4.0,0.0,7.0,2.0,0.0,5.0,0.0,3.0,0.0,4.0,0.0,0.0,3.0,1.0,1.0,1.0,0.0,0.0,0.0,4.0,1.0,3.0,0.0,0.0,33.0,5.0,8.0,26.0,0.0,10.0,5.0,0.0,14.0,5.0,4.0,7.0,4.0,0.0,0.0,4.0,9.0,4.0,5.0,2.0,1.0,0.0,10.0,4.0,10.0,2.0,0.0
319981658,cian.ru,Дмитровский,21.0,15.0,3035.0,,,1640,705,2975,1247,288000.0,97.0,51.0,11861.0,,,1640,705,2975,1247,1.0,4.0,2.0,7.0,0.0,1.0,1.0,0.0,5.0,2.0,0.0,1.0,0.0,0.0,0.0,0.0,2.0,5.0,1.0,1.0,0.0,0.0,0.0,2.0,1.0,2.0,1.0,11.0,9.0,13.0,28.0,0.0,3.0,11.0,0.0,18.0,15.0,6.0,4.0,0.0,0.0,0.0,0.0,24.0,7.0,4.0,3.0,0.0,0.0,5.0,13.0,17.0,5.0,1.0
2361989380421483008,realty.yandex.ru,Басманный,74.0,22.0,2309.0,0.0,203.65,1170,12359,1228,5543,461200.0,278.0,65.0,6135.0,0.0,387.4202898550725,1170,12359,1228,5543,1.0,5.0,2.0,5.0,0.0,2.0,1.0,0.0,3.0,6.0,2.0,1.0,1.0,0.0,0.0,5.0,2.0,4.0,1.0,0.0,0.0,0.0,3.0,7.0,1.0,0.0,0.0,9.0,11.0,12.0,36.0,3.0,7.0,7.0,0.0,22.0,10.0,5.0,5.0,8.0,3.0,3.0,13.0,26.0,8.0,13.0,6.0,0.0,2.0,18.0,21.0,38.0,3.0,1.0
322093937,cian.ru,Можайский,34.0,5.0,143.0,34.0,159.66666666666666,228,29484,296,4431,311900.0,76.0,13.0,286.0,34.0,248.2,228,29484,296,4431,1.0,0.0,3.0,4.0,0.0,1.0,2.0,0.0,8.0,3.0,0.0,0.0,0.0,0.0,0.0,5.0,2.0,1.0,1.0,2.0,0.0,0.0,3.0,7.0,7.0,16.0,0.0,1.0,0.0,3.0,4.0,0.0,1.0,2.0,0.0,11.0,4.0,1.0,0.0,0.0,0.0,0.0,6.0,2.0,1.0,2.0,2.0,0.0,1.0,4.0,13.0,8.0,18.0,0.0
323599895,cian.ru,Люблино,37.0,14.0,2214.0,,,440,1850,1304,1917,274100.0,117.0,43.0,6711.0,311.0,424.6,440,1850,1304,1917,1.0,0.0,5.0,3.0,0.0,0.0,2.0,0.0,19.0,2.0,1.0,2.0,0.0,0.0,1.0,0.0,6.0,0.0,0.0,0.0,0.0,0.0,3.0,5.0,10.0,1.0,1.0,9.0,3.0,13.0,11.0,1.0,0.0,5.0,0.0,42.0,3.0,2.0,6.0,1.0,0.0,5.0,1.0,11.0,2.0,3.0,2.0,0.0,3.0,18.0,12.0,50.0,3.0,1.0
321487277,cian.ru,Савеловский,73.0,13.0,1280.0,0.0,191.11111111111111,808,11967,1171,10230,361300.0,255.0,98.0,8817.0,0.0,305.6111111111111,808,11967,1171,10230,3.0,1.0,3.0,2.0,0.0,1.0,2.0,0.0,2.0,1.0,0.0,0.0,0.0,0.0,0.0,2.0,5.0,2.0,2.0,3.0,0.0,4.0,2.0,3.0,3.0,0.0,1.0,12.0,6.0,11.0,11.0,1.0,2.0,9.0,0.0,18.0,6.0,5.0,5.0,3.0,0.0,0.0,4.0,19.0,6.0,7.0,7.0,0.0,5.0,7.0,11.0,18.0,3.0,1.0
8660284132704581632,realty.yandex.ru,Савеловский,76.0,17.0,1763.0,65.0,183.88888888888889,1300,11967,1342,10230,361300.0,254.0,98.0,8893.0,65.0,334.95,1300,11967,1342,10230,3.0,0.0,3.0,1.0,0.0,2.0,3.0,0.0,1.0,0.0,0.0,1.0,0.0,0.0,0.0,2.0,4.0,1.0,2.0,1.0,0.0,1.0,0.0,3.0,1.0,0.0,1.0,10.0,7.0,13.0,14.0,0.0,2.0,9.0,0.0,21.0,6.0,5.0,5.0,2.0,0.0,1.0,4.0,23.0,8.0,8.0,7.0,0.0,5.0,5.0,11.0,18.0,3.0,1.0
6123943400215129088,realty.yandex.ru,Нагатинский Затон,55.0,9.0,2116.0,1.0,81.85714285714286,422,1248,1443,1538,359600.0,178.0,70.0,10195.0,1.0,249.3846153846154,422,1248,1443,1538,4.0,1.0,1.0,6.0,0.0,1.0,6.0,0.0,9.0,10.0,1.0,0.0,1.0,0.0,0.0,1.0,4.0,0.0,3.0,4.0,0.0,0.0,3.0,6.0,2.0,2.0,0.0,10.0,3.0,9.0,23.0,0.0,5.0,11.0,0.0,25.0,14.0,5.0,8.0,1.0,1.0,2.0,1.0,35.0,4.0,5.0,10.0,0.0,0.0,4.0,13.0,26.0,5.0,1.0
6123943423290224640,realty.yandex.ru,Нагатинский Затон,55.0,9.0,2116.0,1.0,81.85714285714286,422,1248,1443,1538,359600.0,178.0,70.0,10195.0,1.0,249.3846153846154,422,1248,1443,1538,4.0,1.0,1.0,6.0,0.0,1.0,6.0,0.0,9.0,10.0,1.0,0.0,1.0,0.0,0.0,1.0,4.0,0.0,3.0,4.0,0.0,0.0,3.0,6.0,2.0,2.0,0.0,10.0,3.0,9.0,23.0,0.0,5.0,11.0,0.0,25.0,14.0,5.0,8.0,1.0,1.0,2.0,1.0,35.0,4.0,5.0,10.0,0.0,0.0,4.0,13.0,26.0,5.0,1.0
320393699,cian.ru,Обручевский,41.0,15.0,3009.0,0.0,157.28571428571428,528,3459,1662,3873,411600.0,150.0,47.0,9212.0,0.0,336.27777777777777,528,3459,1662,3873,4.0,3.0,6.0,16.0,0.0,7.0,4.0,0.0,6.0,1.0,1.0,2.0,0.0,0.0,1.0,2.0,5.0,1.0,1.0,2.0,0.0,0.0,3.0,3.0,8.0,0.0,0.0,6.0,10.0,15.0,37.0,0.0,14.0,7.0,0.0,31.0,7.0,2.0,9.0,0.0,0.0,4.0,5.0,24.0,8.0,6.0,7.0,0.0,1.0,14.0,14.0,27.0,3.0,0.0
8699679333942942720,realty.yandex.ru,Перово ,61.0,9.0,1131.0,0.0,182.88888888888889,588,8400,2580,5548,294700.0,254.0,65.0,5799.0,0.0,354.4482758620689,588,8400,2580,5548,3.0,1.0,0.0,7.0,1.0,1.0,1.0,0.0,11.0,0.0,0.0,1.0,0.0,0.0,1.0,2.0,5.0,3.0,1.0,1.0,0.0,0.0,1.0,6.0,5.0,0.0,0.0,9.0,7.0,11.0,22.0,1.0,5.0,12.0,0.0,37.0,14.0,2.0,4.0,1.0,0.0,2.0,3.0,28.0,5.0,4.0,5.0,0.0,0.0,10.0,13.0,12.0,3.0,1.0
6123233018306256896,realty.yandex.ru,Нагатинский Затон,55.0,9.0,2116.0,1.0,81.85714285714286,422,1248,1443,1538,359600.0,178.0,70.0,10195.0,1.0,249.3846153846154,422,1248,1443,1538,4.0,1.0,1.0,6.0,0.0,1.0,6.0,0.0,9.0,10.0,1.0,0.0,1.0,0.0,0.0,1.0,4.0,0.0,3.0,4.0,0.0,0.0,3.0,6.0,2.0,2.0,0.0,10.0,3.0,9.0,23.0,0.0,5.0,11.0,0.0,25.0,14.0,5.0,8.0,1.0,1.0,2.0,1.0,35.0,4.0,5.0,10.0,0.0,0.0,4.0,13.0,26.0,5.0,1.0
324699374,cian.ru,Марьина Роща,79.0,24.0,2159.0,0.0,197.5,486,16084,2167,17692,402200.0,280.0,72.0,5749.0,0.0,368.7741935483871,486,16084,2167,17692,4.0,3.0,2.0,5.0,2.0,4.0,7.0,0.0,1.0,4.0,6.0,0.0,10.0,1.0,0.0,1.0,2.0,2.0,3.0,2.0,0.0,3.0,5.0,5.0,14.0,4.0,0.0,35.0,9.0,10.0,14.0,3.0,11.0,11.0,0.0,8.0,7.0,11.0,1.0,20.0,2.0,1.0,3.0,12.0,4.0,5.0,4.0,0.0,10.0,11.0,11.0,36.0,7.0,1.0
321781170,cian.ru,Замоскворечье,87.0,23.0,3005.0,143.0,231.8,1120,9936,2291,6178,543700.0,300.0,108.0,10071.0,143.0,417.14814814814815,1120,9936,2291,6178,5.0,4.0,5.0,21.0,0.0,1.0,6.0,0.0,8.0,4.0,0.0,2.0,0.0,0.0,0.0,1.0,4.0,3.0,5.0,3.0,0.0,0.0,4.0,3.0,7.0,3.0,0.0,46.0,14.0,16.0,75.0,0.0,9.0,12.0,0.0,20.0,15.0,5.0,9.0,2.0,0.0,0.0,8.0,21.0,4.0,11.0,8.0,0.0,1.0,11.0,14.0,25.0,11.0,0.0
325110964,cian.ru,Солнцево,5.0,2.0,400.0,14.0,14.0,220,1444,8163,6585,284300.0,36.0,25.0,3717.0,14.0,14.0,220,1444,8163,6585,1.0,1.0,7.0,10.0,0.0,3.0,2.0,1.0,8.0,1.0,0.0,0.0,0.0,0.0,1.0,1.0,9.0,2.0,1.0,2.0,0.0,0.0,1.0,3.0,8.0,0.0,1.0,2.0,2.0,8.0,16.0,0.0,5.0,5.0,1.0,9.0,2.0,2.0,2.0,0.0,0.0,1.0,1.0,16.0,2.0,5.0,2.0,0.0,2.0,2.0,5.0,10.0,0.0,1.0
3986832478440407040,realty.yandex.ru,Савеловский,72.0,7.0,1365.0,80.0,213.7,808,8662,1171,8276,361300.0,252.0,96.0,8497.0,80.0,313.55555555555554,808,8662,1171,8276,3.0,0.0,3.0,3.0,0.0,1.0,2.0,0.0,2.0,0.0,0.0,0.0,0.0,0.0,0.0,3.0,5.0,1.0,2.0,0.0,0.0,4.0,2.0,4.0,5.0,0.0,1.0,10.0,6.0,11.0,8.0,1.0,2.0,8.0,0.0,18.0,2.0,5.0,5.0,3.0,3.0,0.0,4.0,18.0,4.0,7.0,6.0,0.0,5.0,7.0,11.0,17.0,3.0,1.0
322806303,cian.ru,Котловка,50.0,12.0,630.0,40.0,136.66666666666666,218,5287,1839,9537,336400.0,182.0,59.0,6295.0,40.0,314.125,218,5287,1839,9537,1.0,1.0,1.0,1.0,1.0,3.0,1.0,0.0,5.0,2.0,1.0,1.0,0.0,0.0,0.0,4.0,0.0,0.0,1.0,0.0,0.0,0.0,2.0,2.0,2.0,1.0,0.0,5.0,3.0,5.0,12.0,2.0,5.0,4.0,0.0,9.0,5.0,6.0,2.0,1.0,0.0,3.0,5.0,11.0,3.0,3.0,1.0,0.0,2.0,9.0,14.0,17.0,7.0,0.0
3965285094498841088,realty.yandex.ru,Лефортово,84.0,19.0,2094.0,0.0,222.11111111111111,1128,7347,3997,9651,279300.0,265.0,47.0,5097.0,0.0,378.1538461538461,1128,7347,3997,9651,0.0,0.0,2.0,3.0,0.0,1.0,2.0,0.0,3.0,4.0,2.0,0.0,2.0,1.0,1.0,0.0,4.0,0.0,1.0,2.0,0.0,2.0,5.0,5.0,4.0,1.0,0.0,8.0,2.0,3.0,9.0,0.0,3.0,5.0,0.0,11.0,7.0,4.0,3.0,4.0,1.0,2.0,1.0,14.0,1.0,3.0,6.0,0.0,3.0,11.0,9.0,13.0,1.0,1.0
323309811,cian.ru,Покровское-Стрешнево,27.0,8.0,261.0,0.0,61.0,492,4789,60,840,398600.0,79.0,18.0,1128.0,0.0,349.57142857142856,492,4789,60,840,0.0,1.0,0.0,0.0,0.0,1.0,0.0,0.0,0.0,0.0,0.0,0.0,0.0,0.0,0.0,1.0,0.0,0.0,0.0,0.0,0.0,0.0,2.0,0.0,0.0,0.0,0.0,66.0,1.0,0.0,1.0,0.0,1.0,1.0,0.0,2.0,0.0,1.0,0.0,0.0,0.0,0.0,1.0,0.0,0.0,0.0,1.0,0.0,1.0,2.0,1.0,0.0,0.0,0.0
322266475,cian.ru,Нагатино-Садовники,50.0,,,0.0,170.71428571428572,0,5833,36,5912,353800.0,192.0,18.0,3009.0,0.0,365.08,0,5833,36,5912,0.0,0.0,0.0,0.0,0.0,1.0,0.0,0.0,1.0,0.0,0.0,0.0,0.0,0.0,0.0,1.0,0.0,0.0,0.0,0.0,0.0,0.0,0.0,1.0,0.0,0.0,0.0,4.0,0.0,5.0,2.0,1.0,2.0,3.0,0.0,8.0,6.0,1.0,2.0,0.0,0.0,0.0,1.0,5.0,4.0,0.0,1.0,0.0,0.0,3.0,1.0,9.0,0.0,0.0
7523548143730354176,realty.yandex.ru,Новогиреево,43.0,16.0,1342.0,0.0,117.4,366,13966,1468,12516,303600.0,121.0,47.0,5437.0,0.0,117.4,366,13966,1468,12516,0.0,0.0,1.0,3.0,0.0,1.0,3.0,0.0,3.0,3.0,1.0,0.0,0.0,0.0,0.0,3.0,6.0,2.0,1.0,1.0,0.0,0.0,4.0,1.0,2.0,2.0,0.0,0.0,0.0,1.0,4.0,0.0,2.0,5.0,0.0,4.0,4.0,2.0,4.0,0.0,0.0,0.0,3.0,10.0,2.0,1.0,2.0,0.0,0.0,4.0,4.0,5.0,3.0,0.0
322877000,cian.ru,Щукино,35.0,8.0,2319.0,103.0,103.0,2094,9185,1657,2861,395300.0,128.0,22.0,4852.0,103.0,426.8571428571428,2094,9185,1657,2861,5.0,1.0,3.0,2.0,0.0,0.0,1.0,0.0,0.0,0.0,0.0,1.0,0.0,0.0,0.0,0.0,3.0,0.0,0.0,0.0,0.0,0.0,0.0,1.0,2.0,0.0,0.0,20.0,2.0,4.0,2.0,1.0,1.0,3.0,0.0,2.0,0.0,2.0,3.0,2.0,0.0,0.0,0.0,4.0,0.0,1.0,1.0,0.0,2.0,2.0,1.0,10.0,0.0,0.0
323847679,cian.ru,Нижегородский,67.0,,,57.0,178.16129032258064,0,14479,29,6241,362800.0,234.0,17.0,2625.0,57.0,317.6666666666667,0,14479,29,6241,0.0,0.0,1.0,0.0,0.0,0.0,0.0,0.0,13.0,0.0,0.0,0.0,0.0,0.0,0.0,1.0,1.0,0.0,4.0,4.0,0.0,0.0,1.0,2.0,2.0,0.0,0.0,3.0,3.0,5.0,21.0,0.0,3.0,1.0,0.0,38.0,2.0,3.0,2.0,10.0,0.0,2.0,4.0,5.0,1.0,8.0,4.0,0.0,2.0,15.0,15.0,22.0,1.0,1.0
6123813758114926592,realty.yandex.ru,Новогиреево,43.0,16.0,1342.0,0.0,117.4,366,13966,1468,12516,303600.0,121.0,47.0,5437.0,0.0,117.4,366,13966,1468,12516,0.0,0.0,1.0,3.0,0.0,1.0,3.0,0.0,3.0,3.0,1.0,0.0,0.0,0.0,0.0,3.0,6.0,2.0,1.0,1.0,0.0,0.0,4.0,1.0,2.0,2.0,0.0,0.0,0.0,1.0,4.0,0.0,2.0,5.0,0.0,4.0,4.0,2.0,4.0,0.0,0.0,0.0,3.0,10.0,2.0,1.0,2.0,0.0,0.0,4.0,4.0,5.0,3.0,0.0
321423538,cian.ru,Войковский,31.0,14.0,1066.0,0.0,150.0,4556,8597,748,3126,362300.0,179.0,68.0,5751.0,0.0,418.25,4556,8597,748,3126,1.0,1.0,2.0,5.0,0.0,0.0,2.0,0.0,8.0,1.0,1.0,0.0,0.0,0.0,0.0,0.0,5.0,2.0,1.0,0.0,0.0,0.0,0.0,1.0,4.0,1.0,0.0,6.0,1.0,6.0,11.0,0.0,0.0,5.0,0.0,15.0,6.0,3.0,2.0,1.0,1.0,0.0,6.0,13.0,8.0,3.0,5.0,0.0,0.0,11.0,5.0,15.0,3.0,1.0
319705238,cian.ru,Черемушки,26.0,7.0,1464.0,94.0,94.0,862,7430,945,4851,361200.0,151.0,54.0,8967.0,94.0,428.0,862,7430,945,4851,1.0,0.0,3.0,6.0,0.0,0.0,4.0,0.0,4.0,1.0,2.0,0.0,4.0,0.0,0.0,0.0,4.0,1.0,3.0,1.0,0.0,4.0,2.0,1.0,2.0,2.0,0.0,20.0,8.0,10.0,22.0,0.0,0.0,8.0,0.0,15.0,6.0,5.0,9.0,6.0,0.0,0.0,2.0,25.0,3.0,6.0,3.0,0.0,6.0,10.0,6.0,5.0,8.0,1.0
325054045,cian.ru,Алексеевский,49.0,27.0,2235.0,20.0,93.66666666666669,668,2080,725,1890,397600.0,183.0,96.0,9709.0,20.0,341.8888888888889,668,2080,725,1890,1.0,0.0,3.0,11.0,1.0,0.0,3.0,0.0,2.0,1.0,1.0,2.0,0.0,3.0,0.0,0.0,8.0,0.0,3.0,2.0,0.0,0.0,1.0,2.0,4.0,2.0,0.0,9.0,3.0,9.0,23.0,1.0,2.0,14.0,0.0,13.0,7.0,3.0,6.0,8.0,10.0,0.0,3.0,29.0,7.0,5.0,9.0,0.0,0.0,4.0,7.0,13.0,10.0,0.0
322161659,cian.ru,Войковский,31.0,14.0,1066.0,0.0,150.0,4556,8597,748,3126,362300.0,179.0,68.0,5751.0,0.0,418.25,4556,8597,748,3126,1.0,1.0,2.0,5.0,0.0,0.0,2.0,0.0,8.0,1.0,1.0,0.0,0.0,0.0,0.0,0.0,5.0,2.0,1.0,0.0,0.0,0.0,0.0,1.0,4.0,1.0,0.0,6.0,1.0,6.0,11.0,0.0,0.0,5.0,0.0,15.0,6.0,3.0,2.0,1.0,1.0,0.0,6.0,13.0,8.0,3.0,5.0,0.0,0.0,11.0,5.0,15.0,3.0,1.0
7517866235141660672,realty.yandex.ru,Останкинский,61.0,12.0,2031.0,5.0,168.66666666666666,1106,3474,794,3091,380300.0,214.0,50.0,6239.0,5.0,322.6111111111111,1106,3474,794,3091,1.0,0.0,0.0,4.0,0.0,1.0,4.0,0.0,6.0,1.0,0.0,0.0,2.0,0.0,0.0,0.0,7.0,1.0,3.0,1.0,0.0,0.0,6.0,2.0,9.0,0.0,0.0,4.0,2.0,1.0,8.0,0.0,4.0,6.0,0.0,9.0,3.0,1.0,1.0,2.0,0.0,0.0,1.0,9.0,2.0,4.0,1.0,1.0,2.0,12.0,8.0,16.0,2.0,0.0
6033204199439717376,realty.yandex.ru,Коньково,16.0,3.0,279.0,3.0,163.0,6,5027,15,3293,351300.0,93.0,40.0,3720.0,3.0,362.6666666666667,6,5027,15,3293,0.0,1.0,1.0,0.0,0.0,0.0,1.0,0.0,0.0,0.0,0.0,0.0,0.0,0.0,0.0,1.0,0.0,1.0,0.0,0.0,0.0,0.0,0.0,0.0,4.0,2.0,0.0,1.0,2.0,2.0,3.0,0.0,0.0,6.0,0.0,2.0,1.0,1.0,2.0,0.0,0.0,0.0,1.0,13.0,2.0,1.0,0.0,0.0,0.0,1.0,3.0,10.0,3.0,0.0
320202453,cian.ru,Соколиная Гора,97.0,6.0,490.0,11.0,173.77777777777777,290,5218,1024,6389,354400.0,278.0,59.0,5161.0,11.0,288.21875,290,5218,1024,6389,4.0,2.0,2.0,3.0,0.0,6.0,0.0,0.0,7.0,0.0,3.0,0.0,3.0,0.0,0.0,3.0,2.0,0.0,1.0,0.0,0.0,0.0,4.0,1.0,3.0,0.0,0.0,35.0,4.0,7.0,22.0,0.0,10.0,4.0,0.0,14.0,3.0,4.0,6.0,4.0,0.0,0.0,3.0,8.0,4.0,4.0,1.0,1.0,0.0,8.0,4.0,8.0,2.0,0.0
324242599,cian.ru,Черемушки,26.0,7.0,1464.0,94.0,94.0,862,7430,945,4851,361200.0,151.0,54.0,8967.0,94.0,428.0,862,7430,945,4851,1.0,0.0,3.0,6.0,0.0,0.0,4.0,0.0,4.0,1.0,2.0,0.0,4.0,0.0,0.0,0.0,4.0,1.0,3.0,1.0,0.0,4.0,2.0,1.0,2.0,2.0,0.0,20.0,8.0,10.0,22.0,0.0,0.0,8.0,0.0,15.0,6.0,5.0,9.0,6.0,0.0,0.0,2.0,25.0,3.0,6.0,3.0,0.0,6.0,10.0,6.0,5.0,8.0,1.0
317713390,cian.ru,Черемушки,51.0,10.0,1009.0,23.0,160.8,438,15704,1726,18349,361200.0,162.0,33.0,3455.0,23.0,359.88235294117646,438,15704,1726,18349,5.0,1.0,2.0,3.0,0.0,0.0,3.0,0.0,5.0,0.0,0.0,1.0,0.0,0.0,0.0,2.0,3.0,3.0,1.0,0.0,0.0,0.0,5.0,7.0,3.0,0.0,0.0,16.0,4.0,8.0,5.0,0.0,2.0,4.0,0.0,8.0,4.0,2.0,3.0,3.0,0.0,0.0,6.0,7.0,3.0,3.0,1.0,0.0,1.0,13.0,11.0,5.0,2.0,1.0
6123921166471988224,realty.yandex.ru,Соколиная Гора,97.0,6.0,490.0,11.0,173.77777777777777,290,5218,1024,6389,354400.0,278.0,59.0,5161.0,11.0,288.125,290,5218,1024,6389,4.0,2.0,2.0,3.0,0.0,6.0,0.0,0.0,7.0,0.0,3.0,0.0,3.0,0.0,0.0,3.0,2.0,0.0,1.0,0.0,0.0,0.0,4.0,1.0,3.0,0.0,0.0,35.0,4.0,7.0,22.0,0.0,10.0,4.0,0.0,14.0,3.0,4.0,6.0,4.0,0.0,0.0,3.0,8.0,4.0,4.0,1.0,1.0,0.0,8.0,4.0,8.0,2.0,0.0
324557833,cian.ru,Соколиная Гора,97.0,6.0,490.0,11.0,173.77777777777777,290,5218,1024,6389,354400.0,278.0,59.0,5161.0,11.0,288.21875,290,5218,1024,6389,4.0,2.0,2.0,3.0,0.0,6.0,0.0,0.0,7.0,0.0,3.0,0.0,3.0,0.0,0.0,3.0,2.0,0.0,1.0,0.0,0.0,0.0,4.0,1.0,3.0,0.0,0.0,35.0,4.0,7.0,22.0,0.0,10.0,4.0,0.0,14.0,3.0,4.0,6.0,4.0,0.0,0.0,3.0,8.0,4.0,4.0,1.0,1.0,0.0,8.0,4.0,8.0,2.0,0.0
2459983868315162112,realty.yandex.ru,Коньково,16.0,3.0,279.0,3.0,163.0,6,5027,15,3293,351300.0,93.0,40.0,3720.0,3.0,362.6666666666667,6,5027,15,3293,0.0,1.0,1.0,0.0,0.0,0.0,1.0,0.0,0.0,0.0,0.0,0.0,0.0,0.0,0.0,1.0,0.0,1.0,0.0,0.0,0.0,0.0,0.0,0.0,4.0,2.0,0.0,1.0,2.0,2.0,3.0,0.0,0.0,6.0,0.0,2.0,1.0,1.0,2.0,0.0,0.0,0.0,1.0,13.0,2.0,1.0,0.0,0.0,0.0,1.0,3.0,10.0,3.0,0.0
320902904,cian.ru,Черемушки,51.0,12.0,1303.0,34.0,167.75,174,15355,1863,19058,361200.0,175.0,45.0,4426.0,34.0,332.7894736842105,174,15355,1863,19058,6.0,1.0,5.0,3.0,0.0,1.0,1.0,0.0,7.0,4.0,0.0,1.0,0.0,0.0,0.0,4.0,2.0,3.0,1.0,0.0,0.0,0.0,6.0,8.0,3.0,0.0,1.0,17.0,5.0,9.0,7.0,0.0,2.0,5.0,0.0,10.0,5.0,4.0,4.0,0.0,0.0,0.0,6.0,9.0,3.0,4.0,1.0,0.0,0.0,12.0,10.0,11.0,2.0,1.0
323808974,cian.ru,Текстильщики,36.0,7.0,875.0,134.0,144.0,108,9059,156,7939,288100.0,177.0,40.0,7280.0,134.0,385.625,108,9059,156,7939,0.0,0.0,0.0,0.0,0.0,0.0,0.0,0.0,4.0,0.0,0.0,0.0,0.0,0.0,0.0,1.0,0.0,0.0,0.0,0.0,0.0,0.0,1.0,0.0,1.0,0.0,0.0,4.0,0.0,4.0,2.0,1.0,0.0,4.0,0.0,12.0,4.0,0.0,0.0,0.0,0.0,0.0,1.0,6.0,2.0,2.0,0.0,0.0,1.0,2.0,5.0,7.0,0.0,1.0
324898517,cian.ru,Перово ,30.0,,,138.0,197.0,20,7456,2,313,294700.0,104.0,2.0,30.0,138.0,405.4285714285714,20,7456,2,313,1.0,1.0,0.0,0.0,0.0,0.0,0.0,0.0,6.0,0.0,0.0,0.0,0.0,0.0,0.0,0.0,0.0,1.0,0.0,2.0,0.0,0.0,2.0,2.0,0.0,0.0,0.0,1.0,1.0,0.0,0.0,0.0,0.0,0.0,0.0,9.0,0.0,0.0,0.0,0.0,0.0,0.0,1.0,0.0,2.0,0.0,2.0,0.0,0.0,6.0,2.0,0.0,0.0,0.0
3941757984977376256,realty.yandex.ru,Котловка,51.0,18.0,1116.0,46.0,181.57142857142856,556,5893,2053,9537,336400.0,182.0,60.0,6599.0,46.0,312.0,556,5893,2053,9537,1.0,1.0,4.0,2.0,1.0,4.0,3.0,0.0,6.0,5.0,2.0,1.0,0.0,0.0,0.0,4.0,5.0,1.0,1.0,0.0,0.0,0.0,2.0,2.0,4.0,1.0,0.0,8.0,3.0,6.0,13.0,2.0,5.0,6.0,0.0,9.0,5.0,6.0,2.0,1.0,1.0,3.0,5.0,13.0,3.0,3.0,2.0,0.0,1.0,9.0,16.0,18.0,9.0,0.0
5096683255443678208,realty.yandex.ru,Косино-Ухтомский,24.0,8.0,2456.0,,,3192,1362,5265,4503,266300.0,51.0,20.0,3825.0,,,3192,1362,5265,4503,2.0,0.0,2.0,6.0,0.0,0.0,4.0,0.0,6.0,5.0,2.0,1.0,0.0,0.0,1.0,0.0,5.0,1.0,1.0,0.0,0.0,0.0,0.0,2.0,4.0,2.0,0.0,2.0,0.0,3.0,11.0,0.0,0.0,6.0,1.0,7.0,5.0,3.0,4.0,0.0,0.0,1.0,0.0,10.0,1.0,1.0,0.0,0.0,0.0,0.0,2.0,6.0,3.0,0.0
320566384,cian.ru,Котловка,49.0,16.0,876.0,43.0,182.28571428571428,556,5893,2053,9537,336400.0,177.0,57.0,5999.0,43.0,312.375,556,5893,2053,9537,1.0,1.0,2.0,1.0,1.0,4.0,2.0,0.0,5.0,5.0,2.0,1.0,0.0,0.0,0.0,4.0,2.0,0.0,1.0,0.0,0.0,0.0,2.0,2.0,4.0,1.0,0.0,7.0,3.0,6.0,13.0,2.0,5.0,6.0,0.0,9.0,5.0,6.0,2.0,1.0,1.0,3.0,5.0,13.0,3.0,3.0,2.0,0.0,1.0,9.0,16.0,18.0,9.0,0.0
3941757984976509952,realty.yandex.ru,Лефортово,73.0,,,0.0,150.42857142857142,0,352,0,0,279300.0,273.0,9.0,884.0,0.0,394.9285714285714,0,352,0,0,0.0,0.0,0.0,0.0,0.0,1.0,0.0,0.0,0.0,0.0,4.0,0.0,0.0,0.0,0.0,0.0,0.0,1.0,1.0,0.0,0.0,0.0,0.0,0.0,1.0,0.0,0.0,5.0,4.0,1.0,2.0,0.0,3.0,1.0,0.0,12.0,2.0,6.0,1.0,4.0,0.0,1.0,2.0,1.0,2.0,2.0,0.0,0.0,0.0,5.0,5.0,9.0,0.0,0.0
6122995012006604800,realty.yandex.ru,Покровское-Стрешнево,27.0,8.0,261.0,1.0,61.5,492,4789,60,840,398600.0,79.0,18.0,1128.0,1.0,349.7142857142857,492,4789,60,840,0.0,1.0,0.0,0.0,0.0,1.0,0.0,0.0,0.0,0.0,0.0,0.0,0.0,0.0,0.0,1.0,0.0,0.0,0.0,0.0,0.0,0.0,2.0,0.0,0.0,0.0,0.0,66.0,1.0,0.0,1.0,0.0,1.0,1.0,0.0,2.0,0.0,1.0,0.0,0.0,0.0,0.0,1.0,0.0,0.0,0.0,1.0,0.0,1.0,2.0,1.0,0.0,0.0,0.0
320217953,cian.ru,Коньково,17.0,3.0,279.0,0.0,163.66666666666666,6,5027,15,3293,351300.0,93.0,40.0,3720.0,0.0,364.0,6,5027,15,3293,0.0,1.0,1.0,0.0,0.0,0.0,1.0,0.0,0.0,0.0,0.0,0.0,0.0,0.0,0.0,1.0,0.0,1.0,0.0,0.0,0.0,0.0,0.0,0.0,4.0,2.0,0.0,1.0,2.0,2.0,3.0,0.0,0.0,6.0,0.0,2.0,1.0,1.0,2.0,0.0,0.0,0.0,1.0,13.0,2.0,1.0,0.0,0.0,0.0,1.0,3.0,10.0,3.0,0.0
320465163,cian.ru,Коньково,17.0,3.0,279.0,0.0,163.66666666666666,6,5027,15,3293,351300.0,93.0,40.0,3720.0,0.0,364.0,6,5027,15,3293,0.0,1.0,1.0,0.0,0.0,0.0,1.0,0.0,0.0,0.0,0.0,0.0,0.0,0.0,0.0,1.0,0.0,1.0,0.0,0.0,0.0,0.0,0.0,0.0,4.0,2.0,0.0,1.0,2.0,2.0,3.0,0.0,0.0,6.0,0.0,2.0,1.0,1.0,2.0,0.0,0.0,0.0,1.0,13.0,2.0,1.0,0.0,0.0,0.0,1.0,3.0,10.0,3.0,0.0
325155172,cian.ru,Коньково,17.0,3.0,279.0,0.0,163.66666666666666,6,5027,15,3293,351300.0,93.0,40.0,3720.0,0.0,364.0,6,5027,15,3293,0.0,1.0,1.0,0.0,0.0,0.0,1.0,0.0,0.0,0.0,0.0,0.0,0.0,0.0,0.0,1.0,0.0,1.0,0.0,0.0,0.0,0.0,0.0,0.0,4.0,2.0,0.0,1.0,2.0,2.0,3.0,0.0,0.0,6.0,0.0,2.0,1.0,1.0,2.0,0.0,0.0,0.0,1.0,13.0,2.0,1.0,0.0,0.0,0.0,1.0,3.0,10.0,3.0,0.0
6123864824189228032,realty.yandex.ru,Даниловский,29.0,,,0.0,171.4,0,19826,133,24080,399100.0,170.0,34.0,4620.0,0.0,308.5,0,19826,133,24080,10.0,1.0,11.0,13.0,0.0,2.0,2.0,0.0,13.0,3.0,0.0,0.0,0.0,0.0,1.0,9.0,1.0,1.0,4.0,3.0,0.0,1.0,13.0,34.0,30.0,0.0,3.0,16.0,3.0,22.0,43.0,0.0,4.0,7.0,0.0,32.0,16.0,1.0,2.0,2.0,0.0,5.0,14.0,31.0,6.0,15.0,12.0,0.0,4.0,23.0,65.0,58.0,2.0,4.0
324658000,cian.ru,Коньково,17.0,3.0,279.0,0.0,163.66666666666666,6,5027,15,3293,351300.0,93.0,40.0,3720.0,0.0,364.0,6,5027,15,3293,0.0,1.0,1.0,0.0,0.0,0.0,1.0,0.0,0.0,0.0,0.0,0.0,0.0,0.0,0.0,1.0,0.0,1.0,0.0,0.0,0.0,0.0,0.0,0.0,4.0,2.0,0.0,1.0,2.0,2.0,3.0,0.0,0.0,6.0,0.0,2.0,1.0,1.0,2.0,0.0,0.0,0.0,1.0,13.0,2.0,1.0,0.0,0.0,0.0,1.0,3.0,10.0,3.0,0.0
321376223,cian.ru,Соколиная Гора,106.0,6.0,608.0,0.0,192.8947368421053,224,5218,1024,6389,354400.0,287.0,65.0,5101.0,0.0,306.3333333333333,224,5218,1024,6389,5.0,2.0,3.0,4.0,0.0,7.0,2.0,0.0,5.0,0.0,3.0,0.0,4.0,0.0,0.0,3.0,2.0,1.0,1.0,0.0,0.0,0.0,4.0,2.0,3.0,0.0,0.0,34.0,6.0,8.0,25.0,1.0,11.0,6.0,0.0,15.0,5.0,4.0,8.0,4.0,0.0,0.0,5.0,10.0,4.0,7.0,2.0,1.0,0.0,13.0,7.0,18.0,3.0,1.0
8303089183039115264,realty.yandex.ru,Черемушки,26.0,7.0,1532.0,93.0,93.0,364,4410,945,4851,361200.0,146.0,52.0,9081.0,93.0,422.2142857142857,364,4410,945,4851,1.0,0.0,3.0,6.0,0.0,0.0,4.0,0.0,4.0,1.0,2.0,0.0,4.0,0.0,0.0,0.0,4.0,1.0,3.0,1.0,0.0,1.0,2.0,1.0,2.0,2.0,0.0,20.0,8.0,10.0,22.0,0.0,0.0,8.0,0.0,15.0,6.0,5.0,9.0,6.0,0.0,0.0,2.0,25.0,3.0,6.0,3.0,0.0,6.0,10.0,6.0,5.0,8.0,1.0
322493497,cian.ru,Нагатино-Садовники,21.0,5.0,661.0,0.0,150.0,0,57840,1570,6460,353800.0,136.0,45.0,4576.0,0.0,394.5882352941176,0,57840,1570,6460,5.0,3.0,4.0,7.0,0.0,0.0,0.0,1.0,4.0,0.0,0.0,1.0,1.0,0.0,1.0,0.0,3.0,4.0,0.0,2.0,1.0,0.0,4.0,3.0,11.0,1.0,0.0,14.0,4.0,10.0,13.0,2.0,1.0,5.0,2.0,20.0,11.0,4.0,4.0,2.0,0.0,4.0,0.0,20.0,7.0,5.0,3.0,1.0,0.0,6.0,10.0,24.0,6.0,1.0
6122995061706810368,realty.yandex.ru,Косино-Ухтомский,24.0,8.0,2456.0,,,3192,1362,5265,4503,266300.0,51.0,20.0,3825.0,,,3192,1362,5265,4503,2.0,0.0,2.0,6.0,0.0,0.0,4.0,0.0,6.0,5.0,2.0,1.0,0.0,0.0,1.0,0.0,5.0,1.0,1.0,0.0,0.0,0.0,0.0,2.0,4.0,2.0,0.0,2.0,0.0,3.0,11.0,0.0,0.0,6.0,1.0,7.0,5.0,3.0,4.0,0.0,0.0,1.0,0.0,10.0,1.0,1.0,0.0,0.0,0.0,0.0,2.0,6.0,3.0,0.0
320746428,cian.ru,Строгино,92.0,67.0,90.0,137.0,137.0,176,418,23,8,334100.0,237.0,137.0,1394.0,137.0,137.0,176,418,23,8,0.0,0.0,0.0,0.0,0.0,0.0,0.0,0.0,2.0,1.0,0.0,0.0,0.0,0.0,0.0,0.0,0.0,0.0,0.0,0.0,0.0,0.0,0.0,0.0,0.0,0.0,0.0,0.0,1.0,1.0,3.0,0.0,0.0,1.0,1.0,6.0,1.0,1.0,0.0,1.0,0.0,0.0,0.0,7.0,0.0,0.0,1.0,0.0,3.0,0.0,1.0,0.0,0.0,0.0
320434315,cian.ru,Даниловский,30.0,14.0,1553.0,0.0,137.66666666666666,318,1740,681,2306,399100.0,223.0,38.0,3053.0,0.0,431.1923076923077,318,1740,681,2306,0.0,1.0,0.0,4.0,0.0,2.0,1.0,0.0,3.0,1.0,0.0,2.0,0.0,1.0,0.0,2.0,5.0,2.0,0.0,1.0,0.0,0.0,2.0,5.0,6.0,0.0,0.0,6.0,1.0,20.0,28.0,0.0,5.0,7.0,1.0,30.0,7.0,1.0,3.0,8.0,1.0,2.0,10.0,17.0,4.0,8.0,7.0,12.0,1.0,21.0,48.0,50.0,2.0,1.0
325169815,cian.ru,Тушино Северное,12.0,5.0,8.0,224.0,224.0,20,199,5,0,310000.0,39.0,13.0,200.0,224.0,224.0,20,199,5,0,0.0,0.0,0.0,0.0,0.0,0.0,0.0,0.0,0.0,0.0,0.0,0.0,0.0,0.0,0.0,0.0,0.0,0.0,0.0,0.0,0.0,1.0,0.0,0.0,0.0,0.0,0.0,8.0,0.0,0.0,0.0,0.0,0.0,1.0,0.0,2.0,0.0,0.0,1.0,0.0,0.0,0.0,0.0,2.0,0.0,0.0,1.0,0.0,3.0,0.0,1.0,1.0,0.0,0.0
324262885,cian.ru,Солнцево,5.0,,,101.0,189.25,0,4514,189,3860,284300.0,20.0,7.0,319.0,101.0,258.8333333333333,0,4514,189,3860,2.0,0.0,6.0,2.0,0.0,1.0,1.0,0.0,20.0,2.0,0.0,1.0,1.0,0.0,6.0,5.0,8.0,3.0,1.0,4.0,0.0,0.0,13.0,16.0,16.0,0.0,0.0,3.0,1.0,8.0,7.0,0.0,2.0,3.0,0.0,26.0,2.0,0.0,1.0,1.0,0.0,7.0,7.0,16.0,3.0,3.0,5.0,0.0,0.0,20.0,20.0,29.0,0.0,0.0
322602955,cian.ru,Хорошевский,27.0,5.0,226.0,2.0,217.75,0,9931,36,9990,443000.0,192.0,32.0,3667.0,2.0,395.8484848484849,0,9931,36,9990,1.0,0.0,0.0,2.0,1.0,1.0,1.0,0.0,24.0,3.0,0.0,0.0,0.0,0.0,0.0,0.0,5.0,0.0,1.0,2.0,0.0,0.0,4.0,3.0,2.0,1.0,0.0,5.0,6.0,2.0,10.0,1.0,3.0,5.0,0.0,35.0,8.0,1.0,0.0,1.0,0.0,0.0,4.0,11.0,3.0,4.0,5.0,0.0,0.0,15.0,10.0,6.0,2.0,1.0
8660284132705603584,realty.yandex.ru,Медведково Южное,40.0,24.0,3743.0,0.0,49.0,2306,4977,9505,5354,305700.0,126.0,70.0,10801.0,0.0,277.0,2306,4977,9505,5354,2.0,3.0,10.0,15.0,0.0,2.0,6.0,0.0,30.0,6.0,0.0,2.0,0.0,0.0,2.0,0.0,15.0,4.0,4.0,5.0,0.0,0.0,5.0,8.0,11.0,2.0,0.0,3.0,3.0,17.0,29.0,0.0,3.0,12.0,0.0,38.0,10.0,11.0,7.0,1.0,0.0,2.0,0.0,33.0,7.0,4.0,7.0,0.0,1.0,6.0,9.0,18.0,5.0,1.0
324844592,cian.ru,Филимонковский,,,,,,1752,1199,1689,2928,,,,,,,1752,1199,1689,2928,0.0,0.0,0.0,0.0,0.0,0.0,0.0,0.0,0.0,0.0,0.0,0.0,0.0,0.0,0.0,0.0,0.0,0.0,0.0,0.0,0.0,0.0,0.0,0.0,0.0,0.0,0.0,0.0,0.0,0.0,0.0,0.0,0.0,0.0,0.0,0.0,0.0,1.0,1.0,0.0,0.0,0.0,0.0,0.0,0.0,0.0,0.0,0.0,0.0,0.0,0.0,0.0,0.0,0.0
320240242,cian.ru,Бескудниковский,48.0,,,0.0,71.25,0,3376,308,3669,327500.0,169.0,29.0,3489.0,0.0,347.8333333333333,0,3376,308,3669,1.0,0.0,1.0,2.0,0.0,1.0,0.0,0.0,3.0,0.0,0.0,0.0,1.0,0.0,0.0,2.0,0.0,1.0,0.0,0.0,0.0,0.0,1.0,2.0,0.0,0.0,0.0,6.0,1.0,5.0,10.0,0.0,3.0,6.0,0.0,10.0,5.0,0.0,0.0,1.0,0.0,0.0,6.0,12.0,2.0,4.0,0.0,0.0,0.0,3.0,10.0,7.0,3.0,0.0
320819067,cian.ru,Троицк,96.0,61.0,2730.0,122.0,122.0,1752,7814,2273,12547,231600.0,208.0,137.0,5951.0,122.0,122.0,1752,7814,2273,12547,5.0,1.0,9.0,20.0,0.0,1.0,2.0,0.0,35.0,2.0,2.0,2.0,0.0,0.0,3.0,1.0,11.0,5.0,4.0,7.0,1.0,0.0,3.0,5.0,4.0,1.0,1.0,10.0,3.0,12.0,29.0,0.0,1.0,5.0,0.0,45.0,4.0,4.0,2.0,0.0,0.0,3.0,1.0,17.0,6.0,6.0,9.0,1.0,0.0,4.0,7.0,5.0,4.0,2.0
7523548143730235392,realty.yandex.ru,Медведково Северное,38.0,,,7.0,158.8,780,14074,28,1294,301300.0,126.0,9.0,2089.0,7.0,320.94736842105266,780,14074,28,1294,0.0,0.0,1.0,1.0,0.0,0.0,0.0,0.0,1.0,0.0,0.0,0.0,0.0,0.0,0.0,1.0,0.0,0.0,1.0,0.0,0.0,0.0,3.0,0.0,1.0,0.0,0.0,1.0,1.0,6.0,2.0,0.0,0.0,1.0,1.0,8.0,0.0,0.0,0.0,0.0,0.0,0.0,1.0,4.0,1.0,2.0,1.0,0.0,1.0,6.0,2.0,3.0,3.0,0.0
319744633,cian.ru,Ярославский,40.0,8.0,1381.0,281.0,281.0,4196,4353,717,1412,271600.0,120.0,41.0,5646.0,281.0,369.2,4196,4353,717,1412,1.0,1.0,0.0,2.0,1.0,0.0,0.0,0.0,0.0,0.0,1.0,3.0,0.0,0.0,0.0,0.0,2.0,0.0,0.0,1.0,0.0,0.0,0.0,0.0,2.0,2.0,0.0,1.0,3.0,6.0,11.0,1.0,1.0,4.0,1.0,9.0,1.0,3.0,6.0,6.0,0.0,0.0,0.0,10.0,0.0,4.0,4.0,1.0,1.0,2.0,5.0,20.0,4.0,2.0
7523548143730237440,realty.yandex.ru,Строгино,30.0,,,0.0,0.0,0,6929,0,3217,334100.0,70.0,,,0.0,0.0,0,6929,0,3217,0.0,0.0,0.0,0.0,0.0,0.0,0.0,0.0,3.0,0.0,0.0,0.0,0.0,0.0,0.0,1.0,0.0,0.0,1.0,0.0,0.0,0.0,2.0,0.0,0.0,1.0,0.0,1.0,0.0,0.0,0.0,0.0,0.0,0.0,0.0,3.0,0.0,0.0,0.0,0.0,0.0,0.0,1.0,2.0,0.0,2.0,0.0,0.0,0.0,2.0,0.0,1.0,1.0,0.0
5228459417828425728,realty.yandex.ru,Теплый Стан,35.0,15.0,3064.0,0.0,146.66666666666666,6490,8416,2485,2770,312900.0,128.0,62.0,12760.0,0.0,237.5,6490,8416,2485,2770,8.0,2.0,17.0,16.0,1.0,3.0,6.0,0.0,18.0,3.0,0.0,0.0,0.0,0.0,6.0,0.0,15.0,1.0,8.0,5.0,0.0,1.0,4.0,12.0,15.0,3.0,0.0,17.0,7.0,27.0,30.0,1.0,4.0,14.0,0.0,38.0,9.0,4.0,5.0,0.0,2.0,8.0,0.0,35.0,5.0,15.0,8.0,0.0,2.0,11.0,24.0,32.0,8.0,0.0
323315040,cian.ru,Теплый Стан,35.0,15.0,3064.0,0.0,146.83333333333334,6490,8416,2485,2770,312900.0,128.0,62.0,12760.0,0.0,237.4,6490,8416,2485,2770,8.0,2.0,17.0,16.0,1.0,3.0,6.0,0.0,18.0,3.0,0.0,0.0,0.0,0.0,6.0,0.0,15.0,1.0,8.0,5.0,0.0,1.0,4.0,12.0,15.0,3.0,0.0,17.0,7.0,27.0,30.0,1.0,4.0,14.0,0.0,38.0,9.0,4.0,5.0,0.0,2.0,8.0,0.0,35.0,5.0,15.0,8.0,0.0,2.0,11.0,24.0,32.0,8.0,0.0
915584349477735040,realty.yandex.ru,Выхино-Жулебино,25.0,8.0,1877.0,252.0,252.0,3416,9944,3236,12480,273000.0,207.0,158.0,7507.0,252.0,252.0,3416,9944,3236,12480,1.0,2.0,4.0,11.0,0.0,1.0,4.0,0.0,6.0,1.0,0.0,1.0,0.0,0.0,2.0,1.0,11.0,2.0,2.0,1.0,0.0,0.0,1.0,2.0,12.0,2.0,3.0,20.0,8.0,19.0,21.0,1.0,3.0,13.0,0.0,28.0,10.0,4.0,4.0,0.0,0.0,3.0,1.0,32.0,6.0,5.0,5.0,0.0,0.0,3.0,12.0,16.0,5.0,4.0
6819069281683255296,realty.yandex.ru,Бутырский,64.0,2.0,339.0,168.0,212.0,1078,8518,69,4633,385200.0,184.0,20.0,2939.0,168.0,283.0,1078,8518,69,4633,1.0,0.0,3.0,4.0,0.0,0.0,0.0,0.0,6.0,2.0,0.0,0.0,0.0,0.0,1.0,1.0,5.0,1.0,1.0,1.0,0.0,0.0,4.0,2.0,2.0,1.0,0.0,5.0,4.0,7.0,12.0,0.0,0.0,2.0,0.0,18.0,7.0,0.0,0.0,0.0,0.0,1.0,2.0,16.0,2.0,3.0,2.0,0.0,0.0,6.0,9.0,12.0,2.0,0.0
325136565,cian.ru,Можайский,34.0,18.0,1097.0,,,1060,2239,795,448,311900.0,111.0,63.0,4159.0,395.0,441.6,1060,2239,795,448,2.0,0.0,3.0,2.0,0.0,0.0,2.0,0.0,1.0,1.0,1.0,0.0,1.0,0.0,0.0,0.0,2.0,0.0,1.0,1.0,0.0,0.0,0.0,0.0,0.0,1.0,0.0,7.0,2.0,5.0,6.0,0.0,2.0,7.0,0.0,13.0,3.0,4.0,2.0,1.0,0.0,0.0,0.0,12.0,0.0,4.0,4.0,0.0,0.0,0.0,0.0,7.0,2.0,0.0
7589872015,avito.ru,Выхино-Жулебино,40.0,16.0,2439.0,,,454,584,1105,678,273000.0,174.0,74.0,9798.0,322.0,477.0,454,584,1105,678,3.0,1.0,2.0,2.0,0.0,0.0,3.0,0.0,5.0,2.0,0.0,1.0,0.0,0.0,1.0,0.0,5.0,0.0,1.0,3.0,0.0,0.0,1.0,1.0,2.0,2.0,0.0,4.0,3.0,12.0,16.0,2.0,1.0,9.0,0.0,26.0,9.0,6.0,5.0,1.0,0.0,1.0,2.0,22.0,3.0,5.0,6.0,0.0,0.0,3.0,3.0,18.0,7.0,1.0
321660882,cian.ru,Чертаново Южное,37.0,,,0.0,173.16666666666666,0,59415,588,21119,291700.0,81.0,15.0,3197.0,0.0,254.88888888888889,0,59415,588,21119,3.0,0.0,0.0,0.0,0.0,0.0,1.0,0.0,2.0,0.0,0.0,0.0,0.0,0.0,2.0,0.0,1.0,0.0,1.0,0.0,0.0,0.0,2.0,2.0,9.0,0.0,0.0,7.0,4.0,3.0,7.0,0.0,0.0,4.0,0.0,5.0,6.0,2.0,3.0,0.0,0.0,3.0,0.0,9.0,1.0,4.0,1.0,0.0,1.0,4.0,8.0,21.0,2.0,2.0
3966105355572170240,realty.yandex.ru,Алексеевский,68.0,10.0,1988.0,114.0,184.4,628,3324,979,3622,397600.0,241.0,48.0,7163.0,114.0,356.3103448275862,628,3324,979,3622,6.0,3.0,1.0,6.0,0.0,0.0,1.0,0.0,4.0,0.0,6.0,1.0,0.0,0.0,0.0,3.0,3.0,1.0,1.0,1.0,0.0,0.0,3.0,5.0,2.0,0.0,0.0,16.0,8.0,11.0,21.0,0.0,2.0,8.0,0.0,14.0,2.0,8.0,3.0,2.0,0.0,2.0,4.0,13.0,1.0,4.0,3.0,0.0,0.0,11.0,17.0,21.0,2.0,1.0
5202262843875722240,realty.yandex.ru,Печатники,38.0,24.0,3822.0,284.0,284.0,998,1017,2252,869,286900.0,119.0,64.0,10679.0,284.0,404.3333333333333,998,1017,2252,869,0.0,0.0,1.0,4.0,0.0,1.0,2.0,0.0,4.0,1.0,1.0,1.0,0.0,0.0,0.0,0.0,5.0,0.0,1.0,0.0,1.0,0.0,1.0,1.0,1.0,1.0,0.0,3.0,3.0,8.0,10.0,1.0,1.0,7.0,0.0,21.0,9.0,5.0,8.0,0.0,0.0,1.0,0.0,25.0,3.0,3.0,1.0,1.0,1.0,3.0,7.0,6.0,4.0,0.0
3941757984976573952,realty.yandex.ru,Савеловский,67.0,10.0,1512.0,53.0,178.11111111111111,1300,11967,1342,10230,361300.0,252.0,97.0,8690.0,53.0,326.7,1300,11967,1342,10230,3.0,0.0,3.0,1.0,0.0,2.0,1.0,0.0,3.0,0.0,0.0,0.0,0.0,0.0,0.0,3.0,3.0,1.0,2.0,0.0,0.0,1.0,0.0,5.0,2.0,0.0,1.0,4.0,6.0,14.0,13.0,1.0,2.0,8.0,0.0,21.0,6.0,6.0,5.0,2.0,1.0,1.0,4.0,26.0,7.0,6.0,5.0,0.0,5.0,5.0,13.0,17.0,3.0,1.0
321530853,cian.ru,Выхино-Жулебино,26.0,7.0,1427.0,16.0,16.0,346,3790,736,4171,273000.0,74.0,35.0,4631.0,16.0,16.0,346,3790,736,4171,1.0,4.0,0.0,2.0,0.0,2.0,2.0,0.0,1.0,0.0,1.0,0.0,0.0,0.0,0.0,0.0,5.0,2.0,1.0,0.0,0.0,0.0,0.0,2.0,1.0,0.0,0.0,4.0,6.0,7.0,13.0,0.0,4.0,7.0,0.0,23.0,1.0,4.0,5.0,0.0,0.0,4.0,0.0,12.0,4.0,3.0,2.0,1.0,0.0,0.0,5.0,8.0,2.0,2.0
321698924,cian.ru,Обручевский,21.0,4.0,2574.0,6.0,198.25,498,2005,1305,2338,411600.0,140.0,42.0,10895.0,6.0,393.9333333333333,498,2005,1305,2338,3.0,0.0,2.0,3.0,0.0,2.0,3.0,0.0,1.0,1.0,0.0,1.0,0.0,0.0,0.0,2.0,4.0,0.0,2.0,1.0,0.0,3.0,1.0,2.0,1.0,2.0,0.0,8.0,0.0,5.0,6.0,0.0,3.0,4.0,0.0,9.0,4.0,3.0,6.0,0.0,4.0,0.0,5.0,14.0,0.0,7.0,4.0,0.0,3.0,5.0,8.0,9.0,3.0,3.0
322199194,cian.ru,Дегунино Восточное,56.0,2.0,288.0,11.0,104.57142857142856,0,1055,12,960,283000.0,166.0,32.0,5924.0,11.0,333.15,0,1055,12,960,0.0,0.0,0.0,0.0,0.0,0.0,0.0,0.0,0.0,0.0,0.0,0.0,0.0,0.0,0.0,1.0,0.0,0.0,1.0,0.0,0.0,0.0,1.0,0.0,4.0,0.0,0.0,0.0,1.0,6.0,16.0,1.0,1.0,6.0,0.0,17.0,0.0,4.0,6.0,2.0,0.0,0.0,5.0,16.0,4.0,4.0,4.0,0.0,0.0,8.0,7.0,9.0,2.0,1.0
322812474,cian.ru,Алексеевский,62.0,3.0,171.0,88.0,153.33333333333334,250,6110,78,2811,397600.0,206.0,23.0,3925.0,88.0,328.34615384615387,250,6110,78,2811,3.0,3.0,1.0,0.0,0.0,0.0,2.0,0.0,1.0,0.0,1.0,0.0,0.0,0.0,0.0,1.0,1.0,1.0,0.0,0.0,0.0,0.0,4.0,2.0,4.0,0.0,0.0,8.0,5.0,4.0,6.0,0.0,0.0,3.0,0.0,7.0,1.0,9.0,2.0,1.0,0.0,1.0,4.0,9.0,2.0,1.0,2.0,0.0,1.0,8.0,8.0,10.0,0.0,0.0
7517866235141630976,realty.yandex.ru,Сокольники,68.0,11.0,850.0,12.0,163.25,120,9366,3784,11477,367600.0,226.0,60.0,4589.0,12.0,354.4166666666667,120,9366,3784,11477,2.0,2.0,3.0,2.0,0.0,0.0,2.0,0.0,10.0,1.0,1.0,0.0,0.0,0.0,0.0,2.0,4.0,0.0,1.0,2.0,0.0,0.0,4.0,7.0,4.0,3.0,0.0,7.0,5.0,10.0,24.0,0.0,7.0,6.0,1.0,23.0,8.0,7.0,1.0,0.0,0.0,1.0,5.0,13.0,3.0,7.0,7.0,0.0,1.0,12.0,17.0,26.0,5.0,2.0
321288004,cian.ru,Обручевский,21.0,4.0,2574.0,6.0,198.25,498,2005,1305,2338,411600.0,140.0,42.0,10895.0,6.0,393.9333333333333,498,2005,1305,2338,3.0,0.0,2.0,3.0,0.0,2.0,3.0,0.0,1.0,1.0,0.0,1.0,0.0,0.0,0.0,2.0,4.0,0.0,2.0,1.0,0.0,3.0,1.0,2.0,1.0,2.0,0.0,8.0,0.0,5.0,6.0,0.0,3.0,4.0,0.0,9.0,4.0,3.0,6.0,0.0,4.0,0.0,5.0,14.0,0.0,7.0,4.0,0.0,3.0,5.0,8.0,9.0,3.0,3.0
321066756,cian.ru,Сокольники,68.0,11.0,850.0,12.0,163.33333333333334,120,9366,3784,11477,367600.0,226.0,60.0,4589.0,12.0,354.3611111111111,120,9366,3784,11477,2.0,2.0,3.0,2.0,0.0,0.0,2.0,0.0,10.0,1.0,1.0,0.0,0.0,0.0,0.0,2.0,4.0,0.0,1.0,2.0,0.0,0.0,4.0,7.0,4.0,3.0,0.0,7.0,5.0,10.0,24.0,0.0,7.0,6.0,1.0,23.0,8.0,7.0,1.0,0.0,0.0,1.0,5.0,13.0,3.0,7.0,7.0,0.0,1.0,12.0,17.0,26.0,5.0,2.0
6123182703947572224,realty.yandex.ru,Перово ,17.0,,,4.0,126.75,0,11941,201,12225,294700.0,118.0,21.0,1370.0,4.0,358.06666666666666,0,11941,201,12225,1.0,0.0,0.0,0.0,0.0,0.0,0.0,0.0,5.0,0.0,0.0,0.0,0.0,0.0,0.0,0.0,0.0,0.0,0.0,0.0,0.0,0.0,2.0,1.0,3.0,0.0,0.0,4.0,1.0,1.0,5.0,0.0,5.0,3.0,0.0,11.0,4.0,5.0,0.0,2.0,0.0,1.0,0.0,3.0,3.0,3.0,0.0,0.0,0.0,4.0,2.0,5.0,0.0,0.0
323106036,cian.ru,Тушино Южное,47.0,15.0,2554.0,78.0,206.0,6258,10884,3704,4929,303100.0,149.0,52.0,6462.0,78.0,392.0625,6258,10884,3704,4929,4.0,0.0,2.0,3.0,0.0,2.0,3.0,0.0,4.0,3.0,1.0,0.0,0.0,0.0,0.0,0.0,7.0,1.0,2.0,1.0,0.0,0.0,0.0,4.0,3.0,1.0,0.0,7.0,2.0,5.0,9.0,2.0,5.0,6.0,0.0,7.0,3.0,7.0,2.0,1.0,0.0,1.0,1.0,16.0,3.0,4.0,1.0,0.0,0.0,3.0,8.0,5.0,3.0,0.0
323839371,cian.ru,Ясенево,11.0,,,,,0,5501,226,8,287800.0,54.0,11.0,3825.0,422.0,493.5,0,5501,226,8,0.0,0.0,1.0,1.0,0.0,0.0,1.0,0.0,0.0,1.0,0.0,0.0,0.0,0.0,0.0,0.0,2.0,0.0,1.0,1.0,0.0,0.0,1.0,0.0,0.0,0.0,0.0,1.0,0.0,2.0,1.0,0.0,0.0,2.0,0.0,3.0,1.0,2.0,3.0,1.0,0.0,0.0,0.0,4.0,2.0,2.0,3.0,0.0,0.0,2.0,1.0,2.0,3.0,0.0
6123182701285061632,realty.yandex.ru,Перово ,17.0,,,4.0,126.75,0,11941,201,12225,294700.0,118.0,21.0,1370.0,4.0,358.06666666666666,0,11941,201,12225,1.0,0.0,0.0,0.0,0.0,0.0,0.0,0.0,5.0,0.0,0.0,0.0,0.0,0.0,0.0,0.0,0.0,0.0,0.0,0.0,0.0,0.0,2.0,1.0,3.0,0.0,0.0,4.0,1.0,1.0,5.0,0.0,5.0,3.0,0.0,11.0,4.0,5.0,0.0,2.0,0.0,1.0,0.0,3.0,3.0,3.0,0.0,0.0,0.0,4.0,2.0,5.0,0.0,0.0
3941757984977495040,realty.yandex.ru,Нижегородский,58.0,2.0,208.0,0.0,193.25806451612905,0,13706,3,11874,362800.0,254.0,30.0,4463.0,0.0,339.13432835820896,0,13706,3,11874,3.0,0.0,3.0,1.0,0.0,0.0,0.0,0.0,12.0,2.0,1.0,0.0,0.0,0.0,0.0,2.0,1.0,1.0,5.0,3.0,0.0,0.0,5.0,5.0,4.0,1.0,0.0,10.0,3.0,5.0,25.0,0.0,5.0,4.0,0.0,34.0,3.0,3.0,2.0,5.0,0.0,2.0,4.0,8.0,1.0,8.0,4.0,0.0,1.0,15.0,16.0,22.0,1.0,1.0
320852921,cian.ru,Косино-Ухтомский,18.0,6.0,1896.0,,,1106,11604,5265,6610,266300.0,39.0,13.0,3817.0,,,1106,11604,5265,6610,2.0,0.0,1.0,3.0,0.0,0.0,4.0,1.0,5.0,2.0,1.0,1.0,0.0,0.0,1.0,0.0,3.0,0.0,1.0,0.0,0.0,0.0,0.0,0.0,2.0,1.0,0.0,2.0,0.0,2.0,9.0,0.0,0.0,5.0,1.0,6.0,5.0,2.0,3.0,0.0,0.0,1.0,0.0,6.0,1.0,1.0,0.0,0.0,0.0,0.0,2.0,4.0,2.0,0.0
3986832478500322816,realty.yandex.ru,Внуково,,,,,,1752,1199,1689,2928,289500.0,22.0,8.0,231.0,,,1752,1199,1689,2928,0.0,0.0,0.0,0.0,0.0,0.0,0.0,0.0,0.0,0.0,0.0,0.0,0.0,0.0,0.0,0.0,0.0,0.0,0.0,0.0,0.0,0.0,0.0,0.0,0.0,0.0,0.0,0.0,0.0,1.0,1.0,0.0,0.0,3.0,0.0,13.0,3.0,0.0,0.0,0.0,0.0,2.0,0.0,5.0,2.0,1.0,2.0,0.0,0.0,0.0,1.0,1.0,0.0,0.0
5227567461547954176,realty.yandex.ru,Бирюлево Восточное,33.0,11.0,4735.0,,,2510,1910,3910,3508,263200.0,143.0,49.0,13755.0,346.0,432.2,2510,1910,3910,3508,2.0,1.0,1.0,7.0,0.0,0.0,1.0,0.0,2.0,1.0,1.0,1.0,0.0,0.0,0.0,0.0,8.0,1.0,0.0,1.0,0.0,1.0,2.0,3.0,3.0,1.0,0.0,5.0,3.0,13.0,22.0,0.0,2.0,13.0,0.0,19.0,13.0,5.0,9.0,0.0,0.0,1.0,2.0,34.0,3.0,5.0,5.0,0.0,1.0,3.0,10.0,8.0,7.0,0.0
3941757984977281024,realty.yandex.ru,Бирюлево Восточное,33.0,11.0,4735.0,,,2510,1910,3910,3508,263200.0,143.0,49.0,13755.0,346.0,432.2,2510,1910,3910,3508,2.0,1.0,1.0,7.0,0.0,0.0,1.0,0.0,2.0,1.0,1.0,1.0,0.0,0.0,0.0,0.0,8.0,1.0,0.0,1.0,0.0,1.0,2.0,3.0,3.0,1.0,0.0,5.0,3.0,13.0,22.0,0.0,2.0,13.0,0.0,19.0,13.0,5.0,9.0,0.0,0.0,1.0,2.0,34.0,3.0,5.0,5.0,0.0,1.0,3.0,10.0,8.0,7.0,0.0
324725817,cian.ru,Соколиная Гора,70.0,25.0,2294.0,0.0,124.0,1534,10214,1750,5794,354400.0,217.0,77.0,7699.0,0.0,373.4090909090909,1534,10214,1750,5794,5.0,2.0,4.0,7.0,1.0,0.0,6.0,0.0,3.0,4.0,0.0,7.0,1.0,0.0,0.0,1.0,10.0,3.0,5.0,0.0,0.0,0.0,4.0,9.0,8.0,3.0,0.0,13.0,7.0,11.0,18.0,1.0,5.0,13.0,0.0,8.0,10.0,6.0,9.0,8.0,0.0,0.0,3.0,21.0,4.0,7.0,2.0,1.0,2.0,10.0,12.0,17.0,4.0,2.0
321280456,cian.ru,Лефортово,102.0,11.0,1353.0,42.0,164.9,8,7991,1835,8003,279300.0,278.0,41.0,4357.0,42.0,365.13793103448273,8,7991,1835,8003,1.0,0.0,1.0,2.0,0.0,1.0,1.0,0.0,5.0,5.0,2.0,2.0,0.0,0.0,1.0,0.0,0.0,1.0,0.0,2.0,0.0,2.0,5.0,7.0,6.0,1.0,0.0,7.0,3.0,3.0,9.0,0.0,3.0,5.0,0.0,12.0,6.0,3.0,3.0,3.0,1.0,3.0,1.0,9.0,3.0,1.0,4.0,0.0,3.0,14.0,16.0,13.0,2.0,0.0
323224649,cian.ru,Тверской,99.0,33.0,2286.0,56.0,183.65384615384616,7640,94026,2521,35586,609300.0,411.0,100.0,5696.0,56.0,375.07142857142856,7640,94026,2521,35586,17.0,7.0,15.0,73.0,0.0,7.0,4.0,0.0,10.0,5.0,1.0,3.0,3.0,1.0,1.0,7.0,8.0,4.0,12.0,9.0,1.0,3.0,9.0,27.0,48.0,3.0,0.0,60.0,32.0,35.0,185.0,2.0,19.0,11.0,0.0,56.0,13.0,6.0,11.0,30.0,1.0,1.0,23.0,24.0,5.0,21.0,18.0,2.0,4.0,49.0,65.0,125.0,4.0,2.0
3940753168374251008,realty.yandex.ru,Даниловский,63.0,1.0,221.0,34.0,141.28571428571428,338,16978,699,14810,399100.0,220.0,22.0,4234.0,34.0,333.40625,338,16978,699,14810,6.0,2.0,8.0,23.0,0.0,4.0,2.0,0.0,10.0,2.0,0.0,0.0,1.0,0.0,1.0,7.0,5.0,1.0,4.0,8.0,0.0,0.0,5.0,8.0,27.0,2.0,1.0,11.0,7.0,18.0,60.0,1.0,8.0,4.0,0.0,76.0,4.0,1.0,3.0,3.0,0.0,2.0,11.0,18.0,2.0,13.0,12.0,0.0,13.0,17.0,34.0,62.0,3.0,3.0
323123553,cian.ru,Тверской,141.0,30.0,1296.0,12.0,155.1875,4208,45369,1368,12174,609300.0,416.0,112.0,6444.0,12.0,314.45205479452056,4208,45369,1368,12174,15.0,13.0,13.0,77.0,0.0,3.0,1.0,0.0,12.0,2.0,2.0,1.0,0.0,0.0,0.0,8.0,10.0,0.0,8.0,4.0,0.0,0.0,17.0,19.0,50.0,1.0,1.0,58.0,25.0,34.0,167.0,2.0,11.0,11.0,0.0,54.0,12.0,10.0,5.0,21.0,1.0,1.0,18.0,30.0,4.0,22.0,16.0,2.0,1.0,42.0,64.0,171.0,5.0,5.0
320971123,cian.ru,Тверской,141.0,30.0,1296.0,12.0,155.1875,4208,45369,1368,12174,609300.0,416.0,112.0,6444.0,12.0,314.45205479452056,4208,45369,1368,12174,15.0,13.0,13.0,77.0,0.0,3.0,1.0,0.0,12.0,2.0,2.0,1.0,0.0,0.0,0.0,8.0,10.0,0.0,8.0,4.0,0.0,0.0,17.0,19.0,50.0,1.0,1.0,58.0,25.0,34.0,167.0,2.0,11.0,11.0,0.0,54.0,12.0,10.0,5.0,21.0,1.0,1.0,18.0,30.0,4.0,22.0,16.0,2.0,1.0,42.0,64.0,171.0,5.0,5.0
7571646630,avito.ru,Пресненский,73.0,27.0,2154.0,0.0,214.14285714285717,10820,37493,1556,9654,621300.0,330.0,111.0,7912.0,0.0,376.3469387755102,10820,37493,1556,9654,13.0,4.0,11.0,23.0,1.0,5.0,5.0,0.0,13.0,3.0,0.0,2.0,1.0,0.0,0.0,4.0,5.0,2.0,8.0,4.0,0.0,0.0,6.0,14.0,32.0,3.0,1.0,40.0,15.0,36.0,75.0,1.0,15.0,14.0,0.0,36.0,12.0,6.0,7.0,2.0,1.0,3.0,8.0,27.0,4.0,15.0,10.0,0.0,5.0,21.0,31.0,58.0,6.0,3.0
323866061,cian.ru,Арбат,106.0,34.0,1548.0,0.0,205.85,6578,66129,1362,9485,820400.0,432.0,183.0,7241.0,0.0,378.873417721519,6578,66129,1362,9485,12.0,6.0,13.0,42.0,0.0,6.0,3.0,0.0,12.0,1.0,0.0,1.0,1.0,0.0,0.0,6.0,6.0,0.0,9.0,5.0,0.0,1.0,5.0,20.0,55.0,0.0,4.0,43.0,14.0,26.0,122.0,0.0,17.0,8.0,0.0,24.0,5.0,7.0,5.0,6.0,0.0,1.0,10.0,16.0,4.0,15.0,11.0,0.0,4.0,13.0,35.0,106.0,9.0,9.0
320800208,cian.ru,Арбат,106.0,34.0,1548.0,0.0,205.85,6578,66129,1362,9485,820400.0,432.0,183.0,7241.0,0.0,378.873417721519,6578,66129,1362,9485,12.0,6.0,13.0,42.0,0.0,6.0,3.0,0.0,12.0,1.0,0.0,1.0,1.0,0.0,0.0,6.0,6.0,0.0,9.0,5.0,0.0,1.0,5.0,20.0,55.0,0.0,4.0,43.0,14.0,26.0,122.0,0.0,17.0,8.0,0.0,24.0,5.0,7.0,5.0,6.0,0.0,1.0,10.0,16.0,4.0,15.0,11.0,0.0,4.0,13.0,35.0,106.0,9.0,9.0
321498526,cian.ru,Якиманка,45.0,13.0,895.0,93.0,200.44444444444449,6970,63243,1244,9687,680600.0,256.0,57.0,4161.0,93.0,388.41379310344826,6970,63243,1244,9687,8.0,3.0,8.0,12.0,0.0,3.0,1.0,0.0,6.0,0.0,0.0,1.0,11.0,0.0,0.0,4.0,1.0,0.0,5.0,1.0,0.0,1.0,6.0,10.0,25.0,0.0,0.0,53.0,6.0,19.0,28.0,0.0,8.0,4.0,0.0,15.0,8.0,2.0,8.0,25.0,0.0,1.0,7.0,4.0,1.0,8.0,3.0,1.0,4.0,15.0,22.0,45.0,4.0,2.0
324907348,cian.ru,Мещанский,175.0,70.0,1117.0,23.0,205.54285714285717,878,20814,776,9614,530600.0,635.0,231.0,4461.0,23.0,404.11764705882354,878,20814,776,9614,17.0,7.0,6.0,41.0,0.0,4.0,1.0,0.0,7.0,2.0,0.0,1.0,2.0,0.0,0.0,4.0,3.0,0.0,5.0,2.0,0.0,6.0,10.0,9.0,44.0,2.0,0.0,72.0,27.0,27.0,176.0,1.0,18.0,9.0,0.0,26.0,14.0,4.0,3.0,24.0,0.0,1.0,21.0,15.0,0.0,19.0,16.0,0.0,16.0,26.0,63.0,193.0,9.0,5.0
2502385282104397824,realty.yandex.ru,Якиманка,176.0,27.0,639.0,42.0,170.8,904,8386,503,4323,680600.0,641.0,137.0,5085.0,42.0,374.5037593984962,904,8386,503,4323,2.0,1.0,2.0,16.0,0.0,3.0,1.0,0.0,1.0,2.0,1.0,1.0,3.0,0.0,0.0,5.0,5.0,2.0,2.0,2.0,0.0,6.0,4.0,7.0,11.0,1.0,2.0,63.0,18.0,13.0,97.0,0.0,11.0,10.0,0.0,19.0,8.0,4.0,7.0,11.0,0.0,0.0,9.0,26.0,5.0,11.0,11.0,0.0,14.0,8.0,35.0,68.0,9.0,5.0
5523185326773125120,realty.yandex.ru,Мещанский,94.0,10.0,97.0,40.0,166.88888888888889,1260,41361,408,24202,530600.0,474.0,66.0,818.0,40.0,418.58878504672896,1260,41361,408,24202,9.0,3.0,10.0,28.0,0.0,4.0,2.0,0.0,10.0,0.0,0.0,0.0,10.0,0.0,5.0,2.0,5.0,0.0,8.0,12.0,3.0,1.0,5.0,38.0,93.0,0.0,4.0,30.0,9.0,28.0,112.0,2.0,15.0,11.0,0.0,23.0,7.0,1.0,0.0,14.0,1.0,6.0,14.0,9.0,0.0,22.0,19.0,3.0,20.0,25.0,88.0,256.0,6.0,7.0
323420327,cian.ru,Пресненский,12.0,3.0,137.0,0.0,163.58333333333334,2956,139525,1665,105474,621300.0,58.0,27.0,4445.0,0.0,317.1111111111111,2956,139525,1665,105474,20.0,6.0,40.0,67.0,0.0,10.0,7.0,0.0,37.0,17.0,0.0,0.0,1.0,0.0,3.0,10.0,14.0,7.0,25.0,13.0,2.0,0.0,39.0,72.0,119.0,1.0,11.0,24.0,8.0,53.0,86.0,0.0,16.0,13.0,0.0,54.0,21.0,4.0,3.0,2.0,0.0,5.0,16.0,20.0,7.0,36.0,16.0,2.0,1.0,50.0,96.0,157.0,3.0,13.0
320696054,cian.ru,Покровское-Стрешнево,44.0,2.0,87.0,0.0,172.66666666666666,2118,16328,529,2451,398600.0,156.0,34.0,2515.0,0.0,339.2857142857143,2118,16328,529,2451,2.0,0.0,9.0,4.0,0.0,0.0,2.0,0.0,20.0,7.0,0.0,0.0,1.0,0.0,2.0,0.0,4.0,0.0,4.0,2.0,0.0,0.0,6.0,4.0,13.0,0.0,0.0,11.0,4.0,19.0,22.0,0.0,4.0,7.0,0.0,50.0,15.0,0.0,3.0,1.0,1.0,3.0,2.0,20.0,2.0,5.0,5.0,2.0,0.0,13.0,17.0,36.0,2.0,0.0
320085902,cian.ru,Кунцево,36.0,21.0,4541.0,87.0,155.0,20864,48209,9001,7021,351900.0,120.0,71.0,13974.0,87.0,266.5,20864,48209,9001,7021,6.0,0.0,15.0,16.0,0.0,0.0,7.0,0.0,30.0,6.0,1.0,1.0,0.0,0.0,3.0,0.0,10.0,1.0,6.0,3.0,0.0,0.0,6.0,16.0,30.0,2.0,3.0,17.0,6.0,28.0,43.0,0.0,3.0,12.0,2.0,44.0,16.0,5.0,9.0,4.0,0.0,3.0,1.0,20.0,5.0,9.0,8.0,4.0,0.0,16.0,31.0,66.0,9.0,4.0
3961217574484345856,realty.yandex.ru,Тверской,113.0,42.0,1546.0,72.0,226.27272727272728,1980,24320,1118,10849,609300.0,534.0,199.0,6654.0,72.0,405.2545454545455,1980,24320,1118,10849,15.0,6.0,9.0,29.0,0.0,4.0,5.0,0.0,8.0,4.0,3.0,1.0,4.0,0.0,0.0,5.0,3.0,1.0,3.0,3.0,0.0,1.0,3.0,14.0,48.0,3.0,1.0,67.0,27.0,38.0,161.0,0.0,13.0,18.0,0.0,31.0,14.0,9.0,4.0,4.0,0.0,0.0,19.0,15.0,7.0,15.0,9.0,0.0,5.0,29.0,69.0,138.0,7.0,5.0
322396480,cian.ru,Арбат,94.0,8.0,174.0,53.0,202.4375,1152,43197,18,7005,820400.0,315.0,51.0,962.0,53.0,395.4827586206897,1152,43197,18,7005,5.0,0.0,3.0,7.0,0.0,3.0,3.0,0.0,0.0,0.0,1.0,0.0,5.0,0.0,0.0,6.0,4.0,0.0,3.0,2.0,0.0,2.0,6.0,9.0,18.0,0.0,1.0,12.0,4.0,8.0,30.0,0.0,10.0,5.0,0.0,11.0,1.0,6.0,0.0,19.0,0.0,1.0,11.0,5.0,0.0,6.0,4.0,0.0,6.0,12.0,35.0,74.0,0.0,1.0
3967137546321457152,realty.yandex.ru,Тверской,113.0,42.0,1546.0,72.0,226.27272727272728,1980,24320,1118,10849,609300.0,534.0,199.0,6654.0,72.0,405.2545454545455,1980,24320,1118,10849,15.0,6.0,9.0,29.0,0.0,4.0,5.0,0.0,8.0,4.0,3.0,1.0,4.0,0.0,0.0,5.0,3.0,1.0,3.0,3.0,0.0,1.0,3.0,14.0,48.0,3.0,1.0,67.0,27.0,38.0,161.0,0.0,13.0,18.0,0.0,31.0,14.0,9.0,4.0,4.0,0.0,0.0,19.0,15.0,7.0,15.0,9.0,0.0,5.0,29.0,69.0,138.0,7.0,5.0
321433070,cian.ru,Тушино Северное,32.0,14.0,2950.0,142.0,162.5,17662,19427,5549,12925,310000.0,160.0,65.0,11416.0,142.0,291.0,17662,19427,5549,12925,3.0,1.0,15.0,8.0,0.0,0.0,5.0,0.0,34.0,5.0,1.0,2.0,0.0,0.0,1.0,0.0,11.0,1.0,4.0,3.0,0.0,0.0,4.0,11.0,19.0,2.0,1.0,12.0,5.0,21.0,24.0,1.0,0.0,11.0,0.0,45.0,10.0,6.0,7.0,0.0,0.0,1.0,0.0,23.0,1.0,4.0,5.0,0.0,1.0,5.0,17.0,19.0,8.0,1.0
321734065,cian.ru,Тверской,141.0,30.0,1296.0,12.0,155.1875,4208,45369,1368,12174,609300.0,416.0,112.0,6444.0,12.0,314.45205479452056,4208,45369,1368,12174,15.0,13.0,13.0,77.0,0.0,3.0,1.0,0.0,12.0,2.0,2.0,1.0,0.0,0.0,0.0,8.0,10.0,0.0,8.0,4.0,0.0,0.0,17.0,19.0,50.0,1.0,1.0,58.0,25.0,34.0,167.0,2.0,11.0,11.0,0.0,54.0,12.0,10.0,5.0,21.0,1.0,1.0,18.0,30.0,4.0,22.0,16.0,2.0,1.0,42.0,64.0,171.0,5.0,5.0
320671463,cian.ru,Пресненский,21.0,8.0,1773.0,0.0,204.8,4670,318598,5210,103583,621300.0,71.0,29.0,3682.0,0.0,303.48148148148147,4670,318598,5210,103583,18.0,5.0,38.0,63.0,0.0,13.0,8.0,0.0,30.0,17.0,0.0,0.0,1.0,0.0,2.0,12.0,15.0,6.0,27.0,12.0,2.0,0.0,35.0,61.0,116.0,1.0,8.0,42.0,7.0,53.0,79.0,0.0,15.0,13.0,0.0,46.0,20.0,0.0,2.0,1.0,0.0,5.0,16.0,17.0,7.0,32.0,16.0,2.0,1.0,50.0,93.0,152.0,1.0,13.0
323905537,cian.ru,Тушино Северное,32.0,14.0,2950.0,142.0,162.5,17662,19427,5549,12925,310000.0,160.0,65.0,11416.0,142.0,291.0,17662,19427,5549,12925,3.0,1.0,15.0,8.0,0.0,0.0,5.0,0.0,34.0,5.0,1.0,2.0,0.0,0.0,1.0,0.0,11.0,1.0,4.0,3.0,0.0,0.0,4.0,11.0,19.0,2.0,1.0,12.0,5.0,21.0,24.0,1.0,0.0,11.0,0.0,45.0,10.0,6.0,7.0,0.0,0.0,1.0,0.0,23.0,1.0,4.0,5.0,0.0,1.0,5.0,17.0,19.0,8.0,1.0
322810405,cian.ru,Пресненский,9.0,2.0,,17.0,144.88888888888889,198,67919,60,40902,621300.0,46.0,16.0,4149.0,17.0,314.0,198,67919,60,40902,14.0,3.0,24.0,49.0,0.0,9.0,5.0,0.0,18.0,14.0,0.0,0.0,0.0,0.0,1.0,8.0,9.0,5.0,15.0,10.0,1.0,0.0,26.0,47.0,80.0,1.0,8.0,25.0,9.0,54.0,90.0,0.0,16.0,14.0,0.0,49.0,21.0,3.0,3.0,1.0,0.0,5.0,16.0,19.0,8.0,36.0,17.0,2.0,1.0,48.0,97.0,155.0,3.0,14.0
324201306,cian.ru,Тропарево-Никулино,17.0,5.0,283.0,123.0,195.25,4880,40913,1123,9148,399700.0,86.0,24.0,5055.0,123.0,346.1111111111111,4880,40913,1123,9148,1.0,0.0,6.0,3.0,0.0,1.0,4.0,0.0,7.0,1.0,0.0,0.0,2.0,0.0,2.0,0.0,6.0,0.0,4.0,2.0,1.0,0.0,3.0,8.0,21.0,1.0,0.0,17.0,6.0,19.0,31.0,0.0,4.0,7.0,0.0,49.0,6.0,3.0,2.0,28.0,0.0,5.0,0.0,24.0,4.0,12.0,8.0,1.0,1.0,17.0,33.0,78.0,2.0,1.0
7326503479979612160,realty.yandex.ru,Текстильщики,25.0,12.0,872.0,0.0,175.4,12140,11651,3014,4353,288100.0,107.0,52.0,4773.0,0.0,301.8,12140,11651,3014,4353,2.0,1.0,9.0,10.0,0.0,1.0,1.0,0.0,23.0,4.0,11.0,1.0,0.0,0.0,2.0,0.0,7.0,0.0,4.0,3.0,0.0,0.0,1.0,11.0,15.0,0.0,1.0,12.0,3.0,13.0,24.0,1.0,4.0,5.0,0.0,37.0,8.0,13.0,5.0,1.0,2.0,2.0,2.0,16.0,4.0,6.0,4.0,0.0,1.0,8.0,14.0,19.0,0.0,1.0
323768488,cian.ru,Пресненский,10.0,2.0,,2.0,158.8,198,67919,62,40902,621300.0,43.0,14.0,2510.0,2.0,306.27272727272725,198,67919,62,40902,22.0,5.0,33.0,58.0,0.0,11.0,6.0,0.0,30.0,15.0,0.0,0.0,1.0,0.0,2.0,9.0,9.0,7.0,22.0,11.0,1.0,0.0,33.0,62.0,91.0,1.0,9.0,25.0,9.0,53.0,86.0,0.0,16.0,13.0,0.0,44.0,21.0,3.0,3.0,1.0,0.0,5.0,15.0,18.0,7.0,32.0,16.0,2.0,0.0,46.0,93.0,155.0,3.0,13.0
7034398614177419264,realty.yandex.ru,Пресненский,19.0,8.0,253.0,25.0,205.53333333333333,4670,318598,5210,103583,621300.0,68.0,28.0,3622.0,25.0,297.3076923076923,4670,318598,5210,103583,20.0,5.0,41.0,69.0,0.0,13.0,9.0,0.0,30.0,17.0,0.0,0.0,1.0,0.0,2.0,12.0,14.0,7.0,27.0,13.0,2.0,0.0,36.0,65.0,119.0,1.0,10.0,37.0,7.0,53.0,79.0,0.0,15.0,13.0,0.0,46.0,20.0,0.0,1.0,1.0,0.0,5.0,16.0,16.0,7.0,32.0,16.0,2.0,1.0,50.0,93.0,152.0,1.0,13.0
322589433,cian.ru,Пресненский,12.0,3.0,137.0,0.0,163.58333333333334,2956,139525,1665,105474,621300.0,58.0,27.0,4445.0,0.0,317.1111111111111,2956,139525,1665,105474,20.0,6.0,40.0,67.0,0.0,10.0,7.0,0.0,37.0,17.0,0.0,0.0,1.0,0.0,3.0,10.0,14.0,7.0,25.0,13.0,2.0,0.0,39.0,72.0,119.0,1.0,11.0,24.0,8.0,53.0,86.0,0.0,16.0,13.0,0.0,54.0,21.0,4.0,3.0,2.0,0.0,5.0,16.0,20.0,7.0,36.0,16.0,2.0,1.0,50.0,96.0,157.0,3.0,13.0
324117366,cian.ru,Гагаринский,15.0,6.0,2070.0,,,3026,3598,1497,5675,454900.0,69.0,29.0,6606.0,326.0,326.0,3026,3598,1497,5675,4.0,1.0,10.0,10.0,0.0,1.0,3.0,0.0,20.0,4.0,1.0,7.0,0.0,0.0,1.0,0.0,6.0,2.0,9.0,3.0,0.0,0.0,1.0,10.0,11.0,0.0,0.0,21.0,11.0,18.0,45.0,0.0,2.0,9.0,0.0,33.0,11.0,5.0,12.0,4.0,0.0,2.0,0.0,15.0,3.0,12.0,9.0,0.0,0.0,3.0,29.0,25.0,4.0,0.0
325281724,cian.ru,Хамовники,111.0,23.0,928.0,16.0,182.7333333333333,3448,25152,611,10311,846800.0,447.0,134.0,5933.0,16.0,318.38461538461536,3448,25152,611,10311,24.0,12.0,10.0,17.0,2.0,4.0,3.0,0.0,4.0,4.0,1.0,0.0,1.0,0.0,0.0,9.0,6.0,1.0,5.0,3.0,0.0,0.0,15.0,25.0,32.0,2.0,1.0,78.0,16.0,24.0,65.0,2.0,8.0,11.0,0.0,11.0,14.0,7.0,4.0,12.0,1.0,0.0,14.0,16.0,5.0,12.0,7.0,0.0,2.0,23.0,42.0,55.0,5.0,2.0
5203054433263381504,realty.yandex.ru,Замоскворечье,86.0,24.0,1453.0,2.0,180.1875,3722,56521,1458,24199,543700.0,378.0,102.0,6749.0,2.0,416.3333333333333,3722,56521,1458,24199,9.0,5.0,15.0,27.0,0.0,1.0,6.0,0.0,21.0,4.0,1.0,1.0,0.0,0.0,1.0,3.0,4.0,1.0,6.0,3.0,0.0,4.0,7.0,32.0,59.0,0.0,2.0,35.0,17.0,31.0,108.0,0.0,9.0,15.0,0.0,30.0,8.0,8.0,8.0,8.0,1.0,2.0,16.0,25.0,2.0,21.0,11.0,0.0,10.0,30.0,52.0,111.0,6.0,6.0
322404458,cian.ru,Замоскворечье,178.0,47.0,1518.0,90.0,204.2,654,11677,792,10017,543700.0,627.0,151.0,5112.0,90.0,392.68992248062017,654,11677,792,10017,14.0,5.0,8.0,30.0,0.0,3.0,4.0,0.0,13.0,4.0,1.0,0.0,6.0,0.0,0.0,1.0,15.0,1.0,9.0,7.0,0.0,4.0,5.0,16.0,37.0,3.0,2.0,32.0,10.0,18.0,121.0,1.0,8.0,12.0,0.0,33.0,9.0,5.0,4.0,24.0,0.0,2.0,13.0,30.0,2.0,25.0,15.0,1.0,11.0,20.0,55.0,98.0,15.0,4.0
320092986,cian.ru,Даниловский,63.0,1.0,221.0,35.0,141.14285714285714,338,16978,699,14810,399100.0,219.0,23.0,4234.0,35.0,333.8125,338,16978,699,14810,6.0,2.0,8.0,23.0,0.0,4.0,2.0,0.0,10.0,2.0,0.0,0.0,1.0,0.0,1.0,7.0,5.0,1.0,4.0,8.0,0.0,0.0,5.0,8.0,27.0,2.0,1.0,11.0,7.0,18.0,59.0,1.0,8.0,4.0,0.0,69.0,4.0,1.0,2.0,3.0,0.0,2.0,11.0,15.0,2.0,13.0,12.0,0.0,13.0,17.0,34.0,62.0,3.0,3.0
321493565,cian.ru,Якиманка,90.0,35.0,1837.0,44.0,211.25,2268,17099,3139,17328,680600.0,309.0,90.0,7235.0,44.0,365.2903225806452,2268,17099,3139,17328,6.0,2.0,8.0,16.0,0.0,3.0,2.0,0.0,9.0,3.0,1.0,1.0,6.0,0.0,2.0,4.0,7.0,1.0,5.0,2.0,0.0,1.0,6.0,19.0,17.0,1.0,0.0,35.0,8.0,18.0,64.0,0.0,5.0,10.0,0.0,23.0,7.0,8.0,3.0,16.0,2.0,3.0,7.0,24.0,3.0,9.0,8.0,0.0,2.0,15.0,31.0,35.0,6.0,2.0
323513770,cian.ru,Тверской,112.0,34.0,1872.0,0.0,198.3636363636364,1078,21597,1557,20620,609300.0,341.0,96.0,6276.0,0.0,388.344262295082,1078,21597,1557,20620,10.0,6.0,9.0,27.0,0.0,3.0,3.0,0.0,33.0,3.0,1.0,1.0,1.0,0.0,0.0,7.0,5.0,1.0,6.0,1.0,2.0,0.0,14.0,15.0,72.0,1.0,1.0,33.0,12.0,30.0,97.0,0.0,5.0,13.0,0.0,46.0,12.0,2.0,4.0,29.0,3.0,0.0,18.0,24.0,3.0,14.0,11.0,2.0,2.0,29.0,48.0,134.0,6.0,5.0
322101638,cian.ru,Тверской,109.0,44.0,1563.0,61.0,209.4705882352941,2032,32019,1118,10849,609300.0,531.0,196.0,6520.0,61.0,410.07142857142856,2032,32019,1118,10849,14.0,6.0,9.0,31.0,0.0,4.0,5.0,0.0,8.0,4.0,3.0,1.0,4.0,0.0,0.0,5.0,3.0,1.0,3.0,3.0,0.0,1.0,3.0,14.0,47.0,3.0,1.0,69.0,27.0,38.0,160.0,0.0,13.0,18.0,0.0,30.0,14.0,9.0,5.0,4.0,0.0,0.0,19.0,17.0,8.0,15.0,9.0,0.0,5.0,28.0,68.0,135.0,7.0,5.0
322961245,cian.ru,Пресненский,176.0,80.0,1942.0,51.0,197.56666666666663,2518,11990,803,3461,621300.0,511.0,211.0,6376.0,51.0,367.5949367088608,2518,11990,803,3461,30.0,11.0,8.0,38.0,0.0,5.0,4.0,0.0,2.0,5.0,4.0,1.0,1.0,0.0,0.0,4.0,1.0,3.0,8.0,6.0,0.0,1.0,6.0,13.0,41.0,3.0,1.0,68.0,22.0,31.0,120.0,0.0,9.0,15.0,0.0,24.0,10.0,9.0,8.0,6.0,0.0,1.0,14.0,11.0,6.0,18.0,10.0,0.0,4.0,22.0,50.0,158.0,8.0,3.0
323235101,cian.ru,Тверской,112.0,34.0,1872.0,0.0,198.3636363636364,1078,21597,1557,20620,609300.0,341.0,96.0,6276.0,0.0,388.344262295082,1078,21597,1557,20620,10.0,6.0,9.0,27.0,0.0,3.0,3.0,0.0,33.0,3.0,1.0,1.0,1.0,0.0,0.0,7.0,5.0,1.0,6.0,1.0,2.0,0.0,14.0,15.0,72.0,1.0,1.0,33.0,12.0,30.0,97.0,0.0,5.0,13.0,0.0,46.0,12.0,2.0,4.0,29.0,3.0,0.0,18.0,24.0,3.0,14.0,11.0,2.0,2.0,29.0,48.0,134.0,6.0,5.0
8699683679041830912,realty.yandex.ru,Хамовники,184.0,46.0,1294.0,6.0,148.60714285714286,3086,20979,1157,5399,846800.0,592.0,204.0,5673.0,6.0,349.8888888888889,3086,20979,1157,5399,6.0,4.0,3.0,12.0,0.0,0.0,1.0,0.0,1.0,3.0,2.0,0.0,0.0,0.0,0.0,1.0,2.0,1.0,4.0,2.0,0.0,2.0,5.0,8.0,23.0,1.0,0.0,27.0,13.0,9.0,60.0,0.0,6.0,6.0,0.0,9.0,6.0,10.0,6.0,1.0,0.0,1.0,5.0,7.0,2.0,9.0,6.0,0.0,13.0,14.0,24.0,53.0,7.0,1.0
322617736,cian.ru,Беговой,52.0,14.0,2253.0,63.0,221.27777777777777,3008,36202,1528,19633,414000.0,245.0,64.0,7010.0,63.0,381.05555555555554,3008,36202,1528,19633,3.0,4.0,6.0,4.0,0.0,0.0,1.0,0.0,11.0,2.0,1.0,1.0,1.0,0.0,0.0,2.0,3.0,1.0,5.0,0.0,0.0,0.0,9.0,11.0,14.0,1.0,2.0,19.0,16.0,19.0,38.0,2.0,4.0,9.0,0.0,47.0,13.0,3.0,4.0,4.0,0.0,3.0,8.0,19.0,4.0,19.0,3.0,0.0,4.0,17.0,43.0,58.0,4.0,3.0
322729337,cian.ru,Марьина Роща,53.0,2.0,1372.0,23.0,199.2,3880,18009,1873,28110,402200.0,162.0,27.0,3786.0,23.0,371.96774193548384,3880,18009,1873,28110,0.0,2.0,3.0,2.0,0.0,1.0,0.0,0.0,6.0,0.0,0.0,0.0,2.0,0.0,3.0,3.0,4.0,3.0,3.0,1.0,0.0,1.0,5.0,8.0,25.0,0.0,0.0,10.0,8.0,15.0,21.0,1.0,2.0,6.0,1.0,34.0,3.0,2.0,1.0,2.0,0.0,6.0,10.0,16.0,9.0,8.0,2.0,0.0,2.0,12.0,35.0,71.0,4.0,1.0
320765326,cian.ru,Красносельский,116.0,44.0,1608.0,52.0,235.7333333333333,984,11070,1194,8940,454800.0,477.0,170.0,7406.0,52.0,423.2022471910112,984,11070,1194,8940,23.0,3.0,2.0,28.0,0.0,3.0,2.0,0.0,8.0,4.0,1.0,1.0,6.0,0.0,1.0,2.0,2.0,1.0,7.0,4.0,0.0,1.0,2.0,15.0,29.0,3.0,1.0,99.0,18.0,11.0,119.0,0.0,7.0,7.0,0.0,18.0,11.0,7.0,2.0,15.0,0.0,1.0,12.0,8.0,4.0,14.0,9.0,0.0,5.0,18.0,35.0,74.0,11.0,4.0
319764807,cian.ru,Обручевский,19.0,6.0,1669.0,112.0,168.25,438,4037,3340,389,411600.0,128.0,24.0,6530.0,112.0,396.55,438,4037,3340,389,0.0,0.0,1.0,1.0,0.0,2.0,1.0,0.0,1.0,1.0,0.0,0.0,0.0,0.0,0.0,2.0,2.0,0.0,2.0,0.0,0.0,0.0,2.0,1.0,1.0,1.0,0.0,13.0,1.0,6.0,10.0,0.0,3.0,4.0,0.0,10.0,4.0,1.0,2.0,0.0,3.0,0.0,8.0,14.0,1.0,7.0,4.0,0.0,3.0,7.0,10.0,9.0,6.0,3.0
323790810,cian.ru,Гагаринский,27.0,18.0,3257.0,97.0,97.0,1108,3698,1521,2358,454900.0,122.0,61.0,9412.0,97.0,354.0,1108,3698,1521,2358,7.0,4.0,9.0,15.0,0.0,2.0,6.0,0.0,4.0,6.0,0.0,1.0,0.0,0.0,0.0,0.0,7.0,1.0,2.0,5.0,0.0,0.0,3.0,8.0,8.0,3.0,1.0,15.0,11.0,16.0,40.0,0.0,4.0,14.0,0.0,53.0,14.0,7.0,9.0,1.0,0.0,2.0,1.0,32.0,4.0,8.0,15.0,0.0,0.0,11.0,23.0,33.0,8.0,1.0
324971243,cian.ru,Хамовники,182.0,65.0,1971.0,177.0,239.22222222222223,766,6122,1199,5451,846800.0,617.0,192.0,5974.0,177.0,438.77777777777777,766,6122,1199,5451,11.0,4.0,2.0,23.0,0.0,1.0,3.0,0.0,3.0,4.0,4.0,0.0,9.0,0.0,0.0,0.0,3.0,1.0,2.0,4.0,0.0,1.0,0.0,8.0,8.0,0.0,0.0,39.0,13.0,21.0,79.0,0.0,9.0,10.0,0.0,12.0,13.0,11.0,6.0,11.0,0.0,0.0,9.0,14.0,1.0,9.0,8.0,0.0,10.0,14.0,37.0,40.0,7.0,2.0
322034839,cian.ru,Алтуфьевский,26.0,9.0,3819.0,240.0,240.0,1390,910,0,0,280700.0,153.0,41.0,8428.0,240.0,444.9333333333333,1390,910,0,0,0.0,0.0,1.0,2.0,0.0,0.0,1.0,0.0,0.0,0.0,0.0,0.0,0.0,0.0,0.0,0.0,2.0,0.0,0.0,0.0,0.0,0.0,0.0,1.0,0.0,0.0,0.0,4.0,1.0,3.0,11.0,1.0,1.0,4.0,0.0,6.0,2.0,2.0,4.0,0.0,0.0,0.0,3.0,6.0,1.0,1.0,0.0,0.0,1.0,2.0,3.0,3.0,2.0,0.0
322812348,cian.ru,Южнопортовый,43.0,22.0,2687.0,127.0,211.5,2624,22275,4339,8977,368900.0,254.0,71.0,6563.0,127.0,430.3103448275862,2624,22275,4339,8977,11.0,1.0,8.0,10.0,1.0,0.0,3.0,0.0,15.0,4.0,1.0,0.0,0.0,0.0,1.0,0.0,11.0,2.0,4.0,3.0,0.0,0.0,8.0,7.0,17.0,3.0,0.0,16.0,1.0,17.0,23.0,1.0,4.0,5.0,0.0,24.0,9.0,5.0,6.0,4.0,1.0,1.0,4.0,20.0,6.0,6.0,3.0,0.0,0.0,22.0,17.0,29.0,8.0,0.0
324638994,cian.ru,Пресненский,21.0,8.0,1773.0,0.0,204.8,4670,318598,5210,103583,621300.0,71.0,29.0,3682.0,0.0,303.48148148148147,4670,318598,5210,103583,18.0,5.0,38.0,63.0,0.0,13.0,8.0,0.0,30.0,17.0,0.0,0.0,1.0,0.0,2.0,12.0,15.0,6.0,27.0,12.0,2.0,0.0,35.0,61.0,116.0,1.0,8.0,42.0,7.0,53.0,79.0,0.0,15.0,13.0,0.0,46.0,20.0,0.0,2.0,1.0,0.0,5.0,16.0,17.0,7.0,32.0,16.0,2.0,1.0,50.0,93.0,152.0,1.0,13.0
320594037,cian.ru,Пресненский,21.0,8.0,1773.0,0.0,204.8,4670,318598,5210,103583,621300.0,71.0,29.0,3682.0,0.0,303.48148148148147,4670,318598,5210,103583,18.0,5.0,38.0,63.0,0.0,13.0,8.0,0.0,30.0,17.0,0.0,0.0,1.0,0.0,2.0,12.0,15.0,6.0,27.0,12.0,2.0,0.0,35.0,61.0,116.0,1.0,8.0,42.0,7.0,53.0,79.0,0.0,15.0,13.0,0.0,46.0,20.0,0.0,2.0,1.0,0.0,5.0,16.0,17.0,7.0,32.0,16.0,2.0,1.0,50.0,93.0,152.0,1.0,13.0
3986832478443004928,realty.yandex.ru,Таганский,61.0,16.0,1541.0,0.0,213.07142857142856,9062,27804,943,9144,433700.0,278.0,83.0,7864.0,0.0,365.775,9062,27804,943,9144,6.0,4.0,8.0,14.0,0.0,1.0,1.0,0.0,19.0,3.0,0.0,1.0,0.0,0.0,0.0,1.0,13.0,3.0,4.0,1.0,0.0,2.0,7.0,18.0,23.0,4.0,1.0,33.0,12.0,20.0,41.0,2.0,4.0,6.0,0.0,46.0,11.0,3.0,4.0,2.0,0.0,0.0,3.0,22.0,3.0,6.0,10.0,0.0,4.0,12.0,26.0,32.0,11.0,1.0
322532992,cian.ru,Таганский,62.0,17.0,1625.0,8.0,211.69230769230768,9062,27804,943,9144,433700.0,280.0,84.0,7871.0,8.0,368.3,9062,27804,943,9144,6.0,4.0,9.0,14.0,0.0,1.0,1.0,0.0,19.0,4.0,0.0,1.0,0.0,0.0,0.0,1.0,13.0,3.0,4.0,1.0,0.0,2.0,7.0,19.0,26.0,4.0,1.0,30.0,12.0,20.0,40.0,2.0,4.0,6.0,0.0,46.0,11.0,3.0,4.0,2.0,0.0,0.0,3.0,22.0,3.0,6.0,9.0,0.0,4.0,12.0,26.0,32.0,11.0,1.0
323933164,cian.ru,Нагатинский Затон,32.0,17.0,2634.0,143.0,215.75,4950,7798,2941,7630,359600.0,154.0,77.0,10513.0,143.0,413.61538461538464,4950,7798,2941,7630,1.0,0.0,19.0,12.0,0.0,0.0,6.0,0.0,32.0,5.0,2.0,1.0,0.0,0.0,4.0,0.0,12.0,2.0,9.0,3.0,0.0,0.0,5.0,16.0,9.0,0.0,0.0,3.0,2.0,31.0,37.0,0.0,3.0,15.0,0.0,52.0,11.0,6.0,8.0,0.0,0.0,7.0,0.0,32.0,7.0,14.0,5.0,2.0,0.0,12.0,25.0,36.0,5.0,3.0
322858591,cian.ru,Покровское-Стрешнево,44.0,2.0,87.0,0.0,172.66666666666666,2118,16328,529,2451,398600.0,156.0,34.0,2515.0,0.0,339.2857142857143,2118,16328,529,2451,2.0,0.0,9.0,4.0,0.0,0.0,2.0,0.0,20.0,7.0,0.0,0.0,1.0,0.0,2.0,0.0,4.0,0.0,4.0,2.0,0.0,0.0,6.0,4.0,13.0,0.0,0.0,11.0,4.0,19.0,22.0,0.0,4.0,7.0,0.0,50.0,15.0,0.0,3.0,1.0,1.0,3.0,2.0,20.0,2.0,5.0,5.0,2.0,0.0,13.0,17.0,36.0,2.0,0.0
318820646,cian.ru,Тверской,93.0,20.0,942.0,53.0,214.2692307692308,1370,25844,1354,20180,609300.0,391.0,80.0,2582.0,53.0,401.1136363636364,1370,25844,1354,20180,7.0,0.0,8.0,19.0,0.0,0.0,5.0,0.0,8.0,1.0,1.0,0.0,3.0,0.0,2.0,3.0,6.0,1.0,3.0,5.0,0.0,1.0,9.0,15.0,45.0,0.0,0.0,15.0,3.0,20.0,57.0,0.0,7.0,9.0,0.0,14.0,5.0,4.0,0.0,14.0,1.0,4.0,11.0,10.0,1.0,15.0,17.0,0.0,13.0,17.0,47.0,155.0,3.0,2.0
322833044,cian.ru,Замоскворечье,80.0,20.0,1977.0,62.0,207.58823529411765,2504,43769,2506,24199,543700.0,372.0,101.0,6829.0,62.0,422.3095238095238,2504,43769,2506,24199,1.0,3.0,12.0,19.0,0.0,3.0,7.0,0.0,18.0,5.0,2.0,3.0,1.0,1.0,1.0,2.0,7.0,1.0,6.0,2.0,0.0,4.0,8.0,30.0,49.0,0.0,3.0,32.0,17.0,30.0,93.0,0.0,12.0,16.0,0.0,40.0,7.0,8.0,7.0,12.0,1.0,2.0,17.0,23.0,5.0,17.0,8.0,0.0,7.0,32.0,58.0,101.0,3.0,4.0
320901520,cian.ru,Красносельский,144.0,56.0,1155.0,86.0,201.65714285714284,3396,42886,856,9728,454800.0,640.0,253.0,5309.0,86.0,391.3474576271187,3396,42886,856,9728,21.0,10.0,8.0,40.0,0.0,3.0,2.0,0.0,5.0,3.0,2.0,0.0,8.0,0.0,0.0,3.0,3.0,0.0,5.0,0.0,0.0,5.0,8.0,10.0,44.0,1.0,0.0,66.0,28.0,23.0,173.0,0.0,16.0,9.0,0.0,26.0,11.0,5.0,3.0,20.0,0.0,1.0,17.0,11.0,2.0,17.0,11.0,0.0,13.0,22.0,58.0,157.0,9.0,5.0
324251983,cian.ru,Бутырский,53.0,9.0,894.0,,,2928,10656,1676,5395,385200.0,173.0,38.0,4167.0,399.0,507.3333333333333,2928,10656,1676,5395,0.0,4.0,7.0,10.0,0.0,0.0,2.0,0.0,12.0,5.0,0.0,1.0,0.0,0.0,1.0,0.0,10.0,0.0,2.0,2.0,0.0,0.0,2.0,7.0,8.0,0.0,0.0,3.0,6.0,14.0,18.0,0.0,1.0,2.0,0.0,21.0,7.0,1.0,1.0,0.0,1.0,1.0,1.0,19.0,7.0,6.0,3.0,0.0,0.0,6.0,11.0,8.0,1.0,0.0
323929296,cian.ru,Замоскворечье,80.0,20.0,1977.0,62.0,207.58823529411765,2504,43769,2506,24199,543700.0,372.0,101.0,6829.0,62.0,422.3095238095238,2504,43769,2506,24199,1.0,3.0,12.0,19.0,0.0,3.0,7.0,0.0,18.0,5.0,2.0,3.0,1.0,1.0,1.0,2.0,7.0,1.0,6.0,2.0,0.0,4.0,8.0,30.0,49.0,0.0,3.0,32.0,17.0,30.0,93.0,0.0,12.0,16.0,0.0,40.0,7.0,8.0,7.0,12.0,1.0,2.0,17.0,23.0,5.0,17.0,8.0,0.0,7.0,32.0,58.0,101.0,3.0,4.0
324979506,cian.ru,Пресненский,12.0,3.0,137.0,0.0,163.58333333333334,2956,139525,1665,105474,621300.0,58.0,27.0,4445.0,0.0,317.1111111111111,2956,139525,1665,105474,20.0,6.0,40.0,67.0,0.0,10.0,7.0,0.0,37.0,17.0,0.0,0.0,1.0,0.0,3.0,10.0,14.0,7.0,25.0,13.0,2.0,0.0,39.0,72.0,119.0,1.0,11.0,24.0,8.0,53.0,86.0,0.0,16.0,13.0,0.0,54.0,21.0,4.0,3.0,2.0,0.0,5.0,16.0,20.0,7.0,36.0,16.0,2.0,1.0,50.0,96.0,157.0,3.0,13.0
5203054433263442944,realty.yandex.ru,Замоскворечье,80.0,20.0,1977.0,62.0,207.58823529411765,2504,43769,2506,24199,543700.0,372.0,101.0,6829.0,62.0,422.3095238095238,2504,43769,2506,24199,1.0,3.0,12.0,19.0,0.0,3.0,7.0,0.0,18.0,5.0,2.0,3.0,1.0,1.0,1.0,2.0,7.0,1.0,6.0,2.0,0.0,4.0,8.0,30.0,48.0,0.0,3.0,32.0,17.0,30.0,93.0,0.0,12.0,16.0,0.0,40.0,7.0,8.0,7.0,12.0,1.0,2.0,17.0,23.0,5.0,17.0,8.0,0.0,7.0,32.0,58.0,101.0,3.0,4.0
320293569,cian.ru,Пресненский,12.0,3.0,137.0,0.0,163.58333333333334,2956,139525,1665,105474,621300.0,58.0,27.0,4445.0,0.0,317.1111111111111,2956,139525,1665,105474,20.0,6.0,40.0,67.0,0.0,10.0,7.0,0.0,37.0,17.0,0.0,0.0,1.0,0.0,3.0,10.0,14.0,7.0,25.0,13.0,2.0,0.0,39.0,72.0,119.0,1.0,11.0,24.0,8.0,53.0,86.0,0.0,16.0,13.0,0.0,54.0,21.0,4.0,3.0,2.0,0.0,5.0,16.0,20.0,7.0,36.0,16.0,2.0,1.0,50.0,96.0,157.0,3.0,13.0
2108370138115346944,realty.yandex.ru,Пресненский,12.0,3.0,137.0,0.0,163.58333333333334,2956,139525,1665,105474,621300.0,58.0,27.0,4445.0,0.0,317.1111111111111,2956,139525,1665,105474,20.0,6.0,40.0,67.0,0.0,10.0,7.0,0.0,37.0,17.0,0.0,0.0,1.0,0.0,3.0,10.0,14.0,7.0,25.0,13.0,2.0,0.0,39.0,72.0,119.0,1.0,11.0,24.0,8.0,53.0,86.0,0.0,16.0,13.0,0.0,54.0,21.0,4.0,3.0,2.0,0.0,5.0,16.0,20.0,7.0,36.0,16.0,2.0,1.0,50.0,96.0,157.0,3.0,13.0
323346163,cian.ru,Тверской,86.0,30.0,2183.0,0.0,146.63636363636363,12024,84535,1039,12818,609300.0,286.0,120.0,8022.0,0.0,335.03508771929825,12024,84535,1039,12818,19.0,5.0,12.0,48.0,0.0,6.0,6.0,0.0,8.0,5.0,1.0,2.0,0.0,0.0,0.0,5.0,8.0,0.0,6.0,5.0,0.0,0.0,6.0,18.0,69.0,4.0,2.0,32.0,13.0,35.0,110.0,0.0,8.0,16.0,0.0,28.0,17.0,4.0,6.0,1.0,2.0,2.0,14.0,25.0,2.0,22.0,12.0,0.0,3.0,15.0,40.0,130.0,8.0,7.0
323849313,cian.ru,Тропарево-Никулино,17.0,5.0,283.0,123.0,195.25,4880,40913,1123,9148,399700.0,86.0,24.0,5055.0,123.0,346.1111111111111,4880,40913,1123,9148,1.0,0.0,6.0,3.0,0.0,1.0,4.0,0.0,7.0,1.0,0.0,0.0,2.0,0.0,2.0,0.0,6.0,0.0,4.0,2.0,1.0,0.0,3.0,8.0,21.0,1.0,0.0,17.0,6.0,19.0,31.0,0.0,4.0,7.0,0.0,49.0,6.0,3.0,2.0,28.0,0.0,5.0,0.0,24.0,4.0,12.0,8.0,1.0,1.0,17.0,33.0,78.0,2.0,1.0
5680755611394501632,realty.yandex.ru,Красносельский,143.0,61.0,1663.0,0.0,182.1578947368421,2106,37133,3983,30675,454800.0,570.0,236.0,6279.0,0.0,361.4579439252336,2106,37133,3983,30675,10.0,4.0,5.0,39.0,0.0,1.0,3.0,0.0,11.0,3.0,1.0,0.0,10.0,0.0,1.0,7.0,5.0,0.0,8.0,5.0,0.0,2.0,1.0,23.0,42.0,4.0,2.0,99.0,25.0,19.0,149.0,1.0,8.0,8.0,0.0,21.0,14.0,6.0,4.0,16.0,0.0,1.0,18.0,10.0,2.0,16.0,13.0,0.0,6.0,20.0,38.0,109.0,13.0,4.0
318509192,cian.ru,Пресненский,21.0,8.0,1773.0,0.0,204.8,4670,318598,5210,103583,621300.0,71.0,29.0,3682.0,0.0,303.48148148148147,4670,318598,5210,103583,18.0,5.0,38.0,63.0,0.0,13.0,8.0,0.0,30.0,17.0,0.0,0.0,1.0,0.0,2.0,12.0,15.0,6.0,27.0,12.0,2.0,0.0,35.0,61.0,116.0,1.0,8.0,42.0,7.0,53.0,79.0,0.0,15.0,13.0,0.0,46.0,20.0,0.0,2.0,1.0,0.0,5.0,16.0,17.0,7.0,32.0,16.0,2.0,1.0,50.0,93.0,152.0,1.0,13.0
3940753168374252032,realty.yandex.ru,Пресненский,12.0,3.0,137.0,0.0,163.58333333333334,2956,139525,1665,105474,621300.0,58.0,27.0,4445.0,0.0,317.1111111111111,2956,139525,1665,105474,20.0,6.0,40.0,67.0,0.0,10.0,7.0,0.0,37.0,17.0,0.0,0.0,1.0,0.0,3.0,10.0,14.0,7.0,25.0,13.0,2.0,0.0,39.0,72.0,119.0,1.0,11.0,24.0,8.0,53.0,86.0,0.0,16.0,13.0,0.0,54.0,21.0,4.0,3.0,2.0,0.0,5.0,16.0,20.0,7.0,36.0,16.0,2.0,1.0,50.0,96.0,157.0,3.0,13.0
324032453,cian.ru,Таганский,101.0,19.0,1914.0,59.0,227.3636363636364,9796,82265,2060,6686,433700.0,329.0,68.0,6271.0,59.0,373.6091954022989,9796,82265,2060,6686,29.0,13.0,14.0,82.0,0.0,3.0,4.0,0.0,7.0,6.0,5.0,1.0,1.0,0.0,1.0,0.0,11.0,2.0,4.0,3.0,0.0,0.0,10.0,10.0,31.0,2.0,2.0,51.0,23.0,38.0,180.0,0.0,11.0,8.0,0.0,26.0,12.0,13.0,2.0,4.0,0.0,4.0,8.0,37.0,2.0,16.0,14.0,0.0,3.0,20.0,32.0,108.0,10.0,6.0
325182167,cian.ru,Даниловский,63.0,2.0,1201.0,0.0,146.5,5354,49039,699,19225,399100.0,236.0,28.0,4592.0,0.0,331.6774193548387,5354,49039,699,19225,6.0,3.0,12.0,28.0,0.0,7.0,3.0,0.0,20.0,3.0,0.0,0.0,1.0,0.0,2.0,7.0,13.0,2.0,5.0,11.0,0.0,3.0,7.0,12.0,32.0,2.0,3.0,12.0,9.0,17.0,60.0,1.0,8.0,5.0,0.0,74.0,6.0,3.0,3.0,3.0,0.0,2.0,10.0,17.0,3.0,12.0,12.0,0.0,13.0,15.0,30.0,60.0,3.0,3.0
321912117,cian.ru,Мещанский,136.0,50.0,1538.0,0.0,188.03125,292,3493,515,8901,530600.0,564.0,225.0,6903.0,0.0,388.9834710743802,292,3493,515,8901,26.0,18.0,17.0,43.0,0.0,0.0,4.0,0.0,7.0,6.0,4.0,2.0,1.0,0.0,1.0,9.0,4.0,2.0,8.0,9.0,0.0,0.0,11.0,16.0,60.0,4.0,1.0,54.0,44.0,29.0,140.0,1.0,7.0,11.0,0.0,16.0,13.0,5.0,6.0,14.0,0.0,1.0,25.0,14.0,4.0,14.0,11.0,0.0,5.0,17.0,32.0,98.0,11.0,7.0
8660284132698870784,realty.yandex.ru,Хамовники,161.0,69.0,1261.0,2.0,189.4782608695652,874,7625,1057,4574,846800.0,529.0,179.0,4019.0,2.0,377.1298701298701,874,7625,1057,4574,4.0,7.0,6.0,17.0,0.0,3.0,2.0,0.0,1.0,0.0,1.0,3.0,0.0,0.0,0.0,2.0,0.0,0.0,3.0,1.0,0.0,6.0,2.0,6.0,13.0,3.0,0.0,19.0,12.0,9.0,51.0,0.0,5.0,6.0,0.0,7.0,7.0,4.0,4.0,13.0,0.0,0.0,8.0,5.0,1.0,8.0,5.0,0.0,15.0,14.0,29.0,55.0,4.0,1.0
324199511,cian.ru,Арбат,115.0,17.0,286.0,0.0,196.07407407407408,764,15791,227,11783,820400.0,387.0,75.0,2280.0,0.0,355.06410256410254,764,15791,227,11783,7.0,0.0,2.0,7.0,0.0,5.0,3.0,0.0,1.0,1.0,2.0,0.0,9.0,0.0,0.0,6.0,2.0,0.0,3.0,2.0,0.0,2.0,11.0,9.0,33.0,0.0,1.0,17.0,5.0,13.0,48.0,0.0,9.0,7.0,0.0,13.0,4.0,6.0,0.0,20.0,0.0,2.0,14.0,11.0,0.0,10.0,8.0,0.0,9.0,17.0,40.0,110.0,2.0,1.0
7523548143730271232,realty.yandex.ru,Пресненский,19.0,8.0,253.0,25.0,205.53333333333333,4670,318598,5210,103583,621300.0,68.0,28.0,3622.0,25.0,297.3076923076923,4670,318598,5210,103583,20.0,5.0,41.0,69.0,0.0,13.0,9.0,0.0,30.0,17.0,0.0,0.0,1.0,0.0,2.0,12.0,14.0,7.0,27.0,13.0,2.0,0.0,36.0,65.0,119.0,1.0,10.0,37.0,7.0,53.0,79.0,0.0,15.0,13.0,0.0,46.0,20.0,0.0,1.0,1.0,0.0,5.0,16.0,16.0,7.0,32.0,16.0,2.0,1.0,50.0,93.0,152.0,1.0,13.0
323828673,cian.ru,Фили-Давыдково,45.0,25.0,2348.0,137.0,189.0,6756,14256,2764,6762,401300.0,190.0,115.0,10711.0,137.0,383.25,6756,14256,2764,6762,4.0,0.0,9.0,6.0,0.0,0.0,4.0,0.0,10.0,3.0,0.0,0.0,1.0,0.0,1.0,0.0,5.0,1.0,1.0,2.0,0.0,0.0,2.0,6.0,6.0,0.0,1.0,39.0,5.0,15.0,26.0,1.0,1.0,11.0,0.0,20.0,10.0,4.0,6.0,2.0,0.0,2.0,0.0,24.0,9.0,4.0,6.0,0.0,0.0,2.0,11.0,16.0,8.0,1.0
323892553,cian.ru,Якиманка,46.0,15.0,532.0,171.0,229.0,262,5697,324,3735,680600.0,186.0,45.0,3016.0,171.0,419.7307692307692,262,5697,324,3735,6.0,2.0,9.0,7.0,0.0,5.0,1.0,0.0,6.0,4.0,1.0,2.0,16.0,0.0,0.0,2.0,0.0,0.0,4.0,0.0,1.0,2.0,5.0,10.0,7.0,3.0,1.0,11.0,8.0,15.0,22.0,0.0,7.0,3.0,0.0,10.0,5.0,6.0,7.0,27.0,0.0,0.0,3.0,3.0,0.0,7.0,3.0,3.0,3.0,9.0,25.0,39.0,6.0,1.0
7523548143730326528,realty.yandex.ru,Хамовники,161.0,69.0,1261.0,2.0,189.4782608695652,874,7625,1057,4574,846800.0,529.0,179.0,4019.0,2.0,377.1298701298701,874,7625,1057,4574,4.0,7.0,6.0,17.0,0.0,3.0,2.0,0.0,1.0,0.0,1.0,3.0,0.0,0.0,0.0,2.0,0.0,0.0,3.0,1.0,0.0,6.0,2.0,6.0,13.0,3.0,0.0,19.0,12.0,9.0,51.0,0.0,5.0,6.0,0.0,7.0,7.0,4.0,4.0,13.0,0.0,0.0,8.0,5.0,1.0,8.0,5.0,0.0,15.0,14.0,29.0,55.0,4.0,1.0
323615296,cian.ru,Пресненский,21.0,8.0,1773.0,0.0,204.8,4670,318598,5210,103583,621300.0,71.0,29.0,3682.0,0.0,303.48148148148147,4670,318598,5210,103583,18.0,5.0,38.0,63.0,0.0,13.0,8.0,0.0,30.0,17.0,0.0,0.0,1.0,0.0,2.0,12.0,15.0,6.0,27.0,12.0,2.0,0.0,35.0,61.0,116.0,1.0,8.0,42.0,7.0,53.0,79.0,0.0,15.0,13.0,0.0,46.0,20.0,0.0,2.0,1.0,0.0,5.0,16.0,17.0,7.0,32.0,16.0,2.0,1.0,50.0,93.0,152.0,1.0,13.0
324830141,cian.ru,Тверской,141.0,47.0,800.0,0.0,180.7142857142857,604,6720,635,6296,609300.0,625.0,205.0,3588.0,0.0,401.0,604,6720,635,6296,6.0,5.0,4.0,24.0,0.0,5.0,1.0,0.0,6.0,1.0,1.0,2.0,5.0,0.0,0.0,2.0,2.0,3.0,3.0,2.0,0.0,9.0,7.0,9.0,43.0,1.0,2.0,55.0,28.0,27.0,140.0,2.0,15.0,12.0,0.0,22.0,14.0,5.0,7.0,8.0,0.0,1.0,23.0,7.0,6.0,18.0,18.0,0.0,15.0,30.0,49.0,180.0,12.0,4.0
320854666,cian.ru,Кунцево,10.0,3.0,1246.0,161.0,186.0,332,2193,8965,6568,351900.0,79.0,41.0,7163.0,161.0,392.6666666666667,332,2193,8965,6568,0.0,0.0,1.0,2.0,0.0,0.0,1.0,0.0,6.0,1.0,0.0,0.0,0.0,0.0,0.0,0.0,1.0,0.0,2.0,1.0,0.0,0.0,1.0,2.0,3.0,1.0,0.0,6.0,4.0,2.0,13.0,0.0,2.0,2.0,0.0,13.0,5.0,2.0,4.0,2.0,0.0,0.0,2.0,7.0,1.0,4.0,3.0,0.0,0.0,1.0,7.0,7.0,2.0,1.0
319595894,cian.ru,Хорошево-Мневники,14.0,9.0,163.0,,,326,0,163,0,454100.0,34.0,29.0,850.0,,,326,0,163,0,0.0,0.0,0.0,0.0,0.0,0.0,0.0,0.0,0.0,0.0,0.0,0.0,0.0,0.0,0.0,0.0,0.0,0.0,0.0,0.0,0.0,0.0,0.0,0.0,0.0,0.0,0.0,0.0,0.0,0.0,0.0,0.0,0.0,0.0,0.0,1.0,0.0,0.0,0.0,0.0,0.0,0.0,0.0,0.0,0.0,0.0,0.0,0.0,0.0,0.0,0.0,0.0,0.0,0.0
3986832478471605248,realty.yandex.ru,Пресненский,19.0,8.0,253.0,25.0,205.53333333333333,4670,318598,5210,103583,621300.0,68.0,28.0,3622.0,25.0,297.3076923076923,4670,318598,5210,103583,20.0,5.0,41.0,69.0,0.0,13.0,9.0,0.0,30.0,17.0,0.0,0.0,1.0,0.0,2.0,12.0,14.0,7.0,27.0,13.0,2.0,0.0,36.0,65.0,119.0,1.0,10.0,37.0,7.0,53.0,79.0,0.0,15.0,13.0,0.0,46.0,20.0,0.0,1.0,1.0,0.0,5.0,16.0,16.0,7.0,32.0,16.0,2.0,1.0,50.0,93.0,152.0,1.0,13.0
324906682,cian.ru,Пресненский,13.0,5.0,820.0,82.0,82.0,6146,20551,0,0,621300.0,123.0,55.0,8305.0,82.0,430.1666666666667,6146,20551,0,0,1.0,1.0,4.0,0.0,0.0,0.0,2.0,0.0,1.0,0.0,0.0,0.0,0.0,0.0,0.0,1.0,0.0,1.0,1.0,0.0,0.0,0.0,2.0,0.0,0.0,0.0,0.0,26.0,4.0,11.0,14.0,1.0,3.0,5.0,0.0,9.0,7.0,2.0,3.0,0.0,0.0,1.0,5.0,9.0,2.0,10.0,4.0,0.0,0.0,6.0,10.0,21.0,9.0,1.0
320377532,cian.ru,Пресненский,91.0,20.0,1111.0,31.0,170.85185185185185,330,12435,363,9239,621300.0,440.0,185.0,7707.0,31.0,351.72727272727275,330,12435,363,9239,9.0,6.0,2.0,25.0,0.0,2.0,2.0,0.0,7.0,0.0,1.0,1.0,0.0,0.0,0.0,7.0,1.0,0.0,2.0,3.0,0.0,0.0,10.0,8.0,18.0,1.0,3.0,72.0,24.0,34.0,137.0,0.0,11.0,16.0,0.0,30.0,17.0,6.0,6.0,3.0,0.0,2.0,16.0,22.0,10.0,22.0,12.0,0.0,1.0,28.0,57.0,132.0,9.0,8.0
325112145,cian.ru,Мещанский,170.0,62.0,768.0,79.0,221.03571428571428,452,8945,244,4726,530600.0,636.0,217.0,3647.0,79.0,428.23776223776224,452,8945,244,4726,4.0,5.0,5.0,31.0,0.0,4.0,2.0,0.0,11.0,7.0,0.0,1.0,1.0,0.0,0.0,6.0,5.0,0.0,6.0,3.0,0.0,10.0,11.0,18.0,60.0,2.0,0.0,52.0,28.0,31.0,138.0,2.0,10.0,10.0,0.0,23.0,13.0,4.0,2.0,12.0,0.0,3.0,22.0,11.0,2.0,17.0,19.0,0.0,15.0,31.0,56.0,188.0,7.0,6.0
321560195,cian.ru,Басманный,103.0,38.0,1521.0,145.0,239.5,4942,36631,2424,14438,461200.0,458.0,160.0,5343.0,145.0,432.6629213483146,4942,36631,2424,14438,13.0,4.0,9.0,39.0,0.0,1.0,5.0,0.0,11.0,2.0,1.0,0.0,1.0,0.0,1.0,4.0,5.0,2.0,7.0,3.0,0.0,0.0,13.0,21.0,38.0,2.0,0.0,40.0,17.0,19.0,157.0,1.0,7.0,17.0,0.0,29.0,11.0,4.0,3.0,22.0,2.0,1.0,10.0,24.0,2.0,18.0,8.0,0.0,3.0,35.0,65.0,113.0,7.0,1.0
319624056,cian.ru,Басманный,198.0,34.0,905.0,0.0,161.82758620689654,312,8708,264,4839,461200.0,583.0,107.0,3074.0,0.0,356.2323232323232,312,8708,264,4839,3.0,4.0,5.0,18.0,1.0,4.0,1.0,0.0,3.0,3.0,1.0,2.0,7.0,0.0,0.0,4.0,3.0,0.0,2.0,1.0,0.0,12.0,4.0,12.0,30.0,3.0,0.0,24.0,13.0,23.0,108.0,1.0,10.0,6.0,0.0,17.0,10.0,3.0,3.0,19.0,1.0,0.0,8.0,9.0,4.0,10.0,9.0,0.0,25.0,17.0,37.0,168.0,3.0,3.0
322607678,cian.ru,Раменки,35.0,16.0,3823.0,,,2238,6482,1285,5509,483300.0,115.0,46.0,8611.0,380.0,405.5,2238,6482,1285,5509,6.0,8.0,7.0,24.0,0.0,1.0,2.0,0.0,1.0,4.0,2.0,4.0,0.0,1.0,0.0,0.0,4.0,2.0,6.0,6.0,0.0,0.0,4.0,8.0,13.0,1.0,0.0,14.0,21.0,20.0,57.0,0.0,4.0,9.0,0.0,11.0,8.0,8.0,11.0,3.0,7.0,2.0,0.0,21.0,5.0,15.0,14.0,0.0,1.0,5.0,18.0,39.0,2.0,0.0
322727899,cian.ru,Хамовники,160.0,68.0,1218.0,0.0,188.7826086956522,874,7625,1057,4574,846800.0,531.0,180.0,4053.0,0.0,379.56410256410254,874,7625,1057,4574,4.0,7.0,6.0,17.0,0.0,3.0,2.0,0.0,1.0,0.0,2.0,3.0,0.0,0.0,0.0,2.0,0.0,0.0,3.0,1.0,0.0,6.0,4.0,6.0,13.0,3.0,0.0,19.0,12.0,9.0,51.0,0.0,5.0,6.0,0.0,7.0,7.0,4.0,4.0,13.0,0.0,0.0,8.0,5.0,1.0,8.0,5.0,0.0,15.0,14.0,29.0,55.0,4.0,1.0
2361989404477357056,realty.yandex.ru,Нагатинский Затон,33.0,17.0,2634.0,139.0,220.5,4950,7798,2941,7630,359600.0,153.0,76.0,10429.0,139.0,415.46153846153845,4950,7798,2941,7630,1.0,0.0,19.0,12.0,0.0,0.0,6.0,0.0,32.0,5.0,2.0,1.0,0.0,0.0,4.0,0.0,12.0,2.0,9.0,3.0,0.0,0.0,5.0,16.0,9.0,0.0,0.0,3.0,2.0,31.0,38.0,0.0,3.0,15.0,0.0,52.0,11.0,6.0,7.0,0.0,0.0,7.0,0.0,32.0,7.0,14.0,6.0,2.0,0.0,12.0,25.0,36.0,5.0,3.0
8660284132704620544,realty.yandex.ru,Пресненский,106.0,43.0,2156.0,61.0,178.75,1378,13386,2674,6065,621300.0,366.0,123.0,7439.0,61.0,340.88,1378,13386,2674,6065,19.0,6.0,19.0,27.0,0.0,7.0,4.0,0.0,17.0,5.0,3.0,1.0,0.0,0.0,0.0,5.0,12.0,3.0,4.0,5.0,0.0,1.0,10.0,23.0,16.0,1.0,2.0,34.0,14.0,32.0,69.0,1.0,13.0,12.0,0.0,26.0,8.0,8.0,6.0,4.0,1.0,0.0,10.0,23.0,4.0,13.0,13.0,1.0,3.0,21.0,41.0,56.0,4.0,4.0
5688440034069665792,realty.yandex.ru,Беговой,52.0,14.0,2253.0,63.0,221.27777777777777,3008,36202,1528,19633,414000.0,245.0,64.0,7010.0,63.0,381.05555555555554,3008,36202,1528,19633,3.0,4.0,6.0,4.0,0.0,0.0,1.0,0.0,11.0,2.0,1.0,1.0,1.0,0.0,0.0,2.0,3.0,1.0,5.0,0.0,0.0,0.0,9.0,11.0,14.0,1.0,2.0,19.0,16.0,19.0,38.0,2.0,4.0,9.0,0.0,47.0,13.0,3.0,4.0,4.0,0.0,3.0,8.0,19.0,4.0,19.0,3.0,0.0,4.0,17.0,43.0,58.0,4.0,3.0
322290267,cian.ru,Басманный,198.0,34.0,905.0,0.0,161.82758620689654,312,8708,264,4839,461200.0,583.0,107.0,3074.0,0.0,356.2323232323232,312,8708,264,4839,3.0,4.0,5.0,18.0,1.0,4.0,1.0,0.0,3.0,3.0,1.0,2.0,7.0,0.0,0.0,4.0,3.0,0.0,2.0,1.0,0.0,12.0,4.0,12.0,30.0,3.0,0.0,24.0,13.0,23.0,108.0,1.0,10.0,6.0,0.0,17.0,10.0,3.0,3.0,19.0,1.0,0.0,8.0,9.0,4.0,10.0,9.0,0.0,25.0,17.0,37.0,168.0,3.0,3.0
3086827117781236224,realty.yandex.ru,Пресненский,87.0,16.0,1627.0,7.0,180.4,2218,21174,2994,20229,621300.0,240.0,87.0,6569.0,7.0,348.52,2218,21174,2994,20229,7.0,2.0,6.0,7.0,0.0,1.0,2.0,0.0,10.0,3.0,0.0,2.0,1.0,0.0,3.0,1.0,12.0,0.0,7.0,0.0,0.0,2.0,2.0,6.0,9.0,0.0,0.0,25.0,8.0,21.0,46.0,0.0,6.0,12.0,0.0,25.0,13.0,2.0,7.0,1.0,0.0,3.0,3.0,22.0,4.0,18.0,7.0,0.0,5.0,15.0,27.0,41.0,8.0,1.0
324948857,cian.ru,Марьина Роща,53.0,2.0,1372.0,23.0,199.2,3880,18009,1873,28110,402200.0,162.0,27.0,3786.0,23.0,371.96774193548384,3880,18009,1873,28110,0.0,2.0,3.0,2.0,0.0,1.0,0.0,0.0,6.0,0.0,0.0,0.0,2.0,0.0,3.0,3.0,4.0,3.0,3.0,1.0,0.0,1.0,5.0,8.0,25.0,0.0,0.0,10.0,8.0,15.0,21.0,1.0,2.0,6.0,1.0,34.0,3.0,2.0,1.0,2.0,0.0,6.0,10.0,16.0,9.0,8.0,2.0,0.0,2.0,12.0,35.0,71.0,4.0,1.0
5203054433262726144,realty.yandex.ru,Тверской,112.0,34.0,1872.0,0.0,198.3636363636364,1078,21597,1557,20620,609300.0,341.0,96.0,6276.0,0.0,388.3934426229508,1078,21597,1557,20620,10.0,6.0,9.0,27.0,0.0,3.0,3.0,0.0,33.0,3.0,1.0,1.0,1.0,0.0,0.0,7.0,5.0,1.0,6.0,1.0,2.0,0.0,14.0,15.0,72.0,1.0,1.0,33.0,12.0,30.0,97.0,0.0,5.0,13.0,0.0,46.0,12.0,2.0,4.0,29.0,3.0,0.0,18.0,24.0,3.0,14.0,11.0,2.0,2.0,29.0,48.0,134.0,6.0,5.0
324335016,cian.ru,Дорогомилово,25.0,8.0,1065.0,169.0,198.0,956,18626,1444,10329,530200.0,112.0,34.0,4394.0,169.0,395.6,956,18626,1444,10329,8.0,1.0,1.0,7.0,0.0,0.0,1.0,0.0,4.0,4.0,1.0,1.0,1.0,0.0,0.0,1.0,2.0,0.0,2.0,0.0,0.0,0.0,1.0,6.0,3.0,1.0,0.0,15.0,6.0,9.0,40.0,0.0,2.0,8.0,0.0,19.0,11.0,1.0,3.0,4.0,0.0,0.0,1.0,12.0,2.0,9.0,6.0,0.0,0.0,9.0,25.0,17.0,7.0,0.0
324981154,cian.ru,Даниловский,31.0,13.0,1276.0,56.0,191.83333333333331,5974,7046,1173,6739,399100.0,79.0,33.0,5212.0,56.0,296.3,5974,7046,1173,6739,2.0,3.0,3.0,7.0,0.0,1.0,1.0,0.0,2.0,3.0,0.0,0.0,0.0,0.0,0.0,5.0,2.0,0.0,2.0,0.0,0.0,0.0,6.0,8.0,7.0,0.0,0.0,3.0,8.0,6.0,13.0,0.0,1.0,4.0,0.0,4.0,3.0,0.0,0.0,0.0,0.0,1.0,9.0,4.0,0.0,3.0,2.0,0.0,0.0,6.0,13.0,15.0,0.0,0.0
2502385282107225088,realty.yandex.ru,Донской,83.0,29.0,1655.0,71.0,194.0,2514,7094,905,1266,391900.0,334.0,131.0,8170.0,71.0,362.42105263157896,2514,7094,905,1266,6.0,1.0,2.0,27.0,0.0,0.0,1.0,0.0,3.0,0.0,2.0,2.0,2.0,1.0,0.0,1.0,3.0,0.0,3.0,1.0,0.0,0.0,2.0,0.0,1.0,1.0,1.0,35.0,9.0,21.0,74.0,1.0,8.0,12.0,0.0,23.0,9.0,9.0,7.0,8.0,2.0,2.0,5.0,22.0,4.0,8.0,11.0,0.0,0.0,10.0,23.0,27.0,9.0,1.0
323110353,cian.ru,Тверской,167.0,48.0,760.0,43.0,178.37142857142857,944,25975,312,11038,609300.0,520.0,125.0,3220.0,43.0,385.3796296296296,944,25975,312,11038,10.0,3.0,5.0,37.0,0.0,3.0,2.0,0.0,0.0,0.0,3.0,0.0,1.0,1.0,1.0,5.0,0.0,0.0,5.0,7.0,0.0,3.0,7.0,10.0,53.0,7.0,0.0,38.0,12.0,32.0,127.0,3.0,15.0,15.0,0.0,19.0,8.0,5.0,2.0,11.0,1.0,4.0,18.0,15.0,3.0,20.0,23.0,0.0,14.0,26.0,50.0,218.0,8.0,4.0
324725910,cian.ru,Пресненский,13.0,5.0,820.0,81.0,81.0,6146,20551,0,0,621300.0,123.0,55.0,8305.0,81.0,430.27777777777777,6146,20551,0,0,1.0,1.0,4.0,0.0,0.0,0.0,2.0,0.0,1.0,0.0,0.0,0.0,0.0,0.0,0.0,1.0,0.0,1.0,1.0,0.0,0.0,0.0,2.0,0.0,0.0,0.0,0.0,26.0,4.0,11.0,14.0,1.0,3.0,5.0,0.0,9.0,7.0,2.0,3.0,0.0,0.0,1.0,5.0,9.0,2.0,10.0,4.0,0.0,0.0,6.0,10.0,21.0,9.0,1.0
320469977,cian.ru,Тверской,103.0,29.0,1678.0,67.0,186.58823529411765,840,21597,2442,20620,609300.0,366.0,108.0,6912.0,67.0,403.1470588235294,840,21597,2442,20620,10.0,4.0,5.0,25.0,0.0,2.0,3.0,0.0,32.0,2.0,2.0,2.0,11.0,0.0,0.0,5.0,5.0,1.0,4.0,1.0,2.0,0.0,14.0,15.0,66.0,1.0,1.0,43.0,16.0,34.0,136.0,0.0,8.0,14.0,0.0,54.0,12.0,2.0,4.0,29.0,3.0,1.0,19.0,25.0,3.0,18.0,13.0,2.0,2.0,35.0,54.0,164.0,7.0,5.0
320949992,cian.ru,Аэропорт,39.0,27.0,2482.0,41.0,230.14285714285717,1288,2287,1305,2939,400700.0,179.0,103.0,9405.0,41.0,368.0,1288,2287,1305,2939,5.0,5.0,3.0,11.0,0.0,1.0,3.0,0.0,1.0,5.0,1.0,0.0,0.0,0.0,0.0,2.0,5.0,0.0,3.0,0.0,0.0,1.0,2.0,7.0,10.0,0.0,0.0,12.0,10.0,11.0,23.0,1.0,5.0,13.0,0.0,6.0,7.0,5.0,2.0,3.0,1.0,1.0,4.0,21.0,3.0,7.0,4.0,1.0,1.0,8.0,19.0,36.0,3.0,1.0
320743047,cian.ru,Пресненский,88.0,18.0,1827.0,0.0,167.0,2218,21174,2994,20229,621300.0,241.0,87.0,6569.0,0.0,358.2307692307692,2218,21174,2994,20229,8.0,2.0,6.0,8.0,0.0,1.0,2.0,0.0,10.0,2.0,0.0,2.0,1.0,0.0,3.0,1.0,12.0,1.0,7.0,0.0,0.0,2.0,2.0,6.0,9.0,0.0,0.0,25.0,8.0,21.0,44.0,0.0,6.0,12.0,0.0,25.0,13.0,2.0,7.0,1.0,0.0,3.0,3.0,22.0,4.0,18.0,7.0,0.0,5.0,15.0,27.0,41.0,8.0,1.0
2361989402759764992,realty.yandex.ru,Тверской,112.0,34.0,1872.0,0.0,198.3636363636364,1078,21597,1557,20620,609300.0,341.0,96.0,6276.0,0.0,388.3934426229508,1078,21597,1557,20620,10.0,6.0,9.0,27.0,0.0,3.0,3.0,0.0,33.0,3.0,1.0,1.0,1.0,0.0,0.0,7.0,5.0,1.0,6.0,1.0,2.0,0.0,14.0,15.0,72.0,1.0,1.0,33.0,12.0,30.0,97.0,0.0,5.0,13.0,0.0,46.0,12.0,2.0,4.0,29.0,3.0,0.0,18.0,24.0,3.0,14.0,11.0,2.0,2.0,29.0,48.0,134.0,6.0,5.0
7567123315449322496,realty.yandex.ru,Тверской,107.0,30.0,1728.0,68.0,174.5,840,21597,2442,20620,609300.0,367.0,107.0,6792.0,68.0,403.60869565217394,840,21597,2442,20620,10.0,4.0,5.0,25.0,0.0,2.0,3.0,0.0,32.0,2.0,2.0,2.0,11.0,0.0,0.0,5.0,5.0,1.0,4.0,1.0,2.0,0.0,14.0,15.0,66.0,1.0,1.0,43.0,16.0,33.0,136.0,0.0,8.0,14.0,0.0,55.0,12.0,3.0,4.0,29.0,3.0,1.0,19.0,25.0,3.0,19.0,13.0,2.0,2.0,35.0,53.0,166.0,7.0,5.0
320953725,cian.ru,Пресненский,106.0,43.0,2156.0,61.0,178.6875,1378,13386,2674,6065,621300.0,367.0,123.0,7439.0,61.0,340.84,1378,13386,2674,6065,19.0,6.0,19.0,27.0,0.0,7.0,4.0,0.0,17.0,5.0,3.0,1.0,0.0,0.0,0.0,5.0,12.0,3.0,4.0,5.0,0.0,1.0,10.0,23.0,16.0,1.0,2.0,34.0,14.0,32.0,69.0,1.0,13.0,12.0,0.0,26.0,8.0,8.0,6.0,4.0,1.0,0.0,10.0,23.0,4.0,13.0,13.0,1.0,3.0,21.0,41.0,56.0,4.0,4.0
322468730,cian.ru,Тверской,163.0,49.0,758.0,95.0,210.45833333333331,560,10320,471,4302,609300.0,562.0,158.0,3480.0,95.0,421.8253968253968,560,10320,471,4302,9.0,2.0,3.0,34.0,0.0,7.0,3.0,0.0,8.0,2.0,3.0,2.0,0.0,0.0,0.0,5.0,1.0,2.0,3.0,4.0,0.0,8.0,5.0,11.0,42.0,5.0,1.0,41.0,19.0,24.0,122.0,3.0,20.0,12.0,0.0,24.0,8.0,4.0,2.0,4.0,1.0,1.0,18.0,7.0,5.0,17.0,16.0,0.0,15.0,22.0,43.0,182.0,10.0,2.0
324624039,cian.ru,Тверской,163.0,49.0,758.0,95.0,210.45833333333331,560,10320,471,4302,609300.0,562.0,158.0,3480.0,95.0,421.8253968253968,560,10320,471,4302,9.0,2.0,3.0,34.0,0.0,7.0,3.0,0.0,8.0,2.0,3.0,2.0,0.0,0.0,0.0,5.0,1.0,2.0,3.0,4.0,0.0,8.0,5.0,11.0,42.0,5.0,1.0,41.0,19.0,24.0,122.0,3.0,20.0,12.0,0.0,24.0,8.0,4.0,2.0,4.0,1.0,1.0,18.0,7.0,5.0,17.0,16.0,0.0,15.0,22.0,43.0,182.0,10.0,2.0
324578844,cian.ru,Тверской,163.0,49.0,758.0,95.0,210.45833333333331,560,10320,471,4302,609300.0,562.0,158.0,3480.0,95.0,421.8253968253968,560,10320,471,4302,9.0,2.0,3.0,34.0,0.0,7.0,3.0,0.0,8.0,2.0,3.0,2.0,0.0,0.0,0.0,5.0,1.0,2.0,3.0,4.0,0.0,8.0,5.0,11.0,42.0,5.0,1.0,41.0,19.0,24.0,122.0,3.0,20.0,12.0,0.0,24.0,8.0,4.0,2.0,4.0,1.0,1.0,18.0,7.0,5.0,17.0,16.0,0.0,15.0,22.0,43.0,182.0,10.0,2.0
321725070,cian.ru,Беговой,76.0,23.0,2572.0,59.0,170.25,944,28191,719,15286,414000.0,238.0,84.0,9024.0,59.0,383.8064516129032,944,28191,719,15286,7.0,2.0,5.0,15.0,1.0,1.0,2.0,0.0,0.0,4.0,3.0,2.0,9.0,0.0,0.0,3.0,3.0,0.0,4.0,2.0,0.0,0.0,7.0,7.0,5.0,2.0,0.0,29.0,7.0,12.0,55.0,2.0,3.0,10.0,0.0,14.0,11.0,5.0,5.0,11.0,0.0,0.0,8.0,15.0,2.0,15.0,12.0,0.0,4.0,12.0,13.0,23.0,5.0,2.0
3673425643552996864,realty.yandex.ru,Басманный,209.0,37.0,1076.0,31.0,172.03333333333333,332,8708,283,4839,461200.0,595.0,110.0,3170.0,31.0,356.979797979798,332,8708,283,4839,4.0,4.0,6.0,16.0,0.0,4.0,1.0,0.0,2.0,2.0,2.0,2.0,7.0,0.0,0.0,4.0,3.0,0.0,2.0,1.0,0.0,13.0,2.0,12.0,27.0,3.0,0.0,27.0,13.0,24.0,120.0,1.0,10.0,8.0,0.0,16.0,10.0,3.0,3.0,19.0,1.0,0.0,8.0,9.0,4.0,10.0,10.0,0.0,25.0,16.0,38.0,170.0,3.0,3.0
323343733,cian.ru,Донской,61.0,5.0,466.0,0.0,162.33333333333334,1178,18955,460,12749,391900.0,239.0,51.0,3981.0,0.0,354.5,1178,18955,460,12749,27.0,2.0,6.0,9.0,0.0,1.0,2.0,0.0,3.0,0.0,2.0,0.0,7.0,0.0,0.0,1.0,2.0,0.0,2.0,0.0,0.0,4.0,3.0,2.0,8.0,1.0,0.0,66.0,7.0,17.0,29.0,0.0,3.0,7.0,0.0,9.0,5.0,6.0,1.0,14.0,2.0,1.0,5.0,10.0,1.0,11.0,5.0,0.0,5.0,7.0,24.0,32.0,4.0,0.0
321480764,cian.ru,Беговой,65.0,18.0,2207.0,73.0,197.625,836,1003,1077,5984,414000.0,213.0,70.0,7420.0,73.0,378.7037037037037,836,1003,1077,5984,9.0,1.0,3.0,13.0,0.0,0.0,2.0,0.0,0.0,1.0,2.0,1.0,9.0,0.0,0.0,3.0,2.0,1.0,3.0,2.0,0.0,0.0,7.0,6.0,2.0,1.0,0.0,24.0,6.0,9.0,31.0,2.0,1.0,8.0,0.0,2.0,7.0,5.0,5.0,11.0,0.0,0.0,5.0,13.0,2.0,11.0,8.0,0.0,4.0,8.0,13.0,17.0,4.0,0.0
3940063262435012096,realty.yandex.ru,Басманный,198.0,34.0,905.0,0.0,161.9655172413793,312,8708,264,4839,461200.0,585.0,107.0,3074.0,0.0,356.22222222222223,312,8708,264,4839,3.0,4.0,5.0,18.0,1.0,4.0,1.0,0.0,3.0,3.0,1.0,2.0,7.0,0.0,0.0,4.0,3.0,0.0,2.0,1.0,0.0,12.0,4.0,12.0,30.0,3.0,0.0,24.0,13.0,23.0,108.0,1.0,10.0,6.0,0.0,16.0,10.0,3.0,3.0,19.0,1.0,0.0,8.0,9.0,4.0,10.0,9.0,0.0,25.0,16.0,37.0,168.0,3.0,3.0
322099922,cian.ru,Тверской,112.0,34.0,1872.0,0.0,198.3636363636364,1078,21597,1557,20620,609300.0,341.0,96.0,6276.0,0.0,388.344262295082,1078,21597,1557,20620,10.0,6.0,9.0,27.0,0.0,3.0,3.0,0.0,33.0,3.0,1.0,1.0,1.0,0.0,0.0,7.0,5.0,1.0,6.0,1.0,2.0,0.0,14.0,15.0,72.0,1.0,1.0,33.0,12.0,30.0,97.0,0.0,5.0,13.0,0.0,46.0,12.0,2.0,4.0,29.0,3.0,0.0,18.0,24.0,3.0,14.0,11.0,2.0,2.0,29.0,48.0,134.0,6.0,5.0
324707273,cian.ru,Пресненский,13.0,5.0,820.0,81.0,81.0,6146,20551,0,0,621300.0,123.0,55.0,8305.0,81.0,430.27777777777777,6146,20551,0,0,1.0,1.0,4.0,0.0,0.0,0.0,2.0,0.0,1.0,0.0,0.0,0.0,0.0,0.0,0.0,1.0,0.0,1.0,1.0,0.0,0.0,0.0,2.0,0.0,0.0,0.0,0.0,26.0,4.0,11.0,14.0,1.0,3.0,5.0,0.0,9.0,7.0,2.0,3.0,0.0,0.0,1.0,5.0,9.0,2.0,10.0,4.0,0.0,0.0,6.0,10.0,21.0,9.0,1.0
3673425696720227840,realty.yandex.ru,Отрадное,26.0,11.0,2180.0,167.0,217.5,1738,19422,815,5268,300400.0,117.0,48.0,9192.0,167.0,370.0,1738,19422,815,5268,5.0,1.0,0.0,4.0,0.0,1.0,0.0,0.0,1.0,1.0,2.0,1.0,1.0,0.0,0.0,0.0,2.0,2.0,0.0,1.0,0.0,0.0,0.0,2.0,0.0,0.0,0.0,15.0,3.0,16.0,16.0,0.0,3.0,7.0,0.0,22.0,7.0,5.0,2.0,1.0,0.0,2.0,1.0,21.0,3.0,5.0,5.0,0.0,1.0,4.0,15.0,11.0,5.0,7.0
321256221,cian.ru,Сокол,58.0,29.0,2594.0,242.0,264.3333333333333,6796,43656,3057,17660,390900.0,183.0,85.0,8610.0,242.0,411.55,6796,43656,3057,17660,5.0,3.0,23.0,20.0,1.0,0.0,5.0,0.0,31.0,3.0,1.0,1.0,0.0,0.0,1.0,1.0,11.0,2.0,9.0,5.0,0.0,2.0,9.0,23.0,29.0,2.0,3.0,17.0,11.0,31.0,51.0,1.0,2.0,13.0,0.0,49.0,7.0,4.0,9.0,3.0,0.0,1.0,7.0,25.0,6.0,18.0,12.0,0.0,3.0,20.0,33.0,53.0,3.0,4.0
324089592,cian.ru,Якиманка,44.0,5.0,194.0,187.0,217.75,184,517,237,24,680600.0,188.0,30.0,1159.0,187.0,446.05882352941177,184,517,237,24,0.0,0.0,0.0,1.0,0.0,0.0,0.0,0.0,0.0,0.0,0.0,0.0,0.0,0.0,0.0,0.0,0.0,0.0,0.0,0.0,0.0,1.0,0.0,0.0,1.0,2.0,0.0,7.0,2.0,0.0,43.0,0.0,1.0,3.0,0.0,1.0,3.0,1.0,0.0,2.0,0.0,0.0,6.0,2.0,0.0,2.0,2.0,0.0,10.0,4.0,8.0,30.0,3.0,2.0
5203054433263382528,realty.yandex.ru,Отрадное,37.0,17.0,3052.0,0.0,59.5,2260,2523,2338,1181,300400.0,141.0,61.0,12024.0,0.0,320.8,2260,2523,2338,1181,2.0,0.0,4.0,2.0,0.0,1.0,2.0,0.0,2.0,2.0,2.0,2.0,1.0,0.0,0.0,0.0,2.0,0.0,0.0,1.0,0.0,0.0,0.0,2.0,0.0,1.0,0.0,12.0,4.0,12.0,17.0,0.0,3.0,8.0,0.0,23.0,6.0,7.0,6.0,1.0,0.0,0.0,1.0,20.0,5.0,2.0,3.0,0.0,0.0,6.0,8.0,10.0,17.0,3.0
322651200,cian.ru,Хорошевский,64.0,15.0,2260.0,114.0,219.6,678,1697,1767,1602,443000.0,149.0,50.0,4754.0,114.0,371.25,678,1697,1767,1602,0.0,0.0,1.0,4.0,0.0,0.0,1.0,0.0,3.0,0.0,2.0,3.0,0.0,0.0,0.0,0.0,3.0,1.0,0.0,1.0,0.0,0.0,0.0,1.0,2.0,1.0,0.0,2.0,2.0,7.0,11.0,1.0,1.0,7.0,0.0,11.0,4.0,5.0,6.0,1.0,1.0,1.0,1.0,6.0,4.0,2.0,4.0,0.0,0.0,5.0,4.0,4.0,3.0,0.0
324109165,cian.ru,Донской,83.0,29.0,1655.0,70.0,193.66666666666663,2514,7094,905,1266,391900.0,334.0,131.0,8170.0,70.0,362.3157894736842,2514,7094,905,1266,6.0,1.0,2.0,27.0,0.0,0.0,1.0,0.0,3.0,0.0,2.0,2.0,2.0,1.0,0.0,1.0,3.0,0.0,3.0,1.0,0.0,0.0,2.0,0.0,1.0,1.0,1.0,35.0,9.0,21.0,74.0,1.0,8.0,12.0,0.0,23.0,9.0,9.0,7.0,8.0,2.0,2.0,5.0,22.0,4.0,8.0,11.0,0.0,0.0,10.0,23.0,27.0,9.0,1.0
323802480,cian.ru,Пресненский,41.0,9.0,1023.0,4.0,196.75,370,2403,637,3551,621300.0,178.0,49.0,3953.0,4.0,395.7894736842105,370,2403,637,3551,3.0,2.0,1.0,2.0,0.0,0.0,2.0,0.0,3.0,1.0,1.0,1.0,0.0,0.0,0.0,3.0,2.0,0.0,3.0,2.0,0.0,0.0,1.0,6.0,20.0,0.0,0.0,6.0,4.0,5.0,23.0,1.0,2.0,3.0,0.0,9.0,1.0,6.0,4.0,1.0,0.0,0.0,4.0,3.0,1.0,7.0,9.0,0.0,3.0,5.0,19.0,43.0,3.0,1.0
320901536,cian.ru,Донской,33.0,5.0,680.0,0.0,187.28571428571428,588,18037,310,5515,391900.0,125.0,24.0,3344.0,0.0,372.7826086956522,588,18037,310,5515,6.0,1.0,2.0,1.0,0.0,0.0,0.0,0.0,1.0,0.0,0.0,0.0,5.0,1.0,0.0,3.0,0.0,0.0,0.0,1.0,0.0,0.0,2.0,2.0,2.0,0.0,0.0,10.0,5.0,7.0,12.0,0.0,6.0,3.0,0.0,4.0,8.0,3.0,0.0,6.0,1.0,0.0,9.0,9.0,0.0,2.0,3.0,0.0,4.0,10.0,13.0,15.0,1.0,0.0
320689308,cian.ru,Пресненский,10.0,2.0,,0.0,173.0,1792,116791,294,101485,621300.0,53.0,20.0,3519.0,0.0,286.09090909090907,1792,116791,294,101485,21.0,5.0,34.0,65.0,0.0,12.0,5.0,0.0,27.0,15.0,0.0,0.0,1.0,0.0,1.0,10.0,11.0,7.0,20.0,12.0,1.0,0.0,35.0,59.0,102.0,1.0,9.0,24.0,10.0,53.0,96.0,0.0,16.0,15.0,0.0,50.0,23.0,3.0,2.0,2.0,0.0,5.0,16.0,24.0,8.0,38.0,17.0,2.0,1.0,50.0,97.0,155.0,3.0,12.0
321700216,cian.ru,Даниловский,15.0,1.0,758.0,16.0,199.83333333333331,2452,28830,3382,27925,399100.0,51.0,7.0,1483.0,16.0,301.8333333333333,2452,28830,3382,27925,1.0,5.0,4.0,6.0,0.0,0.0,3.0,0.0,3.0,0.0,1.0,0.0,0.0,0.0,1.0,6.0,5.0,0.0,1.0,4.0,1.0,0.0,1.0,10.0,12.0,0.0,0.0,3.0,5.0,8.0,11.0,0.0,1.0,4.0,0.0,9.0,1.0,1.0,0.0,0.0,0.0,1.0,9.0,5.0,0.0,4.0,4.0,3.0,0.0,8.0,15.0,27.0,0.0,0.0
8660284132784994304,realty.yandex.ru,Якиманка,121.0,29.0,1282.0,44.0,202.97142857142856,618,14190,1781,17834,680600.0,445.0,88.0,3928.0,44.0,367.9583333333333,618,14190,1781,17834,32.0,4.0,3.0,12.0,1.0,4.0,2.0,0.0,1.0,1.0,2.0,1.0,0.0,0.0,1.0,4.0,3.0,2.0,5.0,3.0,0.0,4.0,0.0,8.0,16.0,1.0,1.0,44.0,14.0,11.0,55.0,1.0,8.0,10.0,0.0,15.0,6.0,6.0,6.0,9.0,0.0,1.0,11.0,15.0,3.0,11.0,8.0,1.0,12.0,10.0,36.0,49.0,6.0,4.0
323219809,cian.ru,Пресненский,12.0,3.0,137.0,0.0,163.58333333333334,2956,139525,1665,105474,621300.0,58.0,27.0,4445.0,0.0,317.1111111111111,2956,139525,1665,105474,20.0,6.0,40.0,67.0,0.0,10.0,7.0,0.0,37.0,17.0,0.0,0.0,1.0,0.0,3.0,10.0,14.0,7.0,25.0,13.0,2.0,0.0,39.0,72.0,119.0,1.0,11.0,24.0,8.0,53.0,86.0,0.0,16.0,13.0,0.0,54.0,21.0,4.0,3.0,2.0,0.0,5.0,16.0,20.0,7.0,36.0,16.0,2.0,1.0,50.0,96.0,157.0,3.0,13.0
320113430,cian.ru,Даниловский,63.0,2.0,1201.0,0.0,146.5,5354,49039,699,19225,399100.0,236.0,28.0,4592.0,0.0,331.6774193548387,5354,49039,699,19225,6.0,3.0,12.0,28.0,0.0,7.0,3.0,0.0,20.0,3.0,0.0,0.0,1.0,0.0,2.0,7.0,13.0,2.0,5.0,11.0,0.0,3.0,7.0,12.0,32.0,2.0,3.0,12.0,9.0,17.0,60.0,1.0,8.0,5.0,0.0,74.0,6.0,3.0,3.0,3.0,0.0,2.0,10.0,17.0,3.0,12.0,12.0,0.0,13.0,15.0,30.0,60.0,3.0,3.0
324642246,cian.ru,Пресненский,10.0,2.0,,0.0,173.0,1792,116791,294,101485,621300.0,53.0,20.0,3519.0,0.0,286.09090909090907,1792,116791,294,101485,21.0,5.0,34.0,65.0,0.0,12.0,5.0,0.0,27.0,15.0,0.0,0.0,1.0,0.0,1.0,10.0,11.0,7.0,20.0,12.0,1.0,0.0,35.0,59.0,102.0,1.0,9.0,24.0,10.0,53.0,96.0,0.0,16.0,15.0,0.0,50.0,23.0,3.0,2.0,2.0,0.0,5.0,16.0,24.0,8.0,38.0,17.0,2.0,1.0,50.0,97.0,155.0,3.0,12.0
321219750,cian.ru,Пресненский,21.0,8.0,1773.0,0.0,204.8,4670,318598,5210,103583,621300.0,71.0,29.0,3682.0,0.0,303.48148148148147,4670,318598,5210,103583,18.0,5.0,38.0,63.0,0.0,13.0,8.0,0.0,30.0,17.0,0.0,0.0,1.0,0.0,2.0,12.0,15.0,6.0,27.0,12.0,2.0,0.0,35.0,61.0,116.0,1.0,8.0,42.0,7.0,53.0,79.0,0.0,15.0,13.0,0.0,46.0,20.0,0.0,2.0,1.0,0.0,5.0,16.0,17.0,7.0,32.0,16.0,2.0,1.0,50.0,93.0,152.0,1.0,13.0
324898099,cian.ru,Академический,41.0,13.0,2239.0,91.0,166.0,2476,15325,4783,9473,387300.0,173.0,88.0,11375.0,91.0,357.6842105263158,2476,15325,4783,9473,7.0,1.0,10.0,22.0,0.0,1.0,3.0,0.0,13.0,4.0,2.0,1.0,1.0,0.0,1.0,1.0,12.0,2.0,5.0,8.0,0.0,0.0,6.0,3.0,10.0,0.0,1.0,25.0,11.0,28.0,69.0,0.0,1.0,10.0,0.0,37.0,16.0,5.0,7.0,4.0,0.0,1.0,1.0,32.0,5.0,10.0,12.0,0.0,1.0,11.0,30.0,34.0,6.0,4.0
321545634,cian.ru,Беговой,44.0,16.0,1527.0,149.0,243.625,7908,58823,1472,11378,414000.0,275.0,89.0,7009.0,149.0,421.2096774193548,7908,58823,1472,11378,4.0,2.0,8.0,26.0,0.0,2.0,5.0,0.0,10.0,5.0,0.0,0.0,1.0,0.0,0.0,3.0,5.0,0.0,5.0,3.0,0.0,2.0,2.0,13.0,28.0,1.0,1.0,46.0,12.0,29.0,111.0,1.0,9.0,14.0,0.0,22.0,11.0,1.0,4.0,1.0,0.0,0.0,17.0,18.0,0.0,16.0,13.0,0.0,7.0,19.0,33.0,113.0,6.0,5.0
324349269,cian.ru,Пресненский,10.0,2.0,,0.0,173.0,1792,116791,294,101485,621300.0,53.0,20.0,3519.0,0.0,286.09090909090907,1792,116791,294,101485,21.0,5.0,34.0,65.0,0.0,12.0,5.0,0.0,27.0,15.0,0.0,0.0,1.0,0.0,1.0,10.0,11.0,7.0,20.0,12.0,1.0,0.0,35.0,59.0,102.0,1.0,9.0,24.0,10.0,53.0,96.0,0.0,16.0,15.0,0.0,50.0,23.0,3.0,2.0,2.0,0.0,5.0,16.0,24.0,8.0,38.0,17.0,2.0,1.0,50.0,97.0,155.0,3.0,12.0
321384177,cian.ru,Якиманка,121.0,29.0,1282.0,44.0,202.97142857142856,618,14190,1781,17834,680600.0,445.0,88.0,3928.0,44.0,367.96875,618,14190,1781,17834,32.0,4.0,3.0,12.0,1.0,4.0,2.0,0.0,1.0,1.0,2.0,1.0,0.0,0.0,1.0,4.0,3.0,2.0,5.0,3.0,0.0,4.0,0.0,8.0,16.0,1.0,1.0,44.0,14.0,11.0,55.0,1.0,8.0,10.0,0.0,15.0,6.0,6.0,6.0,9.0,0.0,1.0,11.0,15.0,3.0,11.0,8.0,1.0,12.0,10.0,36.0,49.0,6.0,4.0
324675480,cian.ru,Дегунино Западное,25.0,14.0,2678.0,110.0,110.0,13720,23912,4976,8077,305700.0,127.0,67.0,13126.0,110.0,299.3333333333333,13720,23912,4976,8077,0.0,3.0,5.0,10.0,0.0,3.0,2.0,0.0,12.0,3.0,1.0,1.0,0.0,0.0,0.0,2.0,9.0,1.0,3.0,3.0,0.0,0.0,2.0,3.0,19.0,0.0,2.0,6.0,7.0,13.0,39.0,0.0,4.0,13.0,0.0,19.0,10.0,2.0,2.0,0.0,0.0,0.0,4.0,26.0,2.0,10.0,5.0,0.0,1.0,4.0,15.0,28.0,2.0,2.0
324657399,cian.ru,Академический,41.0,13.0,2239.0,91.0,166.0,2476,15325,4783,9473,387300.0,173.0,88.0,11375.0,91.0,357.6842105263158,2476,15325,4783,9473,7.0,1.0,10.0,22.0,0.0,1.0,3.0,0.0,13.0,4.0,2.0,1.0,1.0,0.0,1.0,1.0,12.0,2.0,5.0,8.0,0.0,0.0,6.0,3.0,10.0,0.0,1.0,25.0,11.0,28.0,69.0,0.0,1.0,10.0,0.0,37.0,16.0,5.0,7.0,4.0,0.0,1.0,1.0,32.0,5.0,10.0,12.0,0.0,1.0,11.0,30.0,34.0,6.0,4.0
3940063261426492928,realty.yandex.ru,Пресненский,12.0,3.0,137.0,0.0,163.58333333333334,2956,139525,1665,105474,621300.0,58.0,27.0,4445.0,0.0,317.1111111111111,2956,139525,1665,105474,20.0,6.0,40.0,67.0,0.0,10.0,7.0,0.0,37.0,17.0,0.0,0.0,1.0,0.0,3.0,10.0,14.0,7.0,25.0,13.0,2.0,0.0,39.0,72.0,119.0,1.0,11.0,24.0,8.0,53.0,86.0,0.0,16.0,13.0,0.0,54.0,21.0,4.0,3.0,2.0,0.0,5.0,16.0,20.0,7.0,36.0,16.0,2.0,1.0,50.0,96.0,157.0,3.0,13.0
3051474280802650112,realty.yandex.ru,Пресненский,12.0,3.0,137.0,0.0,163.58333333333334,2956,139525,1665,105474,621300.0,58.0,27.0,4445.0,0.0,317.1111111111111,2956,139525,1665,105474,20.0,6.0,40.0,67.0,0.0,10.0,7.0,0.0,37.0,17.0,0.0,0.0,1.0,0.0,3.0,10.0,14.0,7.0,25.0,13.0,2.0,0.0,39.0,72.0,119.0,1.0,11.0,24.0,8.0,53.0,86.0,0.0,16.0,13.0,0.0,54.0,21.0,4.0,3.0,2.0,0.0,5.0,16.0,20.0,7.0,36.0,16.0,2.0,1.0,50.0,96.0,157.0,3.0,13.0
322579975,cian.ru,Проспект Вернадского,22.0,9.0,913.0,0.0,155.83333333333334,8264,17117,2234,7076,454000.0,105.0,51.0,6076.0,0.0,311.0,8264,17117,2234,7076,6.0,3.0,12.0,8.0,0.0,1.0,4.0,0.0,11.0,0.0,1.0,0.0,0.0,0.0,2.0,3.0,5.0,2.0,6.0,5.0,0.0,0.0,3.0,4.0,9.0,0.0,0.0,20.0,10.0,22.0,33.0,1.0,2.0,10.0,0.0,34.0,5.0,5.0,4.0,0.0,1.0,3.0,4.0,17.0,3.0,8.0,6.0,1.0,0.0,7.0,12.0,24.0,6.0,1.0
320689428,cian.ru,Пресненский,21.0,8.0,1773.0,0.0,204.8,4670,318598,5210,103583,621300.0,71.0,29.0,3682.0,0.0,303.48148148148147,4670,318598,5210,103583,18.0,5.0,38.0,63.0,0.0,13.0,8.0,0.0,30.0,17.0,0.0,0.0,1.0,0.0,2.0,12.0,15.0,6.0,27.0,12.0,2.0,0.0,35.0,61.0,116.0,1.0,8.0,42.0,7.0,53.0,79.0,0.0,15.0,13.0,0.0,46.0,20.0,0.0,2.0,1.0,0.0,5.0,16.0,17.0,7.0,32.0,16.0,2.0,1.0,50.0,93.0,152.0,1.0,13.0
3051474398840637952,realty.yandex.ru,Таганский,113.0,24.0,1556.0,0.0,187.43478260869568,8356,27044,935,9078,433700.0,327.0,91.0,7896.0,0.0,329.7843137254902,8356,27044,935,9078,9.0,4.0,11.0,20.0,0.0,2.0,2.0,0.0,34.0,5.0,1.0,0.0,0.0,0.0,0.0,1.0,13.0,2.0,4.0,5.0,0.0,2.0,9.0,24.0,29.0,3.0,1.0,32.0,11.0,20.0,53.0,3.0,3.0,7.0,0.0,46.0,9.0,6.0,3.0,5.0,0.0,0.0,4.0,26.0,4.0,6.0,9.0,0.0,7.0,14.0,28.0,41.0,9.0,2.0
324979520,cian.ru,Пресненский,12.0,3.0,137.0,0.0,163.58333333333334,2956,139525,1665,105474,621300.0,58.0,27.0,4445.0,0.0,317.1111111111111,2956,139525,1665,105474,20.0,6.0,40.0,67.0,0.0,10.0,7.0,0.0,37.0,17.0,0.0,0.0,1.0,0.0,3.0,10.0,14.0,7.0,25.0,13.0,2.0,0.0,39.0,72.0,119.0,1.0,11.0,24.0,8.0,53.0,86.0,0.0,16.0,13.0,0.0,54.0,21.0,4.0,3.0,2.0,0.0,5.0,16.0,20.0,7.0,36.0,16.0,2.0,1.0,50.0,96.0,157.0,3.0,13.0
6276296181713660928,realty.yandex.ru,Пресненский,12.0,3.0,137.0,0.0,163.58333333333334,2956,139525,1665,105474,621300.0,58.0,27.0,4445.0,0.0,317.1111111111111,2956,139525,1665,105474,20.0,6.0,40.0,67.0,0.0,10.0,7.0,0.0,37.0,17.0,0.0,0.0,1.0,0.0,3.0,10.0,14.0,7.0,25.0,13.0,2.0,0.0,39.0,72.0,119.0,1.0,11.0,24.0,8.0,53.0,86.0,0.0,16.0,13.0,0.0,54.0,21.0,4.0,3.0,2.0,0.0,5.0,16.0,20.0,7.0,36.0,16.0,2.0,1.0,50.0,96.0,157.0,3.0,13.0
320957334,cian.ru,Пресненский,21.0,8.0,1773.0,0.0,204.8,4670,318598,5210,103583,621300.0,71.0,29.0,3682.0,0.0,303.48148148148147,4670,318598,5210,103583,18.0,5.0,38.0,63.0,0.0,13.0,8.0,0.0,30.0,17.0,0.0,0.0,1.0,0.0,2.0,12.0,15.0,6.0,27.0,12.0,2.0,0.0,35.0,61.0,116.0,1.0,8.0,42.0,7.0,53.0,79.0,0.0,15.0,13.0,0.0,46.0,20.0,0.0,2.0,1.0,0.0,5.0,16.0,17.0,7.0,32.0,16.0,2.0,1.0,50.0,93.0,152.0,1.0,13.0
320129669,cian.ru,Пресненский,12.0,3.0,137.0,0.0,163.58333333333334,2956,139525,1665,105474,621300.0,58.0,27.0,4445.0,0.0,317.1111111111111,2956,139525,1665,105474,20.0,6.0,40.0,67.0,0.0,10.0,7.0,0.0,37.0,17.0,0.0,0.0,1.0,0.0,3.0,10.0,14.0,7.0,25.0,13.0,2.0,0.0,39.0,72.0,119.0,1.0,11.0,24.0,8.0,53.0,86.0,0.0,16.0,13.0,0.0,54.0,21.0,4.0,3.0,2.0,0.0,5.0,16.0,20.0,7.0,36.0,16.0,2.0,1.0,50.0,96.0,157.0,3.0,13.0
321687502,cian.ru,Зюзино,43.0,18.0,2522.0,117.0,241.25,7496,16922,2596,7621,326200.0,186.0,83.0,10680.0,117.0,439.2352941176471,7496,16922,2596,7621,15.0,3.0,5.0,12.0,0.0,1.0,5.0,0.0,11.0,3.0,0.0,2.0,2.0,0.0,1.0,1.0,10.0,0.0,5.0,1.0,0.0,1.0,3.0,6.0,8.0,0.0,1.0,41.0,15.0,14.0,40.0,0.0,4.0,12.0,0.0,19.0,12.0,4.0,5.0,2.0,1.0,2.0,1.0,38.0,6.0,8.0,7.0,3.0,1.0,10.0,14.0,27.0,17.0,1.0
324012346,cian.ru,Пресненский,12.0,3.0,137.0,0.0,163.58333333333334,2956,139525,1665,105474,621300.0,58.0,27.0,4445.0,0.0,317.1111111111111,2956,139525,1665,105474,20.0,6.0,40.0,67.0,0.0,10.0,7.0,0.0,37.0,17.0,0.0,0.0,1.0,0.0,3.0,10.0,14.0,7.0,25.0,13.0,2.0,0.0,39.0,72.0,119.0,1.0,11.0,24.0,8.0,53.0,86.0,0.0,16.0,13.0,0.0,54.0,21.0,4.0,3.0,2.0,0.0,5.0,16.0,20.0,7.0,36.0,16.0,2.0,1.0,50.0,96.0,157.0,3.0,13.0
323930687,cian.ru,Таганский,132.0,19.0,1039.0,0.0,182.18421052631575,4084,41679,1487,13325,433700.0,489.0,95.0,5596.0,0.0,368.55384615384617,4084,41679,1487,13325,14.0,7.0,13.0,63.0,0.0,2.0,1.0,0.0,13.0,3.0,8.0,1.0,1.0,0.0,3.0,3.0,15.0,1.0,7.0,9.0,1.0,2.0,8.0,10.0,48.0,0.0,7.0,62.0,28.0,47.0,211.0,0.0,6.0,11.0,0.0,38.0,14.0,16.0,3.0,13.0,0.0,6.0,10.0,32.0,4.0,19.0,16.0,1.0,4.0,30.0,40.0,120.0,11.0,7.0
320696097,cian.ru,Пресненский,21.0,8.0,1773.0,0.0,204.8,4670,318598,5210,103583,621300.0,71.0,29.0,3682.0,0.0,303.48148148148147,4670,318598,5210,103583,18.0,5.0,38.0,63.0,0.0,13.0,8.0,0.0,30.0,17.0,0.0,0.0,1.0,0.0,2.0,12.0,15.0,6.0,27.0,12.0,2.0,0.0,35.0,61.0,116.0,1.0,8.0,42.0,7.0,53.0,79.0,0.0,15.0,13.0,0.0,46.0,20.0,0.0,2.0,1.0,0.0,5.0,16.0,17.0,7.0,32.0,16.0,2.0,1.0,50.0,93.0,152.0,1.0,13.0
324824495,cian.ru,Пресненский,19.0,12.0,527.0,0.0,171.0,1580,73525,786,18388,621300.0,90.0,42.0,8159.0,0.0,392.8421052631579,1580,73525,786,18388,2.0,1.0,8.0,5.0,0.0,3.0,3.0,0.0,2.0,1.0,0.0,0.0,0.0,0.0,1.0,4.0,1.0,0.0,5.0,2.0,0.0,0.0,2.0,4.0,13.0,0.0,1.0,51.0,7.0,40.0,55.0,0.0,10.0,12.0,0.0,27.0,19.0,1.0,2.0,4.0,0.0,3.0,14.0,18.0,7.0,27.0,12.0,2.0,1.0,34.0,65.0,111.0,7.0,9.0
322873414,cian.ru,Пресненский,12.0,3.0,137.0,0.0,163.58333333333334,2956,139525,1665,105474,621300.0,58.0,27.0,4445.0,0.0,317.1111111111111,2956,139525,1665,105474,20.0,6.0,40.0,67.0,0.0,10.0,7.0,0.0,37.0,17.0,0.0,0.0,1.0,0.0,3.0,10.0,14.0,7.0,25.0,13.0,2.0,0.0,39.0,72.0,119.0,1.0,11.0,24.0,8.0,53.0,86.0,0.0,16.0,13.0,0.0,54.0,21.0,4.0,3.0,2.0,0.0,5.0,16.0,20.0,7.0,36.0,16.0,2.0,1.0,50.0,96.0,157.0,3.0,13.0
324971464,cian.ru,Пресненский,19.0,5.0,1544.0,16.0,150.0,4866,21037,5,370,621300.0,120.0,53.0,8212.0,16.0,389.6,4866,21037,5,370,1.0,0.0,0.0,0.0,0.0,0.0,1.0,0.0,1.0,0.0,0.0,0.0,0.0,0.0,0.0,0.0,0.0,1.0,0.0,0.0,0.0,0.0,0.0,0.0,0.0,0.0,0.0,7.0,4.0,10.0,12.0,1.0,2.0,4.0,0.0,9.0,7.0,2.0,3.0,0.0,0.0,1.0,3.0,8.0,2.0,8.0,3.0,0.0,0.0,6.0,9.0,15.0,11.0,1.0
324823155,cian.ru,Мещанский,136.0,50.0,1538.0,0.0,188.03125,292,3493,515,8901,530600.0,564.0,225.0,6903.0,0.0,388.9834710743802,292,3493,515,8901,26.0,18.0,17.0,43.0,0.0,0.0,4.0,0.0,7.0,6.0,4.0,2.0,1.0,0.0,1.0,9.0,4.0,2.0,8.0,9.0,0.0,0.0,11.0,16.0,60.0,4.0,1.0,54.0,44.0,29.0,140.0,1.0,7.0,11.0,0.0,16.0,13.0,5.0,6.0,14.0,0.0,1.0,25.0,14.0,4.0,14.0,11.0,0.0,5.0,17.0,32.0,98.0,11.0,7.0
4777675775648622592,realty.yandex.ru,Даниловский,16.0,1.0,758.0,0.0,199.5,2452,28830,3382,27925,399100.0,50.0,7.0,1483.0,0.0,303.9166666666667,2452,28830,3382,27925,1.0,5.0,4.0,6.0,0.0,0.0,3.0,0.0,3.0,0.0,1.0,0.0,0.0,0.0,1.0,6.0,5.0,0.0,1.0,4.0,1.0,0.0,1.0,10.0,12.0,0.0,0.0,3.0,5.0,8.0,11.0,0.0,1.0,4.0,0.0,9.0,1.0,1.0,0.0,0.0,0.0,1.0,9.0,5.0,0.0,4.0,4.0,3.0,0.0,8.0,15.0,27.0,0.0,0.0
324727222,cian.ru,Тверской,66.0,20.0,1438.0,2.0,176.5625,1554,8964,1557,10179,609300.0,310.0,86.0,6321.0,2.0,381.64406779661016,1554,8964,1557,10179,9.0,4.0,8.0,19.0,0.0,1.0,3.0,0.0,8.0,1.0,1.0,1.0,0.0,0.0,0.0,7.0,2.0,0.0,5.0,2.0,0.0,0.0,1.0,6.0,32.0,1.0,5.0,32.0,10.0,23.0,95.0,0.0,10.0,15.0,0.0,47.0,13.0,1.0,3.0,12.0,2.0,0.0,19.0,17.0,2.0,14.0,7.0,2.0,2.0,25.0,40.0,136.0,6.0,5.0
323928714,cian.ru,Мещанский,136.0,50.0,1538.0,0.0,188.03125,292,3493,515,8901,530600.0,564.0,225.0,6903.0,0.0,388.9834710743802,292,3493,515,8901,26.0,18.0,17.0,43.0,0.0,0.0,4.0,0.0,7.0,6.0,4.0,2.0,1.0,0.0,1.0,9.0,4.0,2.0,8.0,9.0,0.0,0.0,11.0,16.0,60.0,4.0,1.0,54.0,44.0,29.0,140.0,1.0,7.0,11.0,0.0,16.0,13.0,5.0,6.0,14.0,0.0,1.0,25.0,14.0,4.0,14.0,11.0,0.0,5.0,17.0,32.0,98.0,11.0,7.0
319965894,cian.ru,Таганский,167.0,15.0,784.0,35.0,169.30232558139534,1028,7299,925,5764,433700.0,427.0,54.0,4370.0,35.0,368.4552845528455,1028,7299,925,5764,17.0,2.0,4.0,41.0,1.0,1.0,2.0,0.0,5.0,0.0,3.0,1.0,4.0,0.0,0.0,4.0,3.0,0.0,2.0,2.0,0.0,3.0,0.0,7.0,29.0,2.0,2.0,58.0,11.0,27.0,152.0,1.0,8.0,6.0,0.0,22.0,11.0,5.0,2.0,13.0,0.0,3.0,8.0,16.0,1.0,12.0,6.0,0.0,9.0,16.0,25.0,95.0,5.0,3.0
323125199,cian.ru,Даниловский,88.0,1.0,221.0,75.0,151.07692307692307,0,5885,42,7546,399100.0,226.0,12.0,3403.0,75.0,347.71875,0,5885,42,7546,5.0,2.0,4.0,18.0,0.0,3.0,1.0,0.0,11.0,1.0,0.0,0.0,1.0,0.0,0.0,7.0,1.0,1.0,2.0,4.0,0.0,10.0,6.0,2.0,14.0,1.0,0.0,11.0,4.0,16.0,36.0,0.0,8.0,4.0,0.0,66.0,4.0,3.0,2.0,4.0,0.0,2.0,8.0,14.0,3.0,10.0,11.0,0.0,14.0,12.0,27.0,62.0,2.0,3.0
3940063261425484800,realty.yandex.ru,Даниловский,89.0,1.0,221.0,75.0,151.23076923076923,0,5885,42,7546,399100.0,226.0,12.0,3403.0,75.0,347.75,0,5885,42,7546,5.0,2.0,4.0,18.0,0.0,3.0,1.0,0.0,11.0,1.0,0.0,0.0,1.0,0.0,0.0,7.0,1.0,1.0,2.0,4.0,0.0,10.0,6.0,2.0,14.0,1.0,0.0,11.0,4.0,16.0,36.0,0.0,8.0,4.0,0.0,66.0,4.0,3.0,2.0,4.0,0.0,2.0,8.0,14.0,3.0,10.0,11.0,0.0,14.0,12.0,27.0,62.0,2.0,3.0
322807338,cian.ru,Мещанский,136.0,50.0,1538.0,0.0,188.03125,292,3493,515,8901,530600.0,564.0,225.0,6903.0,0.0,388.9834710743802,292,3493,515,8901,26.0,18.0,17.0,43.0,0.0,0.0,4.0,0.0,7.0,6.0,4.0,2.0,1.0,0.0,1.0,9.0,4.0,2.0,8.0,9.0,0.0,0.0,11.0,16.0,60.0,4.0,1.0,54.0,44.0,29.0,140.0,1.0,7.0,11.0,0.0,16.0,13.0,5.0,6.0,14.0,0.0,1.0,25.0,14.0,4.0,14.0,11.0,0.0,5.0,17.0,32.0,98.0,11.0,7.0
320632102,cian.ru,Сокольники,63.0,20.0,2792.0,112.0,236.92857142857144,2648,11974,2008,8639,367600.0,229.0,74.0,8235.0,112.0,348.03125,2648,11974,2008,8639,1.0,3.0,8.0,14.0,0.0,1.0,6.0,0.0,15.0,4.0,0.0,1.0,1.0,0.0,2.0,0.0,10.0,5.0,5.0,7.0,0.0,0.0,6.0,5.0,23.0,0.0,0.0,13.0,5.0,24.0,37.0,0.0,1.0,10.0,0.0,31.0,11.0,9.0,7.0,1.0,0.0,7.0,3.0,28.0,8.0,15.0,13.0,0.0,1.0,11.0,19.0,44.0,8.0,0.0
2502385282103621120,realty.yandex.ru,Даниловский,89.0,1.0,221.0,75.0,151.23076923076923,0,5885,42,7546,399100.0,226.0,12.0,3403.0,75.0,347.75,0,5885,42,7546,5.0,2.0,4.0,18.0,0.0,3.0,1.0,0.0,11.0,1.0,0.0,0.0,1.0,0.0,0.0,7.0,1.0,1.0,2.0,4.0,0.0,10.0,6.0,2.0,14.0,1.0,0.0,11.0,4.0,16.0,36.0,0.0,8.0,4.0,0.0,66.0,4.0,3.0,2.0,4.0,0.0,2.0,8.0,14.0,3.0,10.0,11.0,0.0,14.0,12.0,27.0,62.0,2.0,3.0
8699682889218965504,realty.yandex.ru,Арбат,91.0,48.0,1694.0,0.0,171.8235294117647,1460,29893,3221,19622,820400.0,421.0,180.0,6759.0,0.0,396.3589743589744,1460,29893,3221,19622,14.0,4.0,6.0,34.0,0.0,9.0,2.0,0.0,4.0,1.0,1.0,1.0,2.0,0.0,2.0,3.0,6.0,1.0,4.0,3.0,0.0,1.0,6.0,13.0,22.0,1.0,4.0,50.0,17.0,30.0,153.0,2.0,16.0,13.0,0.0,31.0,15.0,9.0,5.0,6.0,0.0,4.0,12.0,15.0,3.0,24.0,18.0,2.0,4.0,18.0,48.0,121.0,10.0,7.0
6276296181709701120,realty.yandex.ru,Даниловский,63.0,1.0,221.0,34.0,141.28571428571428,338,16978,699,14810,399100.0,220.0,22.0,4234.0,34.0,333.40625,338,16978,699,14810,6.0,2.0,8.0,23.0,0.0,4.0,2.0,0.0,10.0,2.0,0.0,0.0,1.0,0.0,1.0,7.0,5.0,1.0,4.0,8.0,0.0,0.0,5.0,8.0,27.0,2.0,1.0,11.0,7.0,18.0,60.0,1.0,8.0,4.0,0.0,76.0,4.0,1.0,3.0,3.0,0.0,2.0,11.0,18.0,2.0,13.0,12.0,0.0,13.0,17.0,34.0,62.0,3.0,3.0
319756093,cian.ru,Замоскворечье,173.0,38.0,739.0,0.0,179.88235294117646,122,20642,903,13770,543700.0,504.0,112.0,3037.0,0.0,368.8782608695652,122,20642,903,13770,10.0,6.0,6.0,43.0,0.0,4.0,4.0,0.0,14.0,3.0,2.0,1.0,1.0,0.0,2.0,3.0,9.0,0.0,7.0,6.0,0.0,5.0,10.0,17.0,45.0,3.0,2.0,36.0,11.0,13.0,129.0,1.0,9.0,7.0,0.0,26.0,11.0,5.0,1.0,22.0,0.0,3.0,11.0,17.0,0.0,18.0,9.0,0.0,14.0,21.0,39.0,111.0,5.0,4.0
324563057,cian.ru,Даниловский,77.0,1.0,221.0,48.0,128.6153846153846,338,23569,68,14810,399100.0,225.0,18.0,4103.0,48.0,356.94117647058823,338,23569,68,14810,6.0,2.0,6.0,21.0,0.0,4.0,1.0,0.0,10.0,2.0,0.0,0.0,1.0,0.0,1.0,7.0,4.0,1.0,3.0,7.0,0.0,6.0,5.0,8.0,25.0,2.0,0.0,11.0,5.0,17.0,47.0,0.0,8.0,4.0,0.0,69.0,4.0,3.0,2.0,2.0,0.0,2.0,10.0,15.0,3.0,12.0,13.0,0.0,14.0,16.0,32.0,62.0,2.0,3.0
319754522,cian.ru,Замоскворечье,173.0,38.0,739.0,0.0,179.88235294117646,122,20642,903,13770,543700.0,504.0,112.0,3037.0,0.0,368.8782608695652,122,20642,903,13770,10.0,6.0,6.0,43.0,0.0,4.0,4.0,0.0,14.0,3.0,2.0,1.0,1.0,0.0,2.0,3.0,9.0,0.0,7.0,6.0,0.0,5.0,10.0,17.0,45.0,3.0,2.0,36.0,11.0,13.0,129.0,1.0,9.0,7.0,0.0,26.0,11.0,5.0,1.0,22.0,0.0,3.0,11.0,17.0,0.0,18.0,9.0,0.0,14.0,21.0,39.0,111.0,5.0,4.0
321445339,cian.ru,Пресненский,12.0,3.0,137.0,0.0,163.58333333333334,2956,139525,1665,105474,621300.0,58.0,27.0,4445.0,0.0,317.1111111111111,2956,139525,1665,105474,20.0,6.0,40.0,67.0,0.0,10.0,7.0,0.0,37.0,17.0,0.0,0.0,1.0,0.0,3.0,10.0,14.0,7.0,25.0,13.0,2.0,0.0,39.0,72.0,119.0,1.0,11.0,24.0,8.0,53.0,86.0,0.0,16.0,13.0,0.0,54.0,21.0,4.0,3.0,2.0,0.0,5.0,16.0,20.0,7.0,36.0,16.0,2.0,1.0,50.0,96.0,157.0,3.0,13.0
303765608,cian.ru,Замоскворечье,173.0,38.0,739.0,0.0,179.88235294117646,122,20642,903,13770,543700.0,504.0,112.0,3037.0,0.0,368.8782608695652,122,20642,903,13770,10.0,6.0,6.0,43.0,0.0,4.0,4.0,0.0,14.0,3.0,2.0,1.0,1.0,0.0,2.0,3.0,9.0,0.0,7.0,6.0,0.0,5.0,10.0,17.0,45.0,3.0,2.0,36.0,11.0,13.0,129.0,1.0,9.0,7.0,0.0,26.0,11.0,5.0,1.0,22.0,0.0,3.0,11.0,17.0,0.0,18.0,9.0,0.0,14.0,21.0,39.0,111.0,5.0,4.0
7562114352,avito.ru,Сокольники,63.0,20.0,2792.0,112.0,236.92857142857144,2648,11974,2008,8639,367600.0,229.0,74.0,8235.0,112.0,348.03125,2648,11974,2008,8639,1.0,3.0,8.0,14.0,0.0,1.0,6.0,0.0,15.0,4.0,0.0,1.0,1.0,0.0,2.0,0.0,10.0,5.0,5.0,7.0,0.0,0.0,6.0,5.0,23.0,0.0,0.0,13.0,5.0,24.0,37.0,0.0,1.0,10.0,0.0,31.0,11.0,9.0,7.0,1.0,0.0,7.0,3.0,28.0,8.0,15.0,13.0,0.0,1.0,11.0,19.0,44.0,8.0,0.0
3966105355550123008,realty.yandex.ru,Академический,41.0,13.0,2239.0,91.0,166.0,2476,15325,4783,9473,387300.0,173.0,88.0,11375.0,91.0,357.63157894736844,2476,15325,4783,9473,7.0,1.0,10.0,22.0,0.0,1.0,3.0,0.0,13.0,4.0,2.0,1.0,1.0,0.0,1.0,1.0,12.0,2.0,5.0,8.0,0.0,0.0,6.0,3.0,10.0,0.0,1.0,25.0,11.0,28.0,69.0,0.0,1.0,10.0,0.0,37.0,16.0,5.0,7.0,4.0,0.0,1.0,1.0,32.0,5.0,10.0,12.0,0.0,1.0,11.0,30.0,34.0,6.0,4.0
322599191,cian.ru,Тверской,90.0,22.0,1516.0,80.0,204.4090909090909,628,7435,673,13851,609300.0,351.0,102.0,6472.0,80.0,376.45205479452056,628,7435,673,13851,19.0,4.0,11.0,43.0,0.0,11.0,4.0,0.0,11.0,4.0,2.0,3.0,0.0,0.0,0.0,8.0,5.0,1.0,8.0,6.0,1.0,4.0,10.0,17.0,22.0,2.0,0.0,51.0,25.0,29.0,155.0,2.0,19.0,11.0,0.0,32.0,12.0,5.0,10.0,20.0,1.0,1.0,22.0,24.0,5.0,18.0,14.0,1.0,4.0,44.0,63.0,109.0,4.0,3.0
320251054,cian.ru,Замоскворечье,173.0,38.0,739.0,0.0,179.88235294117646,122,20642,903,13770,543700.0,504.0,112.0,3037.0,0.0,368.8782608695652,122,20642,903,13770,10.0,6.0,6.0,43.0,0.0,4.0,4.0,0.0,14.0,3.0,2.0,1.0,1.0,0.0,2.0,3.0,9.0,0.0,7.0,6.0,0.0,5.0,10.0,17.0,45.0,3.0,2.0,36.0,11.0,13.0,129.0,1.0,9.0,7.0,0.0,26.0,11.0,5.0,1.0,22.0,0.0,3.0,11.0,17.0,0.0,18.0,9.0,0.0,14.0,21.0,39.0,111.0,5.0,4.0
3005970751420113920,realty.yandex.ru,Дегунино Западное,34.0,16.0,2975.0,126.0,126.0,10044,17852,4976,8077,305700.0,131.0,63.0,12458.0,126.0,303.3333333333333,10044,17852,4976,8077,0.0,2.0,6.0,13.0,0.0,3.0,2.0,0.0,12.0,3.0,1.0,1.0,0.0,0.0,0.0,2.0,8.0,1.0,3.0,3.0,0.0,0.0,2.0,4.0,21.0,2.0,2.0,5.0,7.0,11.0,33.0,0.0,4.0,11.0,0.0,16.0,9.0,2.0,2.0,0.0,0.0,0.0,4.0,24.0,2.0,11.0,5.0,0.0,1.0,3.0,11.0,26.0,3.0,2.0
5203054433263383552,realty.yandex.ru,Якиманка,115.0,26.0,1212.0,16.0,188.2058823529412,618,14190,1781,17834,680600.0,422.0,83.0,3764.0,16.0,363.7956989247312,618,14190,1781,17834,32.0,4.0,3.0,11.0,1.0,3.0,2.0,0.0,1.0,1.0,2.0,1.0,0.0,0.0,1.0,4.0,3.0,2.0,5.0,3.0,0.0,4.0,0.0,7.0,16.0,1.0,1.0,43.0,13.0,11.0,55.0,1.0,8.0,10.0,0.0,13.0,5.0,6.0,5.0,8.0,0.0,1.0,12.0,15.0,3.0,11.0,8.0,1.0,11.0,10.0,37.0,52.0,6.0,4.0
3986832478442972160,realty.yandex.ru,Даниловский,89.0,1.0,221.0,75.0,151.23076923076923,0,5885,42,7546,399100.0,226.0,12.0,3403.0,75.0,347.75,0,5885,42,7546,5.0,2.0,4.0,18.0,0.0,3.0,1.0,0.0,11.0,1.0,0.0,0.0,1.0,0.0,0.0,7.0,1.0,1.0,2.0,4.0,0.0,10.0,6.0,2.0,14.0,1.0,0.0,11.0,4.0,16.0,36.0,0.0,8.0,4.0,0.0,66.0,4.0,3.0,2.0,4.0,0.0,2.0,8.0,14.0,3.0,10.0,11.0,0.0,14.0,12.0,27.0,62.0,2.0,3.0
5203054433263416320,realty.yandex.ru,Мещанский,135.0,50.0,1538.0,4.0,187.5625,292,3493,515,8901,530600.0,568.0,228.0,6970.0,4.0,390.3606557377049,292,3493,515,8901,26.0,18.0,17.0,41.0,0.0,0.0,4.0,0.0,7.0,6.0,5.0,2.0,1.0,0.0,1.0,9.0,4.0,2.0,8.0,9.0,0.0,0.0,11.0,16.0,60.0,4.0,1.0,52.0,44.0,29.0,139.0,1.0,6.0,11.0,0.0,16.0,13.0,5.0,6.0,14.0,0.0,1.0,25.0,13.0,5.0,14.0,11.0,0.0,5.0,17.0,32.0,100.0,11.0,7.0
322901131,cian.ru,Арбат,109.0,40.0,1004.0,3.0,160.4,2296,13163,593,6700,820400.0,548.0,182.0,4963.0,3.0,426.8875,2296,13163,593,6700,6.0,3.0,6.0,33.0,0.0,6.0,1.0,0.0,2.0,2.0,3.0,0.0,2.0,0.0,0.0,2.0,7.0,1.0,7.0,1.0,1.0,3.0,3.0,23.0,34.0,0.0,1.0,37.0,15.0,17.0,110.0,2.0,9.0,11.0,0.0,14.0,12.0,11.0,3.0,13.0,0.0,1.0,12.0,21.0,3.0,15.0,14.0,3.0,8.0,15.0,55.0,102.0,6.0,2.0
323191517,cian.ru,Головинский,48.0,16.0,2241.0,51.0,201.8,9004,30429,2752,31533,329000.0,167.0,60.0,10461.0,51.0,401.1428571428572,9004,30429,2752,31533,11.0,0.0,27.0,28.0,0.0,5.0,4.0,1.0,36.0,5.0,1.0,0.0,0.0,0.0,1.0,5.0,11.0,4.0,5.0,8.0,3.0,0.0,10.0,20.0,41.0,1.0,1.0,13.0,3.0,38.0,56.0,1.0,8.0,14.0,1.0,47.0,15.0,2.0,6.0,7.0,0.0,2.0,9.0,35.0,6.0,8.0,12.0,3.0,0.0,22.0,28.0,58.0,8.0,3.0
322682872,cian.ru,Головинский,48.0,16.0,2241.0,51.0,201.8,9004,30429,2752,31533,329000.0,167.0,60.0,10461.0,51.0,401.1428571428572,9004,30429,2752,31533,11.0,0.0,27.0,28.0,0.0,5.0,4.0,1.0,36.0,5.0,1.0,0.0,0.0,0.0,1.0,5.0,11.0,4.0,5.0,8.0,3.0,0.0,10.0,20.0,41.0,1.0,1.0,13.0,3.0,38.0,56.0,1.0,8.0,14.0,1.0,47.0,15.0,2.0,6.0,7.0,0.0,2.0,9.0,35.0,6.0,8.0,12.0,3.0,0.0,22.0,28.0,58.0,8.0,3.0
324161745,cian.ru,Таганский,76.0,13.0,1335.0,0.0,195.72727272727272,1468,18739,2432,10691,433700.0,300.0,48.0,3302.0,0.0,388.2028985507246,1468,18739,2432,10691,11.0,2.0,4.0,20.0,0.0,0.0,1.0,0.0,3.0,1.0,1.0,1.0,3.0,0.0,1.0,4.0,4.0,0.0,3.0,13.0,1.0,0.0,3.0,8.0,17.0,0.0,2.0,32.0,6.0,20.0,77.0,2.0,7.0,7.0,0.0,18.0,9.0,6.0,2.0,5.0,0.0,3.0,13.0,11.0,3.0,10.0,16.0,1.0,3.0,25.0,44.0,80.0,2.0,3.0
2904111533706595840,realty.yandex.ru,Пресненский,19.0,8.0,253.0,25.0,205.53333333333333,4670,318598,5210,103583,621300.0,68.0,28.0,3622.0,25.0,297.3076923076923,4670,318598,5210,103583,20.0,5.0,41.0,69.0,0.0,13.0,9.0,0.0,30.0,17.0,0.0,0.0,1.0,0.0,2.0,12.0,14.0,7.0,27.0,13.0,2.0,0.0,36.0,65.0,119.0,1.0,10.0,37.0,7.0,53.0,79.0,0.0,15.0,13.0,0.0,46.0,20.0,0.0,1.0,1.0,0.0,5.0,16.0,16.0,7.0,32.0,16.0,2.0,1.0,50.0,93.0,152.0,1.0,13.0
321460751,cian.ru,Арбат,109.0,40.0,1004.0,3.0,160.4,2296,13163,593,6700,820400.0,548.0,182.0,4963.0,3.0,426.8875,2296,13163,593,6700,6.0,3.0,6.0,33.0,0.0,6.0,1.0,0.0,2.0,2.0,3.0,0.0,2.0,0.0,0.0,2.0,7.0,1.0,7.0,1.0,1.0,3.0,3.0,23.0,34.0,0.0,1.0,37.0,15.0,17.0,110.0,2.0,9.0,11.0,0.0,14.0,12.0,11.0,3.0,13.0,0.0,1.0,12.0,21.0,3.0,15.0,14.0,3.0,8.0,15.0,55.0,102.0,6.0,2.0
324155179,cian.ru,Пресненский,13.0,5.0,820.0,81.0,81.0,6146,20551,0,0,621300.0,123.0,55.0,8305.0,81.0,430.27777777777777,6146,20551,0,0,1.0,1.0,4.0,0.0,0.0,0.0,2.0,0.0,1.0,0.0,0.0,0.0,0.0,0.0,0.0,1.0,0.0,1.0,1.0,0.0,0.0,0.0,2.0,0.0,0.0,0.0,0.0,26.0,4.0,11.0,14.0,1.0,3.0,5.0,0.0,9.0,7.0,2.0,3.0,0.0,0.0,1.0,5.0,9.0,2.0,10.0,4.0,0.0,0.0,6.0,10.0,21.0,9.0,1.0
323059098,cian.ru,Пресненский,21.0,8.0,1773.0,0.0,204.8,4670,318598,5210,103583,621300.0,71.0,29.0,3682.0,0.0,303.48148148148147,4670,318598,5210,103583,18.0,5.0,38.0,63.0,0.0,13.0,8.0,0.0,30.0,17.0,0.0,0.0,1.0,0.0,2.0,12.0,15.0,6.0,27.0,12.0,2.0,0.0,35.0,61.0,116.0,1.0,8.0,42.0,7.0,53.0,79.0,0.0,15.0,13.0,0.0,46.0,20.0,0.0,2.0,1.0,0.0,5.0,16.0,17.0,7.0,32.0,16.0,2.0,1.0,50.0,93.0,152.0,1.0,13.0
320217864,cian.ru,Пресненский,83.0,17.0,1857.0,12.0,127.57142857142856,2644,19776,2729,20229,621300.0,256.0,90.0,6762.0,12.0,376.1333333333333,2644,19776,2729,20229,11.0,2.0,6.0,8.0,0.0,1.0,2.0,0.0,11.0,2.0,0.0,2.0,1.0,0.0,3.0,1.0,12.0,1.0,6.0,0.0,0.0,2.0,2.0,6.0,8.0,1.0,0.0,25.0,9.0,25.0,47.0,1.0,5.0,12.0,0.0,27.0,13.0,2.0,6.0,1.0,0.0,3.0,3.0,22.0,5.0,18.0,9.0,0.0,5.0,15.0,29.0,42.0,9.0,1.0
324148610,cian.ru,Таганский,76.0,13.0,1335.0,0.0,195.72727272727272,1468,18739,2432,10691,433700.0,300.0,48.0,3302.0,0.0,388.2028985507246,1468,18739,2432,10691,11.0,2.0,4.0,20.0,0.0,0.0,1.0,0.0,3.0,1.0,1.0,1.0,3.0,0.0,1.0,4.0,4.0,0.0,3.0,13.0,1.0,0.0,3.0,8.0,17.0,0.0,2.0,32.0,6.0,20.0,77.0,2.0,7.0,7.0,0.0,18.0,9.0,6.0,2.0,5.0,0.0,3.0,13.0,11.0,3.0,10.0,16.0,1.0,3.0,25.0,44.0,80.0,2.0,3.0
3965285094498904064,realty.yandex.ru,Замоскворечье,87.0,11.0,403.0,2.0,168.375,880,79764,1910,23230,543700.0,229.0,45.0,1793.0,2.0,312.741935483871,880,79764,1910,23230,8.0,4.0,11.0,32.0,0.0,3.0,2.0,0.0,9.0,1.0,0.0,1.0,1.0,0.0,1.0,10.0,14.0,3.0,7.0,7.0,0.0,1.0,15.0,15.0,26.0,0.0,2.0,18.0,11.0,30.0,54.0,1.0,5.0,7.0,0.0,25.0,7.0,1.0,1.0,4.0,0.0,2.0,18.0,15.0,3.0,12.0,8.0,0.0,4.0,28.0,45.0,83.0,0.0,4.0
3940063262435011072,realty.yandex.ru,Мещанский,135.0,50.0,1538.0,4.0,187.5625,292,3493,515,8901,530600.0,568.0,228.0,6970.0,4.0,390.3606557377049,292,3493,515,8901,26.0,18.0,17.0,41.0,0.0,0.0,4.0,0.0,7.0,6.0,5.0,2.0,1.0,0.0,1.0,9.0,4.0,2.0,8.0,9.0,0.0,0.0,11.0,16.0,60.0,4.0,1.0,52.0,44.0,29.0,139.0,1.0,6.0,11.0,0.0,16.0,13.0,5.0,6.0,14.0,0.0,1.0,25.0,13.0,5.0,14.0,11.0,0.0,5.0,17.0,32.0,100.0,11.0,7.0
320978859,cian.ru,Замоскворечье,71.0,19.0,2734.0,0.0,177.7,2008,11429,1103,5961,543700.0,331.0,91.0,8644.0,0.0,401.52777777777777,2008,11429,1103,5961,24.0,3.0,6.0,21.0,0.0,2.0,4.0,0.0,9.0,5.0,1.0,3.0,0.0,0.0,0.0,1.0,2.0,1.0,4.0,1.0,0.0,0.0,4.0,3.0,10.0,5.0,0.0,67.0,18.0,26.0,64.0,0.0,10.0,10.0,0.0,29.0,12.0,3.0,9.0,12.0,0.0,0.0,10.0,18.0,3.0,13.0,5.0,0.0,4.0,14.0,25.0,43.0,9.0,1.0
5228459417828421632,realty.yandex.ru,Мещанский,135.0,50.0,1538.0,4.0,187.5625,292,3493,515,8901,530600.0,568.0,228.0,6970.0,4.0,390.3606557377049,292,3493,515,8901,26.0,18.0,17.0,41.0,0.0,0.0,4.0,0.0,7.0,6.0,5.0,2.0,1.0,0.0,1.0,9.0,4.0,2.0,8.0,9.0,0.0,0.0,11.0,16.0,60.0,4.0,1.0,52.0,44.0,29.0,139.0,1.0,6.0,11.0,0.0,16.0,13.0,5.0,6.0,14.0,0.0,1.0,25.0,13.0,5.0,14.0,11.0,0.0,5.0,17.0,32.0,100.0,11.0,7.0
320593383,cian.ru,Басманный,198.0,34.0,905.0,0.0,161.82758620689654,312,8708,264,4839,461200.0,583.0,107.0,3074.0,0.0,356.2323232323232,312,8708,264,4839,3.0,4.0,5.0,18.0,1.0,4.0,1.0,0.0,3.0,3.0,1.0,2.0,7.0,0.0,0.0,4.0,3.0,0.0,2.0,1.0,0.0,12.0,4.0,12.0,30.0,3.0,0.0,24.0,13.0,23.0,108.0,1.0,10.0,6.0,0.0,17.0,10.0,3.0,3.0,19.0,1.0,0.0,8.0,9.0,4.0,10.0,9.0,0.0,25.0,17.0,37.0,168.0,3.0,3.0
323412067,cian.ru,Дегунино Западное,28.0,9.0,2986.0,247.0,247.0,1472,6954,2636,7643,305700.0,120.0,47.0,12056.0,247.0,419.0,1472,6954,2636,7643,0.0,4.0,5.0,26.0,1.0,1.0,4.0,0.0,5.0,4.0,1.0,0.0,0.0,0.0,1.0,1.0,14.0,1.0,2.0,1.0,0.0,0.0,10.0,3.0,17.0,1.0,0.0,11.0,14.0,15.0,57.0,1.0,1.0,10.0,0.0,15.0,16.0,3.0,3.0,1.0,0.0,1.0,2.0,35.0,4.0,8.0,2.0,0.0,1.0,15.0,10.0,18.0,4.0,1.0
323644381,cian.ru,Арбат,91.0,48.0,1694.0,0.0,171.94117647058823,1460,29893,3221,19622,820400.0,421.0,180.0,6759.0,0.0,396.56410256410254,1460,29893,3221,19622,14.0,4.0,6.0,34.0,0.0,9.0,2.0,0.0,4.0,1.0,1.0,1.0,2.0,0.0,2.0,3.0,6.0,1.0,4.0,3.0,0.0,0.0,6.0,13.0,22.0,1.0,4.0,50.0,17.0,30.0,153.0,2.0,16.0,13.0,0.0,31.0,15.0,9.0,5.0,6.0,0.0,4.0,12.0,15.0,3.0,24.0,18.0,2.0,4.0,18.0,48.0,121.0,10.0,7.0
324089274,cian.ru,Замоскворечье,71.0,19.0,2734.0,0.0,177.7,2008,11429,1103,5961,543700.0,331.0,91.0,8644.0,0.0,401.52777777777777,2008,11429,1103,5961,24.0,3.0,6.0,21.0,0.0,2.0,4.0,0.0,9.0,5.0,1.0,3.0,0.0,0.0,0.0,1.0,2.0,1.0,4.0,1.0,0.0,0.0,4.0,3.0,10.0,5.0,0.0,67.0,18.0,26.0,64.0,0.0,10.0,10.0,0.0,29.0,12.0,3.0,9.0,12.0,0.0,0.0,10.0,18.0,3.0,13.0,5.0,0.0,4.0,14.0,25.0,43.0,9.0,1.0
323081147,cian.ru,Тверской,112.0,34.0,1872.0,0.0,198.3636363636364,1078,21597,1557,20620,609300.0,341.0,96.0,6276.0,0.0,388.344262295082,1078,21597,1557,20620,10.0,6.0,9.0,27.0,0.0,3.0,3.0,0.0,33.0,3.0,1.0,1.0,1.0,0.0,0.0,7.0,5.0,1.0,6.0,1.0,2.0,0.0,14.0,15.0,72.0,1.0,1.0,33.0,12.0,30.0,97.0,0.0,5.0,13.0,0.0,46.0,12.0,2.0,4.0,29.0,3.0,0.0,18.0,24.0,3.0,14.0,11.0,2.0,2.0,29.0,48.0,134.0,6.0,5.0
320555803,cian.ru,Басманный,192.0,33.0,901.0,23.0,173.375,660,11410,540,7532,461200.0,565.0,100.0,2823.0,23.0,352.1855670103093,660,11410,540,7532,4.0,4.0,5.0,20.0,1.0,4.0,2.0,0.0,3.0,3.0,0.0,2.0,6.0,0.0,0.0,4.0,3.0,0.0,2.0,1.0,0.0,12.0,4.0,15.0,34.0,3.0,0.0,24.0,13.0,23.0,101.0,1.0,10.0,6.0,0.0,17.0,10.0,3.0,3.0,15.0,1.0,0.0,7.0,9.0,4.0,10.0,9.0,0.0,24.0,15.0,36.0,162.0,3.0,3.0
322807589,cian.ru,Тверской,112.0,34.0,1872.0,0.0,198.3636363636364,1078,21597,1557,20620,609300.0,341.0,96.0,6276.0,0.0,388.344262295082,1078,21597,1557,20620,10.0,6.0,9.0,27.0,0.0,3.0,3.0,0.0,33.0,3.0,1.0,1.0,1.0,0.0,0.0,7.0,5.0,1.0,6.0,1.0,2.0,0.0,14.0,15.0,72.0,1.0,1.0,33.0,12.0,30.0,97.0,0.0,5.0,13.0,0.0,46.0,12.0,2.0,4.0,29.0,3.0,0.0,18.0,24.0,3.0,14.0,11.0,2.0,2.0,29.0,48.0,134.0,6.0,5.0
319888704,cian.ru,Басманный,131.0,32.0,722.0,4.0,167.44444444444446,910,19478,479,14648,461200.0,437.0,94.0,4777.0,4.0,341.54651162790697,910,19478,479,14648,14.0,7.0,4.0,54.0,1.0,12.0,4.0,0.0,9.0,4.0,3.0,2.0,0.0,0.0,0.0,8.0,7.0,1.0,9.0,3.0,0.0,1.0,13.0,22.0,39.0,0.0,0.0,40.0,21.0,28.0,110.0,3.0,17.0,12.0,0.0,37.0,12.0,4.0,5.0,10.0,0.0,0.0,14.0,19.0,5.0,26.0,8.0,0.0,5.0,27.0,59.0,93.0,5.0,2.0
321534213,cian.ru,Тверской,112.0,34.0,1872.0,0.0,198.3636363636364,1078,21597,1557,20620,609300.0,341.0,96.0,6276.0,0.0,388.344262295082,1078,21597,1557,20620,10.0,6.0,9.0,27.0,0.0,3.0,3.0,0.0,33.0,3.0,1.0,1.0,1.0,0.0,0.0,7.0,5.0,1.0,6.0,1.0,2.0,0.0,14.0,15.0,72.0,1.0,1.0,33.0,12.0,30.0,97.0,0.0,5.0,13.0,0.0,46.0,12.0,2.0,4.0,29.0,3.0,0.0,18.0,24.0,3.0,14.0,11.0,2.0,2.0,29.0,48.0,134.0,6.0,5.0
322481613,cian.ru,Зюзино,22.0,10.0,861.0,48.0,133.0,1018,40175,5384,28894,326200.0,109.0,53.0,6273.0,48.0,189.0,1018,40175,5384,28894,1.0,3.0,4.0,1.0,0.0,0.0,1.0,0.0,5.0,0.0,0.0,0.0,1.0,0.0,1.0,3.0,3.0,0.0,1.0,1.0,0.0,0.0,2.0,0.0,1.0,0.0,1.0,8.0,6.0,8.0,9.0,0.0,0.0,5.0,0.0,18.0,4.0,5.0,4.0,5.0,0.0,1.0,3.0,16.0,2.0,5.0,2.0,0.0,1.0,6.0,1.0,6.0,2.0,1.0
323037687,cian.ru,Беговой,62.0,14.0,2495.0,34.0,223.16666666666663,3008,30044,5291,13624,414000.0,246.0,66.0,7331.0,34.0,359.58490566037733,3008,30044,5291,13624,3.0,4.0,5.0,5.0,1.0,1.0,2.0,0.0,9.0,2.0,1.0,1.0,1.0,0.0,0.0,2.0,3.0,1.0,4.0,1.0,0.0,0.0,8.0,13.0,14.0,1.0,2.0,20.0,14.0,15.0,37.0,2.0,4.0,9.0,0.0,34.0,12.0,4.0,5.0,4.0,0.0,1.0,9.0,11.0,3.0,17.0,3.0,0.0,4.0,18.0,42.0,43.0,3.0,4.0
323202436,cian.ru,Пресненский,13.0,5.0,820.0,81.0,81.0,6146,20551,0,0,621300.0,123.0,55.0,8305.0,81.0,430.27777777777777,6146,20551,0,0,1.0,1.0,4.0,0.0,0.0,0.0,2.0,0.0,1.0,0.0,0.0,0.0,0.0,0.0,0.0,1.0,0.0,1.0,1.0,0.0,0.0,0.0,2.0,0.0,0.0,0.0,0.0,26.0,4.0,11.0,14.0,1.0,3.0,5.0,0.0,9.0,7.0,2.0,3.0,0.0,0.0,1.0,5.0,9.0,2.0,10.0,4.0,0.0,0.0,6.0,10.0,21.0,9.0,1.0
320939879,cian.ru,Замоскворечье,71.0,19.0,2734.0,0.0,177.7,2008,11429,1103,5961,543700.0,331.0,91.0,8644.0,0.0,401.52777777777777,2008,11429,1103,5961,24.0,3.0,6.0,21.0,0.0,2.0,4.0,0.0,9.0,5.0,1.0,3.0,0.0,0.0,0.0,1.0,2.0,1.0,4.0,1.0,0.0,0.0,4.0,3.0,10.0,5.0,0.0,67.0,18.0,26.0,64.0,0.0,10.0,10.0,0.0,29.0,12.0,3.0,9.0,12.0,0.0,0.0,10.0,18.0,3.0,13.0,5.0,0.0,4.0,14.0,25.0,43.0,9.0,1.0
306948989166370432,realty.yandex.ru,Хамовники,10.0,,,,,0,616,0,1368,846800.0,25.0,,,533.0,533.0,0,616,0,1368,0.0,0.0,1.0,3.0,0.0,10.0,0.0,0.0,1.0,0.0,1.0,0.0,0.0,0.0,0.0,0.0,0.0,0.0,0.0,0.0,2.0,0.0,0.0,2.0,8.0,0.0,0.0,3.0,0.0,1.0,3.0,0.0,11.0,0.0,0.0,1.0,0.0,1.0,0.0,1.0,0.0,0.0,0.0,0.0,0.0,0.0,0.0,2.0,0.0,0.0,4.0,18.0,0.0,0.0
324119749,cian.ru,Лефортово,22.0,11.0,1446.0,135.0,152.5,2906,7297,1618,2317,279300.0,112.0,35.0,4820.0,135.0,445.94444444444446,2906,7297,1618,2317,2.0,2.0,3.0,4.0,0.0,0.0,1.0,0.0,1.0,7.0,0.0,0.0,0.0,0.0,0.0,0.0,2.0,0.0,0.0,0.0,0.0,0.0,0.0,0.0,4.0,0.0,0.0,7.0,7.0,8.0,8.0,0.0,0.0,2.0,0.0,9.0,8.0,0.0,0.0,0.0,0.0,0.0,2.0,16.0,0.0,1.0,0.0,0.0,2.0,7.0,8.0,12.0,7.0,0.0
6819069280599019520,realty.yandex.ru,Таганский,58.0,28.0,3562.0,83.0,218.16666666666663,2212,12355,3117,12378,433700.0,234.0,84.0,7391.0,83.0,432.97222222222223,2212,12355,3117,12378,26.0,4.0,3.0,11.0,0.0,3.0,6.0,0.0,4.0,4.0,1.0,5.0,0.0,0.0,0.0,1.0,8.0,0.0,4.0,1.0,0.0,1.0,9.0,3.0,4.0,1.0,1.0,41.0,10.0,13.0,36.0,0.0,7.0,13.0,1.0,21.0,8.0,7.0,9.0,4.0,1.0,1.0,4.0,26.0,8.0,9.0,8.0,0.0,2.0,17.0,14.0,13.0,7.0,1.0
8660284132703574016,realty.yandex.ru,Красносельский,116.0,56.0,2130.0,96.0,221.2,1194,9675,1142,8940,454800.0,479.0,169.0,5928.0,96.0,437.9791666666667,1194,9675,1142,8940,12.0,3.0,1.0,29.0,0.0,4.0,1.0,0.0,2.0,4.0,3.0,1.0,2.0,0.0,0.0,3.0,0.0,2.0,6.0,4.0,0.0,1.0,4.0,9.0,11.0,3.0,2.0,76.0,18.0,18.0,135.0,0.0,9.0,8.0,0.0,23.0,10.0,8.0,2.0,15.0,0.0,1.0,17.0,10.0,3.0,19.0,6.0,0.0,5.0,26.0,43.0,107.0,7.0,3.0
2361989408857827840,realty.yandex.ru,Ростокино,7.0,2.0,470.0,0.0,88.5,134,17804,34,13352,335200.0,38.0,20.0,4483.0,0.0,245.5,134,17804,34,13352,0.0,0.0,2.0,0.0,0.0,1.0,1.0,0.0,2.0,0.0,0.0,0.0,0.0,0.0,0.0,1.0,2.0,0.0,1.0,1.0,0.0,0.0,1.0,3.0,4.0,0.0,0.0,11.0,7.0,12.0,32.0,0.0,5.0,7.0,0.0,10.0,8.0,0.0,3.0,0.0,0.0,0.0,1.0,13.0,2.0,8.0,4.0,0.0,0.0,3.0,17.0,21.0,0.0,1.0
324081213,cian.ru,Обручевский,18.0,5.0,1106.0,32.0,159.66666666666666,130,4676,1074,7652,411600.0,123.0,23.0,7122.0,32.0,399.7,130,4676,1074,7652,0.0,0.0,1.0,1.0,0.0,3.0,1.0,0.0,3.0,1.0,0.0,0.0,0.0,0.0,0.0,4.0,3.0,0.0,2.0,1.0,0.0,0.0,2.0,1.0,4.0,1.0,2.0,12.0,0.0,6.0,9.0,0.0,3.0,6.0,0.0,7.0,5.0,1.0,2.0,0.0,4.0,0.0,6.0,9.0,1.0,7.0,3.0,0.0,3.0,6.0,10.0,10.0,3.0,3.0
3966105355550988800,realty.yandex.ru,Тверской,104.0,46.0,1775.0,26.0,173.26666666666668,714,17092,581,13052,609300.0,417.0,168.0,7799.0,26.0,356.6375,714,17092,581,13052,10.0,6.0,5.0,45.0,0.0,3.0,3.0,0.0,5.0,6.0,0.0,1.0,0.0,0.0,1.0,8.0,6.0,0.0,6.0,4.0,0.0,0.0,10.0,14.0,22.0,1.0,3.0,64.0,25.0,34.0,151.0,0.0,13.0,16.0,0.0,32.0,19.0,4.0,7.0,3.0,2.0,2.0,17.0,22.0,10.0,19.0,14.0,0.0,2.0,29.0,55.0,139.0,8.0,9.0
322934158,cian.ru,Раменки,35.0,16.0,3823.0,,,2238,6482,1285,5509,483300.0,115.0,46.0,8611.0,380.0,405.5,2238,6482,1285,5509,6.0,8.0,7.0,24.0,0.0,1.0,2.0,0.0,1.0,4.0,2.0,4.0,0.0,1.0,0.0,0.0,4.0,2.0,6.0,6.0,0.0,0.0,4.0,8.0,13.0,1.0,0.0,14.0,21.0,20.0,57.0,0.0,4.0,9.0,0.0,11.0,8.0,8.0,11.0,3.0,7.0,2.0,0.0,21.0,5.0,15.0,14.0,0.0,1.0,5.0,18.0,39.0,2.0,0.0
3965285094499855872,realty.yandex.ru,Зюзино,27.0,13.0,1164.0,23.0,133.8,1018,40175,5384,28894,326200.0,114.0,56.0,6676.0,23.0,182.5,1018,40175,5384,28894,1.0,3.0,4.0,1.0,0.0,0.0,1.0,0.0,5.0,0.0,0.0,0.0,1.0,0.0,1.0,3.0,3.0,0.0,1.0,1.0,0.0,1.0,2.0,0.0,1.0,0.0,1.0,8.0,6.0,8.0,10.0,0.0,0.0,6.0,0.0,18.0,4.0,6.0,4.0,5.0,0.0,1.0,3.0,16.0,2.0,5.0,2.0,0.0,1.0,6.0,1.0,6.0,3.0,1.0
3963650817019125248,realty.yandex.ru,Кузьминки,50.0,25.0,2555.0,256.0,275.6666666666667,1364,1980,2047,1135,302600.0,203.0,114.0,11260.0,256.0,441.0,1364,1980,2047,1135,6.0,0.0,6.0,7.0,0.0,0.0,3.0,0.0,16.0,0.0,0.0,3.0,0.0,0.0,1.0,0.0,8.0,1.0,1.0,2.0,0.0,0.0,1.0,6.0,13.0,0.0,0.0,13.0,3.0,20.0,20.0,1.0,0.0,13.0,0.0,48.0,9.0,5.0,8.0,2.0,1.0,5.0,0.0,28.0,5.0,9.0,5.0,0.0,0.0,3.0,17.0,32.0,5.0,0.0
323679755,cian.ru,Замоскворечье,71.0,19.0,2734.0,0.0,177.7,2008,11429,1103,5961,543700.0,331.0,91.0,8644.0,0.0,401.52777777777777,2008,11429,1103,5961,24.0,3.0,6.0,21.0,0.0,2.0,4.0,0.0,9.0,5.0,1.0,3.0,0.0,0.0,0.0,1.0,2.0,1.0,4.0,1.0,0.0,0.0,4.0,3.0,10.0,5.0,0.0,67.0,18.0,26.0,64.0,0.0,10.0,10.0,0.0,29.0,12.0,3.0,9.0,12.0,0.0,0.0,10.0,18.0,3.0,13.0,5.0,0.0,4.0,14.0,25.0,43.0,9.0,1.0
324424696,cian.ru,Даниловский,62.0,2.0,378.0,0.0,202.7692307692308,0,12178,733,19482,399100.0,208.0,32.0,3121.0,0.0,362.8529411764706,0,12178,733,19482,10.0,2.0,9.0,23.0,0.0,2.0,4.0,0.0,13.0,3.0,0.0,0.0,0.0,0.0,2.0,8.0,17.0,2.0,7.0,6.0,0.0,0.0,11.0,32.0,47.0,1.0,0.0,23.0,5.0,27.0,56.0,0.0,4.0,7.0,0.0,32.0,14.0,1.0,3.0,4.0,0.0,4.0,15.0,28.0,5.0,14.0,11.0,0.0,3.0,21.0,71.0,71.0,22.0,4.0
323931746,cian.ru,Красносельский,85.0,23.0,1911.0,67.0,232.3,972,10644,1343,4159,454800.0,401.0,123.0,6644.0,67.0,386.3013698630137,972,10644,1343,4159,15.0,1.0,0.0,22.0,0.0,3.0,1.0,0.0,5.0,2.0,3.0,0.0,2.0,0.0,0.0,5.0,0.0,1.0,4.0,2.0,0.0,0.0,15.0,5.0,18.0,1.0,3.0,60.0,12.0,10.0,78.0,0.0,9.0,9.0,0.0,20.0,10.0,7.0,4.0,7.0,0.0,0.0,10.0,12.0,4.0,22.0,8.0,0.0,2.0,33.0,37.0,70.0,11.0,5.0
324647658,cian.ru,Мещанский,95.0,32.0,3042.0,11.0,164.21428571428572,1910,17714,4268,9111,530600.0,268.0,92.0,8603.0,11.0,344.8181818181818,1910,17714,4268,9111,15.0,11.0,6.0,20.0,0.0,2.0,5.0,0.0,8.0,6.0,3.0,4.0,4.0,0.0,0.0,2.0,8.0,0.0,8.0,3.0,0.0,0.0,8.0,2.0,13.0,2.0,2.0,38.0,20.0,23.0,43.0,1.0,4.0,13.0,0.0,17.0,7.0,6.0,9.0,5.0,2.0,0.0,5.0,19.0,1.0,52.0,9.0,1.0,4.0,14.0,9.0,21.0,6.0,4.0
324111727,cian.ru,Южнопортовый,50.0,5.0,1974.0,193.0,254.0,40,16406,422,4447,368900.0,185.0,22.0,4731.0,193.0,409.69642857142856,40,16406,422,4447,1.0,0.0,2.0,14.0,0.0,0.0,1.0,0.0,4.0,0.0,1.0,0.0,0.0,0.0,1.0,1.0,0.0,1.0,0.0,0.0,0.0,0.0,2.0,6.0,6.0,0.0,0.0,5.0,3.0,5.0,24.0,0.0,1.0,3.0,0.0,29.0,3.0,2.0,1.0,5.0,0.0,2.0,3.0,8.0,1.0,8.0,6.0,0.0,1.0,13.0,13.0,30.0,1.0,0.0
324981160,cian.ru,Даниловский,31.0,13.0,1276.0,56.0,191.83333333333331,5974,7046,1173,6739,399100.0,79.0,33.0,5212.0,56.0,296.3,5974,7046,1173,6739,2.0,3.0,3.0,7.0,0.0,1.0,1.0,0.0,2.0,3.0,0.0,0.0,0.0,0.0,0.0,5.0,2.0,0.0,2.0,0.0,0.0,0.0,6.0,8.0,7.0,0.0,0.0,3.0,8.0,6.0,13.0,0.0,1.0,4.0,0.0,4.0,3.0,0.0,0.0,0.0,0.0,1.0,9.0,4.0,0.0,3.0,2.0,0.0,0.0,6.0,13.0,15.0,0.0,0.0
324312134,cian.ru,Даниловский,62.0,2.0,378.0,0.0,202.7692307692308,0,12178,733,19482,399100.0,208.0,32.0,3121.0,0.0,362.8529411764706,0,12178,733,19482,10.0,2.0,9.0,23.0,0.0,2.0,4.0,0.0,13.0,3.0,0.0,0.0,0.0,0.0,2.0,8.0,17.0,2.0,7.0,6.0,0.0,0.0,11.0,32.0,47.0,1.0,0.0,23.0,5.0,27.0,56.0,0.0,4.0,7.0,0.0,32.0,14.0,1.0,3.0,4.0,0.0,4.0,15.0,28.0,5.0,14.0,11.0,0.0,3.0,21.0,71.0,71.0,22.0,4.0
3986832478469842944,realty.yandex.ru,Дорогомилово,25.0,8.0,1065.0,172.0,200.5,956,18626,1444,10329,530200.0,112.0,34.0,4394.0,172.0,395.5,956,18626,1444,10329,8.0,1.0,1.0,7.0,0.0,0.0,1.0,0.0,4.0,4.0,1.0,1.0,1.0,0.0,0.0,1.0,2.0,0.0,2.0,0.0,0.0,0.0,1.0,6.0,3.0,1.0,0.0,15.0,5.0,9.0,40.0,0.0,2.0,8.0,0.0,19.0,11.0,1.0,3.0,4.0,0.0,0.0,1.0,12.0,2.0,9.0,6.0,0.0,0.0,9.0,23.0,17.0,7.0,0.0
324804910,cian.ru,Пресненский,99.0,37.0,2232.0,0.0,170.0952380952381,1378,13386,2674,6065,621300.0,368.0,124.0,7218.0,0.0,320.64,1378,13386,2674,6065,12.0,7.0,20.0,25.0,0.0,7.0,5.0,0.0,19.0,6.0,3.0,0.0,0.0,0.0,0.0,7.0,12.0,2.0,4.0,5.0,0.0,0.0,10.0,19.0,22.0,1.0,2.0,35.0,14.0,31.0,65.0,1.0,15.0,11.0,0.0,24.0,9.0,7.0,8.0,3.0,1.0,0.0,8.0,23.0,4.0,12.0,11.0,1.0,7.0,21.0,38.0,57.0,6.0,5.0
8139937694228890624,realty.yandex.ru,Дорогомилово,25.0,8.0,1065.0,172.0,200.5,956,18626,1444,10329,530200.0,112.0,34.0,4394.0,172.0,395.5,956,18626,1444,10329,8.0,1.0,1.0,7.0,0.0,0.0,1.0,0.0,4.0,4.0,1.0,1.0,1.0,0.0,0.0,1.0,2.0,0.0,2.0,0.0,0.0,0.0,1.0,6.0,3.0,1.0,0.0,15.0,5.0,9.0,40.0,0.0,2.0,8.0,0.0,19.0,11.0,1.0,3.0,4.0,0.0,0.0,1.0,12.0,2.0,9.0,6.0,0.0,0.0,9.0,23.0,17.0,7.0,0.0
324416194,cian.ru,Даниловский,62.0,2.0,378.0,0.0,202.7692307692308,0,12178,733,19482,399100.0,208.0,32.0,3121.0,0.0,362.8529411764706,0,12178,733,19482,10.0,2.0,9.0,23.0,0.0,2.0,4.0,0.0,13.0,3.0,0.0,0.0,0.0,0.0,2.0,8.0,17.0,2.0,7.0,6.0,0.0,0.0,11.0,32.0,47.0,1.0,0.0,23.0,5.0,27.0,56.0,0.0,4.0,7.0,0.0,32.0,14.0,1.0,3.0,4.0,0.0,4.0,15.0,28.0,5.0,14.0,11.0,0.0,3.0,21.0,71.0,71.0,22.0,4.0
320454927,cian.ru,Пресненский,88.0,18.0,1827.0,0.0,167.0,2218,21174,2994,20229,621300.0,241.0,87.0,6569.0,0.0,358.2307692307692,2218,21174,2994,20229,8.0,2.0,6.0,8.0,0.0,1.0,2.0,0.0,10.0,2.0,0.0,2.0,1.0,0.0,3.0,1.0,12.0,1.0,7.0,0.0,0.0,2.0,2.0,6.0,9.0,0.0,0.0,25.0,8.0,21.0,44.0,0.0,6.0,12.0,0.0,25.0,13.0,2.0,7.0,1.0,0.0,3.0,3.0,22.0,4.0,18.0,7.0,0.0,5.0,15.0,27.0,41.0,8.0,1.0
317910076,cian.ru,Пресненский,19.0,5.0,1544.0,16.0,150.0,4866,21037,5,370,621300.0,120.0,53.0,8212.0,16.0,389.6,4866,21037,5,370,1.0,0.0,0.0,0.0,0.0,0.0,1.0,0.0,1.0,0.0,0.0,0.0,0.0,0.0,0.0,0.0,0.0,1.0,0.0,0.0,0.0,0.0,0.0,0.0,0.0,0.0,0.0,7.0,4.0,10.0,12.0,1.0,2.0,4.0,0.0,9.0,7.0,2.0,3.0,0.0,0.0,1.0,3.0,8.0,2.0,8.0,3.0,0.0,0.0,6.0,9.0,15.0,11.0,1.0
321631726,cian.ru,Крылатское,33.0,8.0,2301.0,0.0,151.5,764,8614,1735,7026,404400.0,93.0,27.0,8275.0,0.0,300.0,764,8614,1735,7026,6.0,2.0,4.0,10.0,0.0,0.0,2.0,0.0,18.0,4.0,0.0,1.0,0.0,0.0,1.0,2.0,6.0,0.0,2.0,3.0,0.0,0.0,4.0,5.0,2.0,0.0,0.0,15.0,4.0,14.0,26.0,0.0,0.0,6.0,0.0,31.0,8.0,7.0,6.0,0.0,0.0,2.0,2.0,18.0,2.0,5.0,6.0,0.0,0.0,9.0,9.0,11.0,3.0,2.0
320896887,cian.ru,Крылатское,33.0,8.0,2301.0,0.0,151.5,764,8614,1735,7026,404400.0,93.0,27.0,8275.0,0.0,300.0,764,8614,1735,7026,6.0,2.0,4.0,10.0,0.0,0.0,2.0,0.0,18.0,4.0,0.0,1.0,0.0,0.0,1.0,2.0,6.0,0.0,2.0,3.0,0.0,0.0,4.0,5.0,2.0,0.0,0.0,15.0,4.0,14.0,26.0,0.0,0.0,6.0,0.0,31.0,8.0,7.0,6.0,0.0,0.0,2.0,2.0,18.0,2.0,5.0,6.0,0.0,0.0,9.0,9.0,11.0,3.0,2.0
323003294,cian.ru,Ломоносовский,27.0,9.0,1853.0,,,1844,2930,1488,2368,418300.0,138.0,68.0,10403.0,430.0,471.5,1844,2930,1488,2368,5.0,3.0,11.0,11.0,0.0,3.0,3.0,0.0,6.0,4.0,4.0,5.0,1.0,0.0,0.0,0.0,6.0,1.0,4.0,3.0,0.0,0.0,2.0,3.0,5.0,3.0,0.0,15.0,9.0,18.0,49.0,0.0,5.0,10.0,0.0,20.0,6.0,16.0,18.0,1.0,0.0,1.0,0.0,21.0,3.0,10.0,16.0,0.0,0.0,2.0,12.0,15.0,10.0,0.0
8660284132706459648,realty.yandex.ru,Савеловский,83.0,24.0,2063.0,116.0,183.0,2544,9846,1617,8808,361300.0,237.0,80.0,8162.0,116.0,402.94444444444446,2544,9846,1617,8808,14.0,1.0,10.0,9.0,0.0,2.0,6.0,0.0,40.0,1.0,2.0,0.0,0.0,0.0,0.0,2.0,16.0,1.0,9.0,1.0,0.0,0.0,12.0,17.0,18.0,2.0,1.0,35.0,9.0,19.0,30.0,0.0,2.0,15.0,0.0,78.0,12.0,5.0,2.0,0.0,0.0,0.0,6.0,33.0,6.0,18.0,5.0,0.0,0.0,23.0,40.0,56.0,8.0,3.0
322453546,cian.ru,Академический,46.0,21.0,3989.0,172.0,221.8,1660,2399,2335,2617,387300.0,224.0,92.0,12048.0,172.0,397.8125,1660,2399,2335,2617,7.0,6.0,1.0,16.0,0.0,1.0,3.0,0.0,9.0,7.0,0.0,2.0,1.0,0.0,0.0,0.0,11.0,6.0,2.0,6.0,0.0,1.0,0.0,4.0,4.0,0.0,0.0,18.0,12.0,9.0,40.0,0.0,3.0,7.0,0.0,19.0,10.0,7.0,5.0,5.0,0.0,0.0,2.0,21.0,9.0,2.0,8.0,0.0,2.0,3.0,12.0,8.0,7.0,0.0
2459345053815621120,realty.yandex.ru,Замоскворечье,35.0,4.0,494.0,9.0,205.53333333333333,22,15060,681,10558,543700.0,220.0,54.0,4450.0,9.0,398.7936507936508,22,15060,681,10558,5.0,3.0,3.0,30.0,0.0,1.0,2.0,0.0,2.0,0.0,1.0,1.0,1.0,0.0,1.0,5.0,5.0,0.0,4.0,2.0,0.0,1.0,9.0,7.0,22.0,0.0,1.0,27.0,14.0,25.0,77.0,0.0,8.0,7.0,0.0,20.0,4.0,4.0,2.0,3.0,0.0,2.0,14.0,20.0,3.0,11.0,12.0,0.0,3.0,24.0,48.0,95.0,3.0,4.0
7546691149,avito.ru,Нагатинский Затон,50.0,32.0,3624.0,48.0,158.0,1730,2319,2934,1552,359600.0,180.0,106.0,14630.0,48.0,404.8333333333333,1730,2319,2934,1552,2.0,1.0,4.0,6.0,0.0,1.0,4.0,0.0,10.0,0.0,1.0,3.0,0.0,0.0,0.0,0.0,0.0,2.0,1.0,1.0,0.0,0.0,0.0,3.0,6.0,6.0,0.0,7.0,7.0,12.0,19.0,0.0,2.0,13.0,0.0,46.0,6.0,6.0,8.0,2.0,1.0,1.0,0.0,34.0,7.0,7.0,5.0,0.0,0.0,1.0,9.0,9.0,8.0,1.0
4777675775648562176,realty.yandex.ru,Даниловский,62.0,2.0,378.0,8.0,202.3846153846154,0,12178,733,19482,399100.0,207.0,32.0,3121.0,8.0,362.9117647058824,0,12178,733,19482,10.0,2.0,9.0,23.0,0.0,2.0,4.0,0.0,13.0,3.0,0.0,0.0,0.0,0.0,2.0,8.0,17.0,2.0,7.0,6.0,0.0,0.0,11.0,32.0,47.0,1.0,0.0,23.0,6.0,27.0,57.0,1.0,7.0,7.0,0.0,33.0,14.0,2.0,3.0,4.0,0.0,4.0,15.0,26.0,5.0,14.0,11.0,0.0,3.0,21.0,72.0,71.0,22.0,4.0
323922500,cian.ru,Бутырский,41.0,6.0,1971.0,14.0,183.07142857142856,1652,19678,2264,21831,385200.0,183.0,19.0,3703.0,14.0,371.2765957446808,1652,19678,2264,21831,1.0,5.0,4.0,23.0,0.0,4.0,3.0,0.0,16.0,5.0,0.0,0.0,0.0,0.0,0.0,3.0,6.0,2.0,3.0,4.0,0.0,0.0,19.0,12.0,33.0,0.0,0.0,9.0,11.0,15.0,57.0,0.0,10.0,7.0,1.0,39.0,12.0,0.0,2.0,2.0,1.0,2.0,15.0,25.0,9.0,14.0,9.0,0.0,1.0,38.0,37.0,84.0,0.0,0.0
321021624,cian.ru,Хорошевский,33.0,9.0,1657.0,0.0,121.2,736,14221,2883,20174,443000.0,106.0,20.0,2716.0,0.0,347.46666666666664,736,14221,2883,20174,1.0,0.0,3.0,0.0,0.0,1.0,0.0,0.0,6.0,0.0,2.0,0.0,0.0,0.0,0.0,4.0,0.0,0.0,1.0,0.0,0.0,0.0,4.0,5.0,8.0,0.0,0.0,4.0,5.0,16.0,30.0,1.0,3.0,9.0,2.0,32.0,3.0,6.0,0.0,0.0,0.0,1.0,9.0,15.0,1.0,5.0,4.0,4.0,3.0,15.0,29.0,50.0,0.0,1.0
324831876,cian.ru,Академический,41.0,13.0,2239.0,91.0,166.0,2476,15325,4783,9473,387300.0,173.0,88.0,11375.0,91.0,357.6842105263158,2476,15325,4783,9473,7.0,1.0,10.0,22.0,0.0,1.0,3.0,0.0,13.0,4.0,2.0,1.0,1.0,0.0,1.0,1.0,12.0,2.0,5.0,8.0,0.0,0.0,6.0,3.0,10.0,0.0,1.0,25.0,11.0,28.0,69.0,0.0,1.0,10.0,0.0,37.0,16.0,5.0,7.0,4.0,0.0,1.0,1.0,32.0,5.0,10.0,12.0,0.0,1.0,11.0,30.0,34.0,6.0,4.0
322718906,cian.ru,Хорошевский,13.0,,,97.0,168.0,320,17232,1593,11571,443000.0,75.0,15.0,3409.0,97.0,358.38461538461536,320,17232,1593,11571,2.0,3.0,1.0,6.0,0.0,2.0,3.0,0.0,1.0,0.0,1.0,0.0,0.0,0.0,1.0,2.0,2.0,0.0,0.0,0.0,0.0,0.0,0.0,2.0,7.0,0.0,0.0,5.0,7.0,4.0,23.0,1.0,6.0,7.0,0.0,8.0,2.0,2.0,0.0,0.0,0.0,1.0,8.0,8.0,1.0,4.0,0.0,0.0,1.0,10.0,13.0,24.0,0.0,0.0
321779691,cian.ru,Тверской,112.0,34.0,1872.0,0.0,198.3636363636364,1078,21597,1557,20620,609300.0,341.0,96.0,6276.0,0.0,388.344262295082,1078,21597,1557,20620,10.0,6.0,9.0,27.0,0.0,3.0,3.0,0.0,33.0,3.0,1.0,1.0,1.0,0.0,0.0,7.0,5.0,1.0,6.0,1.0,2.0,0.0,14.0,15.0,72.0,1.0,1.0,33.0,12.0,30.0,97.0,0.0,5.0,13.0,0.0,46.0,12.0,2.0,4.0,29.0,3.0,0.0,18.0,24.0,3.0,14.0,11.0,2.0,2.0,29.0,48.0,134.0,6.0,5.0
322858672,cian.ru,Бутово Южное,24.0,12.0,1519.0,55.0,95.0,374,2360,941,1242,259700.0,133.0,37.0,4388.0,55.0,278.4,374,2360,941,1242,0.0,0.0,0.0,0.0,2.0,0.0,1.0,0.0,1.0,0.0,1.0,3.0,0.0,0.0,0.0,0.0,3.0,0.0,0.0,0.0,0.0,0.0,0.0,0.0,2.0,1.0,0.0,5.0,3.0,4.0,12.0,2.0,2.0,3.0,0.0,7.0,6.0,4.0,8.0,0.0,0.0,0.0,0.0,12.0,1.0,2.0,2.0,0.0,1.0,1.0,2.0,4.0,4.0,0.0
322333214,cian.ru,Беговой,56.0,11.0,2063.0,26.0,221.7826086956522,3008,36202,1528,16793,414000.0,244.0,63.0,6917.0,26.0,366.6111111111111,3008,36202,1528,16793,3.0,4.0,6.0,4.0,1.0,1.0,1.0,0.0,9.0,2.0,1.0,1.0,1.0,0.0,0.0,2.0,3.0,1.0,4.0,1.0,0.0,0.0,9.0,13.0,16.0,1.0,2.0,20.0,14.0,16.0,37.0,2.0,4.0,9.0,0.0,38.0,13.0,4.0,5.0,4.0,0.0,1.0,9.0,13.0,3.0,18.0,3.0,0.0,4.0,18.0,43.0,51.0,3.0,3.0
2361982388757968896,realty.yandex.ru,Беговой,62.0,14.0,2495.0,34.0,223.20833333333331,3008,30044,5291,13624,414000.0,246.0,66.0,7331.0,34.0,359.62264150943395,3008,30044,5291,13624,3.0,4.0,5.0,5.0,1.0,1.0,2.0,0.0,9.0,2.0,1.0,1.0,1.0,0.0,0.0,2.0,3.0,1.0,4.0,1.0,0.0,0.0,8.0,13.0,14.0,1.0,2.0,20.0,14.0,15.0,37.0,2.0,4.0,9.0,0.0,34.0,12.0,4.0,5.0,4.0,0.0,1.0,9.0,11.0,3.0,17.0,3.0,0.0,4.0,18.0,42.0,43.0,3.0,4.0
320245115,cian.ru,Мещанский,89.0,32.0,3122.0,1.0,193.72727272727272,1164,3605,1410,3282,530600.0,298.0,99.0,8689.0,1.0,398.4473684210527,1164,3605,1410,3282,4.0,4.0,6.0,12.0,0.0,0.0,6.0,0.0,7.0,3.0,2.0,1.0,1.0,1.0,0.0,2.0,6.0,3.0,3.0,4.0,0.0,0.0,0.0,6.0,8.0,3.0,0.0,33.0,24.0,20.0,48.0,1.0,8.0,16.0,0.0,16.0,11.0,9.0,8.0,3.0,1.0,0.0,4.0,25.0,5.0,18.0,11.0,0.0,0.0,12.0,19.0,24.0,8.0,4.0
323742317,cian.ru,Пресненский,99.0,37.0,2232.0,0.0,170.0952380952381,1378,13386,2674,6065,621300.0,368.0,124.0,7218.0,0.0,320.64,1378,13386,2674,6065,12.0,7.0,20.0,25.0,0.0,7.0,5.0,0.0,19.0,6.0,3.0,0.0,0.0,0.0,0.0,7.0,12.0,2.0,4.0,5.0,0.0,0.0,10.0,19.0,22.0,1.0,2.0,35.0,14.0,31.0,65.0,1.0,15.0,11.0,0.0,24.0,9.0,7.0,8.0,3.0,1.0,0.0,8.0,23.0,4.0,12.0,11.0,1.0,7.0,21.0,38.0,57.0,6.0,5.0
320251105,cian.ru,Пресненский,21.0,8.0,1773.0,0.0,204.8,4670,318598,5210,103583,621300.0,71.0,29.0,3682.0,0.0,303.48148148148147,4670,318598,5210,103583,18.0,5.0,38.0,63.0,0.0,13.0,8.0,0.0,30.0,17.0,0.0,0.0,1.0,0.0,2.0,12.0,15.0,6.0,27.0,12.0,2.0,0.0,35.0,61.0,116.0,1.0,8.0,42.0,7.0,53.0,79.0,0.0,15.0,13.0,0.0,46.0,20.0,0.0,2.0,1.0,0.0,5.0,16.0,17.0,7.0,32.0,16.0,2.0,1.0,50.0,93.0,152.0,1.0,13.0
6123023927764035584,realty.yandex.ru,Теплый Стан,22.0,11.0,1906.0,0.0,0.0,370,12038,1590,5384,312900.0,79.0,32.0,6965.0,0.0,269.3333333333333,370,12038,1590,5384,1.0,0.0,2.0,2.0,0.0,2.0,1.0,0.0,1.0,0.0,1.0,2.0,0.0,0.0,0.0,1.0,4.0,0.0,2.0,2.0,0.0,0.0,1.0,4.0,4.0,2.0,0.0,2.0,2.0,9.0,8.0,1.0,5.0,4.0,0.0,6.0,1.0,5.0,6.0,0.0,0.0,1.0,1.0,21.0,2.0,4.0,3.0,0.0,0.0,6.0,7.0,9.0,5.0,0.0
8139938462611292160,realty.yandex.ru,Солнцево,8.0,,,0.0,124.66666666666669,0,10816,734,8664,284300.0,17.0,4.0,3147.0,0.0,124.66666666666669,0,10816,734,8664,0.0,0.0,0.0,0.0,0.0,0.0,0.0,0.0,3.0,0.0,0.0,0.0,0.0,0.0,0.0,6.0,0.0,0.0,0.0,0.0,0.0,0.0,0.0,0.0,0.0,0.0,0.0,0.0,1.0,2.0,2.0,0.0,0.0,2.0,0.0,6.0,2.0,0.0,3.0,0.0,0.0,0.0,6.0,4.0,0.0,0.0,1.0,0.0,0.0,0.0,2.0,2.0,0.0,0.0
8302980091258421248,realty.yandex.ru,Беговой,47.0,19.0,2962.0,0.0,174.2,1530,11474,3027,7043,414000.0,187.0,90.0,10239.0,0.0,414.5,1530,11474,3027,7043,4.0,3.0,3.0,8.0,1.0,1.0,4.0,0.0,11.0,2.0,0.0,1.0,1.0,0.0,0.0,0.0,5.0,1.0,5.0,4.0,0.0,0.0,1.0,1.0,6.0,1.0,0.0,20.0,9.0,17.0,45.0,1.0,12.0,11.0,0.0,17.0,14.0,10.0,2.0,11.0,1.0,0.0,9.0,19.0,2.0,17.0,10.0,0.0,0.0,14.0,28.0,30.0,5.0,2.0
4035986349848909824,realty.yandex.ru,Академический,49.0,27.0,1646.0,60.0,123.5,230,2060,864,3957,387300.0,206.0,79.0,7409.0,60.0,402.6666666666667,230,2060,864,3957,2.0,1.0,2.0,4.0,1.0,3.0,2.0,0.0,4.0,3.0,2.0,1.0,1.0,1.0,0.0,0.0,6.0,0.0,1.0,1.0,0.0,1.0,1.0,2.0,15.0,5.0,0.0,12.0,5.0,10.0,24.0,2.0,7.0,9.0,0.0,16.0,6.0,6.0,5.0,3.0,1.0,0.0,6.0,17.0,4.0,1.0,2.0,0.0,1.0,5.0,11.0,31.0,11.0,0.0
7517866235140801536,realty.yandex.ru,Мещанский,89.0,32.0,3122.0,0.0,193.63636363636363,1164,3605,1410,3282,530600.0,298.0,99.0,8689.0,0.0,398.3157894736842,1164,3605,1410,3282,4.0,4.0,6.0,12.0,0.0,0.0,6.0,0.0,7.0,3.0,2.0,1.0,1.0,1.0,0.0,2.0,6.0,3.0,3.0,4.0,0.0,0.0,0.0,6.0,8.0,3.0,0.0,33.0,24.0,20.0,48.0,1.0,8.0,16.0,0.0,16.0,11.0,9.0,8.0,3.0,1.0,0.0,4.0,25.0,5.0,18.0,11.0,0.0,0.0,12.0,19.0,24.0,8.0,4.0
323009269,cian.ru,Донской,33.0,5.0,680.0,0.0,187.28571428571428,588,18037,310,5515,391900.0,125.0,24.0,3344.0,0.0,372.7826086956522,588,18037,310,5515,6.0,1.0,2.0,1.0,0.0,0.0,0.0,0.0,1.0,0.0,0.0,0.0,5.0,1.0,0.0,3.0,0.0,0.0,0.0,1.0,0.0,0.0,2.0,2.0,2.0,0.0,0.0,10.0,5.0,7.0,12.0,0.0,6.0,3.0,0.0,4.0,8.0,3.0,0.0,6.0,1.0,0.0,9.0,9.0,0.0,2.0,3.0,0.0,4.0,10.0,13.0,15.0,1.0,0.0
4035986349848886784,realty.yandex.ru,Беговой,40.0,17.0,2605.0,1.0,174.2,588,21174,1808,36434,414000.0,151.0,50.0,6860.0,1.0,278.75,588,21174,1808,36434,2.0,2.0,9.0,12.0,1.0,9.0,4.0,0.0,2.0,5.0,5.0,1.0,1.0,1.0,0.0,3.0,9.0,1.0,5.0,4.0,0.0,0.0,4.0,12.0,11.0,2.0,1.0,32.0,3.0,21.0,25.0,1.0,9.0,11.0,0.0,7.0,9.0,5.0,1.0,2.0,1.0,0.0,4.0,13.0,2.0,14.0,8.0,0.0,0.0,4.0,17.0,28.0,4.0,2.0
115779863272568992,realty.yandex.ru,Мещанский,26.0,1.0,127.0,13.0,173.16666666666666,22,24508,167,14803,530600.0,191.0,29.0,2721.0,13.0,418.741935483871,22,24508,167,14803,4.0,2.0,5.0,3.0,0.0,2.0,0.0,0.0,2.0,0.0,0.0,0.0,2.0,0.0,0.0,2.0,0.0,2.0,2.0,4.0,0.0,0.0,8.0,4.0,9.0,0.0,0.0,22.0,8.0,14.0,27.0,1.0,6.0,3.0,0.0,7.0,2.0,5.0,1.0,2.0,0.0,0.0,7.0,8.0,4.0,8.0,7.0,0.0,11.0,18.0,12.0,34.0,0.0,1.0
324656963,cian.ru,Филевский Парк,45.0,12.0,2316.0,1.0,168.1875,2332,25228,2885,12028,402300.0,130.0,36.0,7085.0,1.0,273.5833333333333,2332,25228,2885,12028,3.0,0.0,5.0,4.0,1.0,1.0,1.0,0.0,6.0,2.0,0.0,0.0,0.0,0.0,0.0,7.0,0.0,0.0,1.0,1.0,0.0,0.0,6.0,6.0,10.0,0.0,0.0,9.0,10.0,15.0,25.0,1.0,4.0,2.0,1.0,12.0,8.0,3.0,5.0,0.0,0.0,4.0,9.0,9.0,1.0,3.0,4.0,1.0,0.0,14.0,22.0,42.0,1.0,0.0
324678199,cian.ru,Филевский Парк,48.0,14.0,2602.0,0.0,185.94117647058823,2332,25228,2885,12028,402300.0,131.0,41.0,7520.0,0.0,283.08,2332,25228,2885,12028,4.0,0.0,5.0,4.0,1.0,1.0,1.0,0.0,7.0,2.0,0.0,0.0,0.0,0.0,0.0,7.0,1.0,0.0,1.0,1.0,0.0,0.0,6.0,11.0,12.0,0.0,0.0,9.0,11.0,16.0,27.0,2.0,5.0,4.0,1.0,13.0,8.0,3.0,5.0,0.0,0.0,6.0,9.0,11.0,1.0,4.0,4.0,1.0,0.0,14.0,23.0,47.0,1.0,0.0
8699681124976164864,realty.yandex.ru,Марьина Роща,42.0,4.0,707.0,52.0,123.0,472,1610,4060,12754,402200.0,179.0,48.0,5995.0,52.0,345.2,472,1610,4060,12754,2.0,0.0,4.0,6.0,0.0,2.0,1.0,1.0,4.0,0.0,0.0,0.0,2.0,0.0,1.0,0.0,3.0,3.0,4.0,1.0,1.0,1.0,3.0,4.0,13.0,0.0,1.0,8.0,4.0,5.0,11.0,0.0,2.0,3.0,1.0,9.0,2.0,2.0,1.0,5.0,0.0,1.0,1.0,9.0,3.0,5.0,1.0,1.0,1.0,7.0,5.0,17.0,5.0,2.0
320808211,cian.ru,Хорошево-Мневники,19.0,4.0,1904.0,283.0,283.0,752,7870,3756,8657,454100.0,82.0,17.0,5724.0,283.0,401.0,752,7870,3756,8657,0.0,0.0,2.0,9.0,0.0,2.0,2.0,0.0,4.0,2.0,1.0,3.0,0.0,0.0,1.0,0.0,3.0,1.0,3.0,2.0,0.0,2.0,0.0,4.0,9.0,0.0,0.0,0.0,1.0,2.0,11.0,0.0,3.0,4.0,0.0,5.0,5.0,1.0,4.0,0.0,0.0,1.0,0.0,3.0,1.0,4.0,2.0,0.0,3.0,2.0,8.0,15.0,0.0,0.0
4035986349848914944,realty.yandex.ru,Донской,33.0,5.0,680.0,0.0,187.28571428571428,588,18037,310,5515,391900.0,125.0,24.0,3344.0,0.0,372.7826086956522,588,18037,310,5515,6.0,1.0,2.0,1.0,0.0,0.0,0.0,0.0,1.0,0.0,0.0,0.0,5.0,1.0,0.0,3.0,0.0,0.0,0.0,1.0,0.0,0.0,2.0,2.0,2.0,0.0,0.0,10.0,5.0,7.0,12.0,0.0,6.0,3.0,0.0,4.0,8.0,3.0,0.0,6.0,1.0,0.0,9.0,9.0,0.0,2.0,3.0,0.0,4.0,10.0,13.0,15.0,1.0,0.0
3767668726588002816,realty.yandex.ru,Нагатино-Садовники,61.0,2.0,327.0,55.0,156.85714285714286,746,9153,305,6815,353800.0,197.0,35.0,5615.0,55.0,337.5263157894737,746,9153,305,6815,5.0,0.0,2.0,1.0,0.0,1.0,0.0,0.0,1.0,0.0,0.0,0.0,0.0,0.0,0.0,1.0,2.0,1.0,1.0,2.0,0.0,0.0,4.0,2.0,8.0,0.0,0.0,11.0,2.0,11.0,12.0,0.0,5.0,6.0,0.0,16.0,4.0,0.0,4.0,3.0,0.0,0.0,6.0,13.0,1.0,5.0,3.0,0.0,0.0,11.0,10.0,15.0,3.0,1.0
323120966,cian.ru,Филевский Парк,45.0,12.0,2316.0,1.0,168.1875,2332,25228,2885,12028,402300.0,130.0,36.0,7085.0,1.0,273.5833333333333,2332,25228,2885,12028,3.0,0.0,5.0,4.0,1.0,1.0,1.0,0.0,6.0,2.0,0.0,0.0,0.0,0.0,0.0,7.0,0.0,0.0,1.0,1.0,0.0,0.0,6.0,6.0,10.0,0.0,0.0,9.0,10.0,15.0,25.0,1.0,4.0,2.0,1.0,12.0,8.0,3.0,5.0,0.0,0.0,4.0,9.0,9.0,1.0,3.0,4.0,1.0,0.0,14.0,22.0,42.0,1.0,0.0
321516974,cian.ru,Даниловский,57.0,11.0,681.0,103.0,211.8181818181818,292,7414,576,3000,399100.0,258.0,36.0,1722.0,103.0,440.2166666666666,292,7414,576,3000,0.0,2.0,2.0,3.0,1.0,0.0,0.0,0.0,2.0,1.0,1.0,0.0,1.0,0.0,0.0,1.0,1.0,0.0,0.0,0.0,0.0,0.0,3.0,3.0,3.0,0.0,0.0,8.0,6.0,8.0,19.0,2.0,3.0,4.0,0.0,22.0,5.0,1.0,1.0,4.0,0.0,0.0,15.0,8.0,3.0,8.0,1.0,0.0,0.0,22.0,23.0,31.0,1.0,1.0
320929356,cian.ru,Хорошево-Мневники,15.0,8.0,586.0,,,0,84,0,0,454100.0,34.0,26.0,1273.0,,,0,84,0,0,0.0,0.0,0.0,0.0,0.0,0.0,0.0,0.0,0.0,0.0,0.0,0.0,0.0,0.0,0.0,0.0,0.0,0.0,0.0,0.0,0.0,0.0,0.0,0.0,0.0,0.0,0.0,0.0,0.0,0.0,0.0,0.0,0.0,0.0,0.0,0.0,0.0,0.0,0.0,0.0,0.0,0.0,0.0,0.0,0.0,0.0,0.0,0.0,0.0,0.0,0.0,0.0,0.0,0.0
323751780,cian.ru,Солнцево,8.0,,,0.0,124.66666666666669,0,10816,734,8664,284300.0,17.0,4.0,3147.0,0.0,124.66666666666669,0,10816,734,8664,0.0,0.0,0.0,0.0,0.0,0.0,0.0,0.0,3.0,0.0,0.0,0.0,0.0,0.0,0.0,6.0,0.0,0.0,0.0,0.0,0.0,0.0,0.0,0.0,0.0,0.0,0.0,0.0,1.0,2.0,2.0,0.0,0.0,2.0,0.0,6.0,2.0,0.0,3.0,0.0,0.0,0.0,6.0,4.0,0.0,0.0,1.0,0.0,0.0,0.0,2.0,2.0,0.0,0.0
323134211,cian.ru,Хамовники,10.0,,,,,0,616,0,1368,846800.0,25.0,,,533.0,533.0,0,616,0,1368,0.0,0.0,1.0,3.0,0.0,10.0,0.0,0.0,1.0,0.0,1.0,0.0,0.0,0.0,0.0,0.0,0.0,0.0,0.0,0.0,2.0,0.0,0.0,2.0,8.0,0.0,0.0,3.0,0.0,1.0,3.0,0.0,11.0,0.0,0.0,1.0,0.0,1.0,0.0,1.0,0.0,0.0,0.0,0.0,0.0,0.0,0.0,2.0,0.0,0.0,4.0,18.0,0.0,0.0
322942008,cian.ru,Донской,33.0,5.0,680.0,0.0,187.28571428571428,588,18037,310,5515,391900.0,125.0,24.0,3344.0,0.0,372.7826086956522,588,18037,310,5515,6.0,1.0,2.0,1.0,0.0,0.0,0.0,0.0,1.0,0.0,0.0,0.0,5.0,1.0,0.0,3.0,0.0,0.0,0.0,1.0,0.0,0.0,2.0,2.0,2.0,0.0,0.0,10.0,5.0,7.0,12.0,0.0,6.0,3.0,0.0,4.0,8.0,3.0,0.0,6.0,1.0,0.0,9.0,9.0,0.0,2.0,3.0,0.0,4.0,10.0,13.0,15.0,1.0,0.0
321845918,cian.ru,Донской,33.0,5.0,680.0,0.0,187.28571428571428,588,18037,310,5515,391900.0,125.0,24.0,3344.0,0.0,372.7826086956522,588,18037,310,5515,6.0,1.0,2.0,1.0,0.0,0.0,0.0,0.0,1.0,0.0,0.0,0.0,5.0,1.0,0.0,3.0,0.0,0.0,0.0,1.0,0.0,0.0,2.0,2.0,2.0,0.0,0.0,10.0,5.0,7.0,12.0,0.0,6.0,3.0,0.0,4.0,8.0,3.0,0.0,6.0,1.0,0.0,9.0,9.0,0.0,2.0,3.0,0.0,4.0,10.0,13.0,15.0,1.0,0.0
325134736,cian.ru,Раменки,22.0,5.0,1757.0,274.0,274.0,1162,0,392,0,483300.0,57.0,25.0,8189.0,274.0,274.0,1162,0,392,0,0.0,0.0,0.0,0.0,0.0,0.0,0.0,0.0,0.0,0.0,0.0,0.0,0.0,0.0,0.0,0.0,0.0,0.0,0.0,0.0,0.0,0.0,0.0,1.0,2.0,0.0,0.0,2.0,4.0,6.0,28.0,0.0,3.0,2.0,0.0,2.0,5.0,2.0,1.0,0.0,0.0,0.0,0.0,7.0,3.0,2.0,3.0,0.0,0.0,0.0,5.0,10.0,0.0,0.0
321033920,cian.ru,Внуково,16.0,16.0,819.0,,,1752,1199,1689,2928,289500.0,78.0,34.0,1950.0,,,1752,1199,1689,2928,0.0,0.0,0.0,0.0,0.0,0.0,0.0,0.0,0.0,0.0,0.0,0.0,0.0,0.0,0.0,0.0,0.0,0.0,0.0,0.0,0.0,0.0,0.0,0.0,0.0,0.0,0.0,0.0,0.0,0.0,0.0,0.0,0.0,0.0,0.0,0.0,0.0,0.0,0.0,0.0,0.0,0.0,0.0,0.0,0.0,0.0,0.0,0.0,0.0,0.0,0.0,0.0,0.0,0.0
321594555,cian.ru,Донской,33.0,5.0,680.0,0.0,187.28571428571428,588,18037,310,5515,391900.0,125.0,24.0,3344.0,0.0,372.7826086956522,588,18037,310,5515,6.0,1.0,2.0,1.0,0.0,0.0,0.0,0.0,1.0,0.0,0.0,0.0,5.0,1.0,0.0,3.0,0.0,0.0,0.0,1.0,0.0,0.0,2.0,2.0,2.0,0.0,0.0,10.0,5.0,7.0,12.0,0.0,6.0,3.0,0.0,4.0,8.0,3.0,0.0,6.0,1.0,0.0,9.0,9.0,0.0,2.0,3.0,0.0,4.0,10.0,13.0,15.0,1.0,0.0
320901534,cian.ru,Донской,33.0,5.0,680.0,0.0,187.28571428571428,588,18037,310,5515,391900.0,125.0,24.0,3344.0,0.0,372.7826086956522,588,18037,310,5515,6.0,1.0,2.0,1.0,0.0,0.0,0.0,0.0,1.0,0.0,0.0,0.0,5.0,1.0,0.0,3.0,0.0,0.0,0.0,1.0,0.0,0.0,2.0,2.0,2.0,0.0,0.0,10.0,5.0,7.0,12.0,0.0,6.0,3.0,0.0,4.0,8.0,3.0,0.0,6.0,1.0,0.0,9.0,9.0,0.0,2.0,3.0,0.0,4.0,10.0,13.0,15.0,1.0,0.0
321941132,cian.ru,Донской,33.0,5.0,680.0,0.0,187.28571428571428,588,18037,310,5515,391900.0,125.0,24.0,3344.0,0.0,372.7826086956522,588,18037,310,5515,6.0,1.0,2.0,1.0,0.0,0.0,0.0,0.0,1.0,0.0,0.0,0.0,5.0,1.0,0.0,3.0,0.0,0.0,0.0,1.0,0.0,0.0,2.0,2.0,2.0,0.0,0.0,10.0,5.0,7.0,12.0,0.0,6.0,3.0,0.0,4.0,8.0,3.0,0.0,6.0,1.0,0.0,9.0,9.0,0.0,2.0,3.0,0.0,4.0,10.0,13.0,15.0,1.0,0.0
321062520,cian.ru,Очаково-Матвеевское,23.0,12.0,856.0,,,620,1236,1881,1344,361200.0,79.0,27.0,3663.0,482.0,482.0,620,1236,1881,1344,2.0,1.0,4.0,9.0,0.0,1.0,1.0,0.0,0.0,1.0,1.0,1.0,0.0,0.0,0.0,0.0,6.0,2.0,1.0,1.0,0.0,0.0,0.0,2.0,3.0,0.0,0.0,4.0,6.0,6.0,31.0,1.0,2.0,3.0,0.0,1.0,3.0,1.0,2.0,5.0,1.0,0.0,0.0,13.0,2.0,3.0,2.0,0.0,1.0,0.0,4.0,8.0,1.0,0.0
3965285094522885120,realty.yandex.ru,Крылатское,9.0,,,0.0,140.2,860,29143,74,20318,404400.0,18.0,2.0,465.0,0.0,172.83333333333334,860,29143,74,20318,2.0,0.0,4.0,0.0,0.0,1.0,0.0,0.0,1.0,0.0,0.0,1.0,0.0,0.0,0.0,5.0,0.0,1.0,0.0,1.0,0.0,0.0,5.0,2.0,1.0,0.0,0.0,2.0,1.0,5.0,0.0,0.0,1.0,1.0,0.0,1.0,0.0,0.0,1.0,0.0,0.0,0.0,5.0,1.0,1.0,0.0,1.0,0.0,0.0,5.0,3.0,1.0,0.0,0.0
6123233707009113088,realty.yandex.ru,Нагорный,38.0,,,1.0,179.6153846153846,4280,22811,478,17607,345200.0,215.0,7.0,,1.0,395.672131147541,4280,22811,478,17607,2.0,0.0,7.0,6.0,0.0,0.0,1.0,0.0,12.0,0.0,0.0,0.0,1.0,0.0,1.0,4.0,7.0,3.0,4.0,3.0,0.0,0.0,7.0,8.0,13.0,0.0,0.0,6.0,2.0,10.0,10.0,1.0,2.0,2.0,0.0,23.0,3.0,0.0,0.0,2.0,0.0,1.0,6.0,9.0,3.0,8.0,5.0,0.0,0.0,10.0,16.0,23.0,1.0,1.0
3940063261425480192,realty.yandex.ru,Нагорный,38.0,,,1.0,179.6153846153846,4280,22811,478,17607,345200.0,215.0,7.0,,1.0,395.672131147541,4280,22811,478,17607,2.0,0.0,7.0,6.0,0.0,0.0,1.0,0.0,12.0,0.0,0.0,0.0,1.0,0.0,1.0,4.0,7.0,3.0,4.0,3.0,0.0,0.0,7.0,8.0,13.0,0.0,0.0,6.0,2.0,10.0,10.0,1.0,2.0,2.0,0.0,23.0,3.0,0.0,0.0,2.0,0.0,1.0,6.0,9.0,3.0,8.0,5.0,0.0,0.0,10.0,16.0,23.0,1.0,1.0
323929148,cian.ru,Нагорный,39.0,,,0.0,179.69230769230768,4280,22811,478,17607,345200.0,215.0,7.0,,0.0,395.44262295081967,4280,22811,478,17607,2.0,0.0,7.0,6.0,0.0,0.0,1.0,0.0,12.0,0.0,0.0,0.0,1.0,0.0,1.0,4.0,7.0,3.0,4.0,3.0,0.0,0.0,7.0,8.0,13.0,0.0,0.0,6.0,2.0,10.0,10.0,1.0,2.0,2.0,0.0,23.0,3.0,0.0,0.0,2.0,0.0,1.0,6.0,9.0,3.0,8.0,5.0,0.0,0.0,10.0,16.0,23.0,1.0,1.0
306948989166254272,realty.yandex.ru,Нагорный,38.0,,,1.0,179.6153846153846,4280,22811,478,17607,345200.0,215.0,7.0,,1.0,395.672131147541,4280,22811,478,17607,2.0,0.0,7.0,6.0,0.0,0.0,1.0,0.0,12.0,0.0,0.0,0.0,1.0,0.0,1.0,4.0,7.0,3.0,4.0,3.0,0.0,0.0,7.0,8.0,13.0,0.0,0.0,6.0,2.0,10.0,10.0,1.0,2.0,2.0,0.0,23.0,3.0,0.0,0.0,2.0,0.0,1.0,6.0,9.0,3.0,8.0,5.0,0.0,0.0,10.0,16.0,23.0,1.0,1.0
321394223,cian.ru,Ростокино,7.0,1.0,307.0,108.0,133.0,2408,18841,337,13352,335200.0,45.0,15.0,3485.0,108.0,270.0,2408,18841,337,13352,1.0,0.0,2.0,0.0,0.0,1.0,0.0,0.0,2.0,0.0,0.0,0.0,0.0,0.0,0.0,1.0,0.0,0.0,0.0,0.0,0.0,0.0,1.0,4.0,6.0,0.0,0.0,8.0,7.0,10.0,24.0,0.0,6.0,6.0,0.0,10.0,8.0,0.0,2.0,0.0,0.0,0.0,1.0,11.0,2.0,7.0,4.0,0.0,1.0,3.0,16.0,20.0,0.0,1.0
318484763,cian.ru,Красносельский,57.0,5.0,484.0,0.0,180.4782608695652,1118,20188,334,10990,454800.0,299.0,46.0,4163.0,0.0,371.25714285714287,1118,20188,334,10990,4.0,1.0,6.0,15.0,0.0,2.0,4.0,0.0,12.0,3.0,0.0,1.0,0.0,0.0,0.0,5.0,4.0,0.0,5.0,2.0,0.0,2.0,17.0,26.0,33.0,2.0,1.0,35.0,11.0,19.0,59.0,1.0,9.0,12.0,0.0,39.0,7.0,3.0,4.0,7.0,0.0,0.0,11.0,7.0,1.0,20.0,4.0,0.0,5.0,39.0,69.0,93.0,6.0,5.0
321302681,cian.ru,Хамовники,40.0,15.0,924.0,190.0,216.6,2530,24247,1341,5114,846800.0,160.0,68.0,4333.0,190.0,347.2,2530,24247,1341,5114,24.0,3.0,6.0,4.0,0.0,1.0,4.0,0.0,8.0,1.0,1.0,1.0,0.0,0.0,0.0,1.0,4.0,0.0,3.0,1.0,0.0,2.0,4.0,3.0,7.0,2.0,3.0,29.0,5.0,11.0,21.0,0.0,3.0,6.0,0.0,15.0,1.0,6.0,5.0,5.0,0.0,0.0,3.0,8.0,5.0,7.0,7.0,0.0,3.0,7.0,7.0,23.0,7.0,3.0
320226686,cian.ru,Красносельский,57.0,5.0,484.0,0.0,180.4782608695652,1118,20188,334,10990,454800.0,299.0,46.0,4163.0,0.0,371.25714285714287,1118,20188,334,10990,4.0,1.0,6.0,15.0,0.0,2.0,4.0,0.0,12.0,3.0,0.0,1.0,0.0,0.0,0.0,5.0,4.0,0.0,5.0,2.0,0.0,2.0,17.0,26.0,33.0,2.0,1.0,35.0,11.0,19.0,59.0,1.0,9.0,12.0,0.0,39.0,7.0,3.0,4.0,7.0,0.0,0.0,11.0,7.0,1.0,20.0,4.0,0.0,5.0,39.0,69.0,93.0,6.0,5.0
322076494,cian.ru,Раменки,24.0,11.0,1173.0,,,1936,1663,2305,4613,483300.0,123.0,41.0,4992.0,348.0,464.0,1936,1663,2305,4613,1.0,1.0,3.0,3.0,0.0,0.0,2.0,0.0,6.0,3.0,1.0,0.0,0.0,3.0,0.0,0.0,1.0,1.0,2.0,1.0,0.0,0.0,1.0,3.0,7.0,0.0,0.0,11.0,7.0,11.0,15.0,0.0,3.0,6.0,0.0,12.0,5.0,2.0,4.0,8.0,7.0,0.0,0.0,11.0,3.0,6.0,4.0,0.0,1.0,8.0,12.0,21.0,1.0,0.0
324811386,cian.ru,Красносельский,69.0,9.0,900.0,10.0,159.64,1118,20188,404,13605,454800.0,325.0,59.0,4568.0,10.0,351.27777777777777,1118,20188,404,13605,7.0,1.0,5.0,19.0,0.0,1.0,3.0,0.0,13.0,3.0,0.0,1.0,0.0,0.0,0.0,6.0,4.0,0.0,6.0,2.0,0.0,1.0,17.0,17.0,22.0,3.0,1.0,43.0,14.0,16.0,73.0,1.0,5.0,7.0,0.0,25.0,8.0,2.0,6.0,8.0,0.0,0.0,12.0,6.0,1.0,18.0,4.0,0.0,3.0,38.0,55.0,83.0,6.0,4.0
324703507,cian.ru,Свиблово,44.0,24.0,2721.0,4.0,151.0,10002,25880,5875,7910,356200.0,165.0,64.0,10590.0,4.0,376.8333333333333,10002,25880,5875,7910,1.0,2.0,10.0,11.0,0.0,0.0,4.0,0.0,27.0,1.0,3.0,1.0,1.0,0.0,1.0,1.0,15.0,1.0,3.0,3.0,0.0,0.0,1.0,8.0,12.0,1.0,3.0,16.0,5.0,18.0,27.0,0.0,2.0,8.0,0.0,39.0,3.0,7.0,4.0,7.0,1.0,1.0,2.0,31.0,9.0,6.0,5.0,0.0,1.0,7.0,11.0,18.0,1.0,3.0
322704602,cian.ru,Свиблово,44.0,24.0,2721.0,4.0,151.0,10002,25880,5875,7910,356200.0,165.0,64.0,10590.0,4.0,376.8333333333333,10002,25880,5875,7910,1.0,2.0,10.0,11.0,0.0,0.0,4.0,0.0,27.0,1.0,3.0,1.0,1.0,0.0,1.0,1.0,15.0,1.0,3.0,3.0,0.0,0.0,1.0,8.0,12.0,1.0,3.0,16.0,5.0,18.0,27.0,0.0,2.0,8.0,0.0,39.0,3.0,7.0,4.0,7.0,1.0,1.0,2.0,31.0,9.0,6.0,5.0,0.0,1.0,7.0,11.0,18.0,1.0,3.0
5203771826454159360,realty.yandex.ru,Свиблово,44.0,23.0,2649.0,4.0,148.66666666666666,10002,25880,5875,7910,356200.0,164.0,64.0,10590.0,4.0,392.0,10002,25880,5875,7910,1.0,2.0,10.0,11.0,0.0,0.0,4.0,0.0,27.0,1.0,3.0,1.0,1.0,0.0,1.0,1.0,15.0,1.0,3.0,3.0,0.0,0.0,1.0,8.0,12.0,1.0,3.0,16.0,5.0,18.0,27.0,0.0,2.0,8.0,0.0,39.0,3.0,7.0,4.0,7.0,1.0,1.0,2.0,31.0,9.0,6.0,5.0,0.0,1.0,7.0,11.0,18.0,1.0,3.0
321216264,cian.ru,Таганский,145.0,13.0,745.0,39.0,207.91489361702128,7758,96810,1508,14628,433700.0,532.0,72.0,3938.0,39.0,378.28205128205127,7758,96810,1508,14628,15.0,1.0,7.0,61.0,0.0,2.0,3.0,0.0,10.0,4.0,3.0,0.0,5.0,0.0,2.0,2.0,4.0,0.0,5.0,1.0,0.0,2.0,9.0,14.0,62.0,1.0,0.0,70.0,22.0,37.0,205.0,1.0,9.0,7.0,0.0,30.0,12.0,12.0,3.0,15.0,0.0,4.0,15.0,23.0,1.0,13.0,12.0,0.0,11.0,19.0,35.0,114.0,3.0,10.0
7034398614177420288,realty.yandex.ru,Тверской,143.0,30.0,1163.0,26.0,158.85294117647058,4208,45369,1848,12174,609300.0,445.0,110.0,5728.0,26.0,329.28205128205127,4208,45369,1848,12174,20.0,16.0,16.0,90.0,0.0,4.0,1.0,0.0,14.0,3.0,1.0,1.0,0.0,0.0,0.0,10.0,9.0,1.0,9.0,5.0,0.0,0.0,17.0,22.0,56.0,1.0,1.0,54.0,26.0,33.0,163.0,3.0,10.0,10.0,0.0,55.0,10.0,9.0,6.0,23.0,1.0,1.0,18.0,25.0,5.0,22.0,16.0,2.0,2.0,43.0,66.0,165.0,5.0,5.0
322617469,cian.ru,Ростокино,7.0,1.0,307.0,108.0,133.0,2408,18841,337,13352,335200.0,45.0,15.0,3485.0,108.0,270.0,2408,18841,337,13352,1.0,0.0,2.0,0.0,0.0,1.0,0.0,0.0,2.0,0.0,0.0,0.0,0.0,0.0,0.0,1.0,0.0,0.0,0.0,0.0,0.0,0.0,1.0,4.0,6.0,0.0,0.0,8.0,7.0,10.0,24.0,0.0,6.0,6.0,0.0,10.0,8.0,0.0,2.0,0.0,0.0,0.0,1.0,11.0,2.0,7.0,4.0,0.0,1.0,3.0,16.0,20.0,0.0,1.0
321041502,cian.ru,Коньково,26.0,,,19.0,163.5,1204,11767,83,8636,351300.0,126.0,9.0,2158.0,19.0,353.44444444444446,1204,11767,83,8636,3.0,2.0,2.0,5.0,0.0,1.0,0.0,0.0,2.0,1.0,0.0,0.0,0.0,0.0,0.0,2.0,0.0,0.0,2.0,1.0,0.0,1.0,4.0,1.0,2.0,0.0,0.0,8.0,5.0,13.0,17.0,0.0,3.0,4.0,0.0,19.0,2.0,0.0,0.0,0.0,0.0,2.0,4.0,12.0,4.0,5.0,6.0,0.0,2.0,11.0,17.0,30.0,7.0,1.0
321068807,cian.ru,Коньково,26.0,,,19.0,163.5,1204,11767,83,8636,351300.0,126.0,9.0,2158.0,19.0,353.44444444444446,1204,11767,83,8636,3.0,2.0,2.0,5.0,0.0,1.0,0.0,0.0,2.0,1.0,0.0,0.0,0.0,0.0,0.0,2.0,0.0,0.0,2.0,1.0,0.0,1.0,4.0,1.0,2.0,0.0,0.0,8.0,5.0,13.0,17.0,0.0,3.0,4.0,0.0,19.0,2.0,0.0,0.0,0.0,0.0,2.0,4.0,12.0,4.0,5.0,6.0,0.0,2.0,11.0,17.0,30.0,7.0,1.0
3941543084096169984,realty.yandex.ru,Гольяново,37.0,17.0,2490.0,63.0,188.25,13742,20428,5651,13124,277600.0,166.0,96.0,14830.0,63.0,325.5,13742,20428,5651,13124,5.0,3.0,16.0,20.0,0.0,1.0,3.0,0.0,20.0,3.0,0.0,2.0,1.0,0.0,3.0,0.0,15.0,3.0,5.0,3.0,4.0,0.0,3.0,25.0,48.0,2.0,2.0,14.0,5.0,22.0,35.0,2.0,3.0,11.0,0.0,46.0,13.0,5.0,7.0,1.0,0.0,3.0,0.0,39.0,6.0,9.0,7.0,4.0,0.0,6.0,31.0,53.0,10.0,3.0
318449749,cian.ru,Фили-Давыдково,34.0,12.0,1498.0,0.0,197.8181818181818,3130,10133,2101,5557,401300.0,102.0,46.0,6007.0,0.0,285.29411764705884,3130,10133,2101,5557,2.0,0.0,2.0,3.0,0.0,0.0,2.0,0.0,4.0,3.0,0.0,0.0,0.0,0.0,0.0,1.0,6.0,1.0,1.0,1.0,0.0,0.0,0.0,2.0,4.0,2.0,0.0,4.0,0.0,7.0,11.0,0.0,4.0,5.0,0.0,15.0,5.0,3.0,4.0,1.0,0.0,0.0,1.0,13.0,2.0,4.0,4.0,0.0,0.0,0.0,7.0,7.0,3.0,1.0
320496497,cian.ru,Хамовники,119.0,24.0,639.0,0.0,188.4782608695652,3086,20979,263,5399,846800.0,515.0,152.0,4037.0,0.0,362.1194029850746,3086,20979,263,5399,3.0,3.0,4.0,10.0,0.0,0.0,1.0,0.0,1.0,0.0,0.0,0.0,0.0,0.0,0.0,1.0,2.0,1.0,3.0,0.0,0.0,4.0,1.0,8.0,21.0,1.0,0.0,21.0,11.0,8.0,48.0,0.0,4.0,4.0,0.0,7.0,5.0,8.0,4.0,2.0,0.0,0.0,6.0,3.0,2.0,7.0,5.0,0.0,14.0,12.0,22.0,43.0,6.0,1.0
325132832,cian.ru,Арбат,83.0,44.0,1698.0,0.0,192.125,1612,21592,2491,19622,820400.0,337.0,148.0,6004.0,0.0,405.6060606060606,1612,21592,2491,19622,14.0,3.0,7.0,45.0,0.0,9.0,4.0,0.0,10.0,1.0,1.0,0.0,2.0,0.0,1.0,3.0,6.0,2.0,6.0,2.0,0.0,1.0,7.0,13.0,26.0,2.0,4.0,43.0,14.0,24.0,127.0,0.0,16.0,10.0,0.0,28.0,10.0,6.0,3.0,6.0,0.0,3.0,10.0,12.0,3.0,22.0,16.0,0.0,4.0,15.0,41.0,108.0,7.0,6.0
321198252,cian.ru,Пресненский,21.0,8.0,1773.0,0.0,204.8,4670,318598,5210,103583,621300.0,71.0,29.0,3682.0,0.0,303.48148148148147,4670,318598,5210,103583,18.0,5.0,38.0,63.0,0.0,13.0,8.0,0.0,30.0,17.0,0.0,0.0,1.0,0.0,2.0,12.0,15.0,6.0,27.0,12.0,2.0,0.0,35.0,61.0,116.0,1.0,8.0,42.0,7.0,53.0,79.0,0.0,15.0,13.0,0.0,46.0,20.0,0.0,2.0,1.0,0.0,5.0,16.0,17.0,7.0,32.0,16.0,2.0,1.0,50.0,93.0,152.0,1.0,13.0
323352431,cian.ru,Пресненский,10.0,2.0,,2.0,158.8,198,67919,62,40902,621300.0,43.0,14.0,2510.0,2.0,306.27272727272725,198,67919,62,40902,22.0,5.0,33.0,58.0,0.0,11.0,6.0,0.0,30.0,15.0,0.0,0.0,1.0,0.0,2.0,9.0,9.0,7.0,22.0,11.0,1.0,0.0,33.0,62.0,91.0,1.0,9.0,25.0,9.0,53.0,86.0,0.0,16.0,13.0,0.0,44.0,21.0,3.0,3.0,1.0,0.0,5.0,15.0,18.0,7.0,32.0,16.0,2.0,0.0,46.0,93.0,155.0,3.0,13.0
320133246,cian.ru,Хамовники,98.0,16.0,321.0,63.0,223.73684210526315,694,8415,216,2171,846800.0,462.0,126.0,3270.0,63.0,363.8135593220339,694,8415,216,2171,1.0,2.0,4.0,9.0,0.0,0.0,0.0,0.0,3.0,0.0,1.0,0.0,0.0,0.0,0.0,1.0,0.0,0.0,3.0,0.0,0.0,5.0,3.0,12.0,17.0,0.0,0.0,18.0,10.0,7.0,42.0,0.0,4.0,2.0,0.0,7.0,3.0,6.0,1.0,2.0,0.0,0.0,5.0,4.0,2.0,8.0,4.0,0.0,12.0,12.0,22.0,41.0,6.0,1.0
323905536,cian.ru,Арбат,83.0,44.0,1698.0,0.0,192.125,1612,21592,2491,19622,820400.0,337.0,148.0,6004.0,0.0,405.6060606060606,1612,21592,2491,19622,14.0,3.0,7.0,45.0,0.0,9.0,4.0,0.0,10.0,1.0,1.0,0.0,2.0,0.0,1.0,3.0,6.0,2.0,6.0,2.0,0.0,1.0,7.0,13.0,26.0,2.0,4.0,43.0,14.0,24.0,127.0,0.0,16.0,10.0,0.0,28.0,10.0,6.0,3.0,6.0,0.0,3.0,10.0,12.0,3.0,22.0,16.0,0.0,4.0,15.0,41.0,108.0,7.0,6.0
324413136,cian.ru,Хорошевский,54.0,15.0,1287.0,0.0,82.66666666666667,9392,38428,1513,11424,443000.0,253.0,60.0,6723.0,0.0,331.6363636363636,9392,38428,1513,11424,4.0,4.0,7.0,15.0,0.0,0.0,2.0,0.0,11.0,0.0,1.0,1.0,5.0,1.0,1.0,4.0,6.0,1.0,8.0,1.0,0.0,0.0,6.0,13.0,9.0,1.0,1.0,12.0,9.0,23.0,35.0,0.0,3.0,8.0,0.0,31.0,4.0,4.0,3.0,25.0,4.0,1.0,8.0,25.0,3.0,12.0,9.0,0.0,0.0,10.0,34.0,30.0,5.0,2.0
322847307,cian.ru,Нагатино-Садовники,60.0,10.0,1915.0,107.0,154.5,1986,2894,1031,1723,353800.0,183.0,55.0,6380.0,107.0,356.0,1986,2894,1031,1723,3.0,1.0,3.0,10.0,0.0,0.0,3.0,0.0,5.0,1.0,0.0,0.0,0.0,0.0,1.0,0.0,7.0,2.0,0.0,1.0,0.0,0.0,3.0,4.0,10.0,0.0,1.0,23.0,2.0,16.0,21.0,1.0,2.0,9.0,0.0,24.0,3.0,4.0,3.0,1.0,0.0,3.0,0.0,15.0,5.0,5.0,1.0,0.0,0.0,10.0,13.0,24.0,4.0,3.0
6276699652500043776,realty.yandex.ru,Нагорный,38.0,,,1.0,179.6153846153846,4280,22811,478,17607,345200.0,215.0,7.0,,1.0,395.672131147541,4280,22811,478,17607,2.0,0.0,7.0,6.0,0.0,0.0,1.0,0.0,12.0,0.0,0.0,0.0,1.0,0.0,1.0,4.0,7.0,3.0,4.0,3.0,0.0,0.0,7.0,8.0,13.0,0.0,0.0,6.0,2.0,10.0,10.0,1.0,2.0,2.0,0.0,23.0,3.0,0.0,0.0,2.0,0.0,1.0,6.0,9.0,3.0,8.0,5.0,0.0,0.0,10.0,16.0,23.0,1.0,1.0
319748673,cian.ru,Войковский,47.0,18.0,2859.0,1.0,124.8,4094,11499,2656,5291,362300.0,169.0,56.0,8498.0,1.0,354.3125,4094,11499,2656,5291,2.0,0.0,4.0,5.0,0.0,0.0,2.0,0.0,2.0,0.0,0.0,1.0,0.0,0.0,0.0,0.0,4.0,0.0,0.0,3.0,0.0,0.0,4.0,2.0,9.0,3.0,1.0,11.0,0.0,26.0,38.0,1.0,6.0,8.0,1.0,30.0,12.0,2.0,4.0,0.0,0.0,0.0,4.0,21.0,5.0,7.0,8.0,2.0,1.0,14.0,20.0,39.0,5.0,2.0
322673124,cian.ru,Тверской,90.0,26.0,2182.0,2.0,173.6086956521739,1404,12892,1123,13288,609300.0,360.0,118.0,7048.0,2.0,365.2142857142857,1404,12892,1123,13288,17.0,10.0,9.0,48.0,0.0,9.0,3.0,0.0,7.0,2.0,1.0,6.0,1.0,0.0,0.0,4.0,5.0,3.0,5.0,6.0,1.0,4.0,3.0,14.0,17.0,1.0,0.0,58.0,27.0,32.0,166.0,2.0,20.0,12.0,0.0,31.0,15.0,5.0,10.0,29.0,1.0,1.0,22.0,22.0,9.0,20.0,17.0,1.0,5.0,35.0,66.0,102.0,4.0,4.0
323383931,cian.ru,Замоскворечье,63.0,16.0,1702.0,62.0,213.75,1222,20420,1039,4488,543700.0,349.0,78.0,5415.0,62.0,434.15,1222,20420,1039,4488,1.0,1.0,4.0,8.0,0.0,1.0,3.0,0.0,15.0,0.0,0.0,0.0,2.0,0.0,0.0,0.0,1.0,1.0,2.0,0.0,0.0,3.0,3.0,9.0,31.0,0.0,1.0,20.0,18.0,36.0,76.0,2.0,11.0,13.0,0.0,41.0,7.0,6.0,5.0,8.0,1.0,2.0,23.0,27.0,5.0,19.0,13.0,0.0,5.0,37.0,57.0,95.0,2.0,6.0
317428118,cian.ru,Тверской,123.0,61.0,2423.0,0.0,211.0434782608696,838,8012,916,5857,609300.0,441.0,161.0,7008.0,0.0,400.5161290322581,838,8012,916,5857,13.0,12.0,9.0,53.0,0.0,3.0,6.0,0.0,6.0,7.0,1.0,5.0,0.0,0.0,0.0,6.0,5.0,2.0,6.0,6.0,0.0,1.0,7.0,17.0,25.0,1.0,1.0,62.0,28.0,32.0,158.0,0.0,14.0,16.0,0.0,28.0,14.0,8.0,10.0,12.0,0.0,0.0,18.0,18.0,8.0,13.0,12.0,1.0,7.0,28.0,57.0,95.0,6.0,6.0
322365586,cian.ru,Замоскворечье,110.0,28.0,2296.0,0.0,144.22727272727272,1008,15214,1043,9312,543700.0,402.0,103.0,7417.0,0.0,387.39,1008,15214,1043,9312,10.0,6.0,4.0,11.0,1.0,7.0,2.0,0.0,8.0,0.0,2.0,3.0,19.0,1.0,0.0,3.0,6.0,0.0,4.0,2.0,0.0,0.0,8.0,8.0,8.0,2.0,1.0,33.0,17.0,29.0,80.0,1.0,14.0,13.0,0.0,40.0,8.0,7.0,4.0,26.0,1.0,1.0,12.0,22.0,3.0,15.0,6.0,0.0,7.0,36.0,51.0,93.0,8.0,4.0
323244481,cian.ru,Замоскворечье,110.0,28.0,2296.0,0.0,144.22727272727272,1008,15214,1043,9312,543700.0,402.0,103.0,7417.0,0.0,387.39,1008,15214,1043,9312,10.0,6.0,4.0,11.0,1.0,7.0,2.0,0.0,8.0,0.0,2.0,3.0,19.0,1.0,0.0,3.0,6.0,0.0,4.0,2.0,0.0,0.0,8.0,8.0,8.0,2.0,1.0,33.0,17.0,29.0,80.0,1.0,14.0,13.0,0.0,40.0,8.0,7.0,4.0,26.0,1.0,1.0,12.0,22.0,3.0,15.0,6.0,0.0,7.0,36.0,51.0,93.0,8.0,4.0
7517866235141816320,realty.yandex.ru,Замоскворечье,111.0,29.0,2335.0,2.0,144.0909090909091,1008,15214,1043,9312,543700.0,403.0,102.0,7082.0,2.0,387.31,1008,15214,1043,9312,10.0,6.0,4.0,11.0,1.0,7.0,2.0,0.0,8.0,0.0,3.0,3.0,19.0,1.0,0.0,3.0,5.0,0.0,4.0,2.0,0.0,0.0,8.0,8.0,8.0,2.0,1.0,33.0,17.0,29.0,81.0,1.0,14.0,13.0,0.0,40.0,8.0,7.0,4.0,26.0,1.0,1.0,12.0,22.0,3.0,15.0,6.0,0.0,7.0,36.0,51.0,93.0,8.0,4.0
323480407,cian.ru,Крылатское,16.0,6.0,1770.0,8.0,129.0,496,9817,1143,4576,404400.0,62.0,23.0,7315.0,8.0,389.1111111111111,496,9817,1143,4576,2.0,1.0,1.0,9.0,0.0,4.0,1.0,0.0,5.0,1.0,1.0,1.0,0.0,0.0,2.0,1.0,1.0,2.0,2.0,0.0,0.0,1.0,0.0,1.0,1.0,0.0,0.0,14.0,3.0,19.0,31.0,0.0,6.0,6.0,0.0,18.0,6.0,2.0,3.0,0.0,0.0,5.0,1.0,18.0,3.0,9.0,9.0,0.0,1.0,5.0,11.0,10.0,3.0,2.0
320791922,cian.ru,Замоскворечье,109.0,27.0,2118.0,0.0,155.91304347826087,1008,15214,571,9312,543700.0,396.0,99.0,7023.0,0.0,391.2178217821782,1008,15214,571,9312,12.0,5.0,4.0,11.0,1.0,7.0,2.0,0.0,5.0,0.0,2.0,3.0,19.0,0.0,0.0,3.0,6.0,0.0,4.0,2.0,0.0,0.0,8.0,8.0,7.0,2.0,1.0,33.0,18.0,29.0,79.0,2.0,14.0,13.0,0.0,41.0,7.0,7.0,4.0,26.0,1.0,1.0,12.0,22.0,3.0,15.0,6.0,0.0,7.0,36.0,48.0,94.0,8.0,4.0
322276038,cian.ru,Замоскворечье,110.0,28.0,2296.0,0.0,144.22727272727272,1008,15214,1043,9312,543700.0,402.0,103.0,7417.0,0.0,387.39,1008,15214,1043,9312,10.0,6.0,4.0,11.0,1.0,7.0,2.0,0.0,8.0,0.0,2.0,3.0,19.0,1.0,0.0,3.0,6.0,0.0,4.0,2.0,0.0,0.0,8.0,8.0,8.0,2.0,1.0,33.0,17.0,29.0,80.0,1.0,14.0,13.0,0.0,40.0,8.0,7.0,4.0,26.0,1.0,1.0,12.0,22.0,3.0,15.0,6.0,0.0,7.0,36.0,51.0,93.0,8.0,4.0
7523548143730296832,realty.yandex.ru,Замоскворечье,111.0,29.0,2335.0,2.0,144.0909090909091,1008,15214,1043,9312,543700.0,403.0,102.0,7082.0,2.0,387.31,1008,15214,1043,9312,10.0,6.0,4.0,11.0,1.0,7.0,2.0,0.0,8.0,0.0,3.0,3.0,19.0,1.0,0.0,3.0,5.0,0.0,4.0,2.0,0.0,0.0,8.0,8.0,8.0,2.0,1.0,33.0,17.0,29.0,81.0,1.0,14.0,13.0,0.0,40.0,8.0,7.0,4.0,26.0,1.0,1.0,12.0,22.0,3.0,15.0,6.0,0.0,7.0,36.0,51.0,93.0,8.0,4.0
321607515,cian.ru,Замоскворечье,109.0,27.0,2118.0,0.0,155.91304347826087,1008,15214,571,9312,543700.0,396.0,99.0,7023.0,0.0,391.2178217821782,1008,15214,571,9312,12.0,5.0,4.0,11.0,1.0,7.0,2.0,0.0,5.0,0.0,2.0,3.0,19.0,0.0,0.0,3.0,6.0,0.0,4.0,2.0,0.0,0.0,8.0,8.0,7.0,2.0,1.0,33.0,18.0,29.0,79.0,2.0,14.0,13.0,0.0,41.0,7.0,7.0,4.0,26.0,1.0,1.0,12.0,22.0,3.0,15.0,6.0,0.0,7.0,36.0,48.0,94.0,8.0,4.0
323864491,cian.ru,Замоскворечье,110.0,28.0,2296.0,0.0,144.22727272727272,1008,15214,1043,9312,543700.0,402.0,103.0,7417.0,0.0,387.39,1008,15214,1043,9312,10.0,6.0,4.0,11.0,1.0,7.0,2.0,0.0,8.0,0.0,2.0,3.0,19.0,1.0,0.0,3.0,6.0,0.0,4.0,2.0,0.0,0.0,8.0,8.0,8.0,2.0,1.0,33.0,17.0,29.0,80.0,1.0,14.0,13.0,0.0,40.0,8.0,7.0,4.0,26.0,1.0,1.0,12.0,22.0,3.0,15.0,6.0,0.0,7.0,36.0,51.0,93.0,8.0,4.0
323849277,cian.ru,Коптево,58.0,30.0,3547.0,183.0,191.5,2650,4244,3917,3609,327800.0,207.0,105.0,9915.0,183.0,305.75,2650,4244,3917,3609,1.0,0.0,5.0,9.0,1.0,0.0,6.0,0.0,12.0,0.0,4.0,3.0,0.0,0.0,0.0,0.0,9.0,3.0,2.0,1.0,0.0,0.0,1.0,4.0,5.0,2.0,1.0,4.0,2.0,12.0,15.0,1.0,1.0,12.0,0.0,18.0,4.0,9.0,8.0,2.0,1.0,0.0,1.0,13.0,8.0,7.0,2.0,0.0,1.0,2.0,7.0,8.0,4.0,1.0
5203054433263413248,realty.yandex.ru,Замоскворечье,111.0,29.0,2335.0,2.0,144.0909090909091,1008,15214,1043,9312,543700.0,403.0,102.0,7082.0,2.0,387.31,1008,15214,1043,9312,10.0,6.0,4.0,11.0,1.0,7.0,2.0,0.0,8.0,0.0,3.0,3.0,19.0,1.0,0.0,3.0,5.0,0.0,4.0,2.0,0.0,0.0,8.0,8.0,8.0,2.0,1.0,33.0,17.0,29.0,81.0,1.0,14.0,13.0,0.0,40.0,8.0,7.0,4.0,26.0,1.0,1.0,12.0,22.0,3.0,15.0,6.0,0.0,7.0,36.0,51.0,93.0,8.0,4.0
3987628968732491776,realty.yandex.ru,Хорошевский,60.0,14.0,1384.0,25.0,86.33333333333333,2364,34341,936,11067,443000.0,250.0,54.0,6105.0,25.0,341.90909090909093,2364,34341,936,11067,4.0,3.0,7.0,12.0,0.0,0.0,2.0,0.0,10.0,0.0,0.0,1.0,5.0,1.0,1.0,4.0,5.0,1.0,7.0,1.0,0.0,0.0,4.0,13.0,9.0,2.0,1.0,12.0,8.0,23.0,33.0,0.0,3.0,6.0,0.0,29.0,3.0,5.0,3.0,26.0,4.0,1.0,8.0,25.0,3.0,12.0,9.0,0.0,0.0,10.0,34.0,26.0,5.0,2.0
2361989379566304768,realty.yandex.ru,Преображенское,63.0,17.0,1429.0,67.0,187.0,1898,10285,1724,8402,331700.0,271.0,58.0,5908.0,67.0,368.9428571428571,1898,10285,1724,8402,4.0,3.0,5.0,26.0,0.0,1.0,2.0,0.0,3.0,5.0,0.0,3.0,0.0,0.0,0.0,3.0,8.0,3.0,3.0,0.0,0.0,1.0,9.0,8.0,18.0,4.0,3.0,16.0,6.0,19.0,43.0,0.0,7.0,5.0,0.0,17.0,5.0,5.0,3.0,3.0,0.0,0.0,5.0,19.0,4.0,10.0,7.0,1.0,3.0,14.0,19.0,31.0,9.0,5.0
322382320,cian.ru,Замоскворечье,67.0,9.0,580.0,6.0,193.25806451612905,1686,103916,2540,23230,543700.0,227.0,47.0,2631.0,6.0,345.9230769230769,1686,103916,2540,23230,8.0,8.0,15.0,34.0,0.0,3.0,4.0,0.0,9.0,2.0,1.0,1.0,1.0,0.0,2.0,11.0,13.0,1.0,8.0,6.0,0.0,1.0,19.0,20.0,38.0,0.0,2.0,23.0,11.0,32.0,62.0,1.0,4.0,9.0,0.0,26.0,6.0,1.0,1.0,4.0,0.0,2.0,18.0,15.0,3.0,13.0,11.0,0.0,6.0,24.0,46.0,92.0,0.0,6.0
6018070640094234624,realty.yandex.ru,Пресненский,136.0,55.0,1306.0,90.0,189.28571428571428,2758,13131,632,2429,621300.0,517.0,194.0,5970.0,90.0,395.0625,2758,13131,632,2429,4.0,5.0,7.0,36.0,0.0,2.0,6.0,0.0,6.0,2.0,2.0,2.0,2.0,0.0,0.0,3.0,4.0,1.0,8.0,6.0,0.0,1.0,4.0,16.0,35.0,1.0,1.0,68.0,21.0,34.0,130.0,1.0,11.0,16.0,0.0,25.0,14.0,9.0,5.0,7.0,0.0,0.0,15.0,12.0,5.0,21.0,11.0,0.0,5.0,20.0,62.0,193.0,7.0,2.0
306948989166372480,realty.yandex.ru,Арбат,116.0,50.0,1306.0,0.0,181.70833333333331,1246,36726,2167,17393,820400.0,421.0,185.0,6615.0,0.0,375.5487804878049,1246,36726,2167,17393,15.0,5.0,8.0,33.0,0.0,8.0,3.0,0.0,14.0,0.0,2.0,0.0,3.0,0.0,2.0,5.0,4.0,1.0,10.0,3.0,0.0,1.0,6.0,18.0,39.0,3.0,5.0,49.0,17.0,29.0,163.0,3.0,16.0,13.0,0.0,29.0,14.0,6.0,3.0,7.0,0.0,3.0,12.0,18.0,3.0,23.0,18.0,2.0,4.0,21.0,52.0,129.0,9.0,7.0
7524853333,avito.ru,Пресненский,112.0,43.0,1723.0,79.0,168.44444444444446,1200,11879,602,7501,621300.0,282.0,95.0,5712.0,79.0,386.1111111111111,1200,11879,602,7501,4.0,3.0,3.0,14.0,0.0,1.0,0.0,0.0,2.0,0.0,3.0,1.0,0.0,0.0,0.0,1.0,1.0,0.0,3.0,4.0,0.0,3.0,3.0,6.0,0.0,0.0,1.0,27.0,13.0,24.0,52.0,0.0,9.0,9.0,0.0,27.0,7.0,8.0,4.0,3.0,0.0,0.0,9.0,18.0,4.0,11.0,11.0,1.0,3.0,14.0,36.0,49.0,2.0,4.0
8660284132699999232,realty.yandex.ru,Тверской,84.0,23.0,1996.0,74.0,181.20833333333331,1404,12892,1123,13288,609300.0,360.0,128.0,7270.0,74.0,377.4861111111111,1404,12892,1123,13288,16.0,10.0,10.0,38.0,0.0,8.0,3.0,0.0,8.0,2.0,1.0,6.0,1.0,0.0,0.0,4.0,4.0,1.0,5.0,5.0,1.0,4.0,6.0,17.0,13.0,1.0,0.0,57.0,30.0,33.0,161.0,2.0,21.0,13.0,0.0,25.0,14.0,5.0,10.0,30.0,1.0,1.0,22.0,20.0,6.0,24.0,19.0,1.0,5.0,34.0,62.0,99.0,4.0,3.0
7567867778444369920,realty.yandex.ru,Тверской,148.0,36.0,1284.0,34.0,193.5,2172,30282,672,14458,609300.0,525.0,195.0,6143.0,34.0,390.42105263157896,2172,30282,672,14458,12.0,4.0,13.0,42.0,0.0,5.0,7.0,0.0,14.0,5.0,5.0,0.0,3.0,0.0,0.0,4.0,5.0,2.0,4.0,2.0,0.0,1.0,6.0,20.0,52.0,3.0,0.0,55.0,29.0,34.0,144.0,0.0,15.0,19.0,0.0,30.0,15.0,10.0,4.0,6.0,0.0,0.0,19.0,11.0,5.0,20.0,14.0,0.0,5.0,21.0,68.0,200.0,7.0,3.0
321707833,cian.ru,Тверской,158.0,44.0,1304.0,46.0,197.09375,2164,30271,466,7863,609300.0,521.0,204.0,5979.0,46.0,387.53333333333336,2164,30271,466,7863,13.0,5.0,13.0,44.0,0.0,4.0,6.0,0.0,11.0,5.0,4.0,0.0,3.0,0.0,0.0,4.0,5.0,2.0,4.0,2.0,0.0,1.0,6.0,23.0,45.0,2.0,0.0,54.0,30.0,32.0,134.0,0.0,14.0,17.0,0.0,31.0,12.0,10.0,4.0,6.0,0.0,0.0,17.0,12.0,6.0,20.0,13.0,0.0,5.0,23.0,61.0,202.0,8.0,3.0
7567207134,avito.ru,Тверской,153.0,50.0,1682.0,0.0,211.32432432432432,718,3468,778,2985,609300.0,460.0,143.0,5404.0,0.0,377.8,718,3468,778,2985,10.0,10.0,8.0,38.0,0.0,4.0,4.0,0.0,8.0,6.0,5.0,2.0,1.0,0.0,0.0,8.0,3.0,2.0,3.0,4.0,0.0,0.0,7.0,13.0,20.0,2.0,1.0,42.0,24.0,29.0,142.0,0.0,15.0,17.0,0.0,31.0,17.0,9.0,7.0,5.0,0.0,0.0,17.0,16.0,4.0,16.0,14.0,0.0,5.0,23.0,69.0,145.0,4.0,5.0
321260759,cian.ru,Тверской,158.0,44.0,1304.0,46.0,197.09375,2164,30271,466,7863,609300.0,521.0,204.0,5979.0,46.0,387.53333333333336,2164,30271,466,7863,13.0,5.0,13.0,44.0,0.0,4.0,6.0,0.0,11.0,5.0,4.0,0.0,3.0,0.0,0.0,4.0,5.0,2.0,4.0,2.0,0.0,1.0,6.0,23.0,45.0,2.0,0.0,54.0,30.0,32.0,134.0,0.0,14.0,17.0,0.0,31.0,12.0,10.0,4.0,6.0,0.0,0.0,17.0,12.0,6.0,20.0,13.0,0.0,5.0,23.0,61.0,202.0,8.0,3.0
325032608,cian.ru,Замоскворечье,156.0,30.0,1466.0,0.0,173.53846153846155,1078,17808,901,11261,543700.0,555.0,110.0,4959.0,0.0,381.86764705882354,1078,17808,901,11261,16.0,6.0,6.0,29.0,0.0,4.0,5.0,0.0,3.0,3.0,0.0,2.0,2.0,0.0,0.0,5.0,7.0,0.0,1.0,1.0,0.0,1.0,7.0,15.0,35.0,1.0,0.0,40.0,17.0,25.0,109.0,0.0,15.0,15.0,0.0,32.0,11.0,7.0,8.0,24.0,1.0,1.0,16.0,21.0,2.0,16.0,5.0,0.0,8.0,28.0,54.0,114.0,5.0,4.0
323823078,cian.ru,Басманный,126.0,36.0,2098.0,0.0,140.66666666666666,1652,26377,832,7852,461200.0,453.0,128.0,5204.0,0.0,310.6617647058824,1652,26377,832,7852,20.0,1.0,5.0,42.0,1.0,3.0,3.0,0.0,6.0,3.0,2.0,4.0,5.0,0.0,0.0,3.0,9.0,0.0,3.0,0.0,0.0,2.0,11.0,8.0,4.0,0.0,0.0,52.0,10.0,17.0,102.0,1.0,7.0,9.0,0.0,17.0,9.0,6.0,5.0,16.0,0.0,2.0,13.0,17.0,4.0,8.0,17.0,0.0,7.0,26.0,38.0,86.0,4.0,5.0
2459397135194134016,realty.yandex.ru,Раменки,23.0,10.0,1173.0,,,1936,1663,2305,4613,483300.0,123.0,41.0,4992.0,350.0,463.5,1936,1663,2305,4613,1.0,1.0,3.0,3.0,0.0,0.0,2.0,0.0,6.0,3.0,1.0,0.0,0.0,3.0,0.0,0.0,1.0,1.0,2.0,1.0,0.0,0.0,1.0,3.0,7.0,0.0,0.0,11.0,7.0,11.0,15.0,0.0,3.0,6.0,0.0,12.0,5.0,2.0,4.0,8.0,7.0,0.0,0.0,11.0,3.0,6.0,4.0,0.0,1.0,8.0,12.0,21.0,1.0,0.0
3966105355550864896,realty.yandex.ru,Арбат,136.0,60.0,1387.0,16.0,184.875,1952,8637,1277,5968,820400.0,547.0,200.0,5633.0,16.0,424.4938271604938,1952,8637,1277,5968,6.0,2.0,5.0,33.0,0.0,6.0,2.0,0.0,3.0,5.0,3.0,0.0,2.0,0.0,0.0,2.0,6.0,1.0,7.0,3.0,1.0,3.0,6.0,21.0,36.0,1.0,1.0,34.0,16.0,17.0,112.0,2.0,8.0,12.0,0.0,17.0,13.0,10.0,3.0,7.0,0.0,1.0,7.0,21.0,4.0,17.0,12.0,3.0,7.0,14.0,51.0,108.0,8.0,2.0
325266790,cian.ru,Мещанский,184.0,85.0,1312.0,24.0,207.71875,878,20814,776,9614,530600.0,624.0,237.0,4571.0,24.0,397.3333333333333,878,20814,776,9614,19.0,5.0,7.0,51.0,0.0,4.0,1.0,0.0,7.0,2.0,1.0,1.0,2.0,0.0,0.0,4.0,3.0,0.0,5.0,3.0,0.0,6.0,10.0,11.0,46.0,4.0,1.0,62.0,25.0,28.0,164.0,1.0,14.0,9.0,0.0,31.0,15.0,5.0,3.0,23.0,0.0,1.0,19.0,14.0,1.0,19.0,14.0,0.0,17.0,24.0,64.0,176.0,10.0,5.0
5203054433261711360,realty.yandex.ru,Красносельский,85.0,23.0,1911.0,63.0,232.75,972,10644,1343,4159,454800.0,399.0,122.0,6640.0,63.0,383.40277777777777,972,10644,1343,4159,15.0,1.0,0.0,21.0,0.0,3.0,1.0,0.0,5.0,2.0,3.0,0.0,2.0,0.0,0.0,5.0,0.0,1.0,4.0,2.0,0.0,0.0,15.0,5.0,17.0,1.0,3.0,61.0,12.0,10.0,78.0,0.0,9.0,9.0,0.0,20.0,9.0,7.0,4.0,7.0,0.0,0.0,10.0,12.0,4.0,22.0,8.0,0.0,2.0,33.0,37.0,68.0,11.0,5.0
324745824,cian.ru,Замоскворечье,132.0,36.0,2225.0,59.0,212.17142857142855,1050,8983,2208,14686,543700.0,521.0,115.0,6471.0,59.0,382.5982905982906,1050,8983,2208,14686,15.0,6.0,6.0,42.0,0.0,8.0,6.0,0.0,4.0,3.0,4.0,3.0,5.0,1.0,0.0,6.0,8.0,1.0,3.0,1.0,0.0,2.0,9.0,16.0,27.0,1.0,0.0,34.0,19.0,28.0,87.0,0.0,13.0,14.0,0.0,34.0,8.0,7.0,8.0,28.0,1.0,1.0,12.0,18.0,2.0,15.0,4.0,0.0,9.0,27.0,58.0,126.0,5.0,3.0
321565171,cian.ru,Тверской,165.0,48.0,771.0,0.0,185.6206896551724,1044,14023,674,6801,609300.0,572.0,162.0,3082.0,0.0,395.04545454545456,1044,14023,674,6801,9.0,5.0,0.0,21.0,0.0,2.0,0.0,0.0,5.0,1.0,0.0,2.0,0.0,0.0,0.0,1.0,0.0,1.0,1.0,2.0,0.0,9.0,2.0,1.0,24.0,1.0,1.0,44.0,23.0,21.0,122.0,1.0,18.0,13.0,0.0,22.0,5.0,7.0,6.0,8.0,0.0,1.0,18.0,9.0,5.0,16.0,13.0,0.0,13.0,21.0,49.0,172.0,10.0,3.0
323844979,cian.ru,Тверской,82.0,23.0,1996.0,67.0,180.29166666666663,1404,12892,1123,13288,609300.0,364.0,134.0,7366.0,67.0,381.041095890411,1404,12892,1123,13288,15.0,10.0,10.0,39.0,0.0,8.0,4.0,0.0,9.0,2.0,1.0,6.0,1.0,0.0,0.0,5.0,3.0,1.0,5.0,5.0,1.0,4.0,8.0,20.0,17.0,1.0,0.0,58.0,33.0,33.0,159.0,2.0,21.0,13.0,0.0,26.0,14.0,4.0,11.0,20.0,1.0,1.0,21.0,20.0,7.0,22.0,19.0,1.0,5.0,34.0,64.0,102.0,4.0,3.0
3966105355550125056,realty.yandex.ru,Замоскворечье,135.0,35.0,2165.0,55.0,213.69444444444449,1050,8983,2208,14686,543700.0,524.0,113.0,6327.0,55.0,382.957627118644,1050,8983,2208,14686,15.0,6.0,6.0,42.0,0.0,8.0,6.0,0.0,4.0,3.0,4.0,3.0,5.0,1.0,0.0,6.0,8.0,1.0,3.0,1.0,0.0,2.0,9.0,16.0,28.0,1.0,0.0,35.0,19.0,28.0,88.0,0.0,13.0,14.0,0.0,34.0,9.0,8.0,8.0,28.0,1.0,1.0,12.0,20.0,2.0,16.0,5.0,0.0,9.0,27.0,58.0,127.0,5.0,3.0
5523185326772373504,realty.yandex.ru,Коньково,26.0,,,19.0,163.33333333333334,1204,11767,83,8636,351300.0,125.0,9.0,2158.0,19.0,353.3333333333333,1204,11767,83,8636,3.0,2.0,2.0,5.0,0.0,1.0,0.0,0.0,2.0,1.0,0.0,0.0,0.0,0.0,0.0,2.0,0.0,0.0,2.0,1.0,0.0,1.0,4.0,1.0,2.0,0.0,0.0,8.0,5.0,13.0,17.0,0.0,3.0,4.0,0.0,19.0,2.0,0.0,0.0,0.0,0.0,2.0,4.0,12.0,4.0,5.0,6.0,0.0,2.0,11.0,17.0,30.0,7.0,1.0
322190448,cian.ru,Раменки,16.0,10.0,5085.0,,,2078,0,2275,77,483300.0,67.0,23.0,9695.0,306.0,306.0,2078,0,2275,77,0.0,0.0,4.0,1.0,0.0,0.0,2.0,0.0,0.0,2.0,1.0,1.0,0.0,0.0,0.0,0.0,4.0,0.0,1.0,2.0,0.0,0.0,0.0,2.0,2.0,0.0,0.0,1.0,2.0,7.0,18.0,0.0,2.0,3.0,0.0,0.0,5.0,1.0,1.0,0.0,0.0,0.0,0.0,6.0,0.0,2.0,3.0,0.0,0.0,0.0,4.0,3.0,0.0,0.0
321555767,cian.ru,Таганский,97.0,26.0,1765.0,4.0,190.8947368421053,910,8227,3147,10770,433700.0,421.0,84.0,6586.0,4.0,414.2765957446808,910,8227,3147,10770,9.0,11.0,13.0,38.0,0.0,2.0,3.0,0.0,12.0,4.0,2.0,2.0,1.0,0.0,2.0,3.0,10.0,1.0,6.0,3.0,1.0,1.0,6.0,10.0,22.0,2.0,1.0,50.0,23.0,34.0,137.0,4.0,8.0,9.0,0.0,39.0,10.0,18.0,4.0,7.0,1.0,5.0,11.0,33.0,6.0,17.0,14.0,2.0,5.0,23.0,29.0,74.0,12.0,8.0
3986832478445806080,realty.yandex.ru,Коньково,27.0,,,22.0,165.33333333333334,1204,11767,83,8636,351300.0,125.0,9.0,2158.0,22.0,354.0,1204,11767,83,8636,3.0,2.0,2.0,5.0,0.0,1.0,0.0,0.0,2.0,1.0,0.0,0.0,0.0,0.0,0.0,2.0,0.0,0.0,2.0,1.0,0.0,1.0,4.0,1.0,2.0,0.0,0.0,8.0,5.0,13.0,17.0,0.0,3.0,4.0,0.0,19.0,2.0,0.0,0.0,0.0,0.0,2.0,4.0,13.0,4.0,5.0,6.0,0.0,2.0,11.0,17.0,30.0,7.0,1.0
320282606,cian.ru,Тверской,144.0,56.0,2383.0,0.0,192.53571428571428,838,8012,712,3683,609300.0,469.0,144.0,5549.0,0.0,384.0192307692308,838,8012,712,3683,10.0,11.0,6.0,39.0,0.0,4.0,4.0,0.0,4.0,6.0,6.0,2.0,1.0,0.0,0.0,6.0,1.0,1.0,3.0,3.0,0.0,0.0,4.0,9.0,18.0,1.0,2.0,53.0,29.0,31.0,140.0,0.0,14.0,15.0,0.0,29.0,15.0,8.0,8.0,6.0,0.0,0.0,18.0,17.0,4.0,14.0,13.0,0.0,6.0,23.0,60.0,141.0,5.0,5.0
325171981,cian.ru,Замоскворечье,71.0,19.0,2734.0,0.0,177.7,2008,11429,1103,5961,543700.0,331.0,91.0,8644.0,0.0,401.52777777777777,2008,11429,1103,5961,24.0,3.0,6.0,21.0,0.0,2.0,4.0,0.0,9.0,5.0,1.0,3.0,0.0,0.0,0.0,1.0,2.0,1.0,4.0,1.0,0.0,0.0,4.0,3.0,10.0,5.0,0.0,67.0,18.0,26.0,64.0,0.0,10.0,10.0,0.0,29.0,12.0,3.0,9.0,12.0,0.0,0.0,10.0,18.0,3.0,13.0,5.0,0.0,4.0,14.0,25.0,43.0,9.0,1.0
320316427,cian.ru,Тверской,144.0,56.0,2383.0,0.0,192.53571428571428,838,8012,712,3683,609300.0,469.0,144.0,5549.0,0.0,384.0192307692308,838,8012,712,3683,10.0,11.0,6.0,39.0,0.0,4.0,4.0,0.0,4.0,6.0,6.0,2.0,1.0,0.0,0.0,6.0,1.0,1.0,3.0,3.0,0.0,0.0,4.0,9.0,18.0,1.0,2.0,53.0,29.0,31.0,140.0,0.0,14.0,15.0,0.0,29.0,15.0,8.0,8.0,6.0,0.0,0.0,18.0,17.0,4.0,14.0,13.0,0.0,6.0,23.0,60.0,141.0,5.0,5.0
324833809,cian.ru,Замоскворечье,71.0,19.0,2734.0,0.0,177.7,2008,11429,1103,5961,543700.0,331.0,91.0,8644.0,0.0,401.52777777777777,2008,11429,1103,5961,24.0,3.0,6.0,21.0,0.0,2.0,4.0,0.0,9.0,5.0,1.0,3.0,0.0,0.0,0.0,1.0,2.0,1.0,4.0,1.0,0.0,0.0,4.0,3.0,10.0,5.0,0.0,67.0,18.0,26.0,64.0,0.0,10.0,10.0,0.0,29.0,12.0,3.0,9.0,12.0,0.0,0.0,10.0,18.0,3.0,13.0,5.0,0.0,4.0,14.0,25.0,43.0,9.0,1.0
3986832478445953024,realty.yandex.ru,Замоскворечье,163.0,31.0,1422.0,0.0,174.41463414634146,1078,17808,616,10090,543700.0,569.0,112.0,5016.0,0.0,381.9064748201439,1078,17808,616,10090,17.0,5.0,6.0,27.0,0.0,4.0,5.0,0.0,2.0,2.0,0.0,2.0,1.0,0.0,0.0,5.0,4.0,0.0,1.0,1.0,0.0,1.0,7.0,15.0,35.0,1.0,0.0,39.0,19.0,26.0,106.0,0.0,16.0,15.0,0.0,32.0,11.0,7.0,8.0,29.0,1.0,1.0,15.0,28.0,2.0,16.0,5.0,0.0,8.0,28.0,55.0,118.0,5.0,4.0
325135214,cian.ru,Мещанский,95.0,32.0,3042.0,11.0,164.21428571428572,1910,17714,4268,9111,530600.0,268.0,92.0,8603.0,11.0,344.8181818181818,1910,17714,4268,9111,15.0,11.0,6.0,20.0,0.0,2.0,5.0,0.0,8.0,6.0,3.0,4.0,4.0,0.0,0.0,2.0,8.0,0.0,8.0,3.0,0.0,0.0,8.0,2.0,13.0,2.0,2.0,38.0,20.0,23.0,43.0,1.0,4.0,13.0,0.0,17.0,7.0,6.0,9.0,5.0,2.0,0.0,5.0,19.0,1.0,52.0,9.0,1.0,4.0,14.0,9.0,21.0,6.0,4.0
7567123315449300992,realty.yandex.ru,Мещанский,95.0,32.0,3042.0,9.0,162.78571428571428,1910,17714,4268,9111,530600.0,267.0,92.0,8603.0,9.0,343.5757575757576,1910,17714,4268,9111,15.0,11.0,6.0,20.0,1.0,2.0,5.0,0.0,8.0,6.0,3.0,4.0,4.0,0.0,0.0,2.0,9.0,0.0,8.0,3.0,0.0,0.0,8.0,2.0,13.0,2.0,2.0,38.0,20.0,24.0,43.0,1.0,4.0,13.0,0.0,17.0,9.0,6.0,9.0,6.0,2.0,0.0,5.0,19.0,1.0,52.0,9.0,1.0,4.0,14.0,9.0,21.0,6.0,4.0
3966105355571213824,realty.yandex.ru,Красносельский,161.0,28.0,681.0,36.0,158.30555555555554,1182,35269,343,14536,454800.0,584.0,116.0,2149.0,36.0,368.76984126984127,1182,35269,343,14536,10.0,6.0,4.0,37.0,0.0,4.0,2.0,0.0,3.0,0.0,1.0,1.0,8.0,0.0,0.0,1.0,2.0,0.0,4.0,1.0,0.0,2.0,4.0,13.0,47.0,1.0,2.0,78.0,24.0,29.0,205.0,0.0,20.0,11.0,0.0,30.0,5.0,2.0,2.0,26.0,0.0,3.0,11.0,18.0,0.0,23.0,16.0,3.0,17.0,29.0,95.0,248.0,5.0,5.0
323338922,cian.ru,Даниловский,28.0,,,0.0,171.73333333333332,0,19826,133,24080,399100.0,170.0,34.0,4620.0,0.0,308.6666666666667,0,19826,133,24080,10.0,1.0,11.0,13.0,0.0,2.0,2.0,0.0,13.0,3.0,0.0,0.0,0.0,0.0,1.0,9.0,1.0,1.0,4.0,3.0,0.0,1.0,13.0,34.0,30.0,0.0,3.0,16.0,3.0,22.0,43.0,0.0,4.0,7.0,0.0,32.0,16.0,1.0,2.0,2.0,0.0,5.0,14.0,31.0,6.0,15.0,12.0,0.0,4.0,23.0,65.0,58.0,2.0,4.0
321697989,cian.ru,Донской,61.0,28.0,2989.0,105.0,180.25,914,16950,3851,18646,391900.0,332.0,104.0,8762.0,105.0,425.9655172413793,914,16950,3851,18646,3.0,3.0,6.0,18.0,0.0,3.0,4.0,0.0,8.0,1.0,1.0,4.0,1.0,0.0,1.0,2.0,8.0,2.0,3.0,2.0,0.0,0.0,5.0,9.0,9.0,1.0,0.0,45.0,9.0,19.0,77.0,0.0,6.0,14.0,0.0,27.0,10.0,6.0,5.0,7.0,1.0,3.0,7.0,25.0,5.0,13.0,11.0,0.0,1.0,16.0,32.0,34.0,8.0,1.0
324852571,cian.ru,Пресненский,56.0,22.0,1729.0,3.0,175.5185185185185,2444,15756,800,17332,621300.0,244.0,113.0,8745.0,3.0,285.4651162790698,2444,15756,800,17332,5.0,2.0,3.0,9.0,0.0,1.0,2.0,0.0,3.0,1.0,1.0,0.0,0.0,0.0,0.0,1.0,3.0,0.0,2.0,0.0,0.0,0.0,6.0,2.0,7.0,0.0,0.0,21.0,7.0,18.0,51.0,1.0,2.0,9.0,0.0,18.0,9.0,4.0,4.0,2.0,0.0,0.0,3.0,16.0,3.0,12.0,7.0,1.0,1.0,17.0,18.0,49.0,5.0,0.0
319507555,cian.ru,Мещанский,94.0,46.0,3628.0,20.0,148.9090909090909,1402,5673,2712,6289,530600.0,339.0,111.0,9565.0,20.0,371.1521739130435,1402,5673,2712,6289,12.0,10.0,11.0,25.0,1.0,1.0,6.0,0.0,2.0,5.0,3.0,2.0,2.0,0.0,0.0,3.0,9.0,2.0,3.0,6.0,0.0,0.0,5.0,8.0,10.0,4.0,3.0,46.0,25.0,24.0,57.0,1.0,9.0,18.0,0.0,18.0,12.0,8.0,8.0,6.0,1.0,0.0,6.0,29.0,5.0,18.0,10.0,0.0,1.0,22.0,19.0,29.0,7.0,4.0
3941757984976508928,realty.yandex.ru,Пресненский,112.0,43.0,1723.0,79.0,168.44444444444446,1200,11879,602,7501,621300.0,281.0,95.0,5712.0,79.0,386.1388888888889,1200,11879,602,7501,4.0,3.0,3.0,14.0,0.0,1.0,0.0,0.0,2.0,0.0,3.0,1.0,0.0,0.0,0.0,1.0,1.0,0.0,3.0,4.0,0.0,3.0,3.0,6.0,0.0,0.0,1.0,27.0,13.0,24.0,52.0,0.0,9.0,9.0,0.0,27.0,7.0,8.0,4.0,3.0,0.0,0.0,9.0,18.0,4.0,11.0,11.0,1.0,3.0,14.0,36.0,49.0,2.0,4.0
325283105,cian.ru,Даниловский,62.0,2.0,378.0,0.0,202.7692307692308,0,12178,733,19482,399100.0,208.0,32.0,3121.0,0.0,362.8529411764706,0,12178,733,19482,10.0,2.0,9.0,23.0,0.0,2.0,4.0,0.0,13.0,3.0,0.0,0.0,0.0,0.0,2.0,8.0,17.0,2.0,7.0,6.0,0.0,0.0,11.0,32.0,47.0,1.0,0.0,23.0,5.0,27.0,56.0,0.0,4.0,7.0,0.0,32.0,14.0,1.0,3.0,4.0,0.0,4.0,15.0,28.0,5.0,14.0,11.0,0.0,3.0,21.0,71.0,71.0,22.0,4.0
323750320,cian.ru,Хамовники,110.0,37.0,2035.0,140.0,195.14285714285717,494,2217,1218,3344,846800.0,331.0,81.0,5064.0,140.0,420.5111111111111,494,2217,1218,3344,34.0,3.0,3.0,8.0,0.0,0.0,1.0,0.0,2.0,2.0,0.0,4.0,0.0,0.0,0.0,0.0,0.0,0.0,0.0,0.0,0.0,0.0,4.0,0.0,4.0,2.0,0.0,65.0,17.0,16.0,34.0,2.0,5.0,8.0,0.0,8.0,8.0,4.0,6.0,9.0,0.0,1.0,13.0,12.0,4.0,5.0,3.0,0.0,2.0,18.0,21.0,47.0,9.0,0.0
321139087,cian.ru,Мещанский,59.0,8.0,368.0,6.0,184.64285714285717,950,26408,1020,14330,530600.0,257.0,70.0,5180.0,6.0,379.3777777777778,950,26408,1020,14330,9.0,2.0,6.0,3.0,0.0,5.0,1.0,0.0,2.0,2.0,1.0,0.0,2.0,0.0,0.0,4.0,2.0,1.0,3.0,4.0,0.0,1.0,9.0,4.0,10.0,0.0,0.0,33.0,16.0,32.0,56.0,1.0,7.0,12.0,0.0,15.0,7.0,7.0,5.0,3.0,0.0,0.0,10.0,15.0,5.0,15.0,13.0,0.0,9.0,26.0,28.0,43.0,4.0,4.0
324798080,cian.ru,Красносельский,77.0,9.0,1110.0,71.0,193.0,5320,26599,1135,5915,454800.0,218.0,47.0,4712.0,71.0,383.5116279069768,5320,26599,1135,5915,13.0,1.0,0.0,0.0,0.0,3.0,1.0,0.0,3.0,1.0,0.0,1.0,1.0,0.0,0.0,1.0,2.0,0.0,2.0,0.0,0.0,0.0,2.0,2.0,3.0,3.0,2.0,21.0,4.0,15.0,13.0,0.0,6.0,14.0,0.0,41.0,4.0,4.0,3.0,4.0,0.0,0.0,5.0,10.0,5.0,10.0,7.0,0.0,3.0,25.0,57.0,66.0,8.0,4.0
319834873,cian.ru,Красносельский,85.0,23.0,1911.0,67.0,232.3,972,10644,1343,4159,454800.0,401.0,123.0,6644.0,67.0,386.3013698630137,972,10644,1343,4159,15.0,1.0,0.0,22.0,0.0,3.0,1.0,0.0,5.0,2.0,3.0,0.0,2.0,0.0,0.0,5.0,0.0,1.0,4.0,2.0,0.0,0.0,15.0,5.0,18.0,1.0,3.0,60.0,12.0,10.0,78.0,0.0,9.0,9.0,0.0,20.0,10.0,7.0,4.0,7.0,0.0,0.0,10.0,12.0,4.0,22.0,8.0,0.0,2.0,33.0,37.0,70.0,11.0,5.0
323359930,cian.ru,Якиманка,117.0,23.0,561.0,37.0,162.45454545454547,822,18523,740,10448,680600.0,352.0,64.0,2798.0,37.0,302.05970149253733,822,18523,740,10448,7.0,4.0,2.0,11.0,0.0,4.0,4.0,0.0,2.0,2.0,0.0,0.0,2.0,0.0,1.0,5.0,1.0,0.0,4.0,1.0,0.0,1.0,4.0,4.0,18.0,0.0,1.0,35.0,9.0,8.0,35.0,1.0,6.0,8.0,0.0,10.0,5.0,4.0,1.0,6.0,0.0,1.0,10.0,4.0,2.0,10.0,5.0,0.0,9.0,7.0,32.0,51.0,3.0,4.0
3940063261425486848,realty.yandex.ru,Тверской,75.0,25.0,1926.0,13.0,162.5,1122,30280,1179,30497,609300.0,414.0,162.0,7331.0,13.0,386.2278481012658,1122,30280,1179,30497,17.0,8.0,7.0,41.0,0.0,4.0,5.0,0.0,5.0,7.0,1.0,6.0,1.0,0.0,0.0,6.0,5.0,1.0,2.0,4.0,0.0,3.0,9.0,14.0,15.0,0.0,2.0,64.0,36.0,32.0,165.0,0.0,19.0,15.0,0.0,26.0,14.0,7.0,11.0,20.0,1.0,0.0,20.0,17.0,10.0,19.0,19.0,1.0,5.0,30.0,58.0,91.0,3.0,4.0
5203054433263443968,realty.yandex.ru,Якиманка,117.0,23.0,561.0,42.0,164.33333333333334,822,18523,740,10448,680600.0,349.0,65.0,2832.0,42.0,304.34328358208955,822,18523,740,10448,7.0,4.0,2.0,11.0,0.0,4.0,4.0,0.0,2.0,2.0,0.0,0.0,2.0,0.0,1.0,5.0,1.0,0.0,4.0,1.0,0.0,1.0,4.0,4.0,18.0,0.0,1.0,35.0,9.0,7.0,35.0,1.0,6.0,8.0,0.0,9.0,4.0,4.0,1.0,6.0,0.0,1.0,10.0,4.0,2.0,10.0,5.0,0.0,8.0,7.0,31.0,51.0,3.0,4.0
320930607,cian.ru,Красносельский,85.0,23.0,1911.0,67.0,232.3,972,10644,1343,4159,454800.0,401.0,123.0,6644.0,67.0,386.3013698630137,972,10644,1343,4159,15.0,1.0,0.0,22.0,0.0,3.0,1.0,0.0,5.0,2.0,3.0,0.0,2.0,0.0,0.0,5.0,0.0,1.0,4.0,2.0,0.0,0.0,15.0,5.0,18.0,1.0,3.0,60.0,12.0,10.0,78.0,0.0,9.0,9.0,0.0,20.0,10.0,7.0,4.0,7.0,0.0,0.0,10.0,12.0,4.0,22.0,8.0,0.0,2.0,33.0,37.0,70.0,11.0,5.0
324378145,cian.ru,Басманный,150.0,36.0,1187.0,2.0,186.88888888888889,366,4822,544,11662,461200.0,468.0,99.0,4484.0,2.0,345.24418604651163,366,4822,544,11662,12.0,10.0,5.0,66.0,2.0,10.0,4.0,0.0,12.0,6.0,2.0,1.0,0.0,0.0,0.0,9.0,10.0,1.0,13.0,3.0,0.0,1.0,18.0,32.0,40.0,3.0,0.0,42.0,19.0,24.0,118.0,2.0,18.0,11.0,0.0,36.0,10.0,6.0,6.0,8.0,0.0,0.0,16.0,16.0,5.0,23.0,7.0,0.0,5.0,29.0,58.0,85.0,7.0,3.0
321944515,cian.ru,Тверской,143.0,47.0,1845.0,0.0,175.58620689655172,1498,14496,1220,7357,609300.0,444.0,137.0,5192.0,0.0,365.2395833333333,1498,14496,1220,7357,10.0,9.0,5.0,29.0,0.0,4.0,3.0,0.0,6.0,6.0,4.0,2.0,1.0,0.0,0.0,6.0,4.0,1.0,3.0,3.0,0.0,2.0,6.0,10.0,17.0,1.0,3.0,44.0,25.0,23.0,129.0,0.0,15.0,14.0,0.0,27.0,11.0,8.0,9.0,6.0,0.0,0.0,16.0,16.0,4.0,14.0,12.0,0.0,5.0,26.0,58.0,138.0,5.0,4.0
318052221,cian.ru,Красносельский,85.0,23.0,1911.0,67.0,232.3,972,10644,1343,4159,454800.0,401.0,123.0,6644.0,67.0,386.3013698630137,972,10644,1343,4159,15.0,1.0,0.0,22.0,0.0,3.0,1.0,0.0,5.0,2.0,3.0,0.0,2.0,0.0,0.0,5.0,0.0,1.0,4.0,2.0,0.0,0.0,15.0,5.0,18.0,1.0,3.0,60.0,12.0,10.0,78.0,0.0,9.0,9.0,0.0,20.0,10.0,7.0,4.0,7.0,0.0,0.0,10.0,12.0,4.0,22.0,8.0,0.0,2.0,33.0,37.0,70.0,11.0,5.0
321862525,cian.ru,Пресненский,94.0,29.0,2151.0,91.0,177.2,1728,6968,1275,2946,621300.0,346.0,103.0,6737.0,91.0,420.94594594594594,1728,6968,1275,2946,17.0,5.0,4.0,17.0,0.0,5.0,3.0,0.0,2.0,0.0,3.0,1.0,2.0,0.0,0.0,2.0,3.0,0.0,1.0,2.0,0.0,1.0,5.0,5.0,7.0,1.0,0.0,66.0,16.0,14.0,56.0,0.0,10.0,8.0,0.0,18.0,6.0,8.0,5.0,11.0,1.0,1.0,3.0,15.0,3.0,10.0,8.0,2.0,4.0,22.0,27.0,74.0,10.0,2.0
324743076,cian.ru,Пресненский,94.0,29.0,2151.0,91.0,177.2,1728,6968,1275,2946,621300.0,346.0,103.0,6737.0,91.0,420.94594594594594,1728,6968,1275,2946,17.0,5.0,4.0,17.0,0.0,5.0,3.0,0.0,2.0,0.0,3.0,1.0,2.0,0.0,0.0,2.0,3.0,0.0,1.0,2.0,0.0,1.0,5.0,5.0,7.0,1.0,0.0,66.0,16.0,14.0,56.0,0.0,10.0,8.0,0.0,18.0,6.0,8.0,5.0,11.0,1.0,1.0,3.0,15.0,3.0,10.0,8.0,2.0,4.0,22.0,27.0,74.0,10.0,2.0
320765902,cian.ru,Тимирязевский,59.0,16.0,1736.0,0.0,177.0,2712,6000,2798,6645,347300.0,238.0,102.0,10274.0,0.0,329.55555555555554,2712,6000,2798,6645,4.0,1.0,7.0,2.0,0.0,2.0,2.0,0.0,13.0,1.0,1.0,0.0,0.0,0.0,1.0,2.0,6.0,3.0,3.0,2.0,0.0,0.0,3.0,7.0,7.0,1.0,0.0,14.0,3.0,15.0,23.0,0.0,2.0,10.0,0.0,34.0,10.0,5.0,6.0,0.0,1.0,1.0,4.0,21.0,5.0,8.0,3.0,0.0,1.0,3.0,15.0,16.0,5.0,1.0
5203771826454136832,realty.yandex.ru,Тверской,75.0,25.0,1926.0,13.0,162.5,1122,30280,1179,30497,609300.0,414.0,162.0,7331.0,13.0,386.2278481012658,1122,30280,1179,30497,17.0,8.0,7.0,41.0,0.0,4.0,5.0,0.0,5.0,7.0,1.0,6.0,1.0,0.0,0.0,6.0,5.0,1.0,2.0,4.0,0.0,3.0,9.0,14.0,15.0,0.0,2.0,64.0,36.0,32.0,165.0,0.0,19.0,15.0,0.0,26.0,14.0,7.0,11.0,20.0,1.0,0.0,20.0,17.0,10.0,19.0,19.0,1.0,5.0,30.0,58.0,91.0,3.0,4.0
322886399,cian.ru,Якиманка,135.0,30.0,1454.0,44.0,150.82142857142858,1088,13068,1377,7936,680600.0,482.0,99.0,4853.0,44.0,395.0254237288136,1088,13068,1377,7936,17.0,4.0,5.0,23.0,0.0,2.0,3.0,0.0,6.0,6.0,2.0,3.0,0.0,0.0,0.0,0.0,8.0,1.0,2.0,0.0,0.0,3.0,4.0,4.0,16.0,0.0,1.0,50.0,16.0,23.0,79.0,0.0,9.0,8.0,0.0,19.0,10.0,6.0,8.0,4.0,0.0,1.0,14.0,18.0,4.0,12.0,7.0,0.0,10.0,13.0,52.0,89.0,4.0,5.0
320549399,cian.ru,Басманный,149.0,34.0,822.0,0.0,187.5,374,6872,690,14648,461200.0,459.0,95.0,4291.0,0.0,361.8735632183908,374,6872,690,14648,9.0,10.0,5.0,64.0,2.0,10.0,5.0,0.0,13.0,6.0,2.0,1.0,0.0,0.0,0.0,9.0,9.0,3.0,15.0,4.0,0.0,2.0,16.0,27.0,36.0,3.0,0.0,39.0,20.0,20.0,124.0,2.0,18.0,11.0,0.0,34.0,11.0,5.0,5.0,5.0,0.0,0.0,16.0,17.0,5.0,23.0,7.0,0.0,5.0,29.0,56.0,71.0,9.0,1.0
6726322858732113920,realty.yandex.ru,Зюзино,26.0,10.0,924.0,4.0,112.0,1018,40175,5384,28894,326200.0,101.0,46.0,5221.0,4.0,214.83333333333331,1018,40175,5384,28894,1.0,3.0,4.0,1.0,0.0,0.0,1.0,0.0,5.0,0.0,0.0,0.0,1.0,0.0,1.0,3.0,3.0,0.0,1.0,1.0,0.0,1.0,2.0,0.0,2.0,0.0,1.0,7.0,6.0,8.0,9.0,0.0,0.0,6.0,0.0,15.0,4.0,5.0,4.0,5.0,0.0,1.0,3.0,16.0,1.0,5.0,1.0,0.0,1.0,6.0,1.0,6.0,2.0,1.0
6858718381804983296,realty.yandex.ru,Таганский,97.0,26.0,1765.0,4.0,190.8421052631579,910,8227,3147,10770,433700.0,423.0,84.0,6586.0,4.0,414.51063829787233,910,8227,3147,10770,9.0,11.0,13.0,38.0,0.0,2.0,3.0,0.0,12.0,4.0,2.0,2.0,1.0,0.0,2.0,3.0,10.0,1.0,6.0,3.0,1.0,1.0,6.0,10.0,22.0,2.0,1.0,50.0,23.0,34.0,137.0,4.0,8.0,9.0,0.0,39.0,10.0,18.0,4.0,7.0,1.0,5.0,11.0,33.0,6.0,17.0,14.0,2.0,5.0,23.0,29.0,72.0,12.0,8.0
324402315,cian.ru,Беговой,52.0,14.0,2253.0,63.0,221.27777777777777,3008,36202,1528,19633,414000.0,245.0,64.0,7010.0,63.0,381.05555555555554,3008,36202,1528,19633,3.0,4.0,6.0,4.0,0.0,0.0,1.0,0.0,11.0,2.0,1.0,1.0,1.0,0.0,0.0,2.0,3.0,1.0,5.0,0.0,0.0,0.0,9.0,11.0,14.0,1.0,2.0,19.0,16.0,19.0,38.0,2.0,4.0,9.0,0.0,47.0,13.0,3.0,4.0,4.0,0.0,3.0,8.0,19.0,4.0,19.0,3.0,0.0,4.0,17.0,43.0,58.0,4.0,3.0
324398881,cian.ru,Донской,69.0,6.0,478.0,112.0,217.44444444444449,208,2121,327,6999,391900.0,266.0,65.0,4431.0,112.0,331.4736842105263,208,2121,327,6999,12.0,4.0,8.0,12.0,0.0,1.0,0.0,0.0,1.0,2.0,2.0,0.0,8.0,1.0,0.0,1.0,2.0,0.0,1.0,1.0,0.0,1.0,3.0,4.0,6.0,0.0,0.0,68.0,7.0,22.0,34.0,0.0,3.0,7.0,0.0,15.0,7.0,3.0,1.0,15.0,2.0,1.0,7.0,13.0,2.0,11.0,6.0,0.0,18.0,7.0,26.0,28.0,5.0,0.0
3986832478495729152,realty.yandex.ru,Тверской,92.0,26.0,1647.0,26.0,193.41666666666663,1060,10169,1898,8168,609300.0,339.0,113.0,7466.0,26.0,408.0735294117647,1060,10169,1898,8168,11.0,8.0,5.0,30.0,0.0,7.0,2.0,0.0,5.0,1.0,2.0,1.0,1.0,0.0,0.0,6.0,2.0,1.0,3.0,3.0,0.0,4.0,11.0,10.0,9.0,0.0,0.0,47.0,26.0,26.0,121.0,2.0,21.0,13.0,0.0,31.0,10.0,5.0,12.0,12.0,0.0,2.0,19.0,21.0,5.0,18.0,18.0,1.0,4.0,29.0,58.0,92.0,19.0,5.0
5523185331268141056,realty.yandex.ru,Таганский,97.0,26.0,1765.0,4.0,190.8421052631579,910,8227,3147,10770,433700.0,423.0,84.0,6586.0,4.0,414.51063829787233,910,8227,3147,10770,9.0,11.0,13.0,38.0,0.0,2.0,3.0,0.0,12.0,4.0,2.0,2.0,1.0,0.0,2.0,3.0,10.0,1.0,6.0,3.0,1.0,1.0,6.0,10.0,22.0,2.0,1.0,50.0,23.0,34.0,137.0,4.0,8.0,9.0,0.0,39.0,10.0,18.0,4.0,7.0,1.0,5.0,11.0,33.0,6.0,17.0,14.0,2.0,5.0,23.0,29.0,72.0,12.0,8.0
320793900,cian.ru,Тверской,92.0,26.0,1647.0,26.0,193.5,1060,10169,1898,8168,609300.0,339.0,113.0,7466.0,26.0,408.1029411764706,1060,10169,1898,8168,11.0,8.0,5.0,30.0,0.0,7.0,2.0,0.0,5.0,1.0,2.0,1.0,1.0,0.0,0.0,6.0,2.0,1.0,3.0,3.0,0.0,4.0,11.0,10.0,9.0,0.0,0.0,47.0,26.0,26.0,121.0,2.0,21.0,13.0,0.0,31.0,10.0,5.0,12.0,12.0,0.0,2.0,19.0,21.0,5.0,18.0,18.0,1.0,4.0,29.0,58.0,92.0,19.0,5.0
320952298,cian.ru,Тверской,92.0,26.0,1647.0,26.0,193.5,1060,10169,1898,8168,609300.0,339.0,113.0,7466.0,26.0,408.1029411764706,1060,10169,1898,8168,11.0,8.0,5.0,30.0,0.0,7.0,2.0,0.0,5.0,1.0,2.0,1.0,1.0,0.0,0.0,6.0,2.0,1.0,3.0,3.0,0.0,4.0,11.0,10.0,9.0,0.0,0.0,47.0,26.0,26.0,121.0,2.0,21.0,13.0,0.0,31.0,10.0,5.0,12.0,12.0,0.0,2.0,19.0,21.0,5.0,18.0,18.0,1.0,4.0,29.0,58.0,92.0,19.0,5.0
4750548503242259456,realty.yandex.ru,Коньково,27.0,,,22.0,165.33333333333334,1204,11767,83,8636,351300.0,125.0,9.0,2158.0,22.0,354.0,1204,11767,83,8636,3.0,2.0,2.0,5.0,0.0,1.0,0.0,0.0,2.0,1.0,0.0,0.0,0.0,0.0,0.0,2.0,0.0,0.0,2.0,1.0,0.0,1.0,4.0,1.0,2.0,0.0,0.0,8.0,5.0,13.0,17.0,0.0,3.0,4.0,0.0,19.0,2.0,0.0,0.0,0.0,0.0,2.0,4.0,13.0,4.0,5.0,6.0,0.0,2.0,11.0,17.0,30.0,7.0,1.0
7523548143734793216,realty.yandex.ru,Тверской,92.0,26.0,1647.0,26.0,193.41666666666663,1060,10169,1898,8168,609300.0,339.0,113.0,7466.0,26.0,408.0735294117647,1060,10169,1898,8168,11.0,8.0,5.0,30.0,0.0,7.0,2.0,0.0,5.0,1.0,2.0,1.0,1.0,0.0,0.0,6.0,2.0,1.0,3.0,3.0,0.0,4.0,11.0,10.0,9.0,0.0,0.0,47.0,26.0,26.0,121.0,2.0,21.0,13.0,0.0,31.0,10.0,5.0,12.0,12.0,0.0,2.0,19.0,21.0,5.0,18.0,18.0,1.0,4.0,29.0,58.0,92.0,19.0,5.0
324948138,cian.ru,Беговой,56.0,11.0,2063.0,26.0,221.7826086956522,3008,36202,1528,16793,414000.0,244.0,63.0,6917.0,26.0,366.6111111111111,3008,36202,1528,16793,3.0,4.0,6.0,4.0,1.0,1.0,1.0,0.0,9.0,2.0,1.0,1.0,1.0,0.0,0.0,2.0,3.0,1.0,4.0,1.0,0.0,0.0,9.0,13.0,16.0,1.0,2.0,20.0,14.0,16.0,37.0,2.0,4.0,9.0,0.0,38.0,13.0,4.0,5.0,4.0,0.0,1.0,9.0,13.0,3.0,18.0,3.0,0.0,4.0,18.0,43.0,51.0,3.0,3.0
323149072,cian.ru,Тверской,143.0,40.0,855.0,11.0,175.91666666666666,372,4787,392,4490,609300.0,485.0,131.0,3577.0,11.0,390.39,372,4787,392,4490,10.0,7.0,1.0,20.0,0.0,3.0,3.0,0.0,1.0,0.0,1.0,2.0,5.0,0.0,0.0,1.0,1.0,0.0,2.0,2.0,0.0,1.0,1.0,5.0,13.0,2.0,0.0,41.0,28.0,19.0,108.0,0.0,8.0,8.0,0.0,16.0,6.0,3.0,6.0,19.0,0.0,1.0,15.0,6.0,6.0,11.0,9.0,0.0,11.0,23.0,37.0,119.0,6.0,5.0
320796105,cian.ru,Тверской,92.0,26.0,1647.0,26.0,193.5,1060,10169,1898,8168,609300.0,339.0,113.0,7466.0,26.0,408.1029411764706,1060,10169,1898,8168,11.0,8.0,5.0,30.0,0.0,7.0,2.0,0.0,5.0,1.0,2.0,1.0,1.0,0.0,0.0,6.0,2.0,1.0,3.0,3.0,0.0,4.0,11.0,10.0,9.0,0.0,0.0,47.0,26.0,26.0,121.0,2.0,21.0,13.0,0.0,31.0,10.0,5.0,12.0,12.0,0.0,2.0,19.0,21.0,5.0,18.0,18.0,1.0,4.0,29.0,58.0,92.0,19.0,5.0
7567123315449324544,realty.yandex.ru,Коньково,27.0,,,22.0,165.33333333333334,1204,11767,83,8636,351300.0,125.0,9.0,2158.0,22.0,354.0,1204,11767,83,8636,3.0,2.0,2.0,5.0,0.0,1.0,0.0,0.0,2.0,1.0,0.0,0.0,0.0,0.0,0.0,2.0,0.0,0.0,2.0,1.0,0.0,1.0,4.0,1.0,2.0,0.0,0.0,8.0,5.0,13.0,17.0,0.0,3.0,4.0,0.0,19.0,2.0,0.0,0.0,0.0,0.0,2.0,4.0,13.0,4.0,5.0,6.0,0.0,2.0,11.0,17.0,30.0,7.0,1.0
5490221485442743296,realty.yandex.ru,Тверской,144.0,56.0,2383.0,0.0,192.4642857142857,838,8012,712,3683,609300.0,469.0,144.0,5549.0,0.0,386.0571428571429,838,8012,712,3683,10.0,11.0,6.0,39.0,0.0,4.0,4.0,0.0,4.0,6.0,6.0,2.0,1.0,0.0,0.0,6.0,1.0,1.0,3.0,3.0,0.0,0.0,4.0,9.0,18.0,1.0,2.0,53.0,29.0,31.0,140.0,0.0,14.0,15.0,0.0,29.0,15.0,8.0,8.0,6.0,0.0,0.0,18.0,17.0,4.0,14.0,13.0,0.0,6.0,23.0,60.0,141.0,5.0,5.0
320105022,cian.ru,Тверской,142.0,52.0,2392.0,0.0,186.4,1498,14496,1220,7357,609300.0,449.0,140.0,5300.0,0.0,366.9375,1498,14496,1220,7357,10.0,9.0,7.0,32.0,0.0,4.0,4.0,0.0,7.0,6.0,5.0,2.0,1.0,0.0,0.0,7.0,3.0,1.0,4.0,4.0,0.0,2.0,9.0,14.0,24.0,1.0,2.0,43.0,26.0,24.0,131.0,0.0,14.0,14.0,0.0,28.0,12.0,8.0,9.0,6.0,0.0,0.0,16.0,16.0,4.0,14.0,12.0,0.0,8.0,26.0,58.0,136.0,5.0,4.0
320227481,cian.ru,Тверской,155.0,47.0,1488.0,20.0,173.375,1498,14496,561,7357,609300.0,448.0,134.0,5168.0,20.0,377.6857142857143,1498,14496,561,7357,12.0,8.0,5.0,30.0,0.0,5.0,3.0,0.0,7.0,6.0,6.0,2.0,1.0,0.0,0.0,5.0,2.0,1.0,3.0,3.0,0.0,2.0,5.0,12.0,17.0,1.0,0.0,43.0,26.0,27.0,129.0,0.0,13.0,18.0,0.0,33.0,10.0,7.0,9.0,6.0,0.0,0.0,19.0,17.0,4.0,14.0,13.0,0.0,5.0,22.0,62.0,152.0,5.0,4.0
324198187,cian.ru,Пресненский,90.0,36.0,2292.0,28.0,138.875,1360,16467,677,7501,621300.0,247.0,81.0,4980.0,28.0,408.1764705882353,1360,16467,677,7501,1.0,3.0,1.0,10.0,0.0,1.0,1.0,0.0,1.0,0.0,3.0,1.0,0.0,0.0,0.0,1.0,1.0,0.0,2.0,4.0,0.0,1.0,2.0,6.0,1.0,0.0,1.0,29.0,8.0,21.0,45.0,0.0,6.0,8.0,0.0,20.0,7.0,7.0,4.0,2.0,0.0,0.0,7.0,16.0,3.0,11.0,12.0,1.0,5.0,10.0,38.0,45.0,2.0,5.0
320218015,cian.ru,Тверской,142.0,52.0,2392.0,0.0,186.4,1498,14496,1220,7357,609300.0,449.0,140.0,5300.0,0.0,366.9375,1498,14496,1220,7357,10.0,9.0,7.0,32.0,0.0,4.0,4.0,0.0,7.0,6.0,5.0,2.0,1.0,0.0,0.0,7.0,3.0,1.0,4.0,4.0,0.0,2.0,9.0,14.0,24.0,1.0,2.0,43.0,26.0,24.0,131.0,0.0,14.0,14.0,0.0,28.0,12.0,8.0,9.0,6.0,0.0,0.0,16.0,16.0,4.0,14.0,12.0,0.0,8.0,26.0,58.0,136.0,5.0,4.0
7523548143734769664,realty.yandex.ru,Алексеевский,73.0,13.0,940.0,65.0,155.125,790,10671,1782,11472,397600.0,204.0,32.0,3480.0,65.0,348.4736842105263,790,10671,1782,11472,10.0,9.0,3.0,26.0,1.0,2.0,0.0,0.0,4.0,3.0,2.0,4.0,1.0,0.0,0.0,1.0,5.0,1.0,5.0,2.0,0.0,1.0,8.0,5.0,5.0,3.0,0.0,14.0,12.0,8.0,37.0,1.0,5.0,3.0,0.0,7.0,3.0,6.0,5.0,10.0,0.0,0.0,5.0,11.0,1.0,24.0,2.0,0.0,3.0,16.0,10.0,11.0,5.0,0.0
322838851,cian.ru,Басманный,183.0,104.0,2207.0,0.0,204.79166666666663,800,6804,749,4483,461200.0,650.0,261.0,6550.0,0.0,405.2857142857143,800,6804,749,4483,23.0,9.0,2.0,40.0,0.0,4.0,4.0,0.0,4.0,2.0,5.0,3.0,1.0,0.0,0.0,2.0,3.0,1.0,4.0,2.0,0.0,0.0,3.0,5.0,12.0,3.0,1.0,61.0,34.0,21.0,135.0,0.0,12.0,16.0,0.0,15.0,18.0,9.0,7.0,4.0,0.0,0.0,8.0,15.0,1.0,20.0,7.0,0.0,4.0,19.0,31.0,115.0,13.0,1.0
5535401677012680704,realty.yandex.ru,Якиманка,86.0,32.0,3217.0,0.0,136.53846153846155,848,14322,2086,18938,680600.0,276.0,72.0,6242.0,0.0,324.28125,848,14322,2086,18938,5.0,1.0,4.0,17.0,0.0,1.0,3.0,0.0,7.0,3.0,2.0,1.0,1.0,0.0,2.0,1.0,6.0,1.0,2.0,2.0,0.0,1.0,9.0,11.0,14.0,3.0,1.0,52.0,6.0,18.0,42.0,0.0,7.0,8.0,0.0,22.0,5.0,5.0,1.0,32.0,0.0,3.0,6.0,17.0,2.0,9.0,5.0,1.0,4.0,18.0,33.0,50.0,5.0,1.0
322812236,cian.ru,Басманный,177.0,26.0,762.0,1.0,176.52,332,7194,428,7328,461200.0,491.0,88.0,4049.0,1.0,350.69565217391306,332,7194,428,7328,5.0,4.0,2.0,5.0,1.0,2.0,2.0,0.0,0.0,2.0,0.0,1.0,6.0,0.0,0.0,4.0,6.0,0.0,2.0,1.0,0.0,0.0,6.0,7.0,6.0,1.0,1.0,14.0,9.0,6.0,32.0,1.0,4.0,12.0,0.0,11.0,7.0,7.0,8.0,11.0,0.0,0.0,13.0,11.0,1.0,5.0,5.0,1.0,3.0,24.0,24.0,66.0,6.0,2.0
324112432,cian.ru,Хамовники,79.0,25.0,2343.0,20.0,142.85714285714286,1262,22311,4157,32709,846800.0,276.0,96.0,7353.0,20.0,322.71875,1262,22311,4157,32709,95.0,1.0,6.0,9.0,0.0,0.0,4.0,0.0,29.0,4.0,1.0,1.0,2.0,1.0,0.0,5.0,6.0,1.0,5.0,5.0,0.0,1.0,8.0,14.0,34.0,1.0,0.0,152.0,7.0,18.0,31.0,2.0,9.0,10.0,0.0,41.0,5.0,6.0,10.0,18.0,1.0,0.0,7.0,12.0,4.0,12.0,11.0,0.0,7.0,18.0,28.0,57.0,5.0,1.0
323933258,cian.ru,Басманный,177.0,26.0,762.0,1.0,176.52,332,7194,428,7328,461200.0,491.0,88.0,4049.0,1.0,350.69565217391306,332,7194,428,7328,5.0,4.0,2.0,5.0,1.0,2.0,2.0,0.0,0.0,2.0,0.0,1.0,6.0,0.0,0.0,4.0,6.0,0.0,2.0,1.0,0.0,0.0,6.0,7.0,6.0,1.0,1.0,14.0,9.0,6.0,32.0,1.0,4.0,12.0,0.0,11.0,7.0,7.0,8.0,11.0,0.0,0.0,13.0,11.0,1.0,5.0,5.0,1.0,3.0,24.0,24.0,66.0,6.0,2.0
3965285094522827776,realty.yandex.ru,Хамовники,165.0,80.0,2747.0,3.0,212.8571428571429,858,4703,3521,12222,846800.0,682.0,257.0,7091.0,3.0,387.340206185567,858,4703,3521,12222,16.0,2.0,3.0,18.0,0.0,1.0,1.0,0.0,4.0,2.0,4.0,3.0,1.0,0.0,1.0,2.0,4.0,0.0,1.0,4.0,0.0,3.0,2.0,4.0,14.0,3.0,0.0,43.0,13.0,19.0,117.0,2.0,14.0,8.0,0.0,18.0,11.0,12.0,4.0,9.0,0.0,1.0,7.0,16.0,3.0,16.0,12.0,3.0,9.0,18.0,33.0,101.0,12.0,5.0
323664596,cian.ru,Ломоносовский,27.0,9.0,1853.0,,,1844,2930,1488,2368,418300.0,138.0,68.0,10403.0,430.0,471.5,1844,2930,1488,2368,5.0,3.0,11.0,11.0,0.0,3.0,3.0,0.0,6.0,4.0,4.0,5.0,1.0,0.0,0.0,0.0,6.0,1.0,4.0,3.0,0.0,0.0,2.0,3.0,5.0,3.0,0.0,15.0,9.0,18.0,49.0,0.0,5.0,10.0,0.0,20.0,6.0,16.0,18.0,1.0,0.0,1.0,0.0,21.0,3.0,10.0,16.0,0.0,0.0,2.0,12.0,15.0,10.0,0.0
321218342,cian.ru,Таганский,116.0,18.0,608.0,1.0,130.57142857142858,474,12757,234,3798,433700.0,428.0,58.0,2926.0,1.0,323.0416666666667,474,12757,234,3798,3.0,0.0,0.0,5.0,1.0,2.0,1.0,0.0,4.0,0.0,0.0,0.0,1.0,0.0,0.0,2.0,2.0,1.0,1.0,1.0,0.0,4.0,1.0,4.0,7.0,0.0,0.0,21.0,4.0,11.0,34.0,1.0,8.0,6.0,0.0,10.0,6.0,3.0,2.0,15.0,0.0,0.0,8.0,6.0,3.0,5.0,3.0,0.0,19.0,9.0,23.0,62.0,2.0,0.0
320541206,cian.ru,Тверской,63.0,25.0,3364.0,0.0,135.54545454545453,746,4060,725,3668,609300.0,263.0,76.0,6952.0,0.0,405.75,746,4060,725,3668,3.0,4.0,3.0,9.0,0.0,2.0,1.0,0.0,5.0,4.0,1.0,1.0,3.0,0.0,0.0,1.0,4.0,1.0,5.0,1.0,0.0,3.0,4.0,5.0,8.0,0.0,0.0,32.0,13.0,15.0,40.0,3.0,3.0,9.0,0.0,25.0,10.0,4.0,4.0,6.0,1.0,1.0,8.0,12.0,4.0,18.0,7.0,0.0,5.0,15.0,38.0,49.0,3.0,4.0
323922725,cian.ru,Тверской,70.0,26.0,1994.0,3.0,149.05263157894737,1122,30280,1179,30497,609300.0,423.0,157.0,7243.0,3.0,389.7560975609756,1122,30280,1179,30497,12.0,8.0,5.0,36.0,0.0,5.0,5.0,0.0,6.0,6.0,1.0,5.0,1.0,0.0,0.0,6.0,4.0,1.0,2.0,4.0,0.0,3.0,8.0,16.0,18.0,0.0,2.0,55.0,33.0,28.0,145.0,0.0,18.0,15.0,0.0,24.0,13.0,7.0,12.0,17.0,1.0,0.0,20.0,17.0,7.0,17.0,15.0,1.0,5.0,29.0,58.0,84.0,4.0,4.0
320607951,cian.ru,Тверской,63.0,25.0,3364.0,0.0,135.54545454545453,746,4060,725,3668,609300.0,263.0,76.0,6952.0,0.0,405.75,746,4060,725,3668,3.0,4.0,3.0,9.0,0.0,2.0,1.0,0.0,5.0,4.0,1.0,1.0,3.0,0.0,0.0,1.0,4.0,1.0,5.0,1.0,0.0,3.0,4.0,5.0,8.0,0.0,0.0,32.0,13.0,15.0,40.0,3.0,3.0,9.0,0.0,25.0,10.0,4.0,4.0,6.0,1.0,1.0,8.0,12.0,4.0,18.0,7.0,0.0,5.0,15.0,38.0,49.0,3.0,4.0
319665898,cian.ru,Тверской,63.0,25.0,3364.0,0.0,135.54545454545453,746,4060,725,3668,609300.0,263.0,76.0,6952.0,0.0,405.75,746,4060,725,3668,3.0,4.0,3.0,9.0,0.0,2.0,1.0,0.0,5.0,4.0,1.0,1.0,3.0,0.0,0.0,1.0,4.0,1.0,5.0,1.0,0.0,3.0,4.0,5.0,8.0,0.0,0.0,32.0,13.0,15.0,40.0,3.0,3.0,9.0,0.0,25.0,10.0,4.0,4.0,6.0,1.0,1.0,8.0,12.0,4.0,18.0,7.0,0.0,5.0,15.0,38.0,49.0,3.0,4.0
8427502013113765888,realty.yandex.ru,Тверской,94.0,28.0,1655.0,22.0,168.8181818181818,1054,10130,1898,13851,609300.0,339.0,108.0,7515.0,22.0,396.25757575757575,1054,10130,1898,13851,11.0,6.0,6.0,32.0,0.0,7.0,2.0,0.0,5.0,2.0,2.0,3.0,0.0,0.0,0.0,7.0,3.0,1.0,5.0,3.0,0.0,1.0,10.0,8.0,9.0,0.0,0.0,46.0,27.0,27.0,127.0,2.0,22.0,13.0,0.0,33.0,10.0,5.0,11.0,13.0,0.0,2.0,19.0,23.0,6.0,19.0,17.0,1.0,4.0,32.0,57.0,88.0,19.0,5.0
324830264,cian.ru,Пресненский,55.0,21.0,1482.0,1.0,175.44444444444446,2444,15756,800,17332,621300.0,242.0,112.0,8673.0,1.0,285.6744186046512,2444,15756,800,17332,5.0,2.0,3.0,9.0,0.0,1.0,2.0,0.0,3.0,1.0,1.0,0.0,0.0,0.0,0.0,1.0,3.0,0.0,2.0,0.0,0.0,0.0,6.0,2.0,7.0,0.0,0.0,20.0,7.0,18.0,51.0,1.0,2.0,9.0,0.0,17.0,9.0,4.0,4.0,2.0,0.0,0.0,3.0,16.0,3.0,12.0,7.0,0.0,1.0,17.0,18.0,48.0,5.0,0.0
321124319,cian.ru,Пресненский,63.0,33.0,2623.0,13.0,172.08333333333334,2444,22851,800,17332,621300.0,260.0,121.0,8911.0,13.0,321.4583333333333,2444,22851,800,17332,5.0,2.0,4.0,9.0,0.0,1.0,2.0,0.0,3.0,1.0,3.0,0.0,0.0,0.0,0.0,1.0,3.0,0.0,2.0,0.0,0.0,0.0,4.0,4.0,11.0,0.0,0.0,22.0,10.0,21.0,60.0,1.0,3.0,10.0,0.0,23.0,11.0,4.0,4.0,1.0,0.0,1.0,2.0,16.0,6.0,14.0,9.0,1.0,1.0,23.0,24.0,79.0,6.0,0.0
7034398614172857344,realty.yandex.ru,Замоскворечье,118.0,34.0,2036.0,0.0,186.2258064516129,1414,14784,1200,9019,543700.0,494.0,140.0,7008.0,0.0,380.4909090909091,1414,14784,1200,9019,7.0,1.0,6.0,25.0,0.0,2.0,5.0,0.0,9.0,0.0,3.0,1.0,7.0,0.0,0.0,4.0,6.0,1.0,3.0,6.0,1.0,3.0,13.0,15.0,12.0,6.0,2.0,32.0,12.0,16.0,120.0,0.0,8.0,13.0,0.0,24.0,11.0,7.0,5.0,15.0,0.0,1.0,8.0,20.0,1.0,18.0,14.0,1.0,9.0,23.0,43.0,74.0,13.0,5.0
6123864961752298496,realty.yandex.ru,Замоскворечье,118.0,34.0,2036.0,0.0,186.2258064516129,1414,14784,1200,9019,543700.0,494.0,140.0,7008.0,0.0,380.4909090909091,1414,14784,1200,9019,7.0,1.0,6.0,25.0,0.0,2.0,5.0,0.0,9.0,0.0,3.0,1.0,7.0,0.0,0.0,4.0,6.0,1.0,3.0,6.0,1.0,3.0,13.0,15.0,12.0,6.0,2.0,32.0,12.0,16.0,120.0,0.0,8.0,13.0,0.0,24.0,11.0,7.0,5.0,15.0,0.0,1.0,8.0,20.0,1.0,18.0,14.0,1.0,9.0,23.0,43.0,74.0,13.0,5.0
306948989166258176,realty.yandex.ru,Даниловский,62.0,2.0,378.0,8.0,202.3846153846154,0,12178,733,19482,399100.0,207.0,32.0,3121.0,8.0,362.9117647058824,0,12178,733,19482,10.0,2.0,9.0,23.0,0.0,2.0,4.0,0.0,13.0,3.0,0.0,0.0,0.0,0.0,2.0,8.0,17.0,2.0,7.0,6.0,0.0,0.0,11.0,32.0,47.0,1.0,0.0,23.0,6.0,27.0,57.0,1.0,7.0,7.0,0.0,33.0,14.0,2.0,3.0,4.0,0.0,4.0,15.0,26.0,5.0,14.0,11.0,0.0,3.0,21.0,72.0,71.0,22.0,4.0
3986832478442288128,realty.yandex.ru,Басманный,182.0,104.0,2207.0,0.0,204.91666666666663,800,5072,749,3126,461200.0,651.0,261.0,6550.0,0.0,405.4285714285714,800,5072,749,3126,23.0,9.0,2.0,40.0,0.0,4.0,4.0,0.0,4.0,2.0,5.0,3.0,1.0,0.0,0.0,2.0,3.0,1.0,4.0,2.0,0.0,0.0,3.0,5.0,12.0,3.0,1.0,61.0,34.0,21.0,135.0,0.0,12.0,16.0,0.0,15.0,18.0,9.0,7.0,4.0,0.0,0.0,8.0,15.0,1.0,20.0,7.0,0.0,4.0,19.0,31.0,115.0,13.0,1.0
321384885,cian.ru,Беговой,73.0,20.0,1568.0,214.0,248.0,1040,10186,1359,8199,414000.0,177.0,44.0,7977.0,214.0,399.7142857142857,1040,10186,1359,8199,14.0,1.0,3.0,6.0,0.0,0.0,4.0,0.0,2.0,0.0,0.0,4.0,1.0,0.0,0.0,1.0,2.0,1.0,3.0,1.0,0.0,1.0,2.0,4.0,7.0,0.0,1.0,108.0,5.0,14.0,19.0,1.0,0.0,8.0,0.0,4.0,0.0,2.0,5.0,4.0,1.0,0.0,1.0,9.0,3.0,5.0,3.0,0.0,1.0,2.0,5.0,14.0,3.0,1.0
324126289,cian.ru,Хамовники,79.0,25.0,2343.0,20.0,142.85714285714286,1262,22311,4157,32709,846800.0,276.0,96.0,7353.0,20.0,322.71875,1262,22311,4157,32709,95.0,1.0,6.0,9.0,0.0,0.0,4.0,0.0,29.0,4.0,1.0,1.0,2.0,1.0,0.0,5.0,6.0,1.0,5.0,5.0,0.0,1.0,8.0,14.0,34.0,1.0,0.0,152.0,7.0,18.0,31.0,2.0,9.0,10.0,0.0,41.0,5.0,6.0,10.0,18.0,1.0,0.0,7.0,12.0,4.0,12.0,11.0,0.0,7.0,18.0,28.0,57.0,5.0,1.0
325111738,cian.ru,Ломоносовский,29.0,16.0,2416.0,154.0,154.0,1320,9993,3012,7193,418300.0,97.0,41.0,5569.0,154.0,440.4285714285714,1320,9993,3012,7193,1.0,3.0,6.0,7.0,0.0,5.0,4.0,0.0,2.0,2.0,0.0,2.0,1.0,0.0,0.0,3.0,10.0,2.0,6.0,5.0,0.0,0.0,5.0,2.0,2.0,2.0,0.0,10.0,4.0,10.0,13.0,0.0,5.0,9.0,0.0,16.0,5.0,9.0,4.0,2.0,0.0,1.0,4.0,20.0,3.0,6.0,7.0,0.0,0.0,7.0,6.0,10.0,5.0,1.0
5203054433263410176,realty.yandex.ru,Донской,47.0,15.0,1195.0,1.0,153.77777777777777,992,29074,1856,12482,391900.0,160.0,25.0,2763.0,1.0,373.47222222222223,992,29074,1856,12482,2.0,3.0,3.0,6.0,0.0,0.0,3.0,0.0,2.0,4.0,0.0,0.0,1.0,0.0,0.0,4.0,5.0,0.0,2.0,1.0,0.0,0.0,5.0,11.0,9.0,2.0,0.0,9.0,6.0,6.0,28.0,0.0,4.0,3.0,0.0,6.0,4.0,3.0,1.0,6.0,1.0,0.0,10.0,8.0,0.0,7.0,4.0,0.0,4.0,12.0,18.0,22.0,3.0,0.0
324042591,cian.ru,Хамовники,79.0,25.0,2343.0,20.0,142.85714285714286,1262,22311,4157,32709,846800.0,276.0,96.0,7353.0,20.0,322.71875,1262,22311,4157,32709,95.0,1.0,6.0,9.0,0.0,0.0,4.0,0.0,29.0,4.0,1.0,1.0,2.0,1.0,0.0,5.0,6.0,1.0,5.0,5.0,0.0,1.0,8.0,14.0,34.0,1.0,0.0,152.0,7.0,18.0,31.0,2.0,9.0,10.0,0.0,41.0,5.0,6.0,10.0,18.0,1.0,0.0,7.0,12.0,4.0,12.0,11.0,0.0,7.0,18.0,28.0,57.0,5.0,1.0
3986832478466954240,realty.yandex.ru,Войковский,52.0,29.0,3586.0,0.0,122.0,4668,7260,3431,2238,362300.0,206.0,97.0,10324.0,0.0,404.875,4668,7260,3431,2238,1.0,0.0,3.0,6.0,0.0,1.0,3.0,0.0,8.0,1.0,2.0,2.0,3.0,1.0,0.0,0.0,4.0,0.0,3.0,1.0,0.0,0.0,1.0,3.0,5.0,2.0,0.0,19.0,4.0,10.0,36.0,0.0,2.0,11.0,0.0,20.0,5.0,8.0,9.0,6.0,2.0,1.0,2.0,25.0,3.0,5.0,6.0,0.0,2.0,9.0,10.0,9.0,4.0,0.0
324541469,cian.ru,Таганский,98.0,19.0,967.0,9.0,158.67857142857142,408,2939,188,1770,433700.0,460.0,57.0,3022.0,9.0,372.5060240963856,408,2939,188,1770,3.0,0.0,0.0,5.0,1.0,2.0,1.0,0.0,5.0,0.0,1.0,0.0,1.0,0.0,0.0,2.0,1.0,1.0,1.0,1.0,0.0,2.0,2.0,2.0,7.0,0.0,0.0,27.0,5.0,5.0,33.0,1.0,10.0,4.0,0.0,9.0,2.0,3.0,3.0,21.0,0.0,0.0,10.0,7.0,3.0,4.0,3.0,0.0,17.0,9.0,15.0,36.0,3.0,4.0
7517866235141818368,realty.yandex.ru,Даниловский,86.0,2.0,,86.0,231.55555555555557,0,13877,6,11734,399100.0,186.0,26.0,2337.0,86.0,385.5217391304348,0,13877,6,11734,1.0,0.0,1.0,1.0,0.0,0.0,0.0,0.0,3.0,0.0,0.0,0.0,7.0,0.0,0.0,2.0,0.0,0.0,0.0,0.0,1.0,0.0,0.0,2.0,2.0,0.0,0.0,10.0,5.0,14.0,43.0,2.0,11.0,6.0,1.0,29.0,5.0,5.0,3.0,7.0,1.0,3.0,9.0,16.0,6.0,9.0,9.0,11.0,1.0,21.0,52.0,72.0,22.0,0.0
8660284132706460672,realty.yandex.ru,Тимирязевский,59.0,16.0,1736.0,0.0,177.0,2712,6000,2798,6645,347300.0,237.0,102.0,10274.0,0.0,329.6666666666667,2712,6000,2798,6645,4.0,1.0,7.0,2.0,0.0,2.0,2.0,0.0,13.0,1.0,1.0,0.0,0.0,0.0,1.0,2.0,6.0,3.0,3.0,2.0,0.0,0.0,3.0,7.0,7.0,1.0,0.0,14.0,3.0,15.0,23.0,0.0,2.0,10.0,0.0,34.0,10.0,5.0,6.0,0.0,1.0,1.0,4.0,21.0,5.0,8.0,3.0,0.0,1.0,3.0,15.0,16.0,5.0,1.0
325170507,cian.ru,Замоскворечье,33.0,4.0,450.0,76.0,190.86666666666667,22,15060,681,15367,543700.0,211.0,46.0,3826.0,76.0,393.2950819672131,22,15060,681,15367,4.0,3.0,5.0,25.0,0.0,1.0,2.0,0.0,4.0,0.0,1.0,1.0,1.0,0.0,1.0,4.0,9.0,0.0,5.0,2.0,0.0,0.0,11.0,11.0,15.0,0.0,0.0,26.0,14.0,24.0,71.0,0.0,7.0,7.0,0.0,20.0,3.0,3.0,2.0,3.0,0.0,2.0,15.0,20.0,3.0,10.0,11.0,0.0,3.0,22.0,43.0,91.0,1.0,4.0
4937290601124113408,realty.yandex.ru,Коммунарка,10.0,10.0,477.0,,,0,0,0,0,291400.0,59.0,38.0,710.0,,,0,0,0,0,0.0,0.0,0.0,0.0,0.0,0.0,0.0,0.0,0.0,0.0,0.0,0.0,0.0,0.0,0.0,0.0,0.0,0.0,0.0,0.0,0.0,0.0,0.0,0.0,0.0,0.0,0.0,0.0,0.0,0.0,0.0,0.0,0.0,0.0,0.0,0.0,0.0,0.0,0.0,0.0,0.0,0.0,0.0,0.0,0.0,0.0,0.0,0.0,0.0,0.0,0.0,0.0,0.0,0.0
324384733,cian.ru,Тверской,58.0,19.0,1085.0,0.0,196.91666666666663,170,6335,405,6278,609300.0,408.0,124.0,6659.0,0.0,424.89473684210526,170,6335,405,6278,7.0,9.0,4.0,22.0,0.0,2.0,4.0,0.0,7.0,1.0,1.0,1.0,1.0,0.0,0.0,5.0,3.0,0.0,4.0,3.0,0.0,0.0,13.0,12.0,29.0,1.0,2.0,36.0,29.0,18.0,98.0,0.0,17.0,13.0,0.0,17.0,10.0,5.0,12.0,15.0,0.0,0.0,15.0,13.0,3.0,11.0,11.0,1.0,4.0,20.0,44.0,58.0,4.0,4.0
324661892,cian.ru,Замоскворечье,33.0,4.0,450.0,76.0,190.86666666666667,22,15060,681,15367,543700.0,211.0,46.0,3826.0,76.0,393.2950819672131,22,15060,681,15367,4.0,3.0,5.0,25.0,0.0,1.0,2.0,0.0,4.0,0.0,1.0,1.0,1.0,0.0,1.0,4.0,9.0,0.0,5.0,2.0,0.0,0.0,11.0,11.0,15.0,0.0,0.0,26.0,14.0,24.0,71.0,0.0,7.0,7.0,0.0,20.0,3.0,3.0,2.0,3.0,0.0,2.0,15.0,20.0,3.0,10.0,11.0,0.0,3.0,22.0,43.0,91.0,1.0,4.0
3986832478445920256,realty.yandex.ru,Тимирязевский,59.0,16.0,1736.0,0.0,177.0,2712,6000,2798,6645,347300.0,237.0,102.0,10274.0,0.0,329.6666666666667,2712,6000,2798,6645,4.0,1.0,7.0,2.0,0.0,2.0,2.0,0.0,13.0,1.0,1.0,0.0,0.0,0.0,1.0,2.0,6.0,3.0,3.0,2.0,0.0,0.0,3.0,7.0,7.0,1.0,0.0,14.0,3.0,15.0,23.0,0.0,2.0,10.0,0.0,34.0,10.0,5.0,6.0,0.0,1.0,1.0,4.0,21.0,5.0,8.0,3.0,0.0,1.0,3.0,15.0,16.0,5.0,1.0
7034398614172913664,realty.yandex.ru,Донской,47.0,15.0,1195.0,1.0,153.77777777777777,992,29074,1856,12482,391900.0,160.0,25.0,2763.0,1.0,373.47222222222223,992,29074,1856,12482,2.0,3.0,3.0,6.0,0.0,0.0,3.0,0.0,2.0,4.0,0.0,0.0,1.0,0.0,0.0,4.0,5.0,0.0,2.0,1.0,0.0,0.0,5.0,11.0,9.0,2.0,0.0,9.0,6.0,6.0,28.0,0.0,4.0,3.0,0.0,6.0,4.0,3.0,1.0,6.0,1.0,0.0,10.0,8.0,0.0,7.0,4.0,0.0,4.0,12.0,18.0,22.0,3.0,0.0
8883612870081134592,realty.yandex.ru,Коммунарка,10.0,10.0,477.0,,,0,0,0,0,291400.0,59.0,38.0,710.0,,,0,0,0,0,0.0,0.0,0.0,0.0,0.0,0.0,0.0,0.0,0.0,0.0,0.0,0.0,0.0,0.0,0.0,0.0,0.0,0.0,0.0,0.0,0.0,0.0,0.0,0.0,0.0,0.0,0.0,0.0,0.0,0.0,0.0,0.0,0.0,0.0,0.0,0.0,0.0,0.0,0.0,0.0,0.0,0.0,0.0,0.0,0.0,0.0,0.0,0.0,0.0,0.0,0.0,0.0,0.0,0.0
320458892,cian.ru,Донской,47.0,12.0,618.0,0.0,212.875,1678,23568,2261,24993,391900.0,226.0,51.0,3659.0,0.0,357.3076923076923,1678,23568,2261,24993,6.0,1.0,6.0,16.0,0.0,0.0,3.0,1.0,18.0,3.0,0.0,1.0,0.0,3.0,1.0,3.0,8.0,1.0,3.0,2.0,0.0,0.0,14.0,13.0,15.0,0.0,0.0,16.0,8.0,25.0,41.0,0.0,4.0,5.0,2.0,38.0,8.0,2.0,4.0,5.0,5.0,2.0,9.0,15.0,4.0,7.0,8.0,0.0,1.0,22.0,26.0,50.0,3.0,1.0
322216409,cian.ru,Донской,42.0,2.0,111.0,0.0,168.6153846153846,0,12352,725,14379,391900.0,210.0,51.0,2663.0,0.0,360.2926829268293,0,12352,725,14379,6.0,0.0,8.0,11.0,0.0,3.0,0.0,2.0,16.0,0.0,1.0,0.0,0.0,0.0,0.0,6.0,2.0,3.0,0.0,5.0,0.0,0.0,14.0,10.0,28.0,1.0,0.0,21.0,8.0,20.0,34.0,2.0,3.0,4.0,2.0,32.0,8.0,1.0,3.0,1.0,3.0,2.0,9.0,14.0,7.0,5.0,7.0,0.0,0.0,24.0,22.0,44.0,2.0,1.0
320251216,cian.ru,Замоскворечье,118.0,34.0,2036.0,0,186.1290322580645,1414,14784,1200,9019,543700,494.0,140.0,7008.0,0.0,380.40909090909093,1414,14784,1200,9019,7.0,1.0,6.0,25.0,0.0,2.0,5.0,0.0,9.0,0.0,3.0,1.0,7.0,0.0,0.0,4.0,6.0,1.0,3.0,6.0,1.0,3.0,13.0,15.0,12.0,6.0,2.0,32.0,12.0,16.0,120.0,0.0,8.0,13.0,0.0,24.0,11.0,7.0,5.0,15.0,0.0,1.0,8.0,20.0,1.0,18.0,14.0,1.0,9.0,23.0,43.0,74.0,13.0,5.0
322949693,cian.ru,Хамовники,99.0,22.0,962.0,15,196.45,318,10688,1301,11768,846800,403.0,106.0,5615.0,15.0,374.7230769230769,318,10688,1301,11768,29.0,2.0,3.0,9.0,2.0,3.0,1.0,0.0,1.0,4.0,1.0,1.0,3.0,0.0,0.0,7.0,4.0,1.0,2.0,1.0,0.0,0.0,11.0,11.0,24.0,1.0,0.0,72.0,18.0,21.0,47.0,2.0,9.0,9.0,0.0,12.0,12.0,5.0,6.0,5.0,1.0,0.0,15.0,15.0,3.0,10.0,7.0,0.0,2.0,21.0,31.0,45.0,8.0,1.0
320369489,cian.ru,Пресненский,110.0,42.0,1723.0,78,168.44444444444446,1200,11879,602,7501,621300,282.0,95.0,5712.0,78.0,386.1388888888889,1200,11879,602,7501,4.0,3.0,3.0,14.0,0.0,1.0,0.0,0.0,2.0,0.0,3.0,1.0,0.0,0.0,0.0,1.0,1.0,0.0,3.0,4.0,0.0,3.0,3.0,6.0,0.0,0.0,1.0,27.0,13.0,24.0,52.0,0.0,9.0,9.0,0.0,27.0,7.0,8.0,4.0,3.0,0.0,0.0,9.0,18.0,4.0,11.0,11.0,1.0,3.0,14.0,36.0,50.0,2.0,4.0
319596435,cian.ru,Нагатинский Затон,3.0,,,,,126,647,0,153,359600,52.0,22.0,5105.0,377.0,435.0,126,647,0,153,0.0,0.0,0.0,0.0,0.0,0.0,0.0,0.0,0.0,0.0,0.0,0.0,0.0,0.0,0.0,0.0,0.0,0.0,0.0,0.0,0.0,0.0,0.0,0.0,4.0,0.0,0.0,1.0,3.0,3.0,3.0,0.0,0.0,2.0,0.0,4.0,1.0,1.0,1.0,0.0,0.0,0.0,0.0,7.0,1.0,2.0,0.0,2.0,0.0,5.0,4.0,19.0,3.0,0.0
3940063262435037184,realty.yandex.ru,Коньково,29.0,,,165,243.16666666666666,0,14739,0,11063,351300,125.0,16.0,3130.0,165.0,367.6875,0,14739,0,11063,1.0,0.0,3.0,6.0,0.0,0.0,0.0,0.0,6.0,1.0,0.0,0.0,0.0,0.0,0.0,2.0,0.0,1.0,2.0,1.0,0.0,1.0,2.0,3.0,0.0,0.0,1.0,8.0,6.0,13.0,17.0,0.0,4.0,4.0,0.0,17.0,4.0,1.0,1.0,0.0,0.0,2.0,4.0,12.0,2.0,5.0,6.0,0.0,2.0,11.0,16.0,26.0,2.0,1.0
7523548143730297856,realty.yandex.ru,Донской,42.0,2.0,111.0,0,168.53846153846155,0,12352,725,14379,391900,210.0,51.0,2663.0,0.0,360.1463414634146,0,12352,725,14379,6.0,0.0,8.0,11.0,0.0,3.0,0.0,2.0,16.0,0.0,1.0,0.0,0.0,0.0,0.0,6.0,2.0,3.0,0.0,5.0,0.0,0.0,14.0,10.0,28.0,1.0,0.0,21.0,8.0,20.0,34.0,2.0,3.0,4.0,2.0,32.0,8.0,1.0,3.0,1.0,3.0,2.0,9.0,14.0,7.0,5.0,7.0,0.0,0.0,24.0,22.0,44.0,2.0,1.0
324097611,cian.ru,Тверской,63.0,25.0,3364.0,0,135.54545454545453,746,4060,725,3668,609300,263.0,76.0,6952.0,0.0,405.75,746,4060,725,3668,3.0,4.0,3.0,9.0,0.0,2.0,1.0,0.0,5.0,4.0,1.0,1.0,3.0,0.0,0.0,1.0,4.0,1.0,5.0,1.0,0.0,3.0,4.0,5.0,8.0,0.0,0.0,32.0,13.0,15.0,40.0,3.0,3.0,9.0,0.0,25.0,10.0,4.0,4.0,6.0,1.0,1.0,8.0,12.0,4.0,18.0,7.0,0.0,5.0,15.0,38.0,49.0,3.0,4.0
325128224,cian.ru,Бабушкинский,46.0,34.0,2190.0,154,208.0,546,2575,2090,3040,308800,185.0,122.0,9815.0,154.0,390.0,546,2575,2090,3040,3.0,4.0,6.0,13.0,0.0,1.0,3.0,0.0,3.0,4.0,3.0,0.0,0.0,0.0,0.0,0.0,11.0,3.0,1.0,0.0,0.0,0.0,0.0,1.0,2.0,0.0,1.0,9.0,8.0,20.0,37.0,0.0,3.0,11.0,0.0,44.0,13.0,6.0,4.0,0.0,1.0,4.0,0.0,39.0,8.0,7.0,8.0,11.0,1.0,6.0,10.0,23.0,3.0,1.0
3966105355550149120,realty.yandex.ru,Донской,47.0,15.0,1195.0,1,153.77777777777777,992,29074,1856,12482,391900,160.0,25.0,2763.0,1.0,373.47222222222223,992,29074,1856,12482,2.0,3.0,3.0,6.0,0.0,0.0,3.0,0.0,2.0,4.0,0.0,0.0,1.0,0.0,0.0,4.0,5.0,0.0,2.0,1.0,0.0,0.0,5.0,11.0,9.0,2.0,0.0,9.0,6.0,6.0,28.0,0.0,4.0,3.0,0.0,6.0,4.0,3.0,1.0,6.0,1.0,0.0,10.0,8.0,0.0,7.0,4.0,0.0,4.0,12.0,18.0,22.0,3.0,0.0
323814202,cian.ru,Бутырский,53.0,4.0,1091.0,0,202.375,2286,26934,1454,17878,385200,202.0,26.0,4028.0,0.0,377.7,2286,26934,1454,17878,1.0,5.0,6.0,28.0,0.0,4.0,2.0,0.0,21.0,1.0,0.0,0.0,0.0,0.0,2.0,3.0,8.0,1.0,5.0,3.0,0.0,0.0,24.0,17.0,44.0,0.0,0.0,8.0,8.0,14.0,57.0,0.0,9.0,7.0,0.0,34.0,11.0,0.0,2.0,2.0,1.0,2.0,9.0,24.0,8.0,15.0,7.0,0.0,1.0,36.0,40.0,81.0,2.0,0.0
324694704,cian.ru,Беговой,67.0,9.0,1186.0,0,180.57142857142858,332,7867,1909,4365,414000,299.0,72.0,7227.0,0.0,403.16923076923075,332,7867,1909,4365,4.0,1.0,2.0,6.0,0.0,0.0,3.0,0.0,1.0,5.0,0.0,0.0,0.0,0.0,0.0,4.0,1.0,1.0,5.0,1.0,0.0,0.0,2.0,7.0,2.0,0.0,0.0,28.0,12.0,11.0,51.0,1.0,7.0,9.0,0.0,16.0,9.0,4.0,4.0,2.0,0.0,0.0,13.0,11.0,2.0,11.0,4.0,0.0,0.0,20.0,28.0,31.0,4.0,4.0
306948989166288128,realty.yandex.ru,Донской,52.0,15.0,803.0,98,202.07692307692307,228,3539,1085,8804,391900,208.0,55.0,3443.0,98.0,349.2105263157895,228,3539,1085,8804,9.0,2.0,7.0,9.0,0.0,2.0,3.0,0.0,12.0,2.0,0.0,0.0,0.0,0.0,0.0,4.0,4.0,2.0,3.0,2.0,0.0,0.0,13.0,10.0,9.0,1.0,0.0,16.0,5.0,21.0,35.0,2.0,3.0,4.0,2.0,38.0,9.0,1.0,3.0,2.0,4.0,2.0,8.0,16.0,8.0,6.0,7.0,0.0,1.0,22.0,25.0,44.0,1.0,1.0
7541054245,avito.ru,Замоскворечье,65.0,14.0,411.0,3,159.91666666666666,274,9129,309,3967,543700,302.0,45.0,2100.0,3.0,413.02777777777777,274,9129,309,3967,1.0,4.0,5.0,8.0,1.0,2.0,0.0,0.0,2.0,1.0,0.0,0.0,1.0,0.0,0.0,5.0,0.0,0.0,1.0,0.0,0.0,0.0,4.0,7.0,4.0,0.0,1.0,12.0,6.0,15.0,24.0,2.0,3.0,3.0,0.0,26.0,8.0,2.0,1.0,4.0,0.0,0.0,19.0,6.0,6.0,11.0,4.0,0.0,2.0,25.0,23.0,39.0,2.0,3.0
321261187,cian.ru,Замоскворечье,65.0,14.0,411.0,0,158.91666666666666,274,9129,309,5553,543700,303.0,45.0,2100.0,0.0,412.375,274,9129,309,5553,1.0,4.0,5.0,8.0,1.0,2.0,0.0,0.0,2.0,1.0,0.0,0.0,1.0,0.0,0.0,5.0,0.0,0.0,1.0,0.0,0.0,0.0,4.0,7.0,4.0,0.0,1.0,12.0,6.0,15.0,24.0,2.0,3.0,3.0,0.0,26.0,8.0,2.0,1.0,4.0,0.0,0.0,19.0,6.0,6.0,11.0,4.0,0.0,2.0,25.0,23.0,39.0,2.0,3.0
320834662,cian.ru,Замоскворечье,65.0,14.0,411.0,0,158.91666666666666,274,9129,309,5553,543700,303.0,45.0,2100.0,0.0,412.375,274,9129,309,5553,1.0,4.0,5.0,8.0,1.0,2.0,0.0,0.0,2.0,1.0,0.0,0.0,1.0,0.0,0.0,5.0,0.0,0.0,1.0,0.0,0.0,0.0,4.0,7.0,4.0,0.0,1.0,12.0,6.0,15.0,24.0,2.0,3.0,3.0,0.0,26.0,8.0,2.0,1.0,4.0,0.0,0.0,19.0,6.0,6.0,11.0,4.0,0.0,2.0,25.0,23.0,39.0,2.0,3.0
6123023897588910080,realty.yandex.ru,Теплый Стан,22.0,11.0,1906.0,0,0.0,370,12038,1590,5384,312900,79.0,32.0,6965.0,0.0,269.3333333333333,370,12038,1590,5384,1.0,0.0,2.0,2.0,0.0,2.0,1.0,0.0,1.0,0.0,1.0,2.0,0.0,0.0,0.0,1.0,4.0,0.0,2.0,2.0,0.0,0.0,1.0,4.0,4.0,2.0,0.0,2.0,2.0,9.0,8.0,1.0,5.0,4.0,0.0,6.0,1.0,5.0,6.0,0.0,0.0,1.0,1.0,21.0,2.0,4.0,3.0,0.0,0.0,6.0,7.0,9.0,5.0,0.0
323513782,cian.ru,Таганский,77.0,20.0,2905.0,111,234.42857142857142,974,9587,1758,6592,433700,265.0,92.0,11144.0,111.0,406.7142857142857,974,9587,1758,6592,2.0,1.0,8.0,18.0,1.0,3.0,5.0,0.0,13.0,5.0,1.0,1.0,0.0,0.0,2.0,2.0,9.0,4.0,9.0,2.0,0.0,3.0,6.0,8.0,14.0,1.0,1.0,21.0,21.0,24.0,87.0,3.0,8.0,10.0,0.0,28.0,11.0,10.0,5.0,8.0,1.0,3.0,5.0,22.0,8.0,16.0,6.0,2.0,3.0,11.0,17.0,34.0,11.0,2.0
321299647,cian.ru,Донской,46.0,8.0,603.0,53,167.6153846153846,240,25195,697,13525,391900,141.0,28.0,3881.0,53.0,377.2,240,25195,697,13525,2.0,2.0,3.0,9.0,0.0,0.0,2.0,0.0,2.0,4.0,0.0,0.0,5.0,0.0,0.0,5.0,3.0,0.0,2.0,1.0,0.0,0.0,6.0,12.0,12.0,2.0,0.0,9.0,7.0,6.0,19.0,0.0,5.0,4.0,0.0,6.0,5.0,3.0,1.0,8.0,1.0,0.0,11.0,10.0,0.0,7.0,4.0,0.0,4.0,12.0,20.0,20.0,3.0,0.0
3821885140745219072,realty.yandex.ru,Головинский,29.0,11.0,2487.0,0,0.0,466,2951,1999,6022,329000,122.0,50.0,7529.0,0.0,314.3333333333333,466,2951,1999,6022,2.0,0.0,1.0,6.0,0.0,1.0,2.0,0.0,4.0,2.0,3.0,0.0,0.0,0.0,0.0,1.0,4.0,2.0,1.0,0.0,0.0,1.0,1.0,4.0,1.0,2.0,0.0,4.0,2.0,4.0,12.0,1.0,1.0,4.0,0.0,6.0,4.0,5.0,3.0,7.0,0.0,0.0,1.0,8.0,4.0,1.0,7.0,0.0,2.0,6.0,6.0,6.0,4.0,0.0
321187889,cian.ru,Донской,46.0,8.0,603.0,53,167.6153846153846,240,25195,697,13525,391900,141.0,28.0,3881.0,53.0,377.2,240,25195,697,13525,2.0,2.0,3.0,9.0,0.0,0.0,2.0,0.0,2.0,4.0,0.0,0.0,5.0,0.0,0.0,5.0,3.0,0.0,2.0,1.0,0.0,0.0,6.0,12.0,12.0,2.0,0.0,9.0,7.0,6.0,19.0,0.0,5.0,4.0,0.0,6.0,5.0,3.0,1.0,8.0,1.0,0.0,11.0,10.0,0.0,7.0,4.0,0.0,4.0,12.0,20.0,20.0,3.0,0.0
6123023874513814528,realty.yandex.ru,Теплый Стан,22.0,11.0,1906.0,0,0.0,370,12038,1590,5384,312900,79.0,32.0,6965.0,0.0,269.3333333333333,370,12038,1590,5384,1.0,0.0,2.0,2.0,0.0,2.0,1.0,0.0,1.0,0.0,1.0,2.0,0.0,0.0,0.0,1.0,4.0,0.0,2.0,2.0,0.0,0.0,1.0,4.0,4.0,2.0,0.0,2.0,2.0,9.0,8.0,1.0,5.0,4.0,0.0,6.0,1.0,5.0,6.0,0.0,0.0,1.0,1.0,21.0,2.0,4.0,3.0,0.0,0.0,6.0,7.0,9.0,5.0,0.0
6122995916372855808,realty.yandex.ru,Теплый Стан,22.0,11.0,1906.0,0,0.0,370,12038,1590,5384,312900,79.0,32.0,6965.0,0.0,269.3333333333333,370,12038,1590,5384,1.0,0.0,2.0,2.0,0.0,2.0,1.0,0.0,1.0,0.0,1.0,2.0,0.0,0.0,0.0,1.0,4.0,0.0,2.0,2.0,0.0,0.0,1.0,4.0,4.0,2.0,0.0,2.0,2.0,9.0,8.0,1.0,5.0,4.0,0.0,6.0,1.0,5.0,6.0,0.0,0.0,1.0,1.0,21.0,2.0,4.0,3.0,0.0,0.0,6.0,7.0,9.0,5.0,0.0
323785298,cian.ru,Останкинский,52.0,4.0,627.0,92,164.0,14,1053,1174,1534,380300,202.0,42.0,5715.0,92.0,384.57894736842104,14,1053,1174,1534,0.0,1.0,0.0,0.0,0.0,0.0,0.0,0.0,2.0,0.0,0.0,0.0,1.0,0.0,0.0,1.0,0.0,0.0,1.0,0.0,0.0,0.0,3.0,0.0,2.0,0.0,0.0,6.0,3.0,2.0,13.0,0.0,4.0,3.0,1.0,10.0,0.0,2.0,1.0,12.0,0.0,0.0,2.0,4.0,4.0,5.0,2.0,1.0,1.0,10.0,8.0,8.0,2.0,1.0
323644122,cian.ru,Тверской,68.0,23.0,1207.0,0,179.92307692307693,282,8150,624,8281,609300,424.0,123.0,6079.0,0.0,427.8,282,8150,624,8281,9.0,5.0,2.0,20.0,0.0,2.0,4.0,0.0,3.0,0.0,1.0,3.0,1.0,0.0,0.0,3.0,4.0,0.0,5.0,4.0,0.0,0.0,10.0,10.0,25.0,2.0,2.0,37.0,30.0,19.0,98.0,0.0,15.0,12.0,0.0,14.0,9.0,5.0,11.0,16.0,0.0,0.0,17.0,12.0,2.0,10.0,11.0,1.0,6.0,21.0,39.0,56.0,4.0,4.0
325171365,cian.ru,Тропарево-Никулино,22.0,7.0,2128.0,173,173.0,596,6244,807,1159,399700,82.0,35.0,8452.0,173.0,289.5,596,6244,807,1159,2.0,3.0,0.0,5.0,0.0,1.0,0.0,0.0,0.0,0.0,0.0,2.0,8.0,3.0,1.0,0.0,0.0,2.0,1.0,1.0,0.0,3.0,0.0,1.0,5.0,0.0,0.0,13.0,9.0,6.0,26.0,0.0,4.0,6.0,0.0,4.0,4.0,3.0,7.0,9.0,3.0,1.0,0.0,11.0,7.0,4.0,5.0,0.0,3.0,2.0,3.0,11.0,3.0,0.0
323087823,cian.ru,Замоскворечье,71.0,10.0,116.0,51,181.2,274,22067,252,15891,543700,322.0,54.0,2763.0,51.0,393.8421052631579,274,22067,252,15891,1.0,3.0,5.0,5.0,1.0,2.0,0.0,0.0,3.0,0.0,0.0,0.0,0.0,0.0,0.0,6.0,0.0,0.0,1.0,0.0,0.0,0.0,4.0,5.0,5.0,0.0,1.0,11.0,8.0,16.0,27.0,2.0,3.0,4.0,0.0,35.0,7.0,2.0,0.0,5.0,0.0,0.0,17.0,6.0,5.0,10.0,6.0,0.0,4.0,28.0,28.0,45.0,2.0,4.0
6122996608625726464,realty.yandex.ru,Теплый Стан,22.0,11.0,1906.0,0,0.0,370,12038,1590,5384,312900,79.0,32.0,6965.0,0.0,269.3333333333333,370,12038,1590,5384,1.0,0.0,2.0,2.0,0.0,2.0,1.0,0.0,1.0,0.0,1.0,2.0,0.0,0.0,0.0,1.0,4.0,0.0,2.0,2.0,0.0,0.0,1.0,4.0,4.0,2.0,0.0,2.0,2.0,9.0,8.0,1.0,5.0,4.0,0.0,6.0,1.0,5.0,6.0,0.0,0.0,1.0,1.0,21.0,2.0,4.0,3.0,0.0,0.0,6.0,7.0,9.0,5.0,0.0
322132230,cian.ru,Тверской,58.0,19.0,1085.0,0,196.91666666666666,170,6335,405,6278,609300,408.0,124.0,6659.0,0.0,424.89473684210526,170,6335,405,6278,7.0,9.0,4.0,22.0,0.0,2.0,4.0,0.0,7.0,1.0,1.0,1.0,1.0,0.0,0.0,5.0,3.0,0.0,4.0,3.0,0.0,0.0,13.0,12.0,29.0,1.0,2.0,36.0,29.0,18.0,98.0,0.0,17.0,13.0,0.0,17.0,10.0,5.0,12.0,15.0,0.0,0.0,15.0,13.0,3.0,11.0,11.0,1.0,4.0,20.0,44.0,58.0,4.0,4.0
321992246,cian.ru,Хорошевский,27.0,5.0,820.0,26,145.0,592,34472,3421,20905,443000,139.0,19.0,3398.0,26.0,206.66666666666666,592,34472,3421,20905,4.0,4.0,6.0,14.0,0.0,0.0,3.0,0.0,15.0,3.0,1.0,4.0,0.0,0.0,2.0,2.0,0.0,0.0,3.0,2.0,10.0,0.0,7.0,14.0,35.0,2.0,1.0,14.0,10.0,18.0,31.0,0.0,3.0,7.0,2.0,44.0,4.0,6.0,6.0,0.0,0.0,2.0,2.0,13.0,2.0,8.0,5.0,16.0,0.0,14.0,35.0,59.0,2.0,1.0
324935567,cian.ru,Останкинский,52.0,4.0,627.0,92,164.0,14,1053,1174,1534,380300,202.0,42.0,5715.0,92.0,384.57894736842104,14,1053,1174,1534,0.0,1.0,0.0,0.0,0.0,0.0,0.0,0.0,2.0,0.0,0.0,0.0,1.0,0.0,0.0,1.0,0.0,0.0,1.0,0.0,0.0,0.0,3.0,0.0,2.0,0.0,0.0,6.0,3.0,2.0,13.0,0.0,4.0,3.0,1.0,10.0,0.0,2.0,1.0,12.0,0.0,0.0,2.0,4.0,4.0,5.0,2.0,1.0,1.0,10.0,8.0,8.0,2.0,1.0
3966105355550840832,realty.yandex.ru,Таганский,106.0,14.0,819.0,39,205.84615384615384,190,1452,1085,3440,433700,495.0,66.0,3412.0,39.0,427.4947368421053,190,1452,1085,3440,3.0,1.0,0.0,8.0,0.0,2.0,1.0,0.0,1.0,0.0,1.0,0.0,2.0,0.0,0.0,4.0,2.0,1.0,0.0,1.0,0.0,1.0,6.0,1.0,4.0,0.0,3.0,52.0,6.0,7.0,34.0,2.0,11.0,3.0,0.0,11.0,3.0,4.0,2.0,25.0,0.0,0.0,13.0,6.0,3.0,4.0,3.0,0.0,13.0,14.0,14.0,36.0,2.0,6.0
8660284132706524160,realty.yandex.ru,Сокол,43.0,28.0,3038.0,14,214.4,512,2347,942,5389,390900,179.0,96.0,8597.0,14.0,302.625,512,2347,942,5389,5.0,2.0,3.0,15.0,0.0,5.0,5.0,0.0,3.0,0.0,5.0,0.0,0.0,1.0,0.0,1.0,6.0,0.0,5.0,4.0,0.0,0.0,1.0,4.0,5.0,2.0,0.0,18.0,9.0,5.0,28.0,0.0,7.0,11.0,0.0,17.0,4.0,9.0,6.0,1.0,1.0,0.0,1.0,13.0,5.0,10.0,11.0,0.0,0.0,1.0,10.0,13.0,5.0,0.0
6122996521650366464,realty.yandex.ru,Замоскворечье,72.0,10.0,116.0,50,181.06666666666666,274,22067,252,15891,543700,323.0,54.0,2763.0,50.0,396.46753246753246,274,22067,252,15891,1.0,3.0,5.0,5.0,1.0,2.0,0.0,0.0,3.0,0.0,0.0,0.0,0.0,0.0,0.0,6.0,0.0,0.0,1.0,0.0,0.0,0.0,4.0,5.0,5.0,0.0,1.0,11.0,8.0,16.0,27.0,2.0,3.0,4.0,0.0,35.0,7.0,2.0,0.0,5.0,0.0,0.0,17.0,6.0,5.0,10.0,6.0,0.0,4.0,28.0,28.0,45.0,2.0,4.0
322677806,cian.ru,Печатники,54.0,7.0,426.0,12,165.33333333333334,446,23696,106,29142,286900,185.0,37.0,3026.0,12.0,414.7857142857143,446,23696,106,29142,0.0,0.0,2.0,4.0,0.0,0.0,0.0,0.0,5.0,0.0,0.0,0.0,0.0,0.0,0.0,2.0,0.0,1.0,2.0,2.0,0.0,0.0,7.0,2.0,4.0,0.0,0.0,8.0,2.0,12.0,27.0,0.0,4.0,2.0,1.0,24.0,5.0,0.0,2.0,0.0,0.0,1.0,4.0,9.0,5.0,5.0,5.0,3.0,0.0,17.0,18.0,38.0,1.0,1.0
324643234,cian.ru,Замоскворечье,118.0,34.0,2036.0,0,186.1290322580645,1414,14784,1200,9019,543700,494.0,140.0,7008.0,0.0,380.40909090909093,1414,14784,1200,9019,7.0,1.0,6.0,25.0,0.0,2.0,5.0,0.0,9.0,0.0,3.0,1.0,7.0,0.0,0.0,4.0,6.0,1.0,3.0,6.0,1.0,3.0,13.0,15.0,12.0,6.0,2.0,32.0,12.0,16.0,120.0,0.0,8.0,13.0,0.0,24.0,11.0,7.0,5.0,15.0,0.0,1.0,8.0,20.0,1.0,18.0,14.0,1.0,9.0,23.0,43.0,74.0,13.0,5.0
306948989166314880,realty.yandex.ru,Пресненский,75.0,42.0,3035.0,42,178.5909090909091,2332,4112,1685,2774,621300,259.0,118.0,8760.0,42.0,326.26666666666665,2332,4112,1685,2774,4.0,2.0,2.0,15.0,0.0,1.0,1.0,0.0,1.0,0.0,3.0,0.0,1.0,0.0,0.0,1.0,2.0,0.0,3.0,0.0,0.0,0.0,4.0,4.0,2.0,1.0,0.0,17.0,8.0,13.0,57.0,1.0,4.0,9.0,0.0,16.0,9.0,5.0,4.0,2.0,1.0,0.0,2.0,13.0,5.0,10.0,7.0,1.0,5.0,20.0,14.0,56.0,4.0,0.0
323876010,cian.ru,Мещанский,95.0,32.0,3042.0,11,164.21428571428572,1910,17714,4268,9111,530600,268.0,92.0,8603.0,11.0,344.8181818181818,1910,17714,4268,9111,15.0,11.0,6.0,20.0,0.0,2.0,5.0,0.0,8.0,6.0,3.0,4.0,4.0,0.0,0.0,2.0,8.0,0.0,8.0,3.0,0.0,0.0,8.0,2.0,13.0,2.0,2.0,38.0,20.0,23.0,43.0,1.0,4.0,13.0,0.0,17.0,7.0,6.0,9.0,5.0,2.0,0.0,5.0,19.0,1.0,52.0,9.0,1.0,4.0,14.0,9.0,21.0,6.0,4.0
324824653,cian.ru,Нагатинский Затон,2.0,,,,,24,842,0,440,359600,46.0,20.0,4955.0,471.0,526.3333333333334,24,842,0,440,0.0,0.0,0.0,0.0,0.0,0.0,0.0,0.0,0.0,0.0,0.0,0.0,0.0,0.0,0.0,0.0,0.0,0.0,0.0,0.0,0.0,0.0,0.0,1.0,4.0,0.0,0.0,1.0,3.0,3.0,7.0,0.0,0.0,3.0,0.0,7.0,1.0,0.0,1.0,1.0,0.0,1.0,0.0,8.0,2.0,1.0,0.0,14.0,0.0,8.0,9.0,30.0,1.0,0.0
322930250,cian.ru,Марьина Роща,69.0,22.0,1715.0,0,134.27272727272728,454,20137,1106,14361,402200,286.0,79.0,6389.0,0.0,370.5882352941176,454,20137,1106,14361,24.0,2.0,2.0,11.0,0.0,5.0,4.0,0.0,3.0,0.0,2.0,0.0,2.0,0.0,0.0,3.0,9.0,1.0,3.0,2.0,0.0,0.0,10.0,9.0,12.0,2.0,1.0,35.0,7.0,4.0,28.0,1.0,9.0,10.0,0.0,10.0,4.0,9.0,3.0,18.0,2.0,0.0,9.0,13.0,5.0,6.0,4.0,0.0,13.0,10.0,15.0,23.0,10.0,1.0
320222726,cian.ru,Донской,41.0,3.0,226.0,72,182.46666666666667,0,3715,450,14379,391900,214.0,49.0,3059.0,72.0,349.15,0,3715,450,14379,9.0,0.0,13.0,14.0,0.0,3.0,0.0,2.0,17.0,0.0,0.0,1.0,0.0,0.0,1.0,4.0,3.0,3.0,0.0,4.0,0.0,0.0,12.0,14.0,29.0,0.0,0.0,18.0,8.0,23.0,35.0,1.0,4.0,5.0,2.0,32.0,7.0,1.0,3.0,3.0,4.0,2.0,9.0,14.0,5.0,7.0,7.0,0.0,0.0,24.0,26.0,46.0,2.0,1.0
6122996574900586496,realty.yandex.ru,Теплый Стан,22.0,11.0,1906.0,0,0.0,370,12038,1590,5384,312900,79.0,32.0,6965.0,0,269.3333333333333,370,12038,1590,5384,1.0,0.0,2.0,2.0,0.0,2.0,1.0,0.0,1.0,0.0,1.0,2.0,0.0,0.0,0.0,1.0,4.0,0.0,2.0,2.0,0.0,0.0,1.0,4.0,4.0,2.0,0.0,2.0,2.0,9.0,8.0,1.0,5.0,4.0,0.0,6.0,1.0,5.0,6.0,0.0,0.0,1.0,1.0,21.0,2.0,4.0,3.0,0.0,0.0,6.0,7.0,9.0,5.0,0.0
323090806,cian.ru,Обручевский,25.0,5.0,1106.0,67,164.6,176,2685,375,4326,411600,119.0,15.0,4161.0,67,399.05,176,2685,375,4326,0.0,0.0,0.0,1.0,0.0,3.0,0.0,0.0,3.0,0.0,0.0,0.0,0.0,0.0,0.0,2.0,1.0,0.0,1.0,1.0,0.0,0.0,2.0,1.0,4.0,1.0,0.0,14.0,2.0,6.0,6.0,0.0,4.0,4.0,0.0,7.0,4.0,1.0,1.0,0.0,3.0,0.0,7.0,6.0,1.0,6.0,5.0,0.0,4.0,6.0,7.0,11.0,9.0,3.0
2108370138114449920,realty.yandex.ru,Беговой,76.0,5.0,857.0,0,190.05555555555554,6,6713,1191,3914,414000,292.0,77.0,8220.0,0,390.5238095238095,6,6713,1191,3914,2.0,0.0,1.0,5.0,0.0,0.0,2.0,0.0,3.0,2.0,1.0,0.0,0.0,0.0,0.0,7.0,0.0,0.0,3.0,0.0,0.0,0.0,8.0,10.0,2.0,0.0,1.0,25.0,8.0,10.0,43.0,1.0,7.0,10.0,0.0,13.0,8.0,3.0,3.0,3.0,0.0,0.0,12.0,9.0,2.0,10.0,5.0,0.0,3.0,18.0,27.0,30.0,4.0,2.0
325032688,cian.ru,Беговой,75.0,4.0,721.0,1,189.88888888888889,6,6713,1191,3914,414000,291.0,76.0,8204.0,1,390.53968253968253,6,6713,1191,3914,2.0,0.0,1.0,5.0,0.0,0.0,2.0,0.0,3.0,2.0,1.0,0.0,0.0,0.0,0.0,7.0,0.0,0.0,3.0,0.0,0.0,0.0,8.0,10.0,2.0,0.0,1.0,25.0,8.0,10.0,43.0,1.0,7.0,10.0,0.0,13.0,8.0,3.0,3.0,3.0,0.0,0.0,12.0,9.0,2.0,10.0,5.0,0.0,3.0,18.0,27.0,30.0,4.0,2.0
3941757984976544768,realty.yandex.ru,Беговой,76.0,5.0,857.0,0,190.05555555555554,6,6713,1191,3914,414000,292.0,77.0,8220.0,0,390.5238095238095,6,6713,1191,3914,2.0,0.0,1.0,5.0,0.0,0.0,2.0,0.0,3.0,2.0,1.0,0.0,0.0,0.0,0.0,7.0,0.0,0.0,3.0,0.0,0.0,0.0,8.0,10.0,2.0,0.0,1.0,25.0,8.0,10.0,43.0,1.0,7.0,10.0,0.0,13.0,8.0,3.0,3.0,3.0,0.0,0.0,12.0,9.0,2.0,10.0,5.0,0.0,3.0,18.0,27.0,30.0,4.0,2.0
322361545,cian.ru,Басманный,66.0,7.0,789.0,16,174.7,998,39038,1023,27613,461200,260.0,36.0,3441.0,16,364.0208333333333,998,39038,1023,27613,10.0,3.0,1.0,5.0,0.0,1.0,1.0,0.0,8.0,0.0,0.0,1.0,17.0,0.0,0.0,6.0,4.0,2.0,4.0,2.0,0.0,1.0,10.0,4.0,17.0,0.0,0.0,16.0,4.0,3.0,12.0,2.0,3.0,3.0,0.0,12.0,1.0,0.0,1.0,34.0,1.0,1.0,7.0,13.0,4.0,4.0,6.0,0.0,3.0,16.0,7.0,24.0,1.0,1.0
320109496,cian.ru,Богородское,47.0,26.0,2592.0,,,460,420,1283,607,333100,155.0,101.0,11535.0,,,460,420,1283,607,0.0,0.0,1.0,3.0,0.0,1.0,3.0,0.0,2.0,2.0,0.0,0.0,0.0,0.0,0.0,0.0,6.0,0.0,0.0,2.0,0.0,0.0,0.0,0.0,2.0,0.0,0.0,5.0,0.0,3.0,12.0,1.0,3.0,10.0,0.0,7.0,10.0,2.0,9.0,2.0,2.0,0.0,0.0,24.0,5.0,3.0,3.0,0.0,0.0,2.0,5.0,4.0,2.0,1.0
323160517,cian.ru,Можайский,30.0,12.0,143.0,0,154.375,0,16674,270,35651,311900,82.0,16.0,1020.0,0,295.85714285714283,0,16674,270,35651,1.0,0.0,3.0,4.0,0.0,1.0,1.0,0.0,11.0,4.0,0.0,0.0,0.0,0.0,0.0,5.0,0.0,1.0,2.0,1.0,0.0,0.0,3.0,10.0,5.0,18.0,0.0,1.0,0.0,3.0,7.0,0.0,1.0,2.0,0.0,11.0,4.0,1.0,0.0,0.0,0.0,0.0,6.0,2.0,2.0,3.0,2.0,0.0,1.0,9.0,15.0,9.0,18.0,0.0
324930198,cian.ru,Останкинский,16.0,3.0,192.0,283,283.0,186,1498,830,2747,380300,84.0,23.0,3460.0,283,343.0,186,1498,830,2747,1.0,0.0,0.0,1.0,0.0,0.0,1.0,0.0,1.0,0.0,0.0,0.0,1.0,0.0,0.0,1.0,0.0,1.0,1.0,0.0,0.0,1.0,0.0,1.0,5.0,1.0,0.0,4.0,1.0,0.0,3.0,0.0,1.0,2.0,0.0,2.0,2.0,1.0,3.0,3.0,1.0,0.0,1.0,2.0,3.0,2.0,1.0,0.0,2.0,0.0,5.0,8.0,2.0,0.0
321031461,cian.ru,Можайский,31.0,8.0,143.0,0,129.0,228,29484,372,35651,311900,91.0,14.0,529.0,0,286.46153846153845,228,29484,372,35651,1.0,0.0,3.0,4.0,0.0,1.0,2.0,0.0,8.0,4.0,0.0,0.0,0.0,0.0,0.0,5.0,2.0,1.0,1.0,1.0,0.0,0.0,3.0,10.0,7.0,18.0,0.0,1.0,0.0,3.0,4.0,0.0,1.0,2.0,0.0,11.0,4.0,1.0,0.0,0.0,0.0,0.0,6.0,2.0,1.0,3.0,2.0,0.0,1.0,6.0,13.0,7.0,18.0,0.0
5227725131902561280,realty.yandex.ru,Бутово Южное,11.0,8.0,461.0,,,1330,4481,533,42,259700,62.0,32.0,4184.0,550,572.0,1330,4481,533,42,2.0,0.0,0.0,0.0,0.0,0.0,1.0,0.0,0.0,0.0,0.0,1.0,0.0,0.0,0.0,0.0,2.0,1.0,0.0,0.0,0.0,0.0,0.0,0.0,0.0,0.0,0.0,6.0,6.0,2.0,12.0,0.0,1.0,2.0,0.0,2.0,6.0,4.0,6.0,0.0,0.0,0.0,0.0,11.0,2.0,0.0,2.0,0.0,1.0,1.0,1.0,3.0,1.0,0.0
3940753168374283776,realty.yandex.ru,Донской,47.0,15.0,1195.0,1,153.77777777777777,992,29074,1856,12482,391900,160.0,25.0,2763.0,1,373.47222222222223,992,29074,1856,12482,2.0,3.0,3.0,6.0,0.0,0.0,3.0,0.0,2.0,4.0,0.0,0.0,1.0,0.0,0.0,4.0,5.0,0.0,2.0,1.0,0.0,0.0,5.0,11.0,9.0,2.0,0.0,9.0,6.0,6.0,28.0,0.0,4.0,3.0,0.0,6.0,4.0,3.0,1.0,6.0,1.0,0.0,10.0,8.0,0.0,7.0,4.0,0.0,4.0,12.0,18.0,22.0,3.0,0.0
323464572,cian.ru,Можайский,31.0,8.0,143.0,0,129.0,228,29484,372,35651,311900,91.0,14.0,529.0,0,286.46153846153845,228,29484,372,35651,1.0,0.0,3.0,4.0,0.0,1.0,2.0,0.0,8.0,4.0,0.0,0.0,0.0,0.0,0.0,5.0,2.0,1.0,1.0,1.0,0.0,0.0,3.0,10.0,7.0,18.0,0.0,1.0,0.0,3.0,4.0,0.0,1.0,2.0,0.0,11.0,4.0,1.0,0.0,0.0,0.0,0.0,6.0,2.0,1.0,3.0,2.0,0.0,1.0,6.0,13.0,7.0,18.0,0.0
323956865,cian.ru,Таганский,102.0,15.0,695.0,0,115.12,474,12757,234,3798,433700,422.0,56.0,2840.0,0,338.52702702702703,474,12757,234,3798,3.0,0.0,0.0,6.0,1.0,2.0,0.0,0.0,4.0,1.0,0.0,0.0,1.0,0.0,0.0,2.0,1.0,1.0,1.0,1.0,0.0,2.0,1.0,0.0,7.0,0.0,0.0,21.0,5.0,8.0,32.0,1.0,8.0,6.0,0.0,9.0,5.0,3.0,2.0,17.0,0.0,0.0,8.0,6.0,3.0,4.0,2.0,0.0,17.0,9.0,20.0,52.0,2.0,0.0
5203771826454160384,realty.yandex.ru,Хорошевский,27.0,5.0,820.0,25,144.5,592,34472,3421,20905,443000,139.0,19.0,3398.0,25,206.33333333333334,592,34472,3421,20905,4.0,4.0,6.0,14.0,0.0,0.0,3.0,0.0,15.0,3.0,1.0,4.0,0.0,0.0,2.0,2.0,0.0,0.0,3.0,2.0,10.0,0.0,7.0,14.0,35.0,2.0,1.0,14.0,10.0,18.0,31.0,0.0,3.0,7.0,2.0,44.0,4.0,6.0,6.0,0.0,0.0,2.0,2.0,13.0,2.0,8.0,5.0,16.0,0.0,14.0,35.0,59.0,2.0,1.0
6123101452985578496,realty.yandex.ru,Замоскворечье,72.0,10.0,116.0,50,181.06666666666666,274,22067,252,15891,543700,323.0,54.0,2763.0,50,396.46753246753246,274,22067,252,15891,1.0,3.0,5.0,5.0,1.0,2.0,0.0,0.0,3.0,0.0,0.0,0.0,0.0,0.0,0.0,6.0,0.0,0.0,1.0,0.0,0.0,0.0,4.0,5.0,5.0,0.0,1.0,11.0,8.0,16.0,27.0,2.0,3.0,4.0,0.0,35.0,7.0,2.0,0.0,5.0,0.0,0.0,17.0,6.0,5.0,10.0,6.0,0.0,4.0,28.0,28.0,45.0,2.0,4.0
2502385282108063744,realty.yandex.ru,Обручевский,22.0,5.0,756.0,11,11.0,410,8504,1061,5989,411600,90.0,23.0,5997.0,11,278.0,410,8504,1061,5989,20.0,1.0,2.0,4.0,0.0,1.0,0.0,0.0,2.0,0.0,0.0,0.0,0.0,0.0,0.0,1.0,2.0,0.0,2.0,0.0,0.0,1.0,0.0,0.0,2.0,1.0,0.0,39.0,3.0,10.0,14.0,0.0,3.0,8.0,1.0,4.0,1.0,6.0,1.0,12.0,0.0,0.0,1.0,14.0,2.0,5.0,4.0,2.0,2.0,3.0,2.0,19.0,3.0,0.0
320769481,cian.ru,Нагатино-Садовники,45.0,16.0,3656.0,18,186.5,2040,13175,1821,12516,353800,235.0,42.0,7914.0,18,444.0,2040,13175,1821,12516,8.0,1.0,6.0,8.0,0.0,2.0,4.0,0.0,6.0,4.0,0.0,4.0,2.0,0.0,0.0,2.0,10.0,1.0,1.0,3.0,0.0,0.0,2.0,5.0,10.0,3.0,0.0,10.0,1.0,13.0,17.0,1.0,5.0,8.0,0.0,19.0,7.0,0.0,5.0,7.0,0.0,0.0,4.0,17.0,5.0,5.0,5.0,0.0,1.0,5.0,17.0,23.0,4.0,1.0
321885214,cian.ru,Даниловский,57.0,11.0,681.0,103,211.8181818181818,292,7414,576,3000,399100,258.0,36.0,1722.0,103,440.21666666666664,292,7414,576,3000,0.0,2.0,2.0,3.0,1.0,0.0,0.0,0.0,2.0,1.0,1.0,0.0,1.0,0.0,0.0,1.0,1.0,0.0,0.0,0.0,0.0,0.0,3.0,3.0,3.0,0.0,0.0,8.0,6.0,8.0,19.0,2.0,3.0,4.0,0.0,22.0,5.0,1.0,1.0,4.0,0.0,0.0,15.0,8.0,3.0,8.0,1.0,0.0,0.0,22.0,23.0,31.0,1.0,1.0
3984986711660249088,realty.yandex.ru,Замоскворечье,37.0,3.0,273.0,85,219.8181818181818,138,6216,87,2660,543700,282.0,44.0,2175.0,85,427.1641791044776,138,6216,87,2660,0.0,2.0,1.0,3.0,1.0,1.0,0.0,0.0,1.0,1.0,0.0,0.0,1.0,0.0,0.0,4.0,0.0,0.0,0.0,0.0,0.0,0.0,3.0,4.0,3.0,0.0,0.0,7.0,5.0,7.0,17.0,2.0,3.0,3.0,0.0,21.0,5.0,2.0,1.0,4.0,0.0,1.0,11.0,7.0,4.0,6.0,1.0,0.0,0.0,19.0,18.0,32.0,2.0,1.0
321892269,cian.ru,Тверской,63.0,25.0,3364.0,0,135.54545454545453,746,4060,725,3668,609300,263.0,76.0,6952.0,0,405.75,746,4060,725,3668,3.0,4.0,3.0,9.0,0.0,2.0,1.0,0.0,5.0,4.0,1.0,1.0,3.0,0.0,0.0,1.0,4.0,1.0,5.0,1.0,0.0,3.0,4.0,5.0,8.0,0.0,0.0,32.0,13.0,15.0,40.0,3.0,3.0,9.0,0.0,25.0,10.0,4.0,4.0,6.0,1.0,1.0,8.0,12.0,4.0,18.0,7.0,0.0,5.0,15.0,38.0,49.0,3.0,4.0
320337362,cian.ru,Ломоносовский,43.0,27.0,3615.0,103,184.0,1742,8224,1753,5209,418300,182.0,93.0,11411.0,103,389.14285714285717,1742,8224,1753,5209,9.0,3.0,0.0,17.0,0.0,5.0,1.0,0.0,2.0,0.0,1.0,3.0,1.0,0.0,0.0,0.0,3.0,1.0,1.0,0.0,0.0,0.0,1.0,3.0,3.0,1.0,0.0,20.0,11.0,10.0,36.0,0.0,6.0,10.0,0.0,39.0,7.0,14.0,11.0,1.0,0.0,1.0,2.0,15.0,4.0,5.0,5.0,0.0,1.0,8.0,14.0,25.0,6.0,0.0
322844823,cian.ru,Даниловский,57.0,11.0,681.0,103,211.8181818181818,292,7414,576,3000,399100,258.0,36.0,1722.0,103,440.21666666666664,292,7414,576,3000,0.0,2.0,2.0,3.0,1.0,0.0,0.0,0.0,2.0,1.0,1.0,0.0,1.0,0.0,0.0,1.0,1.0,0.0,0.0,0.0,0.0,0.0,3.0,3.0,3.0,0.0,0.0,8.0,6.0,8.0,19.0,2.0,3.0,4.0,0.0,22.0,5.0,1.0,1.0,4.0,0.0,0.0,15.0,8.0,3.0,8.0,1.0,0.0,0.0,22.0,23.0,31.0,1.0,1.0
321725449,cian.ru,Крюково,19.0,8.0,1478.0,123,123.0,2042,3859,1293,1491,,92.0,49.0,6541.0,123,123.0,2042,3859,1293,1491,1.0,7.0,2.0,8.0,0.0,2.0,3.0,0.0,0.0,0.0,1.0,3.0,0.0,0.0,0.0,1.0,7.0,1.0,2.0,0.0,0.0,1.0,0.0,1.0,3.0,0.0,0.0,11.0,12.0,6.0,19.0,1.0,5.0,7.0,0.0,5.0,3.0,8.0,9.0,0.0,0.0,2.0,1.0,14.0,1.0,3.0,2.0,0.0,2.0,1.0,7.0,3.0,5.0,1.0
324191310,cian.ru,Крюково,19.0,8.0,1478.0,123,123.0,2042,3859,1293,1491,,92.0,49.0,6541.0,123,123.0,2042,3859,1293,1491,1.0,7.0,2.0,8.0,0.0,2.0,3.0,0.0,0.0,0.0,1.0,3.0,0.0,0.0,0.0,1.0,7.0,1.0,2.0,0.0,0.0,1.0,0.0,1.0,3.0,0.0,0.0,11.0,12.0,6.0,19.0,1.0,5.0,7.0,0.0,5.0,3.0,8.0,9.0,0.0,0.0,2.0,1.0,14.0,1.0,3.0,2.0,0.0,2.0,1.0,7.0,3.0,5.0,1.0
5227567461547892736,realty.yandex.ru,Можайский,16.0,9.0,534.0,0,160.25,2688,5828,881,2813,311900,97.0,38.0,2709.0,0,419.39130434782606,2688,5828,881,2813,0.0,0.0,0.0,2.0,0.0,0.0,1.0,0.0,3.0,1.0,1.0,0.0,0.0,0.0,0.0,1.0,0.0,0.0,0.0,0.0,0.0,0.0,2.0,6.0,0.0,2.0,0.0,3.0,2.0,7.0,11.0,0.0,2.0,5.0,0.0,12.0,7.0,2.0,0.0,1.0,0.0,0.0,5.0,6.0,2.0,4.0,4.0,0.0,0.0,8.0,17.0,12.0,18.0,0.0
324725857,cian.ru,Ломоносовский,27.0,9.0,1853.0,,,1844,2930,1488,2368,418300,138.0,68.0,10403.0,430,471.5,1844,2930,1488,2368,5.0,3.0,11.0,11.0,0.0,3.0,3.0,0.0,6.0,4.0,4.0,5.0,1.0,0.0,0.0,0.0,6.0,1.0,4.0,3.0,0.0,0.0,2.0,3.0,5.0,3.0,0.0,15.0,9.0,18.0,49.0,0.0,5.0,10.0,0.0,20.0,6.0,16.0,18.0,1.0,0.0,1.0,0.0,21.0,3.0,10.0,16.0,0.0,0.0,2.0,12.0,15.0,10.0,0.0
8139937858423536640,realty.yandex.ru,Можайский,30.0,12.0,143.0,0,154.375,0,16674,270,35651,311900,82.0,16.0,1020.0,0,295.85714285714283,0,16674,270,35651,1.0,0.0,3.0,4.0,0.0,1.0,1.0,0.0,11.0,4.0,0.0,0.0,0.0,0.0,0.0,5.0,0.0,1.0,2.0,1.0,0.0,0.0,3.0,10.0,5.0,18.0,0.0,1.0,0.0,3.0,7.0,0.0,1.0,2.0,0.0,11.0,4.0,1.0,0.0,0.0,0.0,0.0,6.0,2.0,2.0,3.0,2.0,0.0,1.0,9.0,15.0,9.0,18.0,0.0
6123969783924557824,realty.yandex.ru,Можайский,31.0,8.0,143.0,0,128.85714285714286,228,29484,372,35651,311900,91.0,14.0,529.0,0,286.53846153846155,228,29484,372,35651,1.0,0.0,3.0,4.0,0.0,1.0,2.0,0.0,8.0,4.0,0.0,0.0,0.0,0.0,0.0,5.0,2.0,1.0,1.0,1.0,0.0,0.0,3.0,10.0,7.0,18.0,0.0,1.0,0.0,3.0,4.0,0.0,1.0,2.0,0.0,11.0,4.0,1.0,0.0,0.0,0.0,0.0,6.0,2.0,1.0,3.0,2.0,0.0,1.0,6.0,13.0,7.0,18.0,0.0
8699683734121546752,realty.yandex.ru,Черемушки,51.0,12.0,1303.0,44,183.33333333333334,174,15355,1863,19058,361200,176.0,47.0,5188.0,44,331.7894736842105,174,15355,1863,19058,6.0,1.0,5.0,3.0,0.0,1.0,1.0,0.0,7.0,4.0,0.0,1.0,0.0,0.0,0.0,4.0,2.0,3.0,1.0,0.0,0.0,0.0,6.0,8.0,3.0,0.0,1.0,17.0,5.0,9.0,7.0,0.0,2.0,5.0,0.0,10.0,5.0,4.0,4.0,0.0,0.0,0.0,6.0,10.0,3.0,4.0,1.0,0.0,0.0,12.0,10.0,11.0,2.0,1.0
2502385282104309248,realty.yandex.ru,Можайский,31.0,8.0,143.0,0,128.85714285714286,228,29484,372,35651,311900,91.0,14.0,529.0,0,286.53846153846155,228,29484,372,35651,1.0,0.0,3.0,4.0,0.0,1.0,2.0,0.0,8.0,4.0,0.0,0.0,0.0,0.0,0.0,5.0,2.0,1.0,1.0,1.0,0.0,0.0,3.0,10.0,7.0,18.0,0.0,1.0,0.0,3.0,4.0,0.0,1.0,2.0,0.0,11.0,4.0,1.0,0.0,0.0,0.0,0.0,6.0,2.0,1.0,3.0,2.0,0.0,1.0,6.0,13.0,7.0,18.0,0.0
323307955,cian.ru,Хорошевский,27.0,5.0,820.0,26,145.0,592,34472,3421,20905,443000,139.0,19.0,3398.0,26,206.66666666666666,592,34472,3421,20905,4.0,4.0,6.0,14.0,0.0,0.0,3.0,0.0,15.0,3.0,1.0,4.0,0.0,0.0,2.0,2.0,0.0,0.0,3.0,2.0,10.0,0.0,7.0,14.0,35.0,2.0,1.0,14.0,10.0,18.0,31.0,0.0,3.0,7.0,2.0,44.0,4.0,6.0,6.0,0.0,0.0,2.0,2.0,13.0,2.0,8.0,5.0,16.0,0.0,14.0,35.0,59.0,2.0,1.0
322201422,cian.ru,Нагатино-Садовники,20.0,5.0,955.0,0,140.0,274,797,1586,2517,353800,90.0,34.0,5291.0,0,246.5,274,797,1586,2517,0.0,1.0,1.0,1.0,1.0,2.0,3.0,0.0,4.0,2.0,3.0,0.0,0.0,0.0,0.0,1.0,4.0,0.0,1.0,1.0,0.0,0.0,0.0,2.0,2.0,1.0,0.0,3.0,1.0,3.0,6.0,1.0,2.0,5.0,0.0,10.0,5.0,4.0,4.0,1.0,0.0,0.0,1.0,11.0,1.0,2.0,1.0,0.0,0.0,1.0,7.0,8.0,3.0,0.0
8660284132706495488,realty.yandex.ru,Даниловский,60.0,2.0,96.0,0,150.63636363636363,192,6135,378,5744,399100,249.0,54.0,3850.0,0,341.4,192,6135,378,5744,5.0,1.0,1.0,3.0,0.0,3.0,1.0,0.0,6.0,1.0,0.0,1.0,0.0,0.0,0.0,6.0,0.0,0.0,4.0,2.0,0.0,0.0,8.0,13.0,8.0,0.0,0.0,10.0,4.0,3.0,13.0,2.0,3.0,3.0,0.0,12.0,6.0,3.0,3.0,4.0,0.0,0.0,7.0,6.0,0.0,8.0,5.0,0.0,3.0,12.0,18.0,17.0,3.0,0.0
314103278,cian.ru,Бутырский,47.0,14.0,1651.0,0,136.5,5704,27003,1116,5819,385200,212.0,47.0,4755.0,0,422.55882352941177,5704,27003,1116,5819,4.0,3.0,7.0,6.0,0.0,0.0,2.0,0.0,21.0,5.0,1.0,1.0,0.0,0.0,0.0,0.0,8.0,0.0,7.0,0.0,0.0,0.0,1.0,15.0,19.0,3.0,1.0,22.0,10.0,26.0,27.0,1.0,3.0,10.0,0.0,76.0,9.0,2.0,2.0,0.0,0.0,6.0,7.0,31.0,7.0,21.0,3.0,0.0,1.0,26.0,54.0,96.0,5.0,5.0
8660284132702829568,realty.yandex.ru,Даниловский,57.0,11.0,681.0,103,211.8181818181818,292,7414,576,3000,399100,258.0,36.0,1722.0,103,440.23333333333335,292,7414,576,3000,0.0,2.0,2.0,3.0,1.0,0.0,0.0,0.0,2.0,1.0,1.0,0.0,1.0,0.0,0.0,1.0,1.0,0.0,0.0,0.0,0.0,0.0,3.0,3.0,3.0,0.0,0.0,8.0,6.0,8.0,19.0,2.0,3.0,4.0,0.0,22.0,5.0,1.0,1.0,4.0,0.0,0.0,15.0,8.0,3.0,8.0,1.0,0.0,0.0,22.0,23.0,31.0,1.0,1.0
3986832478442290176,realty.yandex.ru,Даниловский,57.0,11.0,681.0,103,211.8181818181818,292,7414,576,3000,399100,258.0,36.0,1722.0,103,440.23333333333335,292,7414,576,3000,0.0,2.0,2.0,3.0,1.0,0.0,0.0,0.0,2.0,1.0,1.0,0.0,1.0,0.0,0.0,1.0,1.0,0.0,0.0,0.0,0.0,0.0,3.0,3.0,3.0,0.0,0.0,8.0,6.0,8.0,19.0,2.0,3.0,4.0,0.0,22.0,5.0,1.0,1.0,4.0,0.0,0.0,15.0,8.0,3.0,8.0,1.0,0.0,0.0,22.0,23.0,31.0,1.0,1.0
321181361,cian.ru,,8.0,7.0,1.0,,,0,168,0,125,,102.0,71.0,26.0,454,505.2,0,168,0,125,0.0,0.0,0.0,0.0,0.0,1.0,0.0,0.0,1.0,0.0,0.0,0.0,0.0,0.0,0.0,0.0,0.0,0.0,0.0,0.0,0.0,0.0,2.0,0.0,2.0,0.0,0.0,0.0,1.0,1.0,1.0,0.0,2.0,0.0,0.0,2.0,0.0,0.0,1.0,0.0,0.0,2.0,0.0,1.0,1.0,0.0,0.0,0.0,0.0,6.0,1.0,6.0,0.0,0.0
320736533,cian.ru,Теплый Стан,22.0,11.0,1906.0,0,0.0,370,12038,1590,5384,312900,79.0,32.0,6965.0,0,269.3333333333333,370,12038,1590,5384,1.0,0.0,2.0,2.0,0.0,2.0,1.0,0.0,1.0,0.0,1.0,2.0,0.0,0.0,0.0,1.0,4.0,0.0,2.0,2.0,0.0,0.0,1.0,4.0,4.0,2.0,0.0,2.0,2.0,9.0,8.0,1.0,5.0,4.0,0.0,6.0,1.0,5.0,6.0,0.0,0.0,1.0,1.0,21.0,2.0,4.0,3.0,0.0,0.0,6.0,7.0,9.0,5.0,0.0
324462188,cian.ru,Теплый Стан,22.0,11.0,1906.0,0,0.0,370,12038,1590,5384,312900,79.0,32.0,6965.0,0,269.3333333333333,370,12038,1590,5384,1.0,0.0,2.0,2.0,0.0,2.0,1.0,0.0,1.0,0.0,1.0,2.0,0.0,0.0,0.0,1.0,4.0,0.0,2.0,2.0,0.0,0.0,1.0,4.0,4.0,2.0,0.0,2.0,2.0,9.0,8.0,1.0,5.0,4.0,0.0,6.0,1.0,5.0,6.0,0.0,0.0,1.0,1.0,21.0,2.0,4.0,3.0,0.0,0.0,6.0,7.0,9.0,5.0,0.0
320736529,cian.ru,Теплый Стан,22.0,11.0,1906.0,0,0.0,370,12038,1590,5384,312900,79.0,32.0,6965.0,0,269.3333333333333,370,12038,1590,5384,1.0,0.0,2.0,2.0,0.0,2.0,1.0,0.0,1.0,0.0,1.0,2.0,0.0,0.0,0.0,1.0,4.0,0.0,2.0,2.0,0.0,0.0,1.0,4.0,4.0,2.0,0.0,2.0,2.0,9.0,8.0,1.0,5.0,4.0,0.0,6.0,1.0,5.0,6.0,0.0,0.0,1.0,1.0,21.0,2.0,4.0,3.0,0.0,0.0,6.0,7.0,9.0,5.0,0.0
323451142,cian.ru,Даниловский,34.0,3.0,687.0,116,170.0,28,3511,80,2036,399100,85.0,20.0,6622.0,116,346.7142857142857,28,3511,80,2036,7.0,2.0,1.0,5.0,0.0,0.0,2.0,0.0,1.0,1.0,0.0,1.0,1.0,0.0,0.0,0.0,3.0,2.0,2.0,1.0,0.0,1.0,0.0,0.0,3.0,0.0,1.0,12.0,4.0,11.0,29.0,0.0,5.0,5.0,0.0,12.0,6.0,1.0,2.0,5.0,0.0,2.0,1.0,11.0,3.0,4.0,5.0,9.0,1.0,6.0,28.0,46.0,0.0,1.0
320736530,cian.ru,Теплый Стан,22.0,11.0,1906.0,0,0.0,370,12038,1590,5384,312900,79.0,32.0,6965.0,0,269.3333333333333,370,12038,1590,5384,1.0,0.0,2.0,2.0,0.0,2.0,1.0,0.0,1.0,0.0,1.0,2.0,0.0,0.0,0.0,1.0,4.0,0.0,2.0,2.0,0.0,0.0,1.0,4.0,4.0,2.0,0.0,2.0,2.0,9.0,8.0,1.0,5.0,4.0,0.0,6.0,1.0,5.0,6.0,0.0,0.0,1.0,1.0,21.0,2.0,4.0,3.0,0.0,0.0,6.0,7.0,9.0,5.0,0.0
324462211,cian.ru,Теплый Стан,22.0,11.0,1906.0,0,0.0,370,12038,1590,5384,312900,79.0,32.0,6965.0,0,269.3333333333333,370,12038,1590,5384,1.0,0.0,2.0,2.0,0.0,2.0,1.0,0.0,1.0,0.0,1.0,2.0,0.0,0.0,0.0,1.0,4.0,0.0,2.0,2.0,0.0,0.0,1.0,4.0,4.0,2.0,0.0,2.0,2.0,9.0,8.0,1.0,5.0,4.0,0.0,6.0,1.0,5.0,6.0,0.0,0.0,1.0,1.0,21.0,2.0,4.0,3.0,0.0,0.0,6.0,7.0,9.0,5.0,0.0
325162059,cian.ru,Теплый Стан,22.0,11.0,1906.0,0,0.0,370,12038,1590,5384,312900,79.0,32.0,6965.0,0,269.3333333333333,370,12038,1590,5384,1.0,0.0,2.0,2.0,0.0,2.0,1.0,0.0,1.0,0.0,1.0,2.0,0.0,0.0,0.0,1.0,4.0,0.0,2.0,2.0,0.0,0.0,1.0,4.0,4.0,2.0,0.0,2.0,2.0,9.0,8.0,1.0,5.0,4.0,0.0,6.0,1.0,5.0,6.0,0.0,0.0,1.0,1.0,21.0,2.0,4.0,3.0,0.0,0.0,6.0,7.0,9.0,5.0,0.0
324514313,cian.ru,,8.0,7.0,1.0,,,0,168,0,125,,102.0,71.0,26.0,454,505.2,0,168,0,125,0.0,0.0,0.0,0.0,0.0,1.0,0.0,0.0,1.0,0.0,0.0,0.0,0.0,0.0,0.0,0.0,0.0,0.0,0.0,0.0,0.0,0.0,2.0,0.0,2.0,0.0,0.0,0.0,1.0,1.0,1.0,0.0,2.0,0.0,0.0,2.0,0.0,0.0,1.0,0.0,0.0,2.0,0.0,1.0,1.0,0.0,0.0,0.0,0.0,6.0,1.0,6.0,0.0,0.0
324822862,cian.ru,Филевский Парк,8.0,5.0,3044.0,0,102.0,2608,159,1998,610,402300,63.0,34.0,8610.0,0,297.22222222222223,2608,159,1998,610,2.0,1.0,2.0,6.0,0.0,0.0,2.0,0.0,7.0,2.0,0.0,1.0,0.0,0.0,0.0,1.0,7.0,1.0,0.0,1.0,0.0,0.0,0.0,6.0,2.0,0.0,0.0,3.0,2.0,9.0,28.0,0.0,8.0,8.0,0.0,18.0,9.0,3.0,6.0,0.0,0.0,2.0,3.0,15.0,6.0,7.0,10.0,2.0,2.0,9.0,21.0,32.0,2.0,0.0
324462223,cian.ru,Теплый Стан,22.0,11.0,1906.0,0,0.0,370,12038,1590,5384,312900,79.0,32.0,6965.0,0,269.3333333333333,370,12038,1590,5384,1.0,0.0,2.0,2.0,0.0,2.0,1.0,0.0,1.0,0.0,1.0,2.0,0.0,0.0,0.0,1.0,4.0,0.0,2.0,2.0,0.0,0.0,1.0,4.0,4.0,2.0,0.0,2.0,2.0,9.0,8.0,1.0,5.0,4.0,0.0,6.0,1.0,5.0,6.0,0.0,0.0,1.0,1.0,21.0,2.0,4.0,3.0,0.0,0.0,6.0,7.0,9.0,5.0,0.0
3051474286842509824,realty.yandex.ru,Соколиная Гора,103.0,5.0,248.0,0,179.5,936,20189,783,13137,354400,341.0,31.0,2610.0,0,366.3411764705882,936,20189,783,13137,5.0,2.0,9.0,20.0,0.0,3.0,1.0,0.0,17.0,0.0,0.0,0.0,2.0,0.0,6.0,4.0,9.0,4.0,4.0,5.0,3.0,0.0,9.0,18.0,26.0,0.0,2.0,23.0,7.0,25.0,72.0,1.0,9.0,5.0,0.0,37.0,11.0,11.0,0.0,14.0,1.0,6.0,16.0,24.0,6.0,10.0,12.0,3.0,1.0,31.0,38.0,46.0,3.0,2.0
321788097,cian.ru,Тушино Северное,23.0,16.0,3231.0,0,0.0,5410,10455,3779,3816,310000,136.0,85.0,11818.0,0,400.2857142857143,5410,10455,3779,3816,4.0,2.0,16.0,19.0,0.0,0.0,3.0,0.0,26.0,6.0,0.0,1.0,0.0,0.0,1.0,0.0,11.0,4.0,8.0,4.0,0.0,0.0,2.0,13.0,9.0,0.0,1.0,15.0,7.0,32.0,54.0,1.0,1.0,13.0,0.0,63.0,14.0,5.0,7.0,0.0,0.0,2.0,1.0,38.0,5.0,13.0,10.0,5.0,0.0,7.0,32.0,37.0,7.0,4.0
306614378,cian.ru,Соколиная Гора,96.0,6.0,209.0,0,185.12,744,14508,684,5874,354400,310.0,32.0,2448.0,0,370.4177215189873,744,14508,684,5874,6.0,2.0,11.0,26.0,0.0,2.0,1.0,0.0,7.0,0.0,1.0,0.0,4.0,0.0,5.0,4.0,8.0,3.0,4.0,3.0,3.0,0.0,8.0,15.0,25.0,0.0,2.0,21.0,4.0,24.0,57.0,1.0,8.0,5.0,0.0,36.0,10.0,8.0,0.0,11.0,1.0,6.0,16.0,22.0,7.0,10.0,12.0,3.0,1.0,27.0,34.0,48.0,3.0,2.0
324168243,cian.ru,Даниловский,36.0,13.0,1986.0,0,154.4,4964,61224,2479,9671,399100,198.0,46.0,4496.0,0,340.8666666666667,4964,61224,2479,9671,11.0,3.0,18.0,36.0,0.0,2.0,5.0,0.0,23.0,11.0,0.0,1.0,1.0,0.0,3.0,6.0,23.0,3.0,11.0,7.0,0.0,1.0,14.0,54.0,50.0,1.0,2.0,24.0,6.0,27.0,60.0,1.0,2.0,9.0,0.0,32.0,16.0,3.0,3.0,4.0,0.0,4.0,13.0,29.0,5.0,15.0,11.0,0.0,4.0,21.0,72.0,72.0,25.0,6.0
6122995069694344192,realty.yandex.ru,Обручевский,32.0,3.0,826.0,0,172.66666666666666,3744,32124,301,4752,411600,114.0,19.0,4379.0,0,319.1904761904762,3744,32124,301,4752,6.0,0.0,0.0,2.0,0.0,0.0,0.0,0.0,2.0,0.0,0.0,0.0,0.0,0.0,0.0,2.0,1.0,1.0,1.0,0.0,0.0,0.0,3.0,2.0,2.0,0.0,0.0,9.0,6.0,6.0,13.0,0.0,7.0,2.0,0.0,13.0,2.0,1.0,1.0,0.0,0.0,1.0,4.0,11.0,3.0,5.0,4.0,0.0,0.0,13.0,15.0,28.0,8.0,1.0
323773599,cian.ru,Красносельский,179.0,86.0,1966.0,5,183.525,1916,25550,1212,15211,454800,584.0,241.0,5782.0,5,363.74782608695654,1916,25550,1212,15211,17.0,6.0,6.0,56.0,0.0,2.0,3.0,0.0,14.0,3.0,2.0,1.0,10.0,0.0,1.0,5.0,5.0,0.0,6.0,5.0,0.0,2.0,5.0,19.0,38.0,4.0,1.0,80.0,27.0,21.0,150.0,0.0,11.0,8.0,0.0,23.0,15.0,6.0,4.0,23.0,0.0,1.0,20.0,11.0,2.0,18.0,14.0,0.0,11.0,20.0,40.0,117.0,12.0,4.0
321767399,cian.ru,Арбат,87.0,45.0,2016.0,37,201.55555555555554,1612,35423,2167,17393,820400,335.0,147.0,6270.0,37,410.65714285714284,1612,35423,2167,17393,19.0,4.0,8.0,42.0,0.0,9.0,4.0,0.0,13.0,2.0,1.0,0.0,2.0,0.0,1.0,6.0,5.0,2.0,11.0,3.0,0.0,1.0,9.0,21.0,46.0,2.0,4.0,42.0,14.0,24.0,130.0,0.0,17.0,10.0,0.0,28.0,10.0,7.0,3.0,6.0,0.0,3.0,10.0,12.0,3.0,22.0,16.0,0.0,4.0,15.0,41.0,110.0,7.0,6.0
324410344,cian.ru,Коммунарка,1.0,,,32,32.0,1488,833,0,83,291400,6.0,4.0,,32,32.0,1488,833,0,83,0.0,0.0,0.0,0.0,0.0,0.0,0.0,0.0,1.0,0.0,0.0,0.0,0.0,0.0,0.0,1.0,0.0,0.0,0.0,0.0,0.0,0.0,0.0,0.0,0.0,0.0,0.0,0.0,0.0,0.0,0.0,0.0,0.0,0.0,0.0,1.0,0.0,0.0,0.0,0.0,0.0,0.0,1.0,1.0,0.0,0.0,1.0,0.0,0.0,0.0,0.0,0.0,0.0,0.0
6122995696271942656,realty.yandex.ru,Обручевский,32.0,3.0,826.0,0,172.66666666666666,3744,32124,301,4752,411600,114.0,19.0,4379.0,0,319.1904761904762,3744,32124,301,4752,6.0,0.0,0.0,2.0,0.0,0.0,0.0,0.0,2.0,0.0,0.0,0.0,0.0,0.0,0.0,2.0,1.0,1.0,1.0,0.0,0.0,0.0,3.0,2.0,2.0,0.0,0.0,9.0,6.0,6.0,13.0,0.0,7.0,2.0,0.0,13.0,2.0,1.0,1.0,0.0,0.0,1.0,4.0,11.0,3.0,5.0,4.0,0.0,0.0,13.0,15.0,28.0,8.0,1.0
324147387,cian.ru,Красносельский,179.0,90.0,2134.0,16,187.0,1916,25550,1212,15211,454800,576.0,237.0,5778.0,16,365.4424778761062,1916,25550,1212,15211,17.0,6.0,6.0,55.0,0.0,2.0,3.0,0.0,12.0,3.0,2.0,1.0,10.0,0.0,1.0,5.0,5.0,1.0,6.0,6.0,0.0,2.0,5.0,19.0,36.0,4.0,1.0,80.0,27.0,20.0,157.0,0.0,11.0,8.0,0.0,23.0,15.0,6.0,3.0,17.0,0.0,1.0,20.0,11.0,2.0,18.0,14.0,0.0,11.0,19.0,40.0,113.0,11.0,4.0
322376788,cian.ru,Красносельский,179.0,86.0,1966.0,5,183.525,1916,25550,1212,15211,454800,584.0,241.0,5782.0,5,363.74782608695654,1916,25550,1212,15211,17.0,6.0,6.0,56.0,0.0,2.0,3.0,0.0,14.0,3.0,2.0,1.0,10.0,0.0,1.0,5.0,5.0,0.0,6.0,5.0,0.0,2.0,5.0,19.0,38.0,4.0,1.0,80.0,27.0,21.0,150.0,0.0,11.0,8.0,0.0,23.0,15.0,6.0,4.0,23.0,0.0,1.0,20.0,11.0,2.0,18.0,14.0,0.0,11.0,20.0,40.0,117.0,12.0,4.0
5096683312243913728,realty.yandex.ru,Обручевский,32.0,3.0,826.0,0,172.66666666666666,3744,32124,301,4752,411600,114.0,19.0,4379.0,0,319.1904761904762,3744,32124,301,4752,6.0,0.0,0.0,2.0,0.0,0.0,0.0,0.0,2.0,0.0,0.0,0.0,0.0,0.0,0.0,2.0,1.0,1.0,1.0,0.0,0.0,0.0,3.0,2.0,2.0,0.0,0.0,9.0,6.0,6.0,13.0,0.0,7.0,2.0,0.0,13.0,2.0,1.0,1.0,0.0,0.0,1.0,4.0,11.0,3.0,5.0,4.0,0.0,0.0,13.0,15.0,28.0,8.0,1.0
320261602,cian.ru,Перово ,33.0,,,8,157.69230769230768,1614,27234,327,6144,294700,144.0,14.0,937.0,8,349.8181818181818,1614,27234,327,6144,3.0,0.0,5.0,7.0,0.0,0.0,1.0,0.0,3.0,0.0,0.0,0.0,0.0,0.0,0.0,4.0,6.0,0.0,2.0,0.0,0.0,1.0,5.0,8.0,12.0,0.0,1.0,7.0,4.0,8.0,21.0,0.0,0.0,4.0,0.0,10.0,3.0,1.0,0.0,1.0,1.0,0.0,7.0,10.0,2.0,6.0,0.0,0.0,2.0,18.0,12.0,33.0,1.0,2.0
6123813786515044352,realty.yandex.ru,Нагорный,38.0,,,1,179.6153846153846,4280,22811,478,17607,345200,215.0,7.0,,1,395.672131147541,4280,22811,478,17607,2.0,0.0,7.0,6.0,0.0,0.0,1.0,0.0,12.0,0.0,0.0,0.0,1.0,0.0,1.0,4.0,7.0,3.0,4.0,3.0,0.0,0.0,7.0,8.0,13.0,0.0,0.0,6.0,2.0,10.0,10.0,1.0,2.0,2.0,0.0,23.0,3.0,0.0,0.0,2.0,0.0,1.0,6.0,9.0,3.0,8.0,5.0,0.0,0.0,10.0,16.0,23.0,1.0,1.0
320764946,cian.ru,Коньково,26.0,,,19,163.5,1204,11767,83,8636,351300,126.0,9.0,2158.0,19,353.44444444444446,1204,11767,83,8636,3.0,2.0,2.0,5.0,0.0,1.0,0.0,0.0,2.0,1.0,0.0,0.0,0.0,0.0,0.0,2.0,0.0,0.0,2.0,1.0,0.0,1.0,4.0,1.0,2.0,0.0,0.0,8.0,5.0,13.0,17.0,0.0,3.0,4.0,0.0,19.0,2.0,0.0,0.0,0.0,0.0,2.0,4.0,12.0,4.0,5.0,6.0,0.0,2.0,11.0,17.0,30.0,7.0,1.0
321211675,cian.ru,Красносельский,57.0,5.0,484.0,0,180.47826086956522,1118,20188,334,10990,454800,299.0,46.0,4163.0,0,371.25714285714287,1118,20188,334,10990,4.0,1.0,6.0,15.0,0.0,2.0,4.0,0.0,12.0,3.0,0.0,1.0,0.0,0.0,0.0,5.0,4.0,0.0,5.0,2.0,0.0,2.0,17.0,26.0,33.0,2.0,1.0,35.0,11.0,19.0,59.0,1.0,9.0,12.0,0.0,39.0,7.0,3.0,4.0,7.0,0.0,0.0,11.0,7.0,1.0,20.0,4.0,0.0,5.0,39.0,69.0,93.0,6.0,5.0
322022997,cian.ru,Коньково,26.0,,,19,163.5,1204,11767,83,8636,351300,126.0,9.0,2158.0,19,353.44444444444446,1204,11767,83,8636,3.0,2.0,2.0,5.0,0.0,1.0,0.0,0.0,2.0,1.0,0.0,0.0,0.0,0.0,0.0,2.0,0.0,0.0,2.0,1.0,0.0,1.0,4.0,1.0,2.0,0.0,0.0,8.0,5.0,13.0,17.0,0.0,3.0,4.0,0.0,19.0,2.0,0.0,0.0,0.0,0.0,2.0,4.0,12.0,4.0,5.0,6.0,0.0,2.0,11.0,17.0,30.0,7.0,1.0
322394535,cian.ru,Красносельский,57.0,5.0,484.0,0,180.47826086956522,1118,20188,334,10990,454800,299.0,46.0,4163.0,0,371.25714285714287,1118,20188,334,10990,4.0,1.0,6.0,15.0,0.0,2.0,4.0,0.0,12.0,3.0,0.0,1.0,0.0,0.0,0.0,5.0,4.0,0.0,5.0,2.0,0.0,2.0,17.0,26.0,33.0,2.0,1.0,35.0,11.0,19.0,59.0,1.0,9.0,12.0,0.0,39.0,7.0,3.0,4.0,7.0,0.0,0.0,11.0,7.0,1.0,20.0,4.0,0.0,5.0,39.0,69.0,93.0,6.0,5.0
309005242,cian.ru,Соколиная Гора,72.0,3.0,573.0,0,188.66666666666666,7820,50301,2523,13320,354400,302.0,38.0,4209.0,0,366.27272727272725,7820,50301,2523,13320,3.0,1.0,14.0,28.0,0.0,3.0,3.0,0.0,21.0,0.0,0.0,0.0,2.0,0.0,5.0,4.0,10.0,2.0,6.0,7.0,3.0,0.0,12.0,26.0,34.0,0.0,1.0,20.0,5.0,27.0,66.0,1.0,8.0,7.0,0.0,36.0,8.0,4.0,1.0,11.0,0.0,6.0,5.0,28.0,6.0,8.0,14.0,3.0,1.0,21.0,30.0,50.0,4.0,2.0
324477378,cian.ru,Измайлово,67.0,54.0,4421.0,131,214.66666666666666,1984,14106,1459,4132,278800,223.0,155.0,10876.0,131,363.0,1984,14106,1459,4132,10.0,4.0,8.0,17.0,0.0,3.0,3.0,0.0,15.0,5.0,2.0,4.0,0.0,0.0,0.0,1.0,11.0,2.0,3.0,6.0,0.0,1.0,2.0,6.0,9.0,1.0,0.0,20.0,10.0,23.0,36.0,2.0,4.0,10.0,0.0,52.0,18.0,6.0,7.0,3.0,4.0,3.0,2.0,28.0,11.0,10.0,13.0,0.0,2.0,9.0,21.0,29.0,8.0,0.0
6123864158561467392,realty.yandex.ru,Можайский,19.0,2.0,311.0,0,161.16666666666666,1702,15748,108,8043,311900,125.0,33.0,2986.0,0,382.5217391304348,1702,15748,108,8043,0.0,0.0,1.0,0.0,0.0,0.0,1.0,0.0,1.0,0.0,0.0,0.0,0.0,0.0,0.0,1.0,1.0,0.0,0.0,0.0,0.0,0.0,2.0,0.0,0.0,0.0,0.0,5.0,2.0,7.0,12.0,1.0,2.0,4.0,0.0,24.0,1.0,1.0,2.0,0.0,0.0,0.0,2.0,9.0,3.0,2.0,3.0,0.0,0.0,6.0,7.0,5.0,1.0,0.0
324213204,cian.ru,Марфино,42.0,18.0,1372.0,0,130.72727272727272,458,3225,1203,2985,370900,136.0,62.0,5165.0,0,305.0869565217391,458,3225,1203,2985,7.0,1.0,3.0,9.0,1.0,2.0,3.0,0.0,4.0,3.0,1.0,0.0,0.0,0.0,0.0,5.0,5.0,5.0,2.0,0.0,0.0,0.0,5.0,5.0,3.0,3.0,0.0,11.0,5.0,7.0,16.0,3.0,3.0,8.0,0.0,14.0,6.0,3.0,3.0,1.0,0.0,0.0,6.0,14.0,6.0,3.0,2.0,1.0,0.0,11.0,14.0,13.0,3.0,0.0
3966105355550090240,realty.yandex.ru,Соколиная Гора,135.0,16.0,939.0,1,186.225,1168,16587,1064,9851,354400,407.0,42.0,2506.0,1,346.6521739130435,1168,16587,1064,9851,12.0,4.0,7.0,21.0,0.0,4.0,3.0,0.0,7.0,5.0,8.0,0.0,6.0,1.0,1.0,14.0,4.0,4.0,7.0,4.0,0.0,0.0,20.0,12.0,13.0,3.0,0.0,24.0,10.0,18.0,61.0,0.0,11.0,6.0,0.0,36.0,9.0,13.0,1.0,8.0,1.0,9.0,26.0,21.0,10.0,14.0,12.0,0.0,0.0,36.0,27.0,50.0,3.0,2.0
320108299,cian.ru,Обручевский,32.0,3.0,826.0,61,190.3,1002,8980,301,4752,411600,122.0,21.0,4753.0,61,335.5,1002,8980,301,4752,6.0,2.0,1.0,3.0,0.0,1.0,0.0,0.0,2.0,0.0,0.0,0.0,0.0,0.0,0.0,2.0,2.0,0.0,0.0,0.0,0.0,0.0,3.0,2.0,2.0,0.0,0.0,10.0,6.0,5.0,15.0,0.0,7.0,2.0,0.0,13.0,3.0,1.0,1.0,0.0,0.0,1.0,5.0,11.0,2.0,4.0,4.0,0.0,0.0,13.0,11.0,29.0,8.0,1.0
320222327,cian.ru,Обручевский,32.0,3.0,826.0,0,172.77777777777777,3744,32124,301,4752,411600,114.0,19.0,4379.0,0,319.3809523809524,3744,32124,301,4752,6.0,0.0,0.0,2.0,0.0,0.0,0.0,0.0,2.0,0.0,0.0,0.0,0.0,0.0,0.0,2.0,1.0,1.0,1.0,0.0,0.0,0.0,3.0,2.0,2.0,0.0,0.0,9.0,6.0,6.0,13.0,0.0,7.0,2.0,0.0,13.0,2.0,1.0,1.0,0.0,0.0,1.0,4.0,11.0,3.0,5.0,4.0,0.0,0.0,13.0,15.0,28.0,8.0,1.0
6123948456323599360,realty.yandex.ru,Можайский,19.0,2.0,311.0,0,161.16666666666666,1702,15748,108,8043,311900,125.0,33.0,2986.0,0,382.5217391304348,1702,15748,108,8043,0.0,0.0,1.0,0.0,0.0,0.0,1.0,0.0,1.0,0.0,0.0,0.0,0.0,0.0,0.0,1.0,1.0,0.0,0.0,0.0,0.0,0.0,2.0,0.0,0.0,0.0,0.0,5.0,2.0,7.0,12.0,1.0,2.0,4.0,0.0,24.0,1.0,1.0,2.0,0.0,0.0,0.0,2.0,9.0,3.0,2.0,3.0,0.0,0.0,6.0,7.0,5.0,1.0,0.0
6123948352485668864,realty.yandex.ru,Можайский,19.0,2.0,311.0,0,161.16666666666666,1702,15748,108,8043,311900,125.0,33.0,2986.0,0,382.5217391304348,1702,15748,108,8043,0.0,0.0,1.0,0.0,0.0,0.0,1.0,0.0,1.0,0.0,0.0,0.0,0.0,0.0,0.0,1.0,1.0,0.0,0.0,0.0,0.0,0.0,2.0,0.0,0.0,0.0,0.0,5.0,2.0,7.0,12.0,1.0,2.0,4.0,0.0,24.0,1.0,1.0,2.0,0.0,0.0,0.0,2.0,9.0,3.0,2.0,3.0,0.0,0.0,6.0,7.0,5.0,1.0,0.0
6123232994343657472,realty.yandex.ru,Можайский,19.0,2.0,311.0,0,161.16666666666666,1702,15748,108,8043,311900,125.0,33.0,2986.0,0,382.5217391304348,1702,15748,108,8043,0.0,0.0,1.0,0.0,0.0,0.0,1.0,0.0,1.0,0.0,0.0,0.0,0.0,0.0,0.0,1.0,1.0,0.0,0.0,0.0,0.0,0.0,2.0,0.0,0.0,0.0,0.0,5.0,2.0,7.0,12.0,1.0,2.0,4.0,0.0,24.0,1.0,1.0,2.0,0.0,0.0,0.0,2.0,9.0,3.0,2.0,3.0,0.0,0.0,6.0,7.0,5.0,1.0,0.0
7629162941,avito.ru,Можайский,19.0,2.0,311.0,0,161.16666666666666,1702,15748,108,8043,311900,125.0,33.0,2986.0,0,382.5652173913044,1702,15748,108,8043,0.0,0.0,1.0,0.0,0.0,0.0,1.0,0.0,1.0,0.0,0.0,0.0,0.0,0.0,0.0,1.0,1.0,0.0,0.0,0.0,0.0,0.0,2.0,0.0,0.0,0.0,0.0,5.0,2.0,7.0,12.0,1.0,2.0,4.0,0.0,24.0,1.0,1.0,2.0,0.0,0.0,0.0,2.0,9.0,3.0,2.0,3.0,0.0,0.0,6.0,7.0,5.0,1.0,0.0
324067880,cian.ru,Обручевский,32.0,3.0,826.0,0,172.77777777777777,3744,32124,301,4752,411600,114.0,19.0,4379.0,0,319.3809523809524,3744,32124,301,4752,6.0,0.0,0.0,2.0,0.0,0.0,0.0,0.0,2.0,0.0,0.0,0.0,0.0,0.0,0.0,2.0,1.0,1.0,1.0,0.0,0.0,0.0,3.0,2.0,2.0,0.0,0.0,9.0,6.0,6.0,13.0,0.0,7.0,2.0,0.0,13.0,2.0,1.0,1.0,0.0,0.0,1.0,4.0,11.0,3.0,5.0,4.0,0.0,0.0,13.0,15.0,28.0,8.0,1.0
7629915750,avito.ru,Можайский,19.0,2.0,311.0,0,161.16666666666666,1702,15748,108,8043,311900,125.0,33.0,2986.0,0,382.5652173913044,1702,15748,108,8043,0.0,0.0,1.0,0.0,0.0,0.0,1.0,0.0,1.0,0.0,0.0,0.0,0.0,0.0,0.0,1.0,1.0,0.0,0.0,0.0,0.0,0.0,2.0,0.0,0.0,0.0,0.0,5.0,2.0,7.0,12.0,1.0,2.0,4.0,0.0,24.0,1.0,1.0,2.0,0.0,0.0,0.0,2.0,9.0,3.0,2.0,3.0,0.0,0.0,6.0,7.0,5.0,1.0,0.0
7661044534,avito.ru,Можайский,19.0,2.0,311.0,0,161.16666666666666,1702,15748,108,8043,311900,125.0,33.0,2986.0,0,382.5652173913044,1702,15748,108,8043,0.0,0.0,1.0,0.0,0.0,0.0,1.0,0.0,1.0,0.0,0.0,0.0,0.0,0.0,0.0,1.0,1.0,0.0,0.0,0.0,0.0,0.0,2.0,0.0,0.0,0.0,0.0,5.0,2.0,7.0,12.0,1.0,2.0,4.0,0.0,24.0,1.0,1.0,2.0,0.0,0.0,0.0,2.0,9.0,3.0,2.0,3.0,0.0,0.0,6.0,7.0,5.0,1.0,0.0
6123948458098607104,realty.yandex.ru,Можайский,19.0,2.0,311.0,0,161.16666666666666,1702,15748,108,8043,311900,125.0,33.0,2986.0,0,382.5217391304348,1702,15748,108,8043,0.0,0.0,1.0,0.0,0.0,0.0,1.0,0.0,1.0,0.0,0.0,0.0,0.0,0.0,0.0,1.0,1.0,0.0,0.0,0.0,0.0,0.0,2.0,0.0,0.0,0.0,0.0,5.0,2.0,7.0,12.0,1.0,2.0,4.0,0.0,24.0,1.0,1.0,2.0,0.0,0.0,0.0,2.0,9.0,3.0,2.0,3.0,0.0,0.0,6.0,7.0,5.0,1.0,0.0
320947155,cian.ru,Выхино-Жулебино,31.0,18.0,3238.0,,,3040,5869,1538,2870,273000,121.0,80.0,13652.0,,,3040,5869,1538,2870,6.0,4.0,15.0,22.0,1.0,0.0,5.0,0.0,2.0,4.0,1.0,3.0,0.0,0.0,0.0,0.0,14.0,3.0,6.0,4.0,1.0,0.0,1.0,7.0,5.0,7.0,1.0,29.0,12.0,38.0,71.0,3.0,4.0,18.0,0.0,62.0,20.0,10.0,6.0,0.0,0.0,4.0,0.0,50.0,10.0,18.0,12.0,3.0,0.0,15.0,29.0,46.0,12.0,2.0
3987628968732402176,realty.yandex.ru,Фили-Давыдково,34.0,12.0,1498.0,0,197.54545454545453,3130,10133,2101,5557,401300,102.0,46.0,6007.0,0,285.05882352941177,3130,10133,2101,5557,2.0,0.0,2.0,3.0,0.0,0.0,2.0,0.0,4.0,3.0,0.0,0.0,0.0,0.0,0.0,1.0,6.0,1.0,1.0,1.0,0.0,0.0,0.0,2.0,4.0,2.0,0.0,4.0,0.0,6.0,11.0,0.0,4.0,4.0,0.0,11.0,5.0,3.0,4.0,1.0,0.0,0.0,1.0,13.0,2.0,4.0,4.0,0.0,0.0,0.0,6.0,7.0,3.0,1.0
3966105355550922752,realty.yandex.ru,Замоскворечье,125.0,23.0,1081.0,12,188.3783783783784,1776,26781,1030,14046,543700,522.0,111.0,5605.0,12,375.3228346456693,1776,26781,1030,14046,13.0,4.0,8.0,27.0,0.0,8.0,4.0,0.0,4.0,2.0,1.0,0.0,5.0,0.0,0.0,6.0,5.0,0.0,1.0,2.0,0.0,1.0,7.0,16.0,37.0,1.0,0.0,43.0,20.0,27.0,114.0,0.0,15.0,13.0,0.0,35.0,12.0,7.0,8.0,24.0,1.0,1.0,15.0,20.0,2.0,15.0,4.0,0.0,9.0,27.0,57.0,115.0,4.0,4.0
321739354,cian.ru,Красносельский,68.0,18.0,2162.0,104,193.58333333333334,1306,26008,2075,12678,454800,345.0,86.0,5401.0,104,422.77272727272725,1306,26008,2075,12678,15.0,3.0,8.0,28.0,1.0,2.0,6.0,0.0,6.0,4.0,0.0,1.0,2.0,0.0,1.0,2.0,15.0,2.0,4.0,2.0,0.0,0.0,9.0,13.0,16.0,4.0,0.0,21.0,15.0,21.0,72.0,2.0,13.0,10.0,0.0,22.0,16.0,7.0,4.0,3.0,0.0,2.0,7.0,23.0,9.0,22.0,6.0,0.0,5.0,19.0,35.0,57.0,9.0,2.0
324598268,cian.ru,Коньково,27.0,9.0,2512.0,189,240.57142857142858,4706,9172,3049,10564,351300,121.0,53.0,11929.0,189,336.2,4706,9172,3049,10564,15.0,6.0,18.0,37.0,0.0,1.0,6.0,0.0,16.0,3.0,3.0,1.0,0.0,0.0,2.0,0.0,14.0,3.0,7.0,2.0,0.0,0.0,5.0,15.0,13.0,1.0,2.0,23.0,11.0,32.0,97.0,2.0,3.0,13.0,1.0,31.0,10.0,6.0,7.0,0.0,2.0,6.0,1.0,36.0,7.0,11.0,8.0,0.0,1.0,10.0,31.0,32.0,7.0,2.0
8660284132703666176,realty.yandex.ru,Красносельский,71.0,19.0,1026.0,0,215.75,4718,31378,1247,11818,454800,217.0,72.0,7302.0,0,338.8888888888889,4718,31378,1247,11818,1.0,1.0,2.0,9.0,0.0,0.0,1.0,0.0,3.0,3.0,4.0,2.0,0.0,0.0,0.0,2.0,2.0,1.0,5.0,0.0,0.0,0.0,1.0,1.0,6.0,1.0,0.0,7.0,8.0,18.0,42.0,1.0,8.0,8.0,1.0,27.0,9.0,6.0,2.0,2.0,0.0,4.0,4.0,23.0,9.0,15.0,12.0,0.0,2.0,14.0,16.0,37.0,4.0,1.0
6858718412928586752,realty.yandex.ru,Зюзино,53.0,35.0,3734.0,0,0.0,1578,1590,1925,2052,326200,196.0,87.0,9692.0,0,417.75,1578,1590,1925,2052,4.0,0.0,0.0,2.0,0.0,0.0,2.0,0.0,8.0,0.0,1.0,1.0,0.0,0.0,0.0,0.0,6.0,0.0,1.0,1.0,0.0,0.0,2.0,1.0,1.0,2.0,0.0,48.0,15.0,12.0,22.0,0.0,0.0,7.0,0.0,23.0,9.0,7.0,5.0,5.0,1.0,2.0,3.0,28.0,4.0,8.0,6.0,0.0,0.0,9.0,5.0,12.0,16.0,2.0
6123921165585409024,realty.yandex.ru,Даниловский,36.0,13.0,1986.0,2,138.77777777777777,4964,61224,2479,9671,399100,198.0,46.0,4496.0,2,341.6666666666667,4964,61224,2479,9671,11.0,3.0,18.0,37.0,0.0,2.0,5.0,0.0,24.0,11.0,0.0,1.0,1.0,0.0,3.0,6.0,23.0,3.0,11.0,7.0,0.0,1.0,14.0,54.0,50.0,1.0,2.0,24.0,6.0,27.0,60.0,1.0,2.0,9.0,0.0,32.0,16.0,3.0,3.0,4.0,0.0,4.0,13.0,29.0,5.0,15.0,11.0,0.0,4.0,21.0,72.0,72.0,25.0,6.0
321841068,cian.ru,Гагаринский,15.0,6.0,1622.0,,,1170,4378,930,673,454900,95.0,38.0,5314.0,490,539.0,1170,4378,930,673,1.0,0.0,2.0,8.0,0.0,1.0,2.0,0.0,1.0,1.0,0.0,0.0,1.0,0.0,0.0,0.0,7.0,0.0,2.0,1.0,0.0,0.0,0.0,1.0,2.0,0.0,0.0,7.0,10.0,11.0,34.0,0.0,2.0,8.0,0.0,11.0,4.0,4.0,7.0,5.0,0.0,0.0,0.0,17.0,2.0,6.0,2.0,0.0,7.0,3.0,6.0,12.0,5.0,1.0
6123948430585992192,realty.yandex.ru,Даниловский,36.0,13.0,1986.0,2,138.77777777777777,4964,61224,2479,9671,399100,198.0,46.0,4496.0,2,341.6666666666667,4964,61224,2479,9671,11.0,3.0,18.0,37.0,0.0,2.0,5.0,0.0,24.0,11.0,0.0,1.0,1.0,0.0,3.0,6.0,23.0,3.0,11.0,7.0,0.0,1.0,14.0,54.0,50.0,1.0,2.0,24.0,6.0,27.0,60.0,1.0,2.0,9.0,0.0,32.0,16.0,3.0,3.0,4.0,0.0,4.0,13.0,29.0,5.0,15.0,11.0,0.0,4.0,21.0,72.0,72.0,25.0,6.0
323471139,cian.ru,Замоскворечье,141.0,28.0,1452.0,19,176.86486486486487,1588,19733,629,14046,543700,543.0,110.0,5326.0,19,378.81060606060606,1588,19733,629,14046,15.0,5.0,7.0,31.0,0.0,4.0,4.0,0.0,3.0,2.0,1.0,0.0,2.0,0.0,0.0,6.0,5.0,0.0,1.0,2.0,0.0,1.0,7.0,16.0,32.0,1.0,0.0,42.0,20.0,25.0,109.0,0.0,15.0,14.0,0.0,35.0,10.0,6.0,8.0,25.0,1.0,1.0,15.0,19.0,2.0,15.0,5.0,0.0,10.0,28.0,56.0,113.0,4.0,4.0
7517866235140861952,realty.yandex.ru,Замоскворечье,156.0,30.0,1466.0,0,173.53846153846155,1078,17808,901,11261,543700,555.0,110.0,4959.0,0,381.86764705882354,1078,17808,901,11261,16.0,6.0,6.0,29.0,0.0,4.0,5.0,0.0,3.0,3.0,0.0,2.0,2.0,0.0,0.0,5.0,7.0,0.0,1.0,1.0,0.0,1.0,7.0,15.0,35.0,1.0,0.0,40.0,17.0,25.0,109.0,0.0,15.0,15.0,0.0,32.0,11.0,7.0,8.0,24.0,1.0,1.0,16.0,21.0,2.0,16.0,5.0,0.0,8.0,28.0,54.0,114.0,5.0,4.0
3987628968733438976,realty.yandex.ru,Басманный,131.0,32.0,722.0,3,167.5,910,19478,479,14648,461200,437.0,94.0,4777.0,3,341.6046511627907,910,19478,479,14648,14.0,7.0,4.0,54.0,1.0,12.0,4.0,0.0,9.0,4.0,3.0,2.0,0.0,0.0,0.0,8.0,7.0,1.0,9.0,3.0,0.0,1.0,13.0,22.0,39.0,0.0,0.0,40.0,21.0,28.0,110.0,3.0,17.0,12.0,0.0,37.0,12.0,4.0,5.0,10.0,0.0,0.0,14.0,19.0,5.0,26.0,8.0,0.0,5.0,27.0,59.0,93.0,5.0,2.0
323864570,cian.ru,Басманный,131.0,32.0,722.0,4,167.44444444444446,910,19478,479,14648,461200,437.0,94.0,4777.0,4,341.54651162790697,910,19478,479,14648,14.0,7.0,4.0,54.0,1.0,12.0,4.0,0.0,9.0,4.0,3.0,2.0,0.0,0.0,0.0,8.0,7.0,1.0,9.0,3.0,0.0,1.0,13.0,22.0,39.0,0.0,0.0,40.0,21.0,28.0,110.0,3.0,17.0,12.0,0.0,37.0,12.0,4.0,5.0,10.0,0.0,0.0,14.0,19.0,5.0,26.0,8.0,0.0,5.0,27.0,59.0,93.0,5.0,2.0
322037494,cian.ru,Нижегородский,47.0,8.0,610.0,267,267.0,1218,4269,1827,513,362800,216.0,31.0,5337.0,267,484.5,1218,4269,1827,513,0.0,0.0,0.0,0.0,0.0,0.0,0.0,0.0,11.0,1.0,1.0,1.0,0.0,0.0,0.0,0.0,1.0,1.0,0.0,1.0,0.0,0.0,2.0,1.0,1.0,1.0,0.0,4.0,1.0,6.0,2.0,1.0,1.0,5.0,0.0,31.0,4.0,1.0,2.0,1.0,0.0,0.0,1.0,11.0,6.0,5.0,5.0,0.0,0.0,14.0,3.0,16.0,4.0,0.0
321409507,cian.ru,Зюзино,53.0,35.0,3734.0,0,0.0,1578,1590,1925,2052,326200,196.0,87.0,9692.0,0,417.75,1578,1590,1925,2052,4.0,0.0,0.0,2.0,0.0,0.0,2.0,0.0,8.0,0.0,1.0,1.0,0.0,0.0,0.0,0.0,6.0,0.0,1.0,1.0,0.0,0.0,2.0,1.0,1.0,2.0,0.0,48.0,15.0,12.0,22.0,0.0,0.0,7.0,0.0,23.0,9.0,7.0,5.0,5.0,1.0,2.0,3.0,28.0,4.0,8.0,6.0,0.0,0.0,9.0,5.0,12.0,16.0,2.0
915505113181537792,realty.yandex.ru,Сокольники,66.0,8.0,231.0,28,63.333333333333336,1542,13973,410,5742,367600,243.0,73.0,5754.0,28,372.09090909090907,1542,13973,410,5742,38.0,0.0,3.0,1.0,0.0,1.0,1.0,0.0,1.0,0.0,3.0,1.0,1.0,1.0,0.0,2.0,0.0,0.0,0.0,2.0,0.0,0.0,4.0,0.0,3.0,2.0,0.0,86.0,4.0,13.0,19.0,3.0,6.0,9.0,0.0,9.0,3.0,7.0,8.0,6.0,1.0,3.0,4.0,13.0,4.0,1.0,10.0,0.0,2.0,9.0,9.0,25.0,6.0,1.0
321441760,cian.ru,Донской,61.0,28.0,2989.0,105,180.25,914,16950,3851,18646,391900,332.0,104.0,8762.0,105,425.9655172413793,914,16950,3851,18646,3.0,3.0,6.0,18.0,0.0,3.0,4.0,0.0,8.0,1.0,1.0,4.0,1.0,0.0,1.0,2.0,8.0,2.0,3.0,2.0,0.0,0.0,5.0,9.0,9.0,1.0,0.0,45.0,9.0,19.0,77.0,0.0,6.0,14.0,0.0,27.0,10.0,6.0,5.0,7.0,1.0,3.0,7.0,25.0,5.0,13.0,11.0,0.0,1.0,16.0,32.0,34.0,8.0,1.0
323477314,cian.ru,Алексеевский,71.0,34.0,2829.0,133,190.33333333333334,2038,6233,2109,4417,397600,214.0,85.0,9918.0,133,425.7894736842105,2038,6233,2109,4417,4.0,1.0,9.0,13.0,0.0,0.0,1.0,0.0,22.0,7.0,0.0,1.0,0.0,0.0,0.0,1.0,8.0,1.0,1.0,5.0,0.0,0.0,3.0,6.0,9.0,3.0,2.0,24.0,7.0,16.0,36.0,1.0,4.0,7.0,0.0,32.0,11.0,4.0,4.0,5.0,1.0,0.0,5.0,20.0,6.0,5.0,14.0,0.0,1.0,14.0,17.0,25.0,7.0,2.0
322401328,cian.ru,Алексеевский,71.0,34.0,2829.0,133,190.33333333333334,2038,6233,2109,4417,397600,214.0,85.0,9918.0,133,425.7894736842105,2038,6233,2109,4417,4.0,1.0,9.0,13.0,0.0,0.0,1.0,0.0,22.0,7.0,0.0,1.0,0.0,0.0,0.0,1.0,8.0,1.0,1.0,5.0,0.0,0.0,3.0,6.0,9.0,3.0,2.0,24.0,7.0,16.0,36.0,1.0,4.0,7.0,0.0,32.0,11.0,4.0,4.0,5.0,1.0,0.0,5.0,20.0,6.0,5.0,14.0,0.0,1.0,14.0,17.0,25.0,7.0,2.0
322812280,cian.ru,Красносельский,183.0,37.0,794.0,30,191.83333333333334,408,25377,281,11720,454800,608.0,153.0,2723.0,30,363.768,408,25377,281,11720,30.0,11.0,5.0,47.0,0.0,11.0,2.0,0.0,3.0,0.0,1.0,0.0,16.0,0.0,0.0,4.0,5.0,0.0,5.0,3.0,0.0,3.0,3.0,18.0,68.0,2.0,1.0,80.0,28.0,19.0,169.0,0.0,18.0,8.0,0.0,25.0,5.0,2.0,2.0,21.0,0.0,1.0,10.0,16.0,0.0,17.0,10.0,1.0,13.0,22.0,66.0,186.0,3.0,4.0
324067081,cian.ru,Алексеевский,71.0,34.0,2829.0,133,190.33333333333334,2038,6233,2109,4417,397600,214.0,85.0,9918.0,133,425.7894736842105,2038,6233,2109,4417,4.0,1.0,9.0,13.0,0.0,0.0,1.0,0.0,22.0,7.0,0.0,1.0,0.0,0.0,0.0,1.0,8.0,1.0,1.0,5.0,0.0,0.0,3.0,6.0,9.0,3.0,2.0,24.0,7.0,16.0,36.0,1.0,4.0,7.0,0.0,32.0,11.0,4.0,4.0,5.0,1.0,0.0,5.0,20.0,6.0,5.0,14.0,0.0,1.0,14.0,17.0,25.0,7.0,2.0
323948821,cian.ru,Мещанский,95.0,32.0,3042.0,11,164.21428571428572,1910,17714,4268,9111,530600,268.0,92.0,8603.0,11,344.8181818181818,1910,17714,4268,9111,15.0,11.0,6.0,20.0,0.0,2.0,5.0,0.0,8.0,6.0,3.0,4.0,4.0,0.0,0.0,2.0,8.0,0.0,8.0,3.0,0.0,0.0,8.0,2.0,13.0,2.0,2.0,38.0,20.0,23.0,43.0,1.0,4.0,13.0,0.0,17.0,7.0,6.0,9.0,5.0,2.0,0.0,5.0,19.0,1.0,52.0,9.0,1.0,4.0,14.0,9.0,21.0,6.0,4.0
323931486,cian.ru,Мещанский,95.0,32.0,3042.0,11,164.21428571428572,1910,17714,4268,9111,530600,268.0,92.0,8603.0,11,344.8181818181818,1910,17714,4268,9111,15.0,11.0,6.0,20.0,0.0,2.0,5.0,0.0,8.0,6.0,3.0,4.0,4.0,0.0,0.0,2.0,8.0,0.0,8.0,3.0,0.0,0.0,8.0,2.0,13.0,2.0,2.0,38.0,20.0,23.0,43.0,1.0,4.0,13.0,0.0,17.0,7.0,6.0,9.0,5.0,2.0,0.0,5.0,19.0,1.0,52.0,9.0,1.0,4.0,14.0,9.0,21.0,6.0,4.0
323948807,cian.ru,Мещанский,95.0,32.0,3042.0,11,164.21428571428572,1910,17714,4268,9111,530600,268.0,92.0,8603.0,11,344.8181818181818,1910,17714,4268,9111,15.0,11.0,6.0,20.0,0.0,2.0,5.0,0.0,8.0,6.0,3.0,4.0,4.0,0.0,0.0,2.0,8.0,0.0,8.0,3.0,0.0,0.0,8.0,2.0,13.0,2.0,2.0,38.0,20.0,23.0,43.0,1.0,4.0,13.0,0.0,17.0,7.0,6.0,9.0,5.0,2.0,0.0,5.0,19.0,1.0,52.0,9.0,1.0,4.0,14.0,9.0,21.0,6.0,4.0
324655976,cian.ru,Печатники,80.0,7.0,264.0,56,192.53846153846155,530,8759,1198,2503,286900,249.0,23.0,2353.0,56,362.9024390243902,530,8759,1198,2503,0.0,0.0,3.0,1.0,0.0,0.0,0.0,0.0,3.0,2.0,0.0,0.0,0.0,0.0,1.0,2.0,1.0,0.0,0.0,0.0,0.0,0.0,9.0,3.0,9.0,0.0,0.0,9.0,1.0,12.0,15.0,1.0,1.0,3.0,0.0,18.0,2.0,2.0,2.0,0.0,0.0,1.0,4.0,11.0,4.0,4.0,2.0,0.0,0.0,24.0,16.0,25.0,3.0,0.0
325135215,cian.ru,Мещанский,95.0,32.0,3042.0,11,164.21428571428572,1910,17714,4268,9111,530600,268.0,92.0,8603.0,11,344.8181818181818,1910,17714,4268,9111,15.0,11.0,6.0,20.0,0.0,2.0,5.0,0.0,8.0,6.0,3.0,4.0,4.0,0.0,0.0,2.0,8.0,0.0,8.0,3.0,0.0,0.0,8.0,2.0,13.0,2.0,2.0,38.0,20.0,23.0,43.0,1.0,4.0,13.0,0.0,17.0,7.0,6.0,9.0,5.0,2.0,0.0,5.0,19.0,1.0,52.0,9.0,1.0,4.0,14.0,9.0,21.0,6.0,4.0
320962838,cian.ru,Донской,47.0,12.0,618.0,0,212.875,1678,23568,2261,24993,391900,226.0,51.0,3659.0,0,357.3076923076923,1678,23568,2261,24993,6.0,1.0,6.0,16.0,0.0,0.0,3.0,1.0,18.0,3.0,0.0,1.0,0.0,3.0,1.0,3.0,8.0,1.0,3.0,2.0,0.0,0.0,14.0,13.0,15.0,0.0,0.0,16.0,8.0,25.0,41.0,0.0,4.0,5.0,2.0,38.0,8.0,2.0,4.0,5.0,5.0,2.0,9.0,15.0,4.0,7.0,8.0,0.0,1.0,22.0,26.0,50.0,3.0,1.0
8427502013113772032,realty.yandex.ru,Донской,47.0,12.0,618.0,0,212.875,1678,23568,2261,24993,391900,226.0,51.0,3659.0,0,357.3333333333333,1678,23568,2261,24993,6.0,1.0,6.0,16.0,0.0,0.0,3.0,1.0,18.0,3.0,0.0,1.0,0.0,3.0,1.0,3.0,8.0,1.0,3.0,2.0,0.0,0.0,14.0,13.0,15.0,0.0,0.0,16.0,8.0,25.0,41.0,0.0,4.0,5.0,2.0,38.0,8.0,2.0,4.0,5.0,5.0,2.0,9.0,15.0,4.0,7.0,8.0,0.0,1.0,22.0,26.0,50.0,3.0,1.0
3965285094498937856,realty.yandex.ru,Коньково,34.0,16.0,3640.0,0,130.33333333333334,2932,18830,13589,11687,351300,131.0,64.0,11774.0,0,425.2,2932,18830,13589,11687,3.0,2.0,10.0,25.0,0.0,2.0,3.0,1.0,10.0,6.0,0.0,2.0,2.0,0.0,2.0,0.0,12.0,2.0,3.0,5.0,0.0,0.0,5.0,3.0,14.0,1.0,2.0,12.0,4.0,21.0,55.0,0.0,4.0,9.0,1.0,27.0,12.0,5.0,5.0,2.0,0.0,4.0,0.0,35.0,4.0,9.0,7.0,0.0,0.0,11.0,13.0,30.0,8.0,3.0
323948742,cian.ru,Мещанский,95.0,32.0,3042.0,11,164.21428571428572,1910,17714,4268,9111,530600,268.0,92.0,8603.0,11,344.8181818181818,1910,17714,4268,9111,15.0,11.0,6.0,20.0,0.0,2.0,5.0,0.0,8.0,6.0,3.0,4.0,4.0,0.0,0.0,2.0,8.0,0.0,8.0,3.0,0.0,0.0,8.0,2.0,13.0,2.0,2.0,38.0,20.0,23.0,43.0,1.0,4.0,13.0,0.0,17.0,7.0,6.0,9.0,5.0,2.0,0.0,5.0,19.0,1.0,52.0,9.0,1.0,4.0,14.0,9.0,21.0,6.0,4.0
323338924,cian.ru,Даниловский,28.0,,,0,171.73333333333332,0,19826,133,24080,399100,170.0,34.0,4620.0,0,308.6666666666667,0,19826,133,24080,10.0,1.0,11.0,13.0,0.0,2.0,2.0,0.0,13.0,3.0,0.0,0.0,0.0,0.0,1.0,9.0,1.0,1.0,4.0,3.0,0.0,1.0,13.0,34.0,30.0,0.0,3.0,16.0,3.0,22.0,43.0,0.0,4.0,7.0,0.0,32.0,16.0,1.0,2.0,2.0,0.0,5.0,14.0,31.0,6.0,15.0,12.0,0.0,4.0,23.0,65.0,58.0,2.0,4.0
5203054433263380480,realty.yandex.ru,Басманный,118.0,24.0,707.0,23,172.21875,552,9791,469,7078,461200,423.0,103.0,5851.0,23,340.1,552,9791,469,7078,15.0,4.0,3.0,31.0,1.0,8.0,2.0,0.0,9.0,2.0,1.0,3.0,3.0,0.0,0.0,7.0,6.0,0.0,6.0,2.0,0.0,1.0,11.0,15.0,35.0,0.0,0.0,39.0,20.0,29.0,111.0,3.0,18.0,14.0,0.0,38.0,17.0,6.0,5.0,10.0,0.0,0.0,14.0,21.0,5.0,25.0,9.0,0.0,5.0,29.0,57.0,90.0,8.0,2.0
321781997,cian.ru,Останкинский,55.0,27.0,1954.0,27,48.5,1298,11137,604,6264,380300,223.0,84.0,7850.0,27,418.0,1298,11137,604,6264,5.0,1.0,5.0,11.0,0.0,0.0,0.0,0.0,1.0,5.0,0.0,1.0,0.0,0.0,0.0,1.0,6.0,0.0,1.0,1.0,0.0,0.0,1.0,6.0,4.0,1.0,2.0,16.0,4.0,16.0,29.0,1.0,3.0,6.0,0.0,41.0,13.0,4.0,5.0,5.0,1.0,0.0,5.0,25.0,10.0,5.0,15.0,0.0,1.0,13.0,15.0,21.0,8.0,2.0
2502385282106159104,realty.yandex.ru,Коньково,27.0,,,22,165.33333333333334,1204,11767,83,8636,351300,125.0,9.0,2158.0,22,354.0,1204,11767,83,8636,3.0,2.0,2.0,5.0,0.0,1.0,0.0,0.0,2.0,1.0,0.0,0.0,0.0,0.0,0.0,2.0,0.0,0.0,2.0,1.0,0.0,1.0,4.0,1.0,2.0,0.0,0.0,8.0,5.0,13.0,17.0,0.0,3.0,4.0,0.0,19.0,2.0,0.0,0.0,0.0,0.0,2.0,4.0,13.0,4.0,5.0,6.0,0.0,2.0,11.0,17.0,30.0,7.0,1.0
323130910,cian.ru,Сокольники,62.0,6.0,207.0,0,50.333333333333336,1576,13973,410,6641,367600,239.0,72.0,5840.0,0,392.3333333333333,1576,13973,410,6641,38.0,0.0,3.0,1.0,0.0,1.0,1.0,0.0,1.0,0.0,3.0,1.0,1.0,1.0,0.0,2.0,0.0,0.0,0.0,0.0,0.0,0.0,4.0,0.0,3.0,2.0,0.0,86.0,3.0,17.0,22.0,2.0,6.0,9.0,0.0,8.0,5.0,7.0,8.0,6.0,1.0,3.0,4.0,18.0,4.0,1.0,10.0,0.0,3.0,9.0,13.0,28.0,6.0,1.0
7580239331,avito.ru,Алексеевский,66.0,4.0,682.0,12,184.5,230,6709,330,3806,397600,217.0,32.0,4837.0,12,304.0,230,6709,330,3806,5.0,3.0,1.0,2.0,0.0,0.0,2.0,0.0,2.0,0.0,1.0,0.0,0.0,0.0,0.0,3.0,0.0,1.0,1.0,0.0,0.0,0.0,5.0,2.0,4.0,0.0,0.0,7.0,6.0,4.0,8.0,0.0,0.0,4.0,0.0,6.0,1.0,8.0,2.0,2.0,0.0,1.0,4.0,8.0,1.0,1.0,2.0,0.0,1.0,8.0,8.0,8.0,2.0,0.0
320840796,cian.ru,Раменки,20.0,3.0,776.0,48,148.0,0,46628,3710,23357,483300,57.0,14.0,3643.0,48,234.0,0,46628,3710,23357,5.0,3.0,3.0,19.0,0.0,2.0,0.0,1.0,3.0,3.0,0.0,2.0,0.0,0.0,1.0,2.0,0.0,3.0,1.0,2.0,1.0,1.0,1.0,13.0,27.0,0.0,0.0,18.0,7.0,16.0,37.0,0.0,3.0,7.0,1.0,19.0,5.0,2.0,4.0,1.0,0.0,3.0,2.0,8.0,4.0,10.0,8.0,1.0,2.0,2.0,31.0,41.0,0.0,1.0
320240264,cian.ru,Красносельский,71.0,19.0,1026.0,0,216.0,4718,31378,1247,11818,454800,218.0,72.0,7302.0,0,339.05555555555554,4718,31378,1247,11818,1.0,1.0,2.0,9.0,0.0,0.0,1.0,0.0,3.0,3.0,4.0,2.0,0.0,0.0,0.0,2.0,2.0,1.0,5.0,0.0,0.0,0.0,1.0,1.0,6.0,1.0,0.0,7.0,7.0,17.0,42.0,1.0,8.0,8.0,1.0,27.0,9.0,6.0,2.0,2.0,0.0,4.0,4.0,23.0,9.0,15.0,12.0,0.0,2.0,14.0,16.0,37.0,4.0,1.0
7629735374,avito.ru,Новогиреево,43.0,16.0,1342.0,0,117.4,366,13966,1468,12516,303600,121.0,47.0,5437.0,0,117.4,366,13966,1468,12516,0.0,0.0,1.0,3.0,0.0,1.0,3.0,0.0,3.0,3.0,1.0,0.0,0.0,0.0,0.0,3.0,6.0,2.0,1.0,1.0,0.0,0.0,4.0,1.0,2.0,2.0,0.0,0.0,0.0,1.0,4.0,0.0,2.0,5.0,0.0,4.0,4.0,2.0,4.0,0.0,0.0,0.0,3.0,10.0,2.0,1.0,2.0,0.0,0.0,4.0,4.0,5.0,3.0,0.0
324807004,cian.ru,Савеловский,76.0,17.0,1763.0,67,184.44444444444446,1300,11967,1342,10230,361300,255.0,98.0,8893.0,67,335.25,1300,11967,1342,10230,3.0,0.0,3.0,1.0,0.0,2.0,3.0,0.0,1.0,0.0,0.0,1.0,0.0,0.0,0.0,2.0,4.0,1.0,2.0,1.0,0.0,1.0,0.0,3.0,1.0,0.0,1.0,10.0,7.0,13.0,14.0,0.0,2.0,9.0,0.0,21.0,6.0,5.0,5.0,2.0,0.0,1.0,4.0,23.0,8.0,8.0,7.0,0.0,5.0,5.0,11.0,18.0,3.0,1.0
325112557,cian.ru,Савеловский,76.0,17.0,1763.0,67,184.44444444444446,1300,11967,1342,10230,361300,255.0,98.0,8893.0,67,335.25,1300,11967,1342,10230,3.0,0.0,3.0,1.0,0.0,2.0,3.0,0.0,1.0,0.0,0.0,1.0,0.0,0.0,0.0,2.0,4.0,1.0,2.0,1.0,0.0,1.0,0.0,3.0,1.0,0.0,1.0,10.0,7.0,13.0,14.0,0.0,2.0,9.0,0.0,21.0,6.0,5.0,5.0,2.0,0.0,1.0,4.0,23.0,8.0,8.0,7.0,0.0,5.0,5.0,11.0,18.0,3.0,1.0
324894857,cian.ru,Даниловский,44.0,19.0,2100.0,195,212.0,1598,5072,1183,2199,399100,139.0,68.0,7948.0,195,323.8333333333333,1598,5072,1183,2199,5.0,4.0,2.0,6.0,0.0,0.0,2.0,0.0,21.0,10.0,0.0,2.0,1.0,0.0,0.0,0.0,7.0,2.0,4.0,2.0,0.0,0.0,0.0,8.0,17.0,4.0,0.0,14.0,5.0,13.0,38.0,1.0,1.0,9.0,0.0,49.0,24.0,6.0,6.0,3.0,0.0,2.0,1.0,26.0,3.0,11.0,5.0,0.0,3.0,3.0,32.0,31.0,5.0,4.0
324807019,cian.ru,Савеловский,76.0,17.0,1763.0,67,184.44444444444446,1300,11967,1342,10230,361300,255.0,98.0,8893.0,67,335.25,1300,11967,1342,10230,3.0,0.0,3.0,1.0,0.0,2.0,3.0,0.0,1.0,0.0,0.0,1.0,0.0,0.0,0.0,2.0,4.0,1.0,2.0,1.0,0.0,1.0,0.0,3.0,1.0,0.0,1.0,10.0,7.0,13.0,14.0,0.0,2.0,9.0,0.0,21.0,6.0,5.0,5.0,2.0,0.0,1.0,4.0,23.0,8.0,8.0,7.0,0.0,5.0,5.0,11.0,18.0,3.0,1.0
324807120,cian.ru,Савеловский,76.0,17.0,1763.0,67,184.44444444444446,1300,11967,1342,10230,361300,255.0,98.0,8893.0,67,335.25,1300,11967,1342,10230,3.0,0.0,3.0,1.0,0.0,2.0,3.0,0.0,1.0,0.0,0.0,1.0,0.0,0.0,0.0,2.0,4.0,1.0,2.0,1.0,0.0,1.0,0.0,3.0,1.0,0.0,1.0,10.0,7.0,13.0,14.0,0.0,2.0,9.0,0.0,21.0,6.0,5.0,5.0,2.0,0.0,1.0,4.0,23.0,8.0,8.0,7.0,0.0,5.0,5.0,11.0,18.0,3.0,1.0
324807025,cian.ru,Савеловский,76.0,17.0,1763.0,67,184.44444444444446,1300,11967,1342,10230,361300,255.0,98.0,8893.0,67,335.25,1300,11967,1342,10230,3.0,0.0,3.0,1.0,0.0,2.0,3.0,0.0,1.0,0.0,0.0,1.0,0.0,0.0,0.0,2.0,4.0,1.0,2.0,1.0,0.0,1.0,0.0,3.0,1.0,0.0,1.0,10.0,7.0,13.0,14.0,0.0,2.0,9.0,0.0,21.0,6.0,5.0,5.0,2.0,0.0,1.0,4.0,23.0,8.0,8.0,7.0,0.0,5.0,5.0,11.0,18.0,3.0,1.0
324807146,cian.ru,Савеловский,76.0,17.0,1763.0,67,184.44444444444446,1300,11967,1342,10230,361300,255.0,98.0,8893.0,67,335.25,1300,11967,1342,10230,3.0,0.0,3.0,1.0,0.0,2.0,3.0,0.0,1.0,0.0,0.0,1.0,0.0,0.0,0.0,2.0,4.0,1.0,2.0,1.0,0.0,1.0,0.0,3.0,1.0,0.0,1.0,10.0,7.0,13.0,14.0,0.0,2.0,9.0,0.0,21.0,6.0,5.0,5.0,2.0,0.0,1.0,4.0,23.0,8.0,8.0,7.0,0.0,5.0,5.0,11.0,18.0,3.0,1.0
3967137546323247104,realty.yandex.ru,Раменки,35.0,15.0,3482.0,0,152.75,1900,4052,4104,2968,483300,130.0,55.0,12664.0,0,253.16666666666666,1900,4052,4104,2968,5.0,4.0,7.0,8.0,0.0,2.0,5.0,0.0,13.0,1.0,1.0,1.0,0.0,0.0,0.0,1.0,7.0,2.0,3.0,3.0,0.0,1.0,1.0,1.0,4.0,3.0,0.0,12.0,7.0,18.0,33.0,0.0,4.0,10.0,0.0,33.0,3.0,5.0,6.0,0.0,0.0,1.0,1.0,33.0,8.0,7.0,9.0,0.0,1.0,7.0,9.0,20.0,12.0,1.0
325031183,cian.ru,Тверской,60.0,22.0,3117.0,2,170.42857142857142,1258,9495,725,3668,609300,262.0,72.0,7143.0,2,391.14,1258,9495,725,3668,3.0,4.0,5.0,8.0,0.0,2.0,1.0,0.0,6.0,3.0,1.0,1.0,3.0,0.0,0.0,1.0,3.0,1.0,5.0,1.0,0.0,3.0,6.0,4.0,8.0,0.0,0.0,30.0,14.0,17.0,40.0,3.0,3.0,10.0,0.0,28.0,9.0,4.0,5.0,6.0,1.0,3.0,8.0,17.0,4.0,16.0,6.0,0.0,5.0,16.0,42.0,53.0,3.0,4.0
324664428,cian.ru,Обручевский,18.0,5.0,1106.0,6,149.16666666666666,130,4676,1074,7652,411600,121.0,24.0,7518.0,6,391.4736842105263,130,4676,1074,7652,0.0,0.0,1.0,1.0,0.0,3.0,1.0,0.0,3.0,1.0,0.0,0.0,0.0,0.0,0.0,4.0,3.0,0.0,2.0,1.0,0.0,1.0,2.0,1.0,4.0,0.0,2.0,13.0,1.0,6.0,8.0,0.0,3.0,6.0,0.0,7.0,5.0,1.0,2.0,0.0,4.0,0.0,6.0,9.0,1.0,7.0,3.0,0.0,3.0,6.0,10.0,11.0,3.0,3.0
321267154,cian.ru,Савеловский,64.0,22.0,2610.0,98,230.45454545454547,3916,9366,1470,3926,361300,238.0,75.0,8460.0,98,391.5405405405405,3916,9366,1470,3926,5.0,3.0,5.0,7.0,0.0,0.0,4.0,0.0,38.0,6.0,0.0,2.0,0.0,0.0,0.0,1.0,9.0,1.0,4.0,2.0,0.0,0.0,9.0,12.0,13.0,1.0,1.0,12.0,8.0,20.0,26.0,2.0,4.0,13.0,0.0,69.0,13.0,4.0,2.0,1.0,1.0,0.0,3.0,32.0,5.0,19.0,5.0,0.0,0.0,22.0,41.0,49.0,7.0,5.0
324167498,cian.ru,Хорошевский,83.0,,,0,191.83333333333334,140,12481,21,3687,443000,176.0,13.0,1206.0,0,344.96774193548384,140,12481,21,3687,0.0,1.0,1.0,0.0,0.0,0.0,0.0,0.0,3.0,1.0,0.0,0.0,0.0,0.0,0.0,1.0,2.0,5.0,2.0,0.0,0.0,0.0,2.0,1.0,1.0,0.0,0.0,0.0,1.0,2.0,1.0,0.0,0.0,0.0,0.0,14.0,2.0,0.0,2.0,0.0,0.0,0.0,8.0,3.0,7.0,6.0,0.0,0.0,0.0,9.0,9.0,4.0,1.0,0.0
6123813733264823296,realty.yandex.ru,Покровское-Стрешнево,49.0,22.0,1844.0,122,215.83333333333334,3310,15264,3594,6083,398600,173.0,63.0,5090.0,122,302.25,3310,15264,3594,6083,6.0,2.0,8.0,14.0,0.0,5.0,4.0,0.0,33.0,6.0,1.0,1.0,1.0,0.0,3.0,1.0,14.0,2.0,2.0,3.0,1.0,0.0,7.0,9.0,20.0,14.0,0.0,16.0,5.0,13.0,29.0,0.0,6.0,8.0,0.0,46.0,8.0,5.0,6.0,1.0,1.0,3.0,2.0,22.0,6.0,6.0,5.0,2.0,0.0,10.0,14.0,31.0,17.0,0.0
323782893,cian.ru,Преображенское,141.0,12.0,621.0,3,191.6829268292683,1168,9617,730,6435,331700,435.0,38.0,2277.0,3,359.7606837606838,1168,9617,730,6435,10.0,1.0,1.0,13.0,0.0,4.0,0.0,0.0,7.0,0.0,6.0,0.0,0.0,1.0,1.0,16.0,1.0,4.0,2.0,0.0,0.0,0.0,11.0,6.0,4.0,1.0,0.0,22.0,10.0,18.0,51.0,0.0,9.0,7.0,0.0,31.0,8.0,11.0,0.0,12.0,1.0,8.0,26.0,21.0,9.0,16.0,12.0,0.0,0.0,35.0,33.0,47.0,5.0,3.0
3941700071042051072,realty.yandex.ru,Новопеределкино,27.0,6.0,1008.0,,,374,553,1186,469,273700,99.0,41.0,6826.0,,,374,553,1186,469,6.0,2.0,1.0,0.0,0.0,0.0,2.0,0.0,1.0,0.0,1.0,0.0,0.0,0.0,0.0,0.0,2.0,0.0,0.0,0.0,0.0,0.0,1.0,2.0,1.0,2.0,0.0,7.0,3.0,6.0,3.0,0.0,0.0,4.0,0.0,20.0,7.0,5.0,1.0,0.0,0.0,0.0,0.0,7.0,0.0,1.0,0.0,0.0,0.0,2.0,7.0,5.0,5.0,2.0
6123864160336474112,realty.yandex.ru,Покровское-Стрешнево,49.0,22.0,1844.0,122,215.83333333333334,3310,15264,3594,6083,398600,173.0,63.0,5090.0,122,302.25,3310,15264,3594,6083,6.0,2.0,8.0,14.0,0.0,5.0,4.0,0.0,33.0,6.0,1.0,1.0,1.0,0.0,3.0,1.0,14.0,2.0,2.0,3.0,1.0,0.0,7.0,9.0,20.0,14.0,0.0,16.0,5.0,13.0,29.0,0.0,6.0,8.0,0.0,46.0,8.0,5.0,6.0,1.0,1.0,3.0,2.0,22.0,6.0,6.0,5.0,2.0,0.0,10.0,14.0,31.0,17.0,0.0
6123864764726480896,realty.yandex.ru,Покровское-Стрешнево,49.0,22.0,1844.0,122,215.83333333333334,3310,15264,3594,6083,398600,173.0,63.0,5090.0,122,302.25,3310,15264,3594,6083,6.0,2.0,8.0,14.0,0.0,5.0,4.0,0.0,33.0,6.0,1.0,1.0,1.0,0.0,3.0,1.0,14.0,2.0,2.0,3.0,1.0,0.0,7.0,9.0,20.0,14.0,0.0,16.0,5.0,13.0,29.0,0.0,6.0,8.0,0.0,46.0,8.0,5.0,6.0,1.0,1.0,3.0,2.0,22.0,6.0,6.0,5.0,2.0,0.0,10.0,14.0,31.0,17.0,0.0
7580444972,avito.ru,Измайлово Восточное,67.0,35.0,3599.0,73,217.75,1076,2666,2684,4897,296000,226.0,121.0,10751.0,73,388.53333333333336,1076,2666,2684,4897,8.0,1.0,7.0,4.0,0.0,1.0,5.0,0.0,11.0,4.0,3.0,2.0,2.0,0.0,0.0,0.0,14.0,2.0,3.0,2.0,0.0,0.0,5.0,9.0,2.0,4.0,1.0,43.0,4.0,24.0,26.0,1.0,2.0,14.0,0.0,25.0,6.0,11.0,6.0,7.0,2.0,0.0,1.0,29.0,6.0,8.0,8.0,0.0,0.0,9.0,23.0,7.0,26.0,3.0
320403257,cian.ru,Строгино,40.0,7.0,1605.0,2,156.66666666666666,566,5589,1734,8722,334100,105.0,30.0,6942.0,2,271.4,566,5589,1734,8722,6.0,1.0,5.0,14.0,0.0,4.0,5.0,0.0,11.0,1.0,1.0,0.0,0.0,0.0,2.0,4.0,6.0,4.0,2.0,2.0,0.0,0.0,7.0,13.0,7.0,0.0,0.0,10.0,2.0,8.0,25.0,0.0,5.0,7.0,0.0,14.0,2.0,7.0,1.0,0.0,0.0,2.0,4.0,12.0,6.0,3.0,3.0,0.0,0.0,10.0,17.0,9.0,3.0,0.0
324433537,cian.ru,Печатники,74.0,1.0,264.0,61,192.66666666666666,0,5212,62,3158,286900,215.0,20.0,2119.0,61,389.6363636363636,0,5212,62,3158,0.0,0.0,3.0,1.0,0.0,0.0,0.0,0.0,1.0,2.0,0.0,0.0,0.0,0.0,0.0,2.0,1.0,0.0,0.0,0.0,0.0,0.0,7.0,2.0,6.0,0.0,0.0,8.0,0.0,7.0,3.0,1.0,0.0,1.0,0.0,16.0,2.0,2.0,1.0,0.0,0.0,1.0,3.0,6.0,3.0,2.0,0.0,0.0,0.0,19.0,9.0,22.0,3.0,0.0
7523548143734709248,realty.yandex.ru,Савеловский,76.0,17.0,1763.0,65,183.88888888888889,1300,11967,1342,10230,361300,254.0,98.0,8893.0,65,334.95,1300,11967,1342,10230,3.0,0.0,3.0,1.0,0.0,2.0,3.0,0.0,1.0,0.0,0.0,1.0,0.0,0.0,0.0,2.0,4.0,1.0,2.0,1.0,0.0,1.0,0.0,3.0,1.0,0.0,1.0,10.0,7.0,13.0,14.0,0.0,2.0,9.0,0.0,21.0,6.0,5.0,5.0,2.0,0.0,1.0,4.0,23.0,8.0,8.0,7.0,0.0,5.0,5.0,11.0,18.0,3.0,1.0
324355716,cian.ru,Можайский,34.0,5.0,143.0,34,159.66666666666666,228,29484,296,4431,311900,76.0,13.0,286.0,34,248.2,228,29484,296,4431,1.0,0.0,3.0,4.0,0.0,1.0,2.0,0.0,8.0,3.0,0.0,0.0,0.0,0.0,0.0,5.0,2.0,1.0,1.0,2.0,0.0,0.0,3.0,7.0,7.0,16.0,0.0,1.0,0.0,3.0,4.0,0.0,1.0,2.0,0.0,11.0,4.0,1.0,0.0,0.0,0.0,0.0,6.0,2.0,1.0,2.0,2.0,0.0,1.0,4.0,13.0,8.0,18.0,0.0
323080057,cian.ru,Алексеевский,71.0,34.0,2829.0,133,190.33333333333334,2038,6233,2109,4417,397600,214.0,85.0,9918.0,133,425.7894736842105,2038,6233,2109,4417,4.0,1.0,9.0,13.0,0.0,0.0,1.0,0.0,22.0,7.0,0.0,1.0,0.0,0.0,0.0,1.0,8.0,1.0,1.0,5.0,0.0,0.0,3.0,6.0,9.0,3.0,2.0,24.0,7.0,16.0,36.0,1.0,4.0,7.0,0.0,32.0,11.0,4.0,4.0,5.0,1.0,0.0,5.0,20.0,6.0,5.0,14.0,0.0,1.0,14.0,17.0,25.0,7.0,2.0
314304930,cian.ru,Алексеевский,66.0,4.0,682.0,11,184.75,230,6709,330,3806,397600,216.0,32.0,4837.0,11,303.96153846153845,230,6709,330,3806,5.0,3.0,1.0,2.0,0.0,0.0,2.0,0.0,2.0,0.0,1.0,0.0,0.0,0.0,0.0,3.0,0.0,1.0,1.0,0.0,0.0,0.0,5.0,2.0,4.0,0.0,0.0,7.0,6.0,4.0,8.0,0.0,0.0,4.0,0.0,6.0,1.0,8.0,2.0,2.0,0.0,1.0,4.0,8.0,1.0,1.0,2.0,0.0,1.0,8.0,8.0,8.0,2.0,0.0
323368564,cian.ru,Нагатино-Садовники,60.0,15.0,2884.0,0,201.25,200,3563,428,3384,353800,219.0,32.0,5883.0,0,392.0,200,3563,428,3384,6.0,1.0,5.0,3.0,0.0,1.0,0.0,0.0,5.0,3.0,0.0,1.0,2.0,0.0,0.0,2.0,4.0,2.0,1.0,0.0,0.0,0.0,0.0,2.0,7.0,2.0,0.0,13.0,1.0,13.0,18.0,1.0,5.0,7.0,0.0,20.0,7.0,0.0,4.0,5.0,0.0,0.0,4.0,14.0,5.0,7.0,6.0,0.0,1.0,6.0,18.0,22.0,4.0,1.0
319904231,cian.ru,Чертаново Южное,25.0,4.0,985.0,36,172.6,1996,5007,3318,5162,291700,114.0,39.0,10238.0,36,288.5,1996,5007,3318,5162,4.0,0.0,6.0,0.0,0.0,2.0,4.0,0.0,3.0,2.0,1.0,1.0,1.0,0.0,0.0,3.0,5.0,6.0,0.0,0.0,0.0,1.0,5.0,3.0,0.0,1.0,1.0,6.0,4.0,16.0,15.0,0.0,3.0,9.0,0.0,7.0,8.0,8.0,7.0,3.0,1.0,2.0,3.0,21.0,7.0,6.0,0.0,0.0,1.0,6.0,8.0,8.0,3.0,2.0
7518543353,avito.ru,Ломоносовский,40.0,26.0,3121.0,0,167.0,904,14954,1522,16449,418300,188.0,93.0,10640.0,0,358.0,904,14954,1522,16449,10.0,3.0,2.0,17.0,0.0,5.0,2.0,0.0,1.0,0.0,1.0,2.0,0.0,0.0,0.0,1.0,3.0,1.0,1.0,0.0,0.0,0.0,1.0,2.0,3.0,2.0,0.0,18.0,6.0,11.0,29.0,0.0,5.0,6.0,0.0,42.0,4.0,9.0,8.0,1.0,0.0,1.0,3.0,15.0,3.0,5.0,4.0,0.0,1.0,8.0,13.0,26.0,6.0,0.0
324883226,cian.ru,Печатники,74.0,1.0,264.0,61,192.66666666666666,0,5212,62,3158,286900,215.0,20.0,2119.0,61,389.6363636363636,0,5212,62,3158,0.0,0.0,3.0,1.0,0.0,0.0,0.0,0.0,1.0,2.0,0.0,0.0,0.0,0.0,0.0,2.0,1.0,0.0,0.0,0.0,0.0,0.0,7.0,2.0,6.0,0.0,0.0,8.0,0.0,7.0,3.0,1.0,0.0,1.0,0.0,16.0,2.0,2.0,1.0,0.0,0.0,1.0,3.0,6.0,3.0,2.0,0.0,0.0,0.0,19.0,9.0,22.0,3.0,0.0
320957359,cian.ru,Алексеевский,66.0,4.0,682.0,11,184.75,230,6709,330,3806,397600,216.0,32.0,4837.0,11,303.96153846153845,230,6709,330,3806,5.0,3.0,1.0,2.0,0.0,0.0,2.0,0.0,2.0,0.0,1.0,0.0,0.0,0.0,0.0,3.0,0.0,1.0,1.0,0.0,0.0,0.0,5.0,2.0,4.0,0.0,0.0,7.0,6.0,4.0,8.0,0.0,0.0,4.0,0.0,6.0,1.0,8.0,2.0,2.0,0.0,1.0,4.0,8.0,1.0,1.0,2.0,0.0,1.0,8.0,8.0,8.0,2.0,0.0
320916511,cian.ru,Замоскворечье,45.0,9.0,1272.0,82,170.85714285714286,1164,18950,514,3572,543700,241.0,81.0,5751.0,82,401.1111111111111,1164,18950,514,3572,3.0,1.0,1.0,9.0,0.0,2.0,0.0,0.0,0.0,1.0,0.0,1.0,0.0,0.0,0.0,1.0,4.0,0.0,1.0,0.0,0.0,2.0,0.0,4.0,14.0,0.0,2.0,29.0,21.0,10.0,122.0,0.0,8.0,5.0,0.0,8.0,4.0,7.0,3.0,4.0,0.0,1.0,7.0,17.0,0.0,5.0,7.0,0.0,2.0,15.0,25.0,58.0,4.0,2.0
319320786,cian.ru,Якиманка,59.0,19.0,1630.0,75,194.33333333333334,724,11169,803,3167,680600,251.0,60.0,4656.0,75,391.23333333333335,724,11169,803,3167,21.0,1.0,0.0,7.0,0.0,1.0,3.0,0.0,1.0,0.0,3.0,0.0,2.0,0.0,0.0,0.0,4.0,0.0,1.0,1.0,0.0,2.0,3.0,4.0,5.0,4.0,0.0,66.0,7.0,20.0,39.0,0.0,3.0,6.0,0.0,17.0,5.0,5.0,1.0,28.0,1.0,3.0,5.0,14.0,2.0,8.0,5.0,0.0,5.0,19.0,33.0,49.0,5.0,1.0
325284676,cian.ru,Левобережный,60.0,10.0,1961.0,8,130.75,982,6251,3737,5773,362900,165.0,50.0,8543.0,8,202.2,982,6251,3737,5773,4.0,1.0,4.0,10.0,0.0,1.0,2.0,0.0,15.0,2.0,1.0,2.0,0.0,0.0,1.0,2.0,6.0,3.0,2.0,3.0,0.0,0.0,9.0,6.0,7.0,1.0,0.0,10.0,4.0,7.0,21.0,1.0,3.0,7.0,0.0,19.0,5.0,2.0,9.0,2.0,2.0,1.0,2.0,14.0,6.0,3.0,4.0,0.0,1.0,10.0,8.0,11.0,4.0,1.0
320566386,cian.ru,Донской,39.0,5.0,571.0,54,213.15384615384616,664,15777,297,7600,391900,149.0,27.0,3460.0,54,391.77142857142854,664,15777,297,7600,1.0,2.0,2.0,9.0,0.0,0.0,1.0,0.0,5.0,0.0,0.0,0.0,5.0,0.0,0.0,5.0,4.0,0.0,3.0,2.0,0.0,0.0,6.0,8.0,12.0,0.0,0.0,5.0,6.0,10.0,44.0,0.0,2.0,8.0,0.0,11.0,6.0,0.0,1.0,6.0,0.0,0.0,9.0,10.0,0.0,9.0,5.0,0.0,0.0,13.0,24.0,29.0,3.0,0.0
324459694,cian.ru,Беговой,49.0,18.0,1552.0,177,177.0,650,6322,946,6398,414000,151.0,39.0,5723.0,177,459.75,650,6322,946,6398,3.0,1.0,3.0,5.0,0.0,0.0,3.0,0.0,2.0,0.0,0.0,4.0,0.0,0.0,0.0,0.0,2.0,0.0,2.0,0.0,0.0,0.0,2.0,4.0,6.0,0.0,1.0,37.0,3.0,10.0,15.0,1.0,0.0,6.0,0.0,4.0,0.0,2.0,5.0,3.0,1.0,0.0,1.0,8.0,3.0,4.0,2.0,0.0,1.0,2.0,6.0,14.0,2.0,1.0
7523548143730264064,realty.yandex.ru,Донской,36.0,6.0,236.0,0,197.3,0,8325,583,7766,391900,195.0,34.0,1439.0,0,378.79411764705884,0,8325,583,7766,7.0,0.0,1.0,4.0,0.0,2.0,0.0,0.0,4.0,0.0,1.0,0.0,0.0,0.0,0.0,4.0,1.0,0.0,0.0,1.0,0.0,0.0,9.0,4.0,23.0,0.0,0.0,20.0,2.0,17.0,18.0,3.0,3.0,1.0,2.0,28.0,2.0,1.0,0.0,1.0,0.0,3.0,9.0,8.0,6.0,2.0,7.0,0.0,0.0,18.0,19.0,38.0,1.0,1.0
3965285094530065920,realty.yandex.ru,Левобережный,60.0,10.0,1961.0,8,131.125,982,6251,3737,5773,362900,165.0,50.0,8543.0,8,202.5,982,6251,3737,5773,4.0,1.0,4.0,10.0,0.0,1.0,2.0,0.0,15.0,2.0,1.0,2.0,0.0,0.0,1.0,2.0,6.0,3.0,2.0,3.0,0.0,0.0,9.0,6.0,7.0,1.0,0.0,10.0,4.0,7.0,21.0,1.0,3.0,7.0,0.0,19.0,5.0,2.0,9.0,2.0,2.0,1.0,2.0,14.0,6.0,3.0,4.0,0.0,1.0,10.0,8.0,11.0,4.0,1.0
323929827,cian.ru,Таганский,98.0,19.0,967.0,9,158.67857142857142,408,2939,188,1770,433700,460.0,57.0,3022.0,9,372.50602409638554,408,2939,188,1770,3.0,0.0,0.0,5.0,1.0,2.0,1.0,0.0,5.0,0.0,1.0,0.0,1.0,0.0,0.0,2.0,1.0,1.0,1.0,1.0,0.0,2.0,2.0,2.0,7.0,0.0,0.0,27.0,5.0,5.0,33.0,1.0,10.0,4.0,0.0,9.0,2.0,3.0,3.0,21.0,0.0,0.0,10.0,7.0,3.0,4.0,3.0,0.0,17.0,9.0,15.0,36.0,3.0,4.0
322055120,cian.ru,Левобережный,60.0,10.0,1961.0,8,130.75,982,6251,3737,5773,362900,165.0,50.0,8543.0,8,202.2,982,6251,3737,5773,4.0,1.0,4.0,10.0,0.0,1.0,2.0,0.0,15.0,2.0,1.0,2.0,0.0,0.0,1.0,2.0,6.0,3.0,2.0,3.0,0.0,0.0,9.0,6.0,7.0,1.0,0.0,10.0,4.0,7.0,21.0,1.0,3.0,7.0,0.0,19.0,5.0,2.0,9.0,2.0,2.0,1.0,2.0,14.0,6.0,3.0,4.0,0.0,1.0,10.0,8.0,11.0,4.0,1.0
325032573,cian.ru,Гагаринский,42.0,9.0,1072.0,45,101.2,312,6882,604,6049,454900,195.0,37.0,5529.0,45,334.57142857142856,312,6882,604,6049,1.0,3.0,3.0,9.0,0.0,0.0,1.0,0.0,3.0,0.0,2.0,2.0,0.0,0.0,0.0,3.0,4.0,0.0,4.0,0.0,0.0,0.0,4.0,3.0,5.0,1.0,1.0,4.0,5.0,8.0,23.0,0.0,0.0,5.0,0.0,10.0,2.0,4.0,6.0,0.0,3.0,0.0,5.0,10.0,4.0,6.0,3.0,0.0,0.0,6.0,5.0,9.0,4.0,2.0
8139937773192707072,realty.yandex.ru,Строгино,34.0,6.0,1242.0,83,131.0,424,6676,1406,8423,334100,103.0,29.0,6219.0,83,346.5,424,6676,1406,8423,5.0,1.0,1.0,11.0,0.0,3.0,1.0,0.0,8.0,0.0,2.0,0.0,0.0,0.0,0.0,2.0,0.0,4.0,3.0,1.0,0.0,0.0,6.0,9.0,2.0,1.0,0.0,9.0,2.0,13.0,27.0,0.0,4.0,10.0,0.0,17.0,3.0,6.0,1.0,0.0,0.0,3.0,4.0,18.0,8.0,3.0,5.0,0.0,0.0,9.0,17.0,8.0,3.0,0.0
5228409285432273920,realty.yandex.ru,Ломоносовский,39.0,25.0,2908.0,21,205.5,904,14954,1522,16449,418300,184.0,92.0,10458.0,21,360.1818181818182,904,14954,1522,16449,10.0,3.0,2.0,17.0,0.0,5.0,2.0,0.0,1.0,0.0,1.0,2.0,0.0,0.0,0.0,1.0,3.0,1.0,1.0,0.0,0.0,0.0,1.0,2.0,3.0,1.0,0.0,18.0,6.0,10.0,29.0,0.0,5.0,7.0,0.0,40.0,4.0,10.0,8.0,1.0,0.0,1.0,3.0,14.0,3.0,5.0,4.0,0.0,1.0,8.0,13.0,26.0,6.0,0.0
6123948378223275008,realty.yandex.ru,Покровское-Стрешнево,49.0,22.0,1844.0,122,215.83333333333334,3310,15264,3594,6083,398600,173.0,63.0,5090.0,122,302.25,3310,15264,3594,6083,6.0,2.0,8.0,14.0,0.0,5.0,4.0,0.0,33.0,6.0,1.0,1.0,1.0,0.0,3.0,1.0,14.0,2.0,2.0,3.0,1.0,0.0,7.0,9.0,20.0,14.0,0.0,16.0,5.0,13.0,29.0,0.0,6.0,8.0,0.0,46.0,8.0,5.0,6.0,1.0,1.0,3.0,2.0,22.0,6.0,6.0,5.0,2.0,0.0,10.0,14.0,31.0,17.0,0.0
322948135,cian.ru,Перово ,55.0,1.0,30.0,97,177.4,0,4153,8,3893,294700,139.0,3.0,54.0,97,405.0,0,4153,8,3893,1.0,1.0,0.0,0.0,0.0,0.0,0.0,0.0,7.0,0.0,0.0,0.0,0.0,0.0,0.0,0.0,0.0,1.0,0.0,2.0,0.0,0.0,4.0,2.0,0.0,0.0,0.0,2.0,1.0,4.0,2.0,0.0,0.0,0.0,0.0,13.0,0.0,0.0,0.0,0.0,0.0,0.0,1.0,0.0,3.0,0.0,2.0,0.0,0.0,5.0,3.0,2.0,0.0,0.0
6123969670324086784,realty.yandex.ru,Покровское-Стрешнево,49.0,22.0,1844.0,122,215.83333333333334,3310,15264,3594,6083,398600,173.0,63.0,5090.0,122,302.25,3310,15264,3594,6083,6.0,2.0,8.0,14.0,0.0,5.0,4.0,0.0,33.0,6.0,1.0,1.0,1.0,0.0,3.0,1.0,14.0,2.0,2.0,3.0,1.0,0.0,7.0,9.0,20.0,14.0,0.0,16.0,5.0,13.0,29.0,0.0,6.0,8.0,0.0,46.0,8.0,5.0,6.0,1.0,1.0,3.0,2.0,22.0,6.0,6.0,5.0,2.0,0.0,10.0,14.0,31.0,17.0,0.0
320840735,cian.ru,Ломоносовский,40.0,26.0,3121.0,0,167.33333333333334,904,14954,1522,16449,418300,188.0,93.0,10640.0,0,358.54545454545456,904,14954,1522,16449,10.0,3.0,2.0,17.0,0.0,5.0,2.0,0.0,1.0,0.0,1.0,2.0,0.0,0.0,0.0,1.0,3.0,1.0,1.0,0.0,0.0,0.0,1.0,2.0,3.0,2.0,0.0,18.0,6.0,11.0,29.0,0.0,5.0,6.0,0.0,42.0,4.0,9.0,8.0,1.0,0.0,1.0,3.0,15.0,3.0,5.0,4.0,0.0,1.0,8.0,13.0,26.0,6.0,0.0
321502310,cian.ru,Печатники,8.0,,,0,119.0,0,776,1,194,286900,49.0,4.0,955.0,0,358.875,0,776,1,194,0.0,0.0,0.0,0.0,0.0,0.0,0.0,0.0,2.0,0.0,0.0,0.0,0.0,0.0,0.0,0.0,0.0,0.0,0.0,0.0,0.0,0.0,1.0,0.0,0.0,0.0,0.0,2.0,0.0,2.0,2.0,0.0,0.0,1.0,1.0,3.0,0.0,0.0,1.0,0.0,0.0,1.0,0.0,5.0,1.0,1.0,1.0,0.0,0.0,1.0,0.0,1.0,2.0,1.0
320273559,cian.ru,Алексеевский,47.0,33.0,2542.0,0,36.0,424,6505,1327,5288,397600,184.0,100.0,9968.0,0,391.2857142857143,424,6505,1327,5288,0.0,1.0,1.0,2.0,0.0,2.0,3.0,0.0,2.0,3.0,1.0,3.0,1.0,0.0,0.0,3.0,7.0,1.0,0.0,2.0,0.0,0.0,1.0,2.0,1.0,2.0,0.0,18.0,7.0,12.0,42.0,2.0,3.0,19.0,0.0,14.0,5.0,4.0,9.0,11.0,6.0,0.0,3.0,32.0,3.0,4.0,8.0,0.0,0.0,4.0,9.0,20.0,6.0,0.0
3940063261430284800,realty.yandex.ru,Савеловский,73.0,13.0,1280.0,0,191.11111111111111,808,11967,1171,10230,361300,255.0,98.0,8817.0,0,305.72222222222223,808,11967,1171,10230,3.0,1.0,3.0,2.0,0.0,1.0,2.0,0.0,2.0,1.0,0.0,0.0,0.0,0.0,0.0,2.0,5.0,2.0,2.0,3.0,0.0,4.0,2.0,3.0,3.0,0.0,1.0,12.0,6.0,11.0,11.0,1.0,2.0,9.0,0.0,18.0,6.0,5.0,5.0,3.0,0.0,0.0,4.0,19.0,7.0,7.0,7.0,0.0,5.0,7.0,11.0,18.0,3.0,1.0
320859293,cian.ru,Савеловский,81.0,32.0,2454.0,0,178.2,4444,11999,5137,8371,361300,221.0,115.0,9432.0,0,295.57894736842104,4444,11999,5137,8371,4.0,4.0,2.0,13.0,0.0,0.0,2.0,0.0,5.0,4.0,2.0,3.0,3.0,0.0,0.0,0.0,4.0,1.0,1.0,1.0,0.0,0.0,5.0,5.0,8.0,1.0,1.0,17.0,15.0,7.0,32.0,1.0,0.0,9.0,0.0,11.0,11.0,4.0,6.0,4.0,0.0,1.0,2.0,19.0,4.0,6.0,6.0,1.0,1.0,13.0,15.0,35.0,2.0,1.0
6123813838877761536,realty.yandex.ru,Нагатинский Затон,55.0,9.0,2116.0,1,81.85714285714286,422,1248,1443,1538,359600,178.0,70.0,10195.0,1,249.3846153846154,422,1248,1443,1538,4.0,1.0,1.0,6.0,0.0,1.0,6.0,0.0,9.0,10.0,1.0,0.0,1.0,0.0,0.0,1.0,4.0,0.0,3.0,4.0,0.0,0.0,3.0,6.0,2.0,2.0,0.0,10.0,3.0,9.0,23.0,0.0,5.0,11.0,0.0,25.0,14.0,5.0,8.0,1.0,1.0,2.0,1.0,35.0,4.0,5.0,10.0,0.0,0.0,4.0,13.0,26.0,5.0,1.0
322905300,cian.ru,Филевский Парк,49.0,13.0,3406.0,0,183.22222222222223,1778,53510,8394,16562,402300,152.0,46.0,7320.0,0,369.0967741935484,1778,53510,8394,16562,1.0,1.0,7.0,12.0,2.0,2.0,0.0,1.0,4.0,3.0,1.0,1.0,0.0,0.0,1.0,2.0,5.0,0.0,2.0,2.0,1.0,0.0,3.0,3.0,21.0,1.0,0.0,8.0,3.0,16.0,24.0,2.0,3.0,2.0,1.0,44.0,10.0,1.0,3.0,0.0,0.0,6.0,6.0,16.0,4.0,5.0,9.0,1.0,0.0,16.0,27.0,50.0,1.0,1.0
325137059,cian.ru,Новокосино,37.0,17.0,2755.0,,,1034,1465,1737,1894,272400,106.0,44.0,8052.0,,,1034,1465,1737,1894,1.0,0.0,2.0,3.0,1.0,1.0,4.0,0.0,2.0,3.0,0.0,1.0,1.0,0.0,1.0,0.0,7.0,4.0,0.0,2.0,0.0,2.0,1.0,1.0,0.0,0.0,0.0,1.0,1.0,8.0,15.0,1.0,1.0,10.0,0.0,10.0,9.0,6.0,6.0,1.0,0.0,2.0,0.0,24.0,7.0,2.0,3.0,0.0,2.0,2.0,5.0,6.0,2.0,0.0
3967137546321401856,realty.yandex.ru,Останкинский,26.0,12.0,2216.0,127,195.5,1530,1124,2413,3681,380300,129.0,46.0,7062.0,127,412.0,1530,1124,2413,3681,3.0,1.0,6.0,4.0,1.0,0.0,3.0,0.0,21.0,1.0,0.0,1.0,0.0,0.0,0.0,0.0,5.0,2.0,3.0,3.0,1.0,0.0,2.0,2.0,12.0,3.0,0.0,8.0,2.0,14.0,15.0,1.0,0.0,10.0,0.0,46.0,7.0,2.0,4.0,0.0,0.0,2.0,0.0,14.0,6.0,7.0,6.0,21.0,0.0,8.0,14.0,48.0,5.0,1.0
323796267,cian.ru,Донской,41.0,3.0,226.0,72,182.46666666666667,0,3715,450,14379,391900,214.0,49.0,3059.0,72,349.15,0,3715,450,14379,9.0,0.0,13.0,14.0,0.0,3.0,0.0,2.0,17.0,0.0,0.0,1.0,0.0,0.0,1.0,4.0,3.0,3.0,0.0,4.0,0.0,0.0,12.0,14.0,29.0,0.0,0.0,18.0,8.0,23.0,35.0,1.0,4.0,5.0,2.0,32.0,7.0,1.0,3.0,3.0,4.0,2.0,9.0,14.0,5.0,7.0,7.0,0.0,0.0,24.0,26.0,46.0,2.0,1.0
321014252,cian.ru,Хорошевский,69.0,3.0,725.0,0,117.75,1224,5863,2245,6053,443000,261.0,11.0,977.0,0,311.94117647058823,1224,5863,2245,6053,0.0,0.0,0.0,0.0,0.0,0.0,1.0,0.0,3.0,0.0,0.0,0.0,0.0,0.0,0.0,1.0,2.0,0.0,0.0,0.0,0.0,0.0,5.0,0.0,3.0,1.0,0.0,1.0,2.0,2.0,1.0,0.0,0.0,2.0,0.0,6.0,2.0,1.0,0.0,3.0,0.0,0.0,2.0,3.0,0.0,3.0,0.0,0.0,0.0,9.0,4.0,6.0,1.0,0.0
8139937778371812352,realty.yandex.ru,Донской,52.0,14.0,748.0,60,187.0,104,3539,1085,8804,391900,206.0,54.0,3199.0,60,347.975,104,3539,1085,8804,10.0,1.0,7.0,12.0,0.0,2.0,1.0,0.0,12.0,2.0,1.0,0.0,0.0,0.0,0.0,4.0,2.0,2.0,3.0,3.0,0.0,0.0,13.0,11.0,18.0,1.0,0.0,18.0,5.0,18.0,33.0,2.0,3.0,4.0,2.0,35.0,8.0,1.0,3.0,3.0,4.0,2.0,8.0,16.0,7.0,6.0,7.0,0.0,1.0,22.0,23.0,42.0,2.0,1.0
8660284132705446912,realty.yandex.ru,Перово ,48.0,25.0,2565.0,170,228.5,546,1047,3342,3359,294700,201.0,112.0,10956.0,170,445.9375,546,1047,3342,3359,0.0,1.0,2.0,3.0,0.0,0.0,6.0,0.0,6.0,6.0,1.0,4.0,0.0,0.0,1.0,0.0,9.0,1.0,2.0,2.0,0.0,0.0,0.0,3.0,4.0,1.0,0.0,6.0,9.0,10.0,21.0,0.0,2.0,9.0,0.0,26.0,12.0,4.0,7.0,0.0,0.0,3.0,0.0,24.0,6.0,5.0,4.0,0.0,1.0,1.0,17.0,15.0,4.0,1.0
322905306,cian.ru,Филевский Парк,49.0,13.0,3406.0,0,183.22222222222223,1778,53510,8394,16562,402300,152.0,46.0,7320.0,0,369.0967741935484,1778,53510,8394,16562,1.0,1.0,7.0,12.0,2.0,2.0,0.0,1.0,4.0,3.0,1.0,1.0,0.0,0.0,1.0,2.0,5.0,0.0,2.0,2.0,1.0,0.0,3.0,3.0,21.0,1.0,0.0,8.0,3.0,16.0,24.0,2.0,3.0,2.0,1.0,44.0,10.0,1.0,3.0,0.0,0.0,6.0,6.0,16.0,4.0,5.0,9.0,1.0,0.0,16.0,27.0,50.0,1.0,1.0
321393669,cian.ru,Замоскворечье,71.0,10.0,116.0,51,181.2,274,22067,252,15891,543700,322.0,54.0,2763.0,51,393.8421052631579,274,22067,252,15891,1.0,3.0,5.0,5.0,1.0,2.0,0.0,0.0,3.0,0.0,0.0,0.0,0.0,0.0,0.0,6.0,0.0,0.0,1.0,0.0,0.0,0.0,4.0,5.0,5.0,0.0,1.0,11.0,8.0,16.0,27.0,2.0,3.0,4.0,0.0,35.0,7.0,2.0,0.0,5.0,0.0,0.0,17.0,6.0,5.0,10.0,6.0,0.0,4.0,28.0,28.0,45.0,2.0,4.0
324979519,cian.ru,Нагатино-Садовники,45.0,16.0,3656.0,18,186.5,2040,13175,1821,12516,353800,235.0,42.0,7914.0,18,444.0,2040,13175,1821,12516,8.0,1.0,6.0,8.0,0.0,2.0,4.0,0.0,6.0,4.0,0.0,4.0,2.0,0.0,0.0,2.0,10.0,1.0,1.0,3.0,0.0,0.0,2.0,5.0,10.0,3.0,0.0,10.0,1.0,13.0,17.0,1.0,5.0,8.0,0.0,19.0,7.0,0.0,5.0,7.0,0.0,0.0,4.0,17.0,5.0,5.0,5.0,0.0,1.0,5.0,17.0,23.0,4.0,1.0
324552515,cian.ru,Дорогомилово,40.0,18.0,2630.0,187,191.0,764,2396,528,1340,530200,136.0,61.0,6692.0,187,422.54545454545456,764,2396,528,1340,1.0,3.0,3.0,13.0,0.0,1.0,2.0,0.0,9.0,3.0,2.0,1.0,1.0,0.0,0.0,1.0,5.0,1.0,4.0,1.0,0.0,0.0,7.0,6.0,13.0,2.0,1.0,3.0,10.0,15.0,46.0,0.0,4.0,9.0,0.0,70.0,9.0,5.0,2.0,1.0,0.0,2.0,3.0,13.0,5.0,11.0,9.0,0.0,1.0,13.0,23.0,47.0,7.0,1.0
320119421,cian.ru,Черемушки,51.0,12.0,1303.0,34,167.75,174,15355,1863,19058,361200,175.0,45.0,4426.0,34,332.7894736842105,174,15355,1863,19058,6.0,1.0,5.0,3.0,0.0,1.0,1.0,0.0,7.0,4.0,0.0,1.0,0.0,0.0,0.0,4.0,2.0,3.0,1.0,0.0,0.0,0.0,6.0,8.0,3.0,0.0,1.0,17.0,5.0,9.0,7.0,0.0,2.0,5.0,0.0,10.0,5.0,4.0,4.0,0.0,0.0,0.0,6.0,9.0,3.0,4.0,1.0,0.0,0.0,12.0,10.0,11.0,2.0,1.0
323792870,cian.ru,Черемушки,51.0,10.0,1009.0,23,160.8,438,15704,1726,18349,361200,162.0,33.0,3455.0,23,359.88235294117646,438,15704,1726,18349,5.0,1.0,2.0,3.0,0.0,0.0,3.0,0.0,5.0,0.0,0.0,1.0,0.0,0.0,0.0,2.0,3.0,3.0,1.0,0.0,0.0,0.0,5.0,7.0,3.0,0.0,0.0,16.0,4.0,8.0,5.0,0.0,2.0,4.0,0.0,8.0,4.0,2.0,3.0,3.0,0.0,0.0,6.0,7.0,3.0,3.0,1.0,0.0,1.0,13.0,11.0,5.0,2.0,1.0
324661891,cian.ru,Черемушки,51.0,10.0,1009.0,23,160.8,438,15704,1726,18349,361200,162.0,33.0,3455.0,23,359.88235294117646,438,15704,1726,18349,5.0,1.0,2.0,3.0,0.0,0.0,3.0,0.0,5.0,0.0,0.0,1.0,0.0,0.0,0.0,2.0,3.0,3.0,1.0,0.0,0.0,0.0,5.0,7.0,3.0,0.0,0.0,16.0,4.0,8.0,5.0,0.0,2.0,4.0,0.0,8.0,4.0,2.0,3.0,3.0,0.0,0.0,6.0,7.0,3.0,3.0,1.0,0.0,1.0,13.0,11.0,5.0,2.0,1.0
322019541,cian.ru,Останкинский,62.0,12.0,1359.0,0,122.25,578,4803,542,6447,380300,212.0,85.0,10332.0,0,371.0416666666667,578,4803,542,6447,3.0,2.0,2.0,5.0,1.0,1.0,1.0,0.0,3.0,1.0,0.0,0.0,2.0,0.0,0.0,2.0,4.0,1.0,2.0,5.0,0.0,0.0,4.0,2.0,2.0,3.0,0.0,22.0,11.0,16.0,41.0,1.0,3.0,8.0,0.0,40.0,11.0,3.0,3.0,3.0,0.0,0.0,3.0,25.0,7.0,8.0,16.0,1.0,0.0,19.0,22.0,22.0,8.0,2.0
4777675775672634368,realty.yandex.ru,Строгино,34.0,6.0,1242.0,83,131.0,424,6676,1406,8423,334100,103.0,29.0,6219.0,83,346.5,424,6676,1406,8423,5.0,1.0,1.0,11.0,0.0,3.0,1.0,0.0,8.0,0.0,2.0,0.0,0.0,0.0,0.0,2.0,0.0,4.0,3.0,1.0,0.0,0.0,6.0,9.0,2.0,1.0,0.0,9.0,2.0,13.0,27.0,0.0,4.0,10.0,0.0,17.0,3.0,6.0,1.0,0.0,0.0,3.0,4.0,18.0,8.0,3.0,5.0,0.0,0.0,9.0,17.0,8.0,3.0,0.0
324371223,cian.ru,Донской,36.0,11.0,1003.0,9,133.125,344,5929,282,3340,391900,183.0,32.0,3134.0,9,331.1904761904762,344,5929,282,3340,0.0,3.0,0.0,2.0,0.0,0.0,2.0,0.0,0.0,0.0,0.0,0.0,1.0,0.0,0.0,1.0,1.0,0.0,2.0,0.0,0.0,0.0,0.0,0.0,2.0,2.0,0.0,10.0,6.0,3.0,34.0,0.0,5.0,4.0,0.0,3.0,5.0,4.0,1.0,2.0,0.0,0.0,4.0,8.0,0.0,6.0,3.0,0.0,6.0,6.0,9.0,14.0,3.0,0.0
323814260,cian.ru,Басманный,42.0,6.0,943.0,0,196.46666666666667,1024,39038,749,27613,461200,232.0,37.0,3573.0,0,329.2972972972973,1024,39038,749,27613,9.0,3.0,1.0,5.0,0.0,1.0,1.0,0.0,8.0,0.0,0.0,1.0,17.0,0.0,0.0,6.0,4.0,0.0,4.0,2.0,0.0,0.0,10.0,4.0,17.0,0.0,0.0,13.0,4.0,3.0,8.0,0.0,3.0,3.0,0.0,9.0,1.0,1.0,1.0,34.0,1.0,1.0,6.0,7.0,4.0,5.0,5.0,0.0,3.0,16.0,4.0,21.0,0.0,1.0
322152302,cian.ru,Басманный,42.0,6.0,943.0,0,196.46666666666667,1024,39038,749,27613,461200,232.0,37.0,3573.0,0,329.2972972972973,1024,39038,749,27613,9.0,3.0,1.0,5.0,0.0,1.0,1.0,0.0,8.0,0.0,0.0,1.0,17.0,0.0,0.0,6.0,4.0,0.0,4.0,2.0,0.0,0.0,10.0,4.0,17.0,0.0,0.0,13.0,4.0,3.0,8.0,0.0,3.0,3.0,0.0,9.0,1.0,1.0,1.0,34.0,1.0,1.0,6.0,7.0,4.0,5.0,5.0,0.0,3.0,16.0,4.0,21.0,0.0,1.0
3988266986255419904,realty.yandex.ru,Новокосино,37.0,17.0,2755.0,,,1034,1465,2459,2039,272400,107.0,44.0,8052.0,,,1034,1465,2459,2039,1.0,0.0,2.0,4.0,1.0,1.0,4.0,0.0,2.0,3.0,0.0,1.0,1.0,0.0,1.0,0.0,8.0,4.0,0.0,2.0,0.0,2.0,1.0,1.0,0.0,0.0,0.0,1.0,2.0,7.0,15.0,1.0,1.0,10.0,0.0,9.0,9.0,6.0,5.0,1.0,0.0,2.0,0.0,24.0,7.0,2.0,3.0,0.0,2.0,2.0,5.0,6.0,2.0,0.0
322536758,cian.ru,Останкинский,54.0,14.0,1173.0,51,201.28571428571428,892,2748,1051,3264,380300,212.0,52.0,6603.0,51,270.38461538461536,892,2748,1051,3264,2.0,1.0,0.0,1.0,0.0,0.0,3.0,0.0,7.0,1.0,0.0,0.0,0.0,0.0,0.0,1.0,6.0,0.0,2.0,0.0,0.0,2.0,1.0,2.0,7.0,0.0,0.0,5.0,2.0,1.0,8.0,0.0,3.0,6.0,0.0,9.0,3.0,3.0,2.0,7.0,0.0,0.0,1.0,9.0,2.0,4.0,1.0,1.0,2.0,7.0,6.0,16.0,2.0,0.0
322926227,cian.ru,Щукино,53.0,18.0,1232.0,49,116.5,314,4232,653,7031,395300,210.0,97.0,5738.0,49,298.55555555555554,314,4232,653,7031,13.0,1.0,3.0,3.0,0.0,1.0,1.0,0.0,0.0,0.0,3.0,1.0,0.0,0.0,0.0,1.0,1.0,0.0,0.0,0.0,0.0,0.0,0.0,2.0,1.0,0.0,0.0,46.0,2.0,5.0,14.0,2.0,2.0,4.0,0.0,1.0,0.0,5.0,4.0,8.0,4.0,0.0,1.0,8.0,0.0,2.0,0.0,0.0,2.0,1.0,3.0,10.0,1.0,0.0
6858718410151740416,realty.yandex.ru,Басманный,134.0,12.0,503.0,2,170.5185185185185,76,9128,464,7974,461200,363.0,53.0,4542.0,2,355.05405405405406,76,9128,464,7974,3.0,3.0,4.0,8.0,0.0,1.0,1.0,0.0,5.0,1.0,1.0,1.0,0.0,0.0,0.0,6.0,10.0,4.0,3.0,1.0,0.0,0.0,15.0,8.0,9.0,2.0,1.0,12.0,8.0,15.0,14.0,2.0,4.0,5.0,0.0,9.0,11.0,6.0,5.0,11.0,0.0,0.0,11.0,26.0,6.0,11.0,5.0,0.0,6.0,21.0,20.0,25.0,6.0,1.0
6858718409265998848,realty.yandex.ru,Алексеевский,47.0,33.0,2542.0,0,36.0,424,6505,1327,5288,397600,184.0,100.0,9968.0,0,391.35714285714283,424,6505,1327,5288,0.0,1.0,1.0,2.0,0.0,2.0,3.0,0.0,2.0,3.0,1.0,3.0,1.0,0.0,0.0,3.0,7.0,1.0,0.0,2.0,0.0,0.0,1.0,2.0,1.0,2.0,0.0,18.0,7.0,12.0,42.0,2.0,3.0,19.0,0.0,14.0,5.0,4.0,9.0,11.0,6.0,0.0,3.0,32.0,3.0,4.0,8.0,0.0,0.0,4.0,9.0,20.0,6.0,0.0
324455125,cian.ru,Теплый Стан,22.0,11.0,1906.0,0,0.0,370,12038,1590,5384,312900,79.0,32.0,6965.0,0,269.3333333333333,370,12038,1590,5384,1.0,0.0,2.0,2.0,0.0,2.0,1.0,0.0,1.0,0.0,1.0,2.0,0.0,0.0,0.0,1.0,4.0,0.0,2.0,2.0,0.0,0.0,1.0,4.0,4.0,2.0,0.0,2.0,2.0,9.0,8.0,1.0,5.0,4.0,0.0,6.0,1.0,5.0,6.0,0.0,0.0,1.0,1.0,21.0,2.0,4.0,3.0,0.0,0.0,6.0,7.0,9.0,5.0,0.0
325172661,cian.ru,Черемушки,51.0,10.0,1009.0,23,160.8,438,15704,1726,18349,361200,162.0,33.0,3455.0,23,359.88235294117646,438,15704,1726,18349,5.0,1.0,2.0,3.0,0.0,0.0,3.0,0.0,5.0,0.0,0.0,1.0,0.0,0.0,0.0,2.0,3.0,3.0,1.0,0.0,0.0,0.0,5.0,7.0,3.0,0.0,0.0,16.0,4.0,8.0,5.0,0.0,2.0,4.0,0.0,8.0,4.0,2.0,3.0,3.0,0.0,0.0,6.0,7.0,3.0,3.0,1.0,0.0,1.0,13.0,11.0,5.0,2.0,1.0
324898504,cian.ru,Можайский,23.0,13.0,1931.0,6,86.5,2268,8031,4682,4690,311900,131.0,68.0,9252.0,6,315.2,2268,8031,4682,4690,0.0,1.0,2.0,5.0,0.0,1.0,2.0,0.0,6.0,1.0,1.0,3.0,0.0,0.0,1.0,1.0,3.0,4.0,6.0,0.0,0.0,0.0,1.0,1.0,4.0,0.0,0.0,1.0,4.0,11.0,14.0,0.0,1.0,7.0,0.0,29.0,6.0,5.0,6.0,0.0,0.0,2.0,2.0,16.0,7.0,14.0,5.0,0.0,0.0,6.0,5.0,12.0,4.0,2.0
324109169,cian.ru,Можайский,31.0,8.0,143.0,0,129.0,228,29484,372,35651,311900,91.0,14.0,529.0,0,286.46153846153845,228,29484,372,35651,1.0,0.0,3.0,4.0,0.0,1.0,2.0,0.0,8.0,4.0,0.0,0.0,0.0,0.0,0.0,5.0,2.0,1.0,1.0,1.0,0.0,0.0,3.0,10.0,7.0,18.0,0.0,1.0,0.0,3.0,4.0,0.0,1.0,2.0,0.0,11.0,4.0,1.0,0.0,0.0,0.0,0.0,6.0,2.0,1.0,3.0,2.0,0.0,1.0,6.0,13.0,7.0,18.0,0.0
324148638,cian.ru,Донской,36.0,11.0,1003.0,9,133.125,344,5929,282,3340,391900,183.0,32.0,3134.0,9,331.1904761904762,344,5929,282,3340,0.0,3.0,0.0,2.0,0.0,0.0,2.0,0.0,0.0,0.0,0.0,0.0,1.0,0.0,0.0,1.0,1.0,0.0,2.0,0.0,0.0,0.0,0.0,0.0,2.0,2.0,0.0,10.0,6.0,3.0,34.0,0.0,5.0,4.0,0.0,3.0,5.0,4.0,1.0,2.0,0.0,0.0,4.0,8.0,0.0,6.0,3.0,0.0,6.0,6.0,9.0,14.0,3.0,0.0
322335974,cian.ru,Орехово-Борисово Северное,29.0,4.0,776.0,4,159.6,640,13749,6519,18532,295800,126.0,33.0,8624.0,4,318.72727272727275,640,13749,6519,18532,2.0,1.0,7.0,11.0,0.0,2.0,1.0,1.0,4.0,1.0,0.0,0.0,2.0,0.0,2.0,1.0,6.0,1.0,2.0,2.0,6.0,0.0,4.0,13.0,35.0,1.0,0.0,6.0,2.0,14.0,16.0,0.0,3.0,6.0,1.0,10.0,4.0,3.0,5.0,5.0,0.0,3.0,1.0,17.0,3.0,2.0,2.0,6.0,0.0,4.0,15.0,41.0,7.0,0.0
325254728,cian.ru,Можайский,31.0,8.0,143.0,0,129.0,228,29484,372,35651,311900,91.0,14.0,529.0,0,286.46153846153845,228,29484,372,35651,1.0,0.0,3.0,4.0,0.0,1.0,2.0,0.0,8.0,4.0,0.0,0.0,0.0,0.0,0.0,5.0,2.0,1.0,1.0,1.0,0.0,0.0,3.0,10.0,7.0,18.0,0.0,1.0,0.0,3.0,4.0,0.0,1.0,2.0,0.0,11.0,4.0,1.0,0.0,0.0,0.0,0.0,6.0,2.0,1.0,3.0,2.0,0.0,1.0,6.0,13.0,7.0,18.0,0.0
324619366,cian.ru,Можайский,31.0,8.0,143.0,0,129.0,228,29484,372,35651,311900,91.0,14.0,529.0,0,286.46153846153845,228,29484,372,35651,1.0,0.0,3.0,4.0,0.0,1.0,2.0,0.0,8.0,4.0,0.0,0.0,0.0,0.0,0.0,5.0,2.0,1.0,1.0,1.0,0.0,0.0,3.0,10.0,7.0,18.0,0.0,1.0,0.0,3.0,4.0,0.0,1.0,2.0,0.0,11.0,4.0,1.0,0.0,0.0,0.0,0.0,6.0,2.0,1.0,3.0,2.0,0.0,1.0,6.0,13.0,7.0,18.0,0.0
323922366,cian.ru,Донской,36.0,11.0,1003.0,9,133.125,344,5929,282,3340,391900,183.0,32.0,3134.0,9,331.1904761904762,344,5929,282,3340,0.0,3.0,0.0,2.0,0.0,0.0,2.0,0.0,0.0,0.0,0.0,0.0,1.0,0.0,0.0,1.0,1.0,0.0,2.0,0.0,0.0,0.0,0.0,0.0,2.0,2.0,0.0,10.0,6.0,3.0,34.0,0.0,5.0,4.0,0.0,3.0,5.0,4.0,1.0,2.0,0.0,0.0,4.0,8.0,0.0,6.0,3.0,0.0,6.0,6.0,9.0,14.0,3.0,0.0
3966105355571185152,realty.yandex.ru,Покровское-Стрешнево,34.0,,,9,160.8,1018,8863,116,2934,398600,148.0,21.0,1888.0,9,326.7368421052632,1018,8863,116,2934,3.0,0.0,1.0,0.0,0.0,0.0,0.0,0.0,3.0,0.0,0.0,0.0,0.0,0.0,0.0,2.0,1.0,1.0,0.0,0.0,0.0,0.0,4.0,1.0,0.0,0.0,0.0,3.0,0.0,1.0,3.0,1.0,1.0,0.0,0.0,5.0,0.0,2.0,2.0,1.0,0.0,0.0,4.0,5.0,1.0,0.0,1.0,0.0,0.0,6.0,8.0,3.0,1.0,0.0
324655136,cian.ru,Можайский,30.0,12.0,143.0,0,154.375,0,16674,270,35651,311900,82.0,16.0,1020.0,0,295.85714285714283,0,16674,270,35651,1.0,0.0,3.0,4.0,0.0,1.0,1.0,0.0,11.0,4.0,0.0,0.0,0.0,0.0,0.0,5.0,0.0,1.0,2.0,1.0,0.0,0.0,3.0,10.0,5.0,18.0,0.0,1.0,0.0,3.0,7.0,0.0,1.0,2.0,0.0,11.0,4.0,1.0,0.0,0.0,0.0,0.0,6.0,2.0,2.0,3.0,2.0,0.0,1.0,9.0,15.0,9.0,18.0,0.0
324168241,cian.ru,Покровское-Стрешнево,22.0,1.0,97.0,70,186.4,1494,10998,0,2635,398600,110.0,17.0,1548.0,70,397.625,1494,10998,0,2635,0.0,0.0,0.0,0.0,0.0,0.0,1.0,0.0,0.0,0.0,0.0,0.0,0.0,0.0,0.0,0.0,2.0,0.0,0.0,0.0,0.0,0.0,0.0,0.0,0.0,0.0,0.0,3.0,2.0,6.0,1.0,0.0,1.0,1.0,0.0,9.0,1.0,2.0,0.0,2.0,0.0,0.0,3.0,3.0,2.0,0.0,1.0,0.0,0.0,2.0,5.0,5.0,1.0,0.0
323928647,cian.ru,Бутырский,27.0,4.0,852.0,0,193.16666666666666,936,21216,3425,20383,385200,129.0,17.0,4832.0,0,438.5833333333333,936,21216,3425,20383,3.0,1.0,6.0,8.0,0.0,2.0,2.0,1.0,13.0,3.0,0.0,0.0,1.0,0.0,0.0,3.0,5.0,6.0,4.0,2.0,0.0,0.0,9.0,11.0,30.0,0.0,0.0,5.0,6.0,11.0,26.0,0.0,6.0,5.0,1.0,30.0,6.0,0.0,2.0,2.0,0.0,2.0,12.0,16.0,9.0,7.0,6.0,0.0,0.0,23.0,25.0,72.0,1.0,0.0
323857590,cian.ru,Можайский,31.0,8.0,143.0,0,129.0,228,29484,372,35651,311900,91.0,14.0,529.0,0,286.46153846153845,228,29484,372,35651,1.0,0.0,3.0,4.0,0.0,1.0,2.0,0.0,8.0,4.0,0.0,0.0,0.0,0.0,0.0,5.0,2.0,1.0,1.0,1.0,0.0,0.0,3.0,10.0,7.0,18.0,0.0,1.0,0.0,3.0,4.0,0.0,1.0,2.0,0.0,11.0,4.0,1.0,0.0,0.0,0.0,0.0,6.0,2.0,1.0,3.0,2.0,0.0,1.0,6.0,13.0,7.0,18.0,0.0
323548528,cian.ru,Левобережный,60.0,10.0,1961.0,8,130.75,982,6251,3737,5773,362900,165.0,50.0,8543.0,8,202.2,982,6251,3737,5773,4.0,1.0,4.0,10.0,0.0,1.0,2.0,0.0,15.0,2.0,1.0,2.0,0.0,0.0,1.0,2.0,6.0,3.0,2.0,3.0,0.0,0.0,9.0,6.0,7.0,1.0,0.0,10.0,4.0,7.0,21.0,1.0,3.0,7.0,0.0,19.0,5.0,2.0,9.0,2.0,2.0,1.0,2.0,14.0,6.0,3.0,4.0,0.0,1.0,10.0,8.0,11.0,4.0,1.0
322058563,cian.ru,Лефортово,30.0,13.0,2918.0,0,174.3,7218,8352,3965,4927,279300,132.0,44.0,8187.0,0,371.3076923076923,7218,8352,3965,4927,0.0,1.0,3.0,12.0,0.0,5.0,2.0,0.0,3.0,1.0,0.0,1.0,0.0,0.0,0.0,3.0,6.0,1.0,1.0,1.0,0.0,0.0,7.0,9.0,6.0,1.0,0.0,6.0,2.0,21.0,29.0,0.0,7.0,6.0,1.0,22.0,17.0,3.0,3.0,0.0,0.0,2.0,6.0,13.0,2.0,5.0,6.0,9.0,0.0,13.0,30.0,32.0,5.0,1.0
5203054433263444992,realty.yandex.ru,Нагатино-Садовники,44.0,14.0,3528.0,11,180.75,2040,13175,1821,12516,353800,233.0,42.0,7914.0,11,440.42857142857144,2040,13175,1821,12516,7.0,1.0,6.0,8.0,0.0,2.0,4.0,0.0,6.0,4.0,0.0,4.0,2.0,0.0,0.0,2.0,10.0,1.0,1.0,3.0,0.0,0.0,2.0,5.0,10.0,3.0,0.0,10.0,1.0,13.0,17.0,1.0,5.0,8.0,0.0,21.0,7.0,0.0,5.0,6.0,0.0,0.0,4.0,17.0,5.0,5.0,5.0,0.0,1.0,5.0,17.0,23.0,4.0,1.0
2502385282104368128,realty.yandex.ru,Черемушки,54.0,10.0,1009.0,0,168.33333333333334,438,15704,1726,18349,361200,166.0,34.0,3535.0,0,344.2352941176471,438,15704,1726,18349,6.0,1.0,2.0,5.0,0.0,0.0,2.0,0.0,7.0,0.0,0.0,1.0,0.0,0.0,0.0,5.0,4.0,3.0,1.0,0.0,0.0,0.0,6.0,8.0,3.0,0.0,0.0,16.0,4.0,8.0,5.0,0.0,2.0,4.0,0.0,8.0,4.0,2.0,3.0,0.0,0.0,0.0,6.0,7.0,3.0,3.0,1.0,0.0,0.0,13.0,11.0,5.0,2.0,1.0
322134113,cian.ru,Хорошевский,89.0,,,23,207.9,0,3695,5,4049,443000,213.0,1.0,48.0,23,305.30555555555554,0,3695,5,4049,0.0,1.0,1.0,0.0,0.0,0.0,0.0,0.0,9.0,1.0,0.0,0.0,0.0,0.0,0.0,6.0,0.0,3.0,4.0,0.0,0.0,0.0,4.0,3.0,0.0,0.0,0.0,0.0,1.0,2.0,1.0,0.0,0.0,0.0,0.0,17.0,3.0,0.0,0.0,0.0,0.0,0.0,8.0,3.0,7.0,6.0,0.0,0.0,0.0,9.0,10.0,2.0,0.0,1.0
323200987,cian.ru,Хорошевский,72.0,2.0,60.0,27,223.8,1194,15231,813,10245,443000,247.0,46.0,5754.0,27,401.5217391304348,1194,15231,813,10245,0.0,2.0,2.0,1.0,0.0,0.0,1.0,0.0,1.0,1.0,1.0,0.0,2.0,0.0,0.0,1.0,2.0,0.0,2.0,1.0,0.0,0.0,2.0,2.0,3.0,0.0,0.0,16.0,5.0,17.0,34.0,1.0,1.0,7.0,0.0,33.0,10.0,1.0,2.0,3.0,0.0,2.0,2.0,16.0,2.0,8.0,6.0,3.0,0.0,11.0,25.0,46.0,3.0,0.0
324390187,cian.ru,Лефортово,102.0,13.0,1304.0,0,137.1,212,8239,1835,8003,279300,244.0,33.0,3881.0,0,386.19444444444446,212,8239,1835,8003,1.0,0.0,1.0,3.0,0.0,2.0,1.0,0.0,6.0,3.0,2.0,0.0,0.0,0.0,1.0,0.0,1.0,1.0,0.0,2.0,0.0,2.0,5.0,8.0,4.0,1.0,0.0,3.0,1.0,3.0,7.0,0.0,4.0,4.0,0.0,14.0,7.0,2.0,3.0,4.0,1.0,2.0,2.0,11.0,3.0,3.0,5.0,0.0,3.0,12.0,10.0,18.0,1.0,1.0
3987628968732521984,realty.yandex.ru,Даниловский,60.0,2.0,96.0,0,150.63636363636363,192,6135,378,5744,399100,249.0,54.0,3850.0,0,341.4,192,6135,378,5744,5.0,1.0,1.0,3.0,0.0,3.0,1.0,0.0,6.0,1.0,0.0,1.0,0.0,0.0,0.0,6.0,0.0,0.0,4.0,2.0,0.0,0.0,8.0,13.0,8.0,0.0,0.0,10.0,4.0,3.0,13.0,2.0,3.0,3.0,0.0,12.0,6.0,3.0,3.0,4.0,0.0,0.0,7.0,6.0,0.0,8.0,5.0,0.0,3.0,12.0,18.0,17.0,3.0,0.0
3940753168374278144,realty.yandex.ru,Басманный,42.0,6.0,943.0,0,196.06666666666666,1024,39038,749,27613,461200,232.0,37.0,3573.0,0,329.18918918918916,1024,39038,749,27613,9.0,3.0,1.0,5.0,0.0,1.0,1.0,0.0,8.0,0.0,0.0,1.0,17.0,0.0,0.0,6.0,4.0,0.0,4.0,2.0,0.0,0.0,10.0,4.0,17.0,0.0,0.0,13.0,4.0,3.0,8.0,0.0,3.0,3.0,0.0,9.0,1.0,1.0,1.0,34.0,1.0,1.0,6.0,7.0,4.0,5.0,5.0,0.0,3.0,16.0,4.0,21.0,0.0,1.0
324144029,cian.ru,Очаково-Матвеевское,22.0,11.0,1364.0,,,1266,3296,764,2382,361200,72.0,26.0,3030.0,354,354.0,1266,3296,764,2382,10.0,1.0,2.0,4.0,0.0,1.0,0.0,0.0,0.0,2.0,0.0,2.0,0.0,0.0,0.0,0.0,1.0,0.0,1.0,0.0,0.0,0.0,1.0,3.0,2.0,0.0,0.0,24.0,3.0,2.0,8.0,0.0,4.0,1.0,0.0,0.0,2.0,2.0,3.0,4.0,1.0,0.0,0.0,2.0,1.0,1.0,1.0,0.0,2.0,1.0,5.0,5.0,1.0,0.0
320830636,cian.ru,Сокольники,66.0,13.0,663.0,33,125.78571428571429,1046,8457,3315,21268,367600,299.0,61.0,4127.0,33,373.57142857142856,1046,8457,3315,21268,4.0,2.0,3.0,6.0,2.0,3.0,1.0,0.0,1.0,1.0,2.0,0.0,3.0,0.0,1.0,4.0,4.0,0.0,2.0,3.0,0.0,0.0,4.0,1.0,12.0,2.0,0.0,31.0,6.0,12.0,35.0,3.0,7.0,4.0,0.0,8.0,4.0,4.0,3.0,6.0,0.0,1.0,8.0,18.0,5.0,5.0,9.0,0.0,3.0,14.0,9.0,24.0,9.0,2.0
8427502013113764864,realty.yandex.ru,Лефортово,101.0,12.0,1054.0,0,137.2,212,8239,1835,8003,279300,244.0,33.0,3881.0,0,386.19444444444446,212,8239,1835,8003,1.0,0.0,1.0,3.0,0.0,2.0,1.0,0.0,6.0,3.0,2.0,0.0,0.0,0.0,1.0,0.0,1.0,1.0,0.0,2.0,0.0,2.0,5.0,8.0,4.0,1.0,0.0,3.0,1.0,3.0,7.0,0.0,4.0,4.0,0.0,14.0,7.0,2.0,3.0,4.0,1.0,2.0,2.0,11.0,3.0,3.0,5.0,0.0,3.0,12.0,10.0,18.0,1.0,1.0
6122991515242101760,realty.yandex.ru,Можайский,31.0,8.0,143.0,0,128.85714285714286,228,29484,372,35651,311900,91.0,14.0,529.0,0,286.53846153846155,228,29484,372,35651,1.0,0.0,3.0,4.0,0.0,1.0,2.0,0.0,8.0,4.0,0.0,0.0,0.0,0.0,0.0,5.0,2.0,1.0,1.0,1.0,0.0,0.0,3.0,10.0,7.0,18.0,0.0,1.0,0.0,3.0,4.0,0.0,1.0,2.0,0.0,11.0,4.0,1.0,0.0,0.0,0.0,0.0,6.0,2.0,1.0,3.0,2.0,0.0,1.0,6.0,13.0,7.0,18.0,0.0
324695782,cian.ru,Даниловский,69.0,7.0,152.0,70,148.9,26,6135,180,5744,399100,270.0,56.0,3101.0,70,388.56756756756755,26,6135,180,5744,6.0,1.0,1.0,3.0,0.0,3.0,1.0,0.0,6.0,1.0,0.0,1.0,1.0,0.0,0.0,6.0,0.0,0.0,5.0,2.0,0.0,0.0,8.0,13.0,8.0,0.0,0.0,10.0,4.0,3.0,15.0,2.0,5.0,1.0,0.0,12.0,6.0,3.0,3.0,4.0,0.0,0.0,8.0,6.0,0.0,8.0,4.0,0.0,3.0,10.0,18.0,17.0,3.0,0.0
3786967450365865984,realty.yandex.ru,Можайский,31.0,8.0,143.0,0,128.85714285714286,228,29484,372,35651,311900,91.0,14.0,529.0,0,286.53846153846155,228,29484,372,35651,1.0,0.0,3.0,4.0,0.0,1.0,2.0,0.0,8.0,4.0,0.0,0.0,0.0,0.0,0.0,5.0,2.0,1.0,1.0,1.0,0.0,0.0,3.0,10.0,7.0,18.0,0.0,1.0,0.0,3.0,4.0,0.0,1.0,2.0,0.0,11.0,4.0,1.0,0.0,0.0,0.0,0.0,6.0,2.0,1.0,3.0,2.0,0.0,1.0,6.0,13.0,7.0,18.0,0.0
5096683341531535360,realty.yandex.ru,Можайский,31.0,8.0,143.0,0,128.85714285714286,228,29484,372,35651,311900,91.0,14.0,529.0,0,286.53846153846155,228,29484,372,35651,1.0,0.0,3.0,4.0,0.0,1.0,2.0,0.0,8.0,4.0,0.0,0.0,0.0,0.0,0.0,5.0,2.0,1.0,1.0,1.0,0.0,0.0,3.0,10.0,7.0,18.0,0.0,1.0,0.0,3.0,4.0,0.0,1.0,2.0,0.0,11.0,4.0,1.0,0.0,0.0,0.0,0.0,6.0,2.0,1.0,3.0,2.0,0.0,1.0,6.0,13.0,7.0,18.0,0.0
8660284132700832768,realty.yandex.ru,Можайский,16.0,9.0,534.0,0,160.25,2688,5828,881,2813,311900,97.0,38.0,2709.0,0,419.39130434782606,2688,5828,881,2813,0.0,0.0,0.0,2.0,0.0,0.0,1.0,0.0,3.0,1.0,1.0,0.0,0.0,0.0,0.0,1.0,0.0,0.0,0.0,0.0,0.0,0.0,2.0,6.0,0.0,2.0,0.0,3.0,2.0,7.0,11.0,0.0,2.0,5.0,0.0,12.0,7.0,2.0,0.0,1.0,0.0,0.0,5.0,6.0,2.0,4.0,4.0,0.0,0.0,8.0,17.0,12.0,18.0,0.0
6122991519679620096,realty.yandex.ru,Можайский,31.0,8.0,143.0,0,128.85714285714286,228,29484,372,35651,311900,91.0,14.0,529.0,0,286.53846153846155,228,29484,372,35651,1.0,0.0,3.0,4.0,0.0,1.0,2.0,0.0,8.0,4.0,0.0,0.0,0.0,0.0,0.0,5.0,2.0,1.0,1.0,1.0,0.0,0.0,3.0,10.0,7.0,18.0,0.0,1.0,0.0,3.0,4.0,0.0,1.0,2.0,0.0,11.0,4.0,1.0,0.0,0.0,0.0,0.0,6.0,2.0,1.0,3.0,2.0,0.0,1.0,6.0,13.0,7.0,18.0,0.0
5096683258106188800,realty.yandex.ru,Можайский,31.0,8.0,143.0,0,128.85714285714286,228,29484,372,35651,311900,91.0,14.0,529.0,0,286.53846153846155,228,29484,372,35651,1.0,0.0,3.0,4.0,0.0,1.0,2.0,0.0,8.0,4.0,0.0,0.0,0.0,0.0,0.0,5.0,2.0,1.0,1.0,1.0,0.0,0.0,3.0,10.0,7.0,18.0,0.0,1.0,0.0,3.0,4.0,0.0,1.0,2.0,0.0,11.0,4.0,1.0,0.0,0.0,0.0,0.0,6.0,2.0,1.0,3.0,2.0,0.0,1.0,6.0,13.0,7.0,18.0,0.0
3940063261427246080,realty.yandex.ru,Даниловский,60.0,2.0,96.0,0,150.63636363636363,192,6135,378,5744,399100,249.0,54.0,3850.0,0,341.4,192,6135,378,5744,5.0,1.0,1.0,3.0,0.0,3.0,1.0,0.0,6.0,1.0,0.0,1.0,0.0,0.0,0.0,6.0,0.0,0.0,4.0,2.0,0.0,0.0,8.0,13.0,8.0,0.0,0.0,10.0,4.0,3.0,13.0,2.0,3.0,3.0,0.0,12.0,6.0,3.0,3.0,4.0,0.0,0.0,7.0,6.0,0.0,8.0,5.0,0.0,3.0,12.0,18.0,17.0,3.0,0.0
319651062,cian.ru,Даниловский,61.0,2.0,96.0,0,150.45454545454547,192,6135,378,5744,399100,249.0,54.0,3850.0,0,341.1666666666667,192,6135,378,5744,5.0,1.0,1.0,3.0,0.0,3.0,1.0,0.0,6.0,1.0,0.0,1.0,0.0,0.0,0.0,6.0,0.0,0.0,4.0,2.0,0.0,0.0,8.0,13.0,8.0,0.0,0.0,10.0,4.0,3.0,13.0,2.0,3.0,3.0,0.0,12.0,6.0,3.0,3.0,4.0,0.0,0.0,7.0,6.0,0.0,8.0,5.0,0.0,3.0,12.0,18.0,17.0,3.0,0.0
323906532,cian.ru,Даниловский,61.0,2.0,96.0,0,150.45454545454547,192,6135,378,5744,399100,249.0,54.0,3850.0,0,341.1666666666667,192,6135,378,5744,5.0,1.0,1.0,3.0,0.0,3.0,1.0,0.0,6.0,1.0,0.0,1.0,0.0,0.0,0.0,6.0,0.0,0.0,4.0,2.0,0.0,0.0,8.0,13.0,8.0,0.0,0.0,10.0,4.0,3.0,13.0,2.0,3.0,3.0,0.0,12.0,6.0,3.0,3.0,4.0,0.0,0.0,7.0,6.0,0.0,8.0,5.0,0.0,3.0,12.0,18.0,17.0,3.0,0.0
320682691,cian.ru,Даниловский,61.0,2.0,96.0,0,150.45454545454547,192,6135,378,5744,399100,249.0,54.0,3850.0,0,341.1666666666667,192,6135,378,5744,5.0,1.0,1.0,3.0,0.0,3.0,1.0,0.0,6.0,1.0,0.0,1.0,0.0,0.0,0.0,6.0,0.0,0.0,4.0,2.0,0.0,0.0,8.0,13.0,8.0,0.0,0.0,10.0,4.0,3.0,13.0,2.0,3.0,3.0,0.0,12.0,6.0,3.0,3.0,4.0,0.0,0.0,7.0,6.0,0.0,8.0,5.0,0.0,3.0,12.0,18.0,17.0,3.0,0.0
323471155,cian.ru,Даниловский,61.0,2.0,96.0,0,150.45454545454547,192,6135,378,5744,399100,249.0,54.0,3850.0,0,341.1666666666667,192,6135,378,5744,5.0,1.0,1.0,3.0,0.0,3.0,1.0,0.0,6.0,1.0,0.0,1.0,0.0,0.0,0.0,6.0,0.0,0.0,4.0,2.0,0.0,0.0,8.0,13.0,8.0,0.0,0.0,10.0,4.0,3.0,13.0,2.0,3.0,3.0,0.0,12.0,6.0,3.0,3.0,4.0,0.0,0.0,7.0,6.0,0.0,8.0,5.0,0.0,3.0,12.0,18.0,17.0,3.0,0.0
321239475,cian.ru,Даниловский,61.0,2.0,96.0,0,150.45454545454547,192,6135,378,5744,399100,249.0,54.0,3850.0,0,341.1666666666667,192,6135,378,5744,5.0,1.0,1.0,3.0,0.0,3.0,1.0,0.0,6.0,1.0,0.0,1.0,0.0,0.0,0.0,6.0,0.0,0.0,4.0,2.0,0.0,0.0,8.0,13.0,8.0,0.0,0.0,10.0,4.0,3.0,13.0,2.0,3.0,3.0,0.0,12.0,6.0,3.0,3.0,4.0,0.0,0.0,7.0,6.0,0.0,8.0,5.0,0.0,3.0,12.0,18.0,17.0,3.0,0.0
320375666,cian.ru,Хорошевский,82.0,,,6,200.07692307692307,0,3695,14,3429,443000,228.0,3.0,101.0,6,354.3157894736842,0,3695,14,3429,0.0,1.0,1.0,0.0,0.0,0.0,0.0,0.0,8.0,0.0,0.0,0.0,0.0,0.0,0.0,6.0,0.0,3.0,5.0,0.0,0.0,0.0,4.0,5.0,0.0,0.0,0.0,0.0,1.0,2.0,1.0,0.0,0.0,0.0,0.0,22.0,3.0,0.0,0.0,0.0,0.0,0.0,8.0,3.0,7.0,5.0,0.0,0.0,0.0,11.0,10.0,2.0,0.0,1.0
3051474282605426176,realty.yandex.ru,Москворечье-Сабурово,19.0,3.0,692.0,167,224.2,0,498,0,124,300500,123.0,11.0,2721.0,167,405.0625,0,498,0,124,1.0,0.0,1.0,0.0,0.0,0.0,0.0,0.0,4.0,1.0,0.0,0.0,0.0,0.0,0.0,0.0,0.0,0.0,0.0,0.0,0.0,0.0,2.0,0.0,1.0,0.0,0.0,6.0,0.0,3.0,3.0,0.0,0.0,3.0,0.0,11.0,7.0,0.0,1.0,0.0,0.0,0.0,0.0,4.0,0.0,1.0,0.0,0.0,0.0,5.0,1.0,7.0,0.0,0.0
325230139,cian.ru,Коммунарка,22.0,19.0,4613.0,,,7898,2217,3703,393,291400,109.0,98.0,12035.0,,,7898,2217,3703,393,1.0,2.0,0.0,10.0,0.0,0.0,1.0,0.0,1.0,4.0,1.0,3.0,0.0,0.0,0.0,0.0,6.0,1.0,1.0,1.0,1.0,0.0,1.0,2.0,1.0,0.0,0.0,9.0,6.0,15.0,30.0,0.0,5.0,10.0,0.0,22.0,27.0,1.0,6.0,0.0,0.0,0.0,0.0,23.0,5.0,6.0,3.0,1.0,0.0,5.0,20.0,20.0,0.0,0.0
320542599,cian.ru,Можайский,19.0,2.0,311.0,0,161.16666666666666,1702,15748,108,8043,311900,125.0,33.0,2986.0,0,382.5217391304348,1702,15748,108,8043,0.0,0.0,1.0,0.0,0.0,0.0,1.0,0.0,1.0,0.0,0.0,0.0,0.0,0.0,0.0,1.0,1.0,0.0,0.0,0.0,0.0,0.0,2.0,0.0,0.0,0.0,0.0,5.0,2.0,7.0,12.0,1.0,2.0,4.0,0.0,24.0,1.0,1.0,2.0,0.0,0.0,0.0,2.0,9.0,3.0,2.0,3.0,0.0,0.0,6.0,7.0,5.0,1.0,0.0
324402362,cian.ru,Коммунарка,10.0,9.0,256.0,,,256,30,12,0,291400,22.0,20.0,605.0,,,256,30,12,0,0.0,0.0,0.0,0.0,0.0,0.0,0.0,0.0,0.0,0.0,0.0,0.0,0.0,0.0,0.0,0.0,0.0,0.0,0.0,0.0,0.0,0.0,0.0,0.0,0.0,0.0,0.0,0.0,0.0,0.0,0.0,0.0,0.0,0.0,0.0,0.0,0.0,0.0,0.0,0.0,0.0,0.0,0.0,1.0,0.0,0.0,1.0,0.0,0.0,0.0,0.0,0.0,0.0,0.0
320205242,cian.ru,Хорошево-Мневники,46.0,21.0,2628.0,150,192.0,988,923,1763,1007,454100,147.0,69.0,7323.0,150,326.75,988,923,1763,1007,2.0,1.0,3.0,8.0,0.0,1.0,3.0,0.0,0.0,1.0,1.0,4.0,0.0,0.0,0.0,0.0,6.0,3.0,1.0,0.0,0.0,0.0,1.0,2.0,0.0,1.0,1.0,7.0,5.0,6.0,13.0,0.0,1.0,7.0,0.0,17.0,5.0,6.0,10.0,0.0,0.0,0.0,0.0,13.0,6.0,3.0,3.0,0.0,1.0,2.0,5.0,5.0,1.0,2.0
324927773,cian.ru,Даниловский,60.0,4.0,510.0,0,166.1,390,6075,391,7753,399100,204.0,49.0,5229.0,0,343.2857142857143,390,6075,391,7753,2.0,2.0,1.0,8.0,1.0,2.0,2.0,0.0,1.0,1.0,1.0,1.0,1.0,0.0,0.0,3.0,4.0,0.0,4.0,2.0,0.0,0.0,4.0,12.0,9.0,1.0,0.0,7.0,3.0,2.0,11.0,1.0,3.0,3.0,0.0,8.0,4.0,1.0,3.0,3.0,0.0,0.0,7.0,6.0,2.0,7.0,3.0,0.0,0.0,12.0,17.0,18.0,2.0,0.0
324791108,cian.ru,Кунцево,25.0,19.0,1421.0,,,434,612,913,247,351900,87.0,57.0,4533.0,,,434,612,913,247,1.0,0.0,1.0,1.0,0.0,0.0,4.0,0.0,3.0,3.0,1.0,2.0,0.0,0.0,0.0,0.0,2.0,1.0,1.0,0.0,0.0,0.0,1.0,1.0,0.0,0.0,0.0,2.0,0.0,5.0,2.0,1.0,1.0,6.0,0.0,7.0,4.0,2.0,3.0,0.0,0.0,0.0,0.0,10.0,3.0,2.0,0.0,0.0,0.0,2.0,2.0,5.0,3.0,0.0
322149383,cian.ru,Чертаново Центральное,40.0,,,99,182.25,0,118,0,0,287200,110.0,,,99,388.8125,0,118,0,0,0.0,0.0,0.0,0.0,0.0,0.0,0.0,0.0,2.0,0.0,0.0,0.0,0.0,0.0,0.0,1.0,0.0,0.0,0.0,0.0,0.0,0.0,0.0,0.0,0.0,0.0,0.0,0.0,0.0,0.0,0.0,0.0,0.0,0.0,0.0,5.0,0.0,0.0,0.0,0.0,0.0,0.0,1.0,0.0,7.0,0.0,0.0,0.0,0.0,1.0,1.0,0.0,0.0,0.0
320094038,cian.ru,Можайский,19.0,2.0,311.0,0,161.16666666666666,1702,15748,108,8043,311900,125.0,33.0,2986.0,0,382.5217391304348,1702,15748,108,8043,0.0,0.0,1.0,0.0,0.0,0.0,1.0,0.0,1.0,0.0,0.0,0.0,0.0,0.0,0.0,1.0,1.0,0.0,0.0,0.0,0.0,0.0,2.0,0.0,0.0,0.0,0.0,5.0,2.0,7.0,12.0,1.0,2.0,4.0,0.0,24.0,1.0,1.0,2.0,0.0,0.0,0.0,2.0,9.0,3.0,2.0,3.0,0.0,0.0,6.0,7.0,5.0,1.0,0.0
323750211,cian.ru,Даниловский,60.0,4.0,510.0,0,166.1,390,6075,391,7753,399100,204.0,49.0,5229.0,0,343.2857142857143,390,6075,391,7753,2.0,2.0,1.0,8.0,1.0,2.0,2.0,0.0,1.0,1.0,1.0,1.0,1.0,0.0,0.0,3.0,4.0,0.0,4.0,2.0,0.0,0.0,4.0,12.0,9.0,1.0,0.0,7.0,3.0,2.0,11.0,1.0,3.0,3.0,0.0,8.0,4.0,1.0,3.0,3.0,0.0,0.0,7.0,6.0,2.0,7.0,3.0,0.0,0.0,12.0,17.0,18.0,2.0,0.0
320555420,cian.ru,Даниловский,60.0,4.0,510.0,0,166.1,390,6075,391,7753,399100,204.0,49.0,5229.0,0,343.2857142857143,390,6075,391,7753,2.0,2.0,1.0,8.0,1.0,2.0,2.0,0.0,1.0,1.0,1.0,1.0,1.0,0.0,0.0,3.0,4.0,0.0,4.0,2.0,0.0,0.0,4.0,12.0,9.0,1.0,0.0,7.0,3.0,2.0,11.0,1.0,3.0,3.0,0.0,8.0,4.0,1.0,3.0,3.0,0.0,0.0,7.0,6.0,2.0,7.0,3.0,0.0,0.0,12.0,17.0,18.0,2.0,0.0
306948989167028800,realty.yandex.ru,Можайский,7.0,,,7,115.0,1752,1199,1689,2928,311900,29.0,,,7,154.6,1752,1199,1689,2928,0.0,0.0,1.0,0.0,1.0,0.0,0.0,0.0,1.0,0.0,0.0,1.0,1.0,0.0,0.0,4.0,0.0,1.0,0.0,0.0,0.0,0.0,2.0,0.0,4.0,0.0,0.0,0.0,0.0,1.0,0.0,1.0,0.0,0.0,0.0,3.0,0.0,0.0,1.0,1.0,0.0,0.0,4.0,0.0,1.0,0.0,0.0,0.0,0.0,3.0,0.0,4.0,0.0,0.0
325262241,cian.ru,Нагатино-Садовники,44.0,,,0,163.25,228,4417,574,3318,353800,123.0,15.0,2593.0,0,312.7,228,4417,574,3318,30.0,0.0,0.0,0.0,0.0,2.0,0.0,0.0,3.0,0.0,0.0,0.0,2.0,1.0,0.0,0.0,0.0,0.0,0.0,0.0,0.0,1.0,5.0,0.0,0.0,0.0,0.0,39.0,1.0,0.0,5.0,0.0,4.0,1.0,1.0,12.0,1.0,0.0,2.0,2.0,1.0,2.0,1.0,2.0,0.0,1.0,1.0,0.0,1.0,8.0,4.0,6.0,4.0,1.0
320127516,cian.ru,Можайский,8.0,,,4,73.5,1752,1199,1689,2928,311900,26.0,,,4,128.6,1752,1199,1689,2928,0.0,0.0,1.0,0.0,1.0,0.0,0.0,0.0,1.0,0.0,0.0,1.0,1.0,0.0,0.0,4.0,0.0,1.0,0.0,0.0,0.0,0.0,2.0,0.0,4.0,0.0,0.0,0.0,0.0,1.0,0.0,1.0,0.0,0.0,0.0,2.0,0.0,0.0,1.0,1.0,0.0,0.0,4.0,0.0,1.0,0.0,0.0,0.0,0.0,3.0,0.0,4.0,0.0,0.0
3987628968732459008,realty.yandex.ru,Можайский,9.0,,,43,95.5,1752,1199,1689,2928,311900,28.0,,,43,145.0,1752,1199,1689,2928,0.0,0.0,1.0,0.0,1.0,0.0,0.0,0.0,1.0,0.0,0.0,1.0,1.0,0.0,0.0,4.0,0.0,1.0,0.0,0.0,0.0,0.0,2.0,0.0,4.0,0.0,0.0,0.0,0.0,1.0,0.0,1.0,0.0,0.0,0.0,3.0,0.0,0.0,1.0,1.0,0.0,0.0,4.0,0.0,1.0,0.0,0.0,0.0,0.0,3.0,0.0,4.0,0.0,0.0
320736542,cian.ru,Теплый Стан,22.0,11.0,1906.0,0,0.0,370,12038,1590,5384,312900,79.0,32.0,6965.0,0,269.3333333333333,370,12038,1590,5384,1.0,0.0,2.0,2.0,0.0,2.0,1.0,0.0,1.0,0.0,1.0,2.0,0.0,0.0,0.0,1.0,4.0,0.0,2.0,2.0,0.0,0.0,1.0,4.0,4.0,2.0,0.0,2.0,2.0,9.0,8.0,1.0,5.0,4.0,0.0,6.0,1.0,5.0,6.0,0.0,0.0,1.0,1.0,21.0,2.0,4.0,3.0,0.0,0.0,6.0,7.0,9.0,5.0,0.0
323169183,cian.ru,Даниловский,34.0,3.0,687.0,116,170.0,28,3511,80,2036,399100,85.0,20.0,6622.0,116,346.7142857142857,28,3511,80,2036,7.0,2.0,1.0,5.0,0.0,0.0,2.0,0.0,1.0,1.0,0.0,1.0,1.0,0.0,0.0,0.0,3.0,2.0,2.0,1.0,0.0,1.0,0.0,0.0,3.0,0.0,1.0,12.0,4.0,11.0,29.0,0.0,5.0,5.0,0.0,12.0,6.0,1.0,2.0,5.0,0.0,2.0,1.0,11.0,3.0,4.0,5.0,9.0,1.0,6.0,28.0,46.0,0.0,1.0
323675514,cian.ru,Теплый Стан,22.0,11.0,1906.0,0,0.0,370,12038,1590,5384,312900,79.0,32.0,6965.0,0,269.3333333333333,370,12038,1590,5384,1.0,0.0,2.0,2.0,0.0,2.0,1.0,0.0,1.0,0.0,1.0,2.0,0.0,0.0,0.0,1.0,4.0,0.0,2.0,2.0,0.0,0.0,1.0,4.0,4.0,2.0,0.0,2.0,2.0,9.0,8.0,1.0,5.0,4.0,0.0,6.0,1.0,5.0,6.0,0.0,0.0,1.0,1.0,21.0,2.0,4.0,3.0,0.0,0.0,6.0,7.0,9.0,5.0,0.0
323661118,cian.ru,Даниловский,61.0,2.0,96.0,0,150.45454545454547,192,6135,378,5744,399100,249.0,54.0,3850.0,0,341.1666666666667,192,6135,378,5744,5.0,1.0,1.0,3.0,0.0,3.0,1.0,0.0,6.0,1.0,0.0,1.0,0.0,0.0,0.0,6.0,0.0,0.0,4.0,2.0,0.0,0.0,8.0,13.0,8.0,0.0,0.0,10.0,4.0,3.0,13.0,2.0,3.0,3.0,0.0,12.0,6.0,3.0,3.0,4.0,0.0,0.0,7.0,6.0,0.0,8.0,5.0,0.0,3.0,12.0,18.0,17.0,3.0,0.0
321868346,cian.ru,Нагатино-Садовники,67.0,1.0,195.0,0,165.5,962,19690,175,21537,353800,191.0,38.0,6033.0,0,303.89473684210526,962,19690,175,21537,3.0,1.0,3.0,2.0,0.0,2.0,0.0,0.0,3.0,0.0,0.0,0.0,1.0,0.0,0.0,3.0,2.0,1.0,2.0,2.0,0.0,0.0,8.0,3.0,7.0,0.0,0.0,10.0,2.0,11.0,13.0,0.0,4.0,5.0,0.0,15.0,5.0,1.0,3.0,3.0,0.0,1.0,5.0,9.0,1.0,5.0,3.0,0.0,0.0,10.0,7.0,15.0,4.0,1.0
323169030,cian.ru,Нижегородский,16.0,3.0,55.0,34,149.0,11114,18144,2349,20619,362800,97.0,17.0,4150.0,34,312.0,11114,18144,2349,20619,1.0,0.0,5.0,5.0,0.0,0.0,0.0,1.0,10.0,1.0,0.0,0.0,0.0,0.0,3.0,1.0,3.0,0.0,2.0,1.0,3.0,1.0,3.0,4.0,20.0,1.0,0.0,4.0,1.0,10.0,11.0,0.0,2.0,4.0,1.0,13.0,4.0,2.0,0.0,0.0,0.0,3.0,2.0,8.0,0.0,3.0,2.0,3.0,1.0,6.0,9.0,24.0,1.0,1.0
319830750,cian.ru,Солнцево,6.0,,,71,143.25,0,4894,0,3055,284300,20.0,2.0,2.0,71,253.66666666666666,0,4894,0,3055,2.0,1.0,6.0,4.0,0.0,0.0,2.0,0.0,18.0,1.0,0.0,0.0,1.0,0.0,7.0,5.0,12.0,2.0,2.0,3.0,0.0,0.0,9.0,15.0,21.0,0.0,0.0,3.0,1.0,8.0,7.0,0.0,2.0,3.0,0.0,23.0,2.0,0.0,1.0,1.0,0.0,7.0,7.0,16.0,3.0,3.0,4.0,0.0,0.0,15.0,20.0,27.0,0.0,0.0
319892072,cian.ru,Пресненский,15.0,2.0,2243.0,0,0.0,11442,51636,1325,565,621300,99.0,27.0,6573.0,0,395.1818181818182,11442,51636,1325,565,3.0,1.0,4.0,4.0,0.0,0.0,2.0,0.0,3.0,0.0,0.0,0.0,0.0,0.0,1.0,0.0,5.0,0.0,1.0,1.0,0.0,0.0,1.0,2.0,0.0,1.0,0.0,6.0,5.0,11.0,14.0,0.0,1.0,4.0,0.0,14.0,2.0,2.0,2.0,4.0,0.0,1.0,2.0,9.0,4.0,6.0,4.0,0.0,2.0,5.0,11.0,9.0,2.0,0.0
324091867,cian.ru,Солнцево,6.0,,,71,143.25,0,4894,0,3055,284300,20.0,2.0,2.0,71,253.66666666666666,0,4894,0,3055,2.0,1.0,6.0,4.0,0.0,0.0,2.0,0.0,18.0,1.0,0.0,0.0,1.0,0.0,7.0,5.0,12.0,2.0,2.0,3.0,0.0,0.0,9.0,15.0,21.0,0.0,0.0,3.0,1.0,8.0,7.0,0.0,2.0,3.0,0.0,23.0,2.0,0.0,1.0,1.0,0.0,7.0,7.0,16.0,3.0,3.0,4.0,0.0,0.0,15.0,20.0,27.0,0.0,0.0
7661695521,avito.ru,Мещанский,136.0,41.0,1316.0,2,194.0857142857143,2106,37133,1393,24943,530600,589.0,234.0,7493.0,2,374.8738738738739,2106,37133,1393,24943,12.0,5.0,5.0,55.0,0.0,1.0,4.0,0.0,13.0,4.0,2.0,0.0,11.0,0.0,1.0,5.0,7.0,0.0,6.0,2.0,0.0,2.0,2.0,13.0,31.0,3.0,2.0,98.0,38.0,26.0,145.0,1.0,6.0,10.0,0.0,24.0,14.0,7.0,6.0,15.0,0.0,1.0,21.0,13.0,3.0,16.0,16.0,0.0,5.0,14.0,36.0,97.0,16.0,5.0
304669428,cian.ru,Сокол,37.0,24.0,1781.0,,,3878,24524,2396,1970,390900,143.0,67.0,6424.0,371,401.0,3878,24524,2396,1970,0.0,0.0,0.0,1.0,0.0,0.0,3.0,0.0,0.0,0.0,0.0,1.0,1.0,0.0,0.0,0.0,1.0,0.0,0.0,1.0,0.0,0.0,0.0,0.0,0.0,0.0,0.0,12.0,4.0,6.0,11.0,1.0,0.0,6.0,0.0,5.0,1.0,7.0,5.0,2.0,6.0,0.0,0.0,11.0,1.0,2.0,3.0,0.0,1.0,2.0,6.0,11.0,3.0,0.0
6123182622297235456,realty.yandex.ru,Можайский,19.0,2.0,311.0,0,161.16666666666666,1702,15748,108,8043,311900,125.0,33.0,2986.0,0,382.5217391304348,1702,15748,108,8043,0.0,0.0,1.0,0.0,0.0,0.0,1.0,0.0,1.0,0.0,0.0,0.0,0.0,0.0,0.0,1.0,1.0,0.0,0.0,0.0,0.0,0.0,2.0,0.0,0.0,0.0,0.0,5.0,2.0,7.0,12.0,1.0,2.0,4.0,0.0,24.0,1.0,1.0,2.0,0.0,0.0,0.0,2.0,9.0,3.0,2.0,3.0,0.0,0.0,6.0,7.0,5.0,1.0,0.0
320854678,cian.ru,Кунцево,10.0,3.0,1246.0,161,186.0,332,2193,8965,6568,351900,79.0,41.0,7163.0,161,392.6666666666667,332,2193,8965,6568,0.0,0.0,1.0,2.0,0.0,0.0,1.0,0.0,6.0,1.0,0.0,0.0,0.0,0.0,0.0,0.0,1.0,0.0,2.0,1.0,0.0,0.0,1.0,2.0,3.0,1.0,0.0,6.0,4.0,2.0,13.0,0.0,2.0,2.0,0.0,13.0,5.0,2.0,4.0,2.0,0.0,0.0,2.0,7.0,1.0,4.0,3.0,0.0,0.0,1.0,7.0,7.0,2.0,1.0
6123951104634583040,realty.yandex.ru,Можайский,19.0,2.0,311.0,0,161.16666666666666,1702,15748,108,8043,311900,125.0,33.0,2986.0,0,382.5217391304348,1702,15748,108,8043,0.0,0.0,1.0,0.0,0.0,0.0,1.0,0.0,1.0,0.0,0.0,0.0,0.0,0.0,0.0,1.0,1.0,0.0,0.0,0.0,0.0,0.0,2.0,0.0,0.0,0.0,0.0,5.0,2.0,7.0,12.0,1.0,2.0,4.0,0.0,24.0,1.0,1.0,2.0,0.0,0.0,0.0,2.0,9.0,3.0,2.0,3.0,0.0,0.0,6.0,7.0,5.0,1.0,0.0
7523548143730266112,realty.yandex.ru,Басманный,144.0,32.0,2457.0,3,197.4814814814815,824,12502,743,4489,461200,435.0,118.0,7966.0,3,350.9220779220779,824,12502,743,4489,17.0,4.0,13.0,38.0,2.0,1.0,6.0,0.0,16.0,0.0,4.0,0.0,4.0,0.0,0.0,1.0,9.0,4.0,5.0,6.0,0.0,1.0,12.0,23.0,60.0,5.0,2.0,43.0,9.0,29.0,93.0,5.0,11.0,12.0,0.0,36.0,7.0,9.0,5.0,21.0,3.0,0.0,7.0,27.0,7.0,12.0,11.0,0.0,4.0,31.0,43.0,90.0,10.0,2.0
7661878835,avito.ru,Можайский,19.0,2.0,311.0,0,161.16666666666666,1702,15748,108,8043,311900,125.0,33.0,2986.0,0,382.5652173913044,1702,15748,108,8043,0.0,0.0,1.0,0.0,0.0,0.0,1.0,0.0,1.0,0.0,0.0,0.0,0.0,0.0,0.0,1.0,1.0,0.0,0.0,0.0,0.0,0.0,2.0,0.0,0.0,0.0,0.0,5.0,2.0,7.0,12.0,1.0,2.0,4.0,0.0,24.0,1.0,1.0,2.0,0.0,0.0,0.0,2.0,9.0,3.0,2.0,3.0,0.0,0.0,6.0,7.0,5.0,1.0,0.0
321514206,cian.ru,Басманный,148.0,35.0,2719.0,3,189.96153846153845,2718,17146,1446,10006,461200,425.0,114.0,7956.0,3,344.8243243243243,2718,17146,1446,10006,18.0,5.0,16.0,39.0,2.0,1.0,6.0,0.0,16.0,0.0,4.0,0.0,6.0,0.0,0.0,3.0,8.0,4.0,5.0,5.0,0.0,1.0,13.0,27.0,59.0,5.0,2.0,48.0,8.0,32.0,92.0,5.0,11.0,12.0,0.0,36.0,10.0,9.0,5.0,21.0,3.0,0.0,7.0,28.0,6.0,14.0,11.0,0.0,4.0,33.0,44.0,94.0,10.0,2.0
7629149901,avito.ru,Можайский,19.0,2.0,311.0,0,161.16666666666666,1702,15748,108,8043,311900,125.0,33.0,2986.0,0,382.5652173913044,1702,15748,108,8043,0.0,0.0,1.0,0.0,0.0,0.0,1.0,0.0,1.0,0.0,0.0,0.0,0.0,0.0,0.0,1.0,1.0,0.0,0.0,0.0,0.0,0.0,2.0,0.0,0.0,0.0,0.0,5.0,2.0,7.0,12.0,1.0,2.0,4.0,0.0,24.0,1.0,1.0,2.0,0.0,0.0,0.0,2.0,9.0,3.0,2.0,3.0,0.0,0.0,6.0,7.0,5.0,1.0,0.0
321773151,cian.ru,Дегунино Западное,26.0,18.0,4833.0,49,131.33333333333334,1064,3941,2541,3071,305700,132.0,57.0,11521.0,49,131.33333333333334,1064,3941,2541,3071,1.0,1.0,5.0,9.0,0.0,2.0,2.0,0.0,7.0,0.0,0.0,1.0,0.0,0.0,0.0,4.0,7.0,1.0,3.0,2.0,0.0,0.0,1.0,7.0,18.0,0.0,1.0,8.0,6.0,12.0,37.0,0.0,5.0,8.0,0.0,17.0,10.0,1.0,2.0,1.0,0.0,0.0,4.0,28.0,2.0,12.0,6.0,0.0,0.0,5.0,16.0,23.0,2.0,2.0
322866859,cian.ru,Хорошево-Мневники,32.0,9.0,797.0,20,132.66666666666666,966,7202,328,7085,454100,156.0,44.0,3252.0,20,398.76190476190476,966,7202,328,7085,2.0,1.0,1.0,5.0,0.0,1.0,0.0,0.0,3.0,0.0,0.0,0.0,2.0,0.0,0.0,0.0,5.0,0.0,0.0,2.0,0.0,0.0,2.0,5.0,2.0,0.0,0.0,5.0,2.0,2.0,8.0,0.0,2.0,4.0,0.0,11.0,3.0,3.0,3.0,3.0,1.0,0.0,2.0,11.0,2.0,2.0,2.0,0.0,0.0,8.0,8.0,4.0,0.0,1.0
320842672,cian.ru,Головинский,48.0,20.0,2048.0,0,179.33333333333334,4680,18506,2605,13693,329000,176.0,91.0,13728.0,0,357.2857142857143,4680,18506,2605,13693,5.0,1.0,6.0,8.0,0.0,1.0,2.0,0.0,12.0,2.0,0.0,2.0,7.0,0.0,0.0,3.0,5.0,0.0,1.0,3.0,0.0,0.0,1.0,1.0,7.0,0.0,0.0,16.0,4.0,40.0,51.0,1.0,5.0,12.0,1.0,51.0,16.0,1.0,6.0,7.0,0.0,3.0,8.0,30.0,8.0,9.0,10.0,3.0,1.0,16.0,27.0,45.0,13.0,2.0
321156932,cian.ru,Головинский,48.0,20.0,2048.0,0,179.33333333333334,4680,18506,2605,13693,329000,176.0,91.0,13728.0,0,357.2857142857143,4680,18506,2605,13693,5.0,1.0,6.0,8.0,0.0,1.0,2.0,0.0,12.0,2.0,0.0,2.0,7.0,0.0,0.0,3.0,5.0,0.0,1.0,3.0,0.0,0.0,1.0,1.0,7.0,0.0,0.0,16.0,4.0,40.0,51.0,1.0,5.0,12.0,1.0,51.0,16.0,1.0,6.0,7.0,0.0,3.0,8.0,30.0,8.0,9.0,10.0,3.0,1.0,16.0,27.0,45.0,13.0,2.0
322112189,cian.ru,Марьина Роща,51.0,5.0,572.0,3,16.5,0,10408,4060,12754,402200,175.0,49.0,6273.0,3,376.1818181818182,0,10408,4060,12754,2.0,0.0,4.0,6.0,0.0,1.0,0.0,1.0,4.0,0.0,0.0,0.0,2.0,0.0,1.0,0.0,2.0,2.0,5.0,1.0,1.0,1.0,3.0,3.0,13.0,0.0,1.0,7.0,4.0,5.0,11.0,0.0,2.0,4.0,1.0,10.0,2.0,2.0,1.0,3.0,0.0,1.0,1.0,10.0,3.0,5.0,1.0,1.0,1.0,5.0,4.0,17.0,5.0,2.0
3941543084010549248,realty.yandex.ru,Коньково,26.0,10.0,2570.0,0,143.75,2032,1864,2541,2062,351300,113.0,52.0,11016.0,0,324.7142857142857,2032,1864,2541,2062,10.0,6.0,14.0,25.0,0.0,1.0,7.0,0.0,8.0,3.0,3.0,1.0,0.0,0.0,2.0,0.0,11.0,4.0,5.0,1.0,0.0,0.0,1.0,10.0,14.0,1.0,2.0,23.0,10.0,29.0,87.0,2.0,3.0,14.0,0.0,32.0,10.0,7.0,3.0,0.0,0.0,5.0,1.0,34.0,7.0,12.0,7.0,0.0,1.0,8.0,33.0,22.0,8.0,2.0
8660284132701701120,realty.yandex.ru,Коньково,34.0,2.0,432.0,0,62.666666666666664,0,2500,0,3183,351300,115.0,15.0,3837.0,0,366.22222222222223,0,2500,0,3183,5.0,0.0,2.0,2.0,0.0,0.0,0.0,0.0,2.0,0.0,0.0,0.0,0.0,0.0,0.0,2.0,0.0,0.0,2.0,0.0,0.0,1.0,1.0,1.0,0.0,1.0,0.0,10.0,4.0,7.0,10.0,0.0,5.0,3.0,0.0,10.0,1.0,1.0,1.0,0.0,2.0,2.0,5.0,12.0,4.0,5.0,5.0,0.0,2.0,10.0,12.0,37.0,7.0,3.0
5201387770576765952,realty.yandex.ru,Головинский,48.0,21.0,2148.0,3,182.33333333333334,4680,18506,2804,13693,329000,175.0,91.0,13728.0,3,358.2142857142857,4680,18506,2804,13693,5.0,1.0,6.0,9.0,0.0,1.0,2.0,0.0,12.0,2.0,0.0,2.0,7.0,0.0,0.0,3.0,5.0,0.0,1.0,3.0,0.0,0.0,1.0,1.0,7.0,0.0,0.0,16.0,4.0,40.0,50.0,1.0,5.0,12.0,1.0,51.0,16.0,2.0,6.0,7.0,0.0,3.0,8.0,29.0,8.0,9.0,10.0,3.0,1.0,16.0,27.0,45.0,13.0,2.0
3967137546321425920,realty.yandex.ru,Очаково-Матвеевское,29.0,17.0,2230.0,,,6544,3089,2301,2268,361200,95.0,53.0,8198.0,,,6544,3089,2301,2268,3.0,2.0,2.0,4.0,0.0,0.0,3.0,0.0,5.0,3.0,0.0,2.0,0.0,0.0,0.0,0.0,6.0,0.0,1.0,1.0,0.0,0.0,0.0,3.0,2.0,4.0,1.0,8.0,4.0,9.0,15.0,0.0,1.0,9.0,0.0,25.0,6.0,1.0,6.0,1.0,1.0,1.0,0.0,21.0,5.0,3.0,4.0,0.0,0.0,3.0,4.0,5.0,7.0,1.0
915525582566436352,realty.yandex.ru,Сокольники,66.0,8.0,231.0,28,63.333333333333336,1542,13973,410,5742,367600,243.0,73.0,5754.0,28,372.09090909090907,1542,13973,410,5742,38.0,0.0,3.0,1.0,0.0,1.0,1.0,0.0,1.0,0.0,3.0,1.0,1.0,1.0,0.0,2.0,0.0,0.0,0.0,2.0,0.0,0.0,4.0,0.0,3.0,2.0,0.0,86.0,4.0,13.0,19.0,3.0,6.0,9.0,0.0,9.0,3.0,7.0,8.0,6.0,1.0,3.0,4.0,13.0,4.0,1.0,10.0,0.0,2.0,9.0,9.0,25.0,6.0,1.0
321483753,cian.ru,Перово ,52.0,2.0,30.0,1,205.5,24,7123,26,4434,294700,148.0,4.0,54.0,1,388.22727272727275,24,7123,26,4434,1.0,1.0,0.0,0.0,0.0,0.0,0.0,0.0,8.0,0.0,0.0,0.0,0.0,0.0,0.0,0.0,0.0,1.0,0.0,2.0,0.0,0.0,4.0,1.0,0.0,0.0,0.0,2.0,1.0,4.0,2.0,0.0,1.0,0.0,0.0,15.0,0.0,0.0,0.0,5.0,0.0,0.0,1.0,0.0,3.0,0.0,2.0,0.0,0.0,5.0,3.0,2.0,0.0,0.0
322143795,cian.ru,Марьина Роща,51.0,5.0,572.0,3,16.5,0,10408,4060,12754,402200,175.0,49.0,6273.0,3,376.1818181818182,0,10408,4060,12754,2.0,0.0,4.0,6.0,0.0,1.0,0.0,1.0,4.0,0.0,0.0,0.0,2.0,0.0,1.0,0.0,2.0,2.0,5.0,1.0,1.0,1.0,3.0,3.0,13.0,0.0,1.0,7.0,4.0,5.0,11.0,0.0,2.0,4.0,1.0,10.0,2.0,2.0,1.0,3.0,0.0,1.0,1.0,10.0,3.0,5.0,1.0,1.0,1.0,5.0,4.0,17.0,5.0,2.0
7629246072,avito.ru,Новогиреево,43.0,16.0,1342.0,0,117.4,366,13966,1468,12516,303600,121.0,47.0,5437.0,0,117.4,366,13966,1468,12516,0.0,0.0,1.0,3.0,0.0,1.0,3.0,0.0,3.0,3.0,1.0,0.0,0.0,0.0,0.0,3.0,6.0,2.0,1.0,1.0,0.0,0.0,4.0,1.0,2.0,2.0,0.0,0.0,0.0,1.0,4.0,0.0,2.0,5.0,0.0,4.0,4.0,2.0,4.0,0.0,0.0,0.0,3.0,10.0,2.0,1.0,2.0,0.0,0.0,4.0,4.0,5.0,3.0,0.0
3966105355551049216,realty.yandex.ru,Алексеевский,68.0,10.0,1988.0,114,184.4,628,3324,979,3622,397600,241.0,48.0,7163.0,114,356.3103448275862,628,3324,979,3622,6.0,3.0,1.0,6.0,0.0,0.0,1.0,0.0,4.0,0.0,6.0,1.0,0.0,0.0,0.0,3.0,3.0,1.0,1.0,1.0,0.0,0.0,3.0,5.0,2.0,0.0,0.0,16.0,8.0,11.0,21.0,0.0,2.0,8.0,0.0,14.0,2.0,8.0,3.0,2.0,0.0,2.0,4.0,13.0,1.0,4.0,3.0,0.0,0.0,11.0,17.0,21.0,2.0,1.0
6123947690407922688,realty.yandex.ru,Чертаново Южное,37.0,,,0,173.16666666666666,0,59415,588,21119,291700,81.0,15.0,3197.0,0,254.77777777777777,0,59415,588,21119,3.0,0.0,0.0,0.0,0.0,0.0,1.0,0.0,2.0,0.0,0.0,0.0,0.0,0.0,2.0,0.0,1.0,0.0,1.0,0.0,0.0,0.0,2.0,2.0,9.0,0.0,0.0,7.0,4.0,3.0,7.0,0.0,0.0,4.0,0.0,5.0,6.0,2.0,3.0,0.0,0.0,3.0,0.0,9.0,1.0,4.0,1.0,0.0,1.0,4.0,8.0,21.0,2.0,2.0
5096683118768111616,realty.yandex.ru,Покровское-Стрешнево,49.0,22.0,1844.0,122,215.83333333333334,3310,15264,3594,6083,398600,173.0,63.0,5090.0,122,302.25,3310,15264,3594,6083,6.0,2.0,8.0,14.0,0.0,5.0,4.0,0.0,33.0,6.0,1.0,1.0,1.0,0.0,3.0,1.0,14.0,2.0,2.0,3.0,1.0,0.0,7.0,9.0,20.0,14.0,0.0,16.0,5.0,13.0,29.0,0.0,6.0,8.0,0.0,46.0,8.0,5.0,6.0,1.0,1.0,3.0,2.0,22.0,6.0,6.0,5.0,2.0,0.0,10.0,14.0,31.0,17.0,0.0
323832436,cian.ru,Бескудниковский,48.0,,,0,71.25,0,3376,308,3669,327500,169.0,29.0,3489.0,0,347.8333333333333,0,3376,308,3669,1.0,0.0,1.0,2.0,0.0,1.0,0.0,0.0,3.0,0.0,0.0,0.0,1.0,0.0,0.0,2.0,0.0,1.0,0.0,0.0,0.0,0.0,1.0,2.0,0.0,0.0,0.0,6.0,1.0,5.0,10.0,0.0,3.0,6.0,0.0,10.0,5.0,0.0,0.0,1.0,0.0,0.0,6.0,12.0,2.0,4.0,0.0,0.0,0.0,3.0,10.0,7.0,3.0,0.0
7558305975,avito.ru,Лефортово,83.0,,,0,185.75,4,15885,1184,1724,279300,322.0,21.0,1660.0,0,366.14814814814815,4,15885,1184,1724,2.0,1.0,0.0,1.0,0.0,2.0,0.0,0.0,4.0,0.0,1.0,0.0,0.0,0.0,1.0,2.0,1.0,1.0,0.0,0.0,0.0,0.0,1.0,2.0,2.0,0.0,0.0,9.0,1.0,4.0,1.0,0.0,4.0,3.0,0.0,17.0,4.0,6.0,1.0,2.0,0.0,1.0,4.0,6.0,6.0,3.0,3.0,0.0,0.0,9.0,6.0,9.0,0.0,0.0
8660284132700955648,realty.yandex.ru,Донской,51.0,5.0,597.0,192,197.5,554,8711,624,2812,391900,173.0,43.0,4015.0,192,425.85714285714283,554,8711,624,2812,7.0,3.0,3.0,2.0,0.0,5.0,1.0,0.0,0.0,3.0,3.0,0.0,6.0,1.0,0.0,1.0,3.0,0.0,0.0,1.0,0.0,4.0,0.0,0.0,0.0,1.0,0.0,12.0,7.0,6.0,16.0,0.0,6.0,6.0,0.0,4.0,8.0,3.0,0.0,8.0,1.0,0.0,8.0,12.0,0.0,4.0,4.0,0.0,4.0,10.0,15.0,20.0,4.0,0.0
321898229,cian.ru,Коптево,55.0,17.0,1453.0,0,163.5,720,7750,714,5409,327800,194.0,88.0,7695.0,0,306.0416666666667,720,7750,714,5409,0.0,0.0,4.0,4.0,0.0,1.0,3.0,0.0,9.0,6.0,3.0,0.0,0.0,0.0,0.0,3.0,9.0,8.0,1.0,3.0,0.0,0.0,6.0,5.0,3.0,1.0,1.0,28.0,2.0,9.0,15.0,1.0,1.0,5.0,0.0,14.0,9.0,5.0,4.0,4.0,0.0,0.0,6.0,14.0,9.0,3.0,6.0,0.0,0.0,10.0,6.0,11.0,4.0,2.0
323190463,cian.ru,Бескудниковский,48.0,,,0,71.25,0,3376,308,3669,327500,169.0,29.0,3489.0,0,347.8333333333333,0,3376,308,3669,1.0,0.0,1.0,2.0,0.0,1.0,0.0,0.0,3.0,0.0,0.0,0.0,1.0,0.0,0.0,2.0,0.0,1.0,0.0,0.0,0.0,0.0,1.0,2.0,0.0,0.0,0.0,6.0,1.0,5.0,10.0,0.0,3.0,6.0,0.0,10.0,5.0,0.0,0.0,1.0,0.0,0.0,6.0,12.0,2.0,4.0,0.0,0.0,0.0,3.0,10.0,7.0,3.0,0.0
8660284132701724672,realty.yandex.ru,Сокольники,66.0,13.0,663.0,33,125.71428571428571,1046,8457,3315,21268,367600,299.0,61.0,4127.0,33,373.54761904761904,1046,8457,3315,21268,4.0,2.0,3.0,6.0,2.0,3.0,1.0,0.0,1.0,1.0,2.0,0.0,3.0,0.0,1.0,4.0,4.0,0.0,2.0,3.0,0.0,0.0,4.0,1.0,12.0,2.0,0.0,31.0,6.0,12.0,35.0,3.0,7.0,4.0,0.0,8.0,4.0,4.0,3.0,6.0,0.0,1.0,8.0,18.0,5.0,5.0,9.0,0.0,3.0,14.0,9.0,24.0,9.0,2.0
6123813648064470016,realty.yandex.ru,Покровское-Стрешнево,49.0,22.0,1844.0,122,215.83333333333334,3310,15264,3594,6083,398600,173.0,63.0,5090.0,122,302.25,3310,15264,3594,6083,6.0,2.0,8.0,14.0,0.0,5.0,4.0,0.0,33.0,6.0,1.0,1.0,1.0,0.0,3.0,1.0,14.0,2.0,2.0,3.0,1.0,0.0,7.0,9.0,20.0,14.0,0.0,16.0,5.0,13.0,29.0,0.0,6.0,8.0,0.0,46.0,8.0,5.0,6.0,1.0,1.0,3.0,2.0,22.0,6.0,6.0,5.0,2.0,0.0,10.0,14.0,31.0,17.0,0.0
321133761,cian.ru,Чертаново Южное,25.0,4.0,985.0,36,172.6,1996,5007,3318,5162,291700,114.0,39.0,10238.0,36,288.5,1996,5007,3318,5162,4.0,0.0,6.0,0.0,0.0,2.0,4.0,0.0,3.0,2.0,1.0,1.0,1.0,0.0,0.0,3.0,5.0,6.0,0.0,0.0,0.0,1.0,5.0,3.0,0.0,1.0,1.0,6.0,4.0,16.0,15.0,0.0,3.0,9.0,0.0,7.0,8.0,8.0,7.0,3.0,1.0,2.0,3.0,21.0,7.0,6.0,0.0,0.0,1.0,6.0,8.0,8.0,3.0,2.0
321784435,cian.ru,Головинский,46.0,30.0,4163.0,,,3352,2291,3867,3503,329000,177.0,103.0,14722.0,405,537.6,3352,2291,3867,3503,4.0,1.0,5.0,2.0,0.0,0.0,4.0,0.0,3.0,1.0,1.0,2.0,7.0,0.0,0.0,0.0,6.0,1.0,1.0,0.0,0.0,0.0,0.0,2.0,0.0,4.0,1.0,6.0,1.0,12.0,13.0,0.0,2.0,9.0,0.0,18.0,8.0,5.0,6.0,7.0,0.0,2.0,4.0,21.0,6.0,3.0,8.0,0.0,1.0,6.0,7.0,9.0,13.0,1.0
7517866235140737024,realty.yandex.ru,Выхино-Жулебино,23.0,8.0,1741.0,236,236.0,944,3790,919,3349,273000,68.0,27.0,4953.0,236,236.0,944,3790,919,3349,1.0,3.0,0.0,3.0,0.0,1.0,1.0,0.0,2.0,0.0,0.0,1.0,0.0,0.0,0.0,0.0,5.0,1.0,0.0,0.0,0.0,0.0,0.0,2.0,2.0,1.0,0.0,5.0,6.0,7.0,16.0,0.0,4.0,6.0,0.0,17.0,1.0,5.0,5.0,0.0,0.0,5.0,0.0,16.0,4.0,3.0,4.0,1.0,0.0,1.0,3.0,10.0,2.0,1.0
6122994160890574848,realty.yandex.ru,Ломоносовский,39.0,25.0,2908.0,21,205.5,904,14954,1522,16449,418300,184.0,92.0,10458.0,21,360.1818181818182,904,14954,1522,16449,10.0,3.0,2.0,17.0,0.0,5.0,2.0,0.0,1.0,0.0,1.0,2.0,0.0,0.0,0.0,1.0,3.0,1.0,1.0,0.0,0.0,0.0,1.0,2.0,3.0,1.0,0.0,18.0,6.0,10.0,29.0,0.0,5.0,7.0,0.0,40.0,4.0,10.0,8.0,1.0,0.0,1.0,3.0,14.0,3.0,5.0,4.0,0.0,1.0,8.0,13.0,26.0,6.0,0.0
324201273,cian.ru,Алексеевский,62.0,3.0,171.0,88,153.33333333333334,250,6110,78,2811,397600,206.0,23.0,3925.0,88,328.34615384615387,250,6110,78,2811,3.0,3.0,1.0,0.0,0.0,0.0,2.0,0.0,1.0,0.0,1.0,0.0,0.0,0.0,0.0,1.0,1.0,1.0,0.0,0.0,0.0,0.0,4.0,2.0,4.0,0.0,0.0,8.0,5.0,4.0,6.0,0.0,0.0,3.0,0.0,7.0,1.0,9.0,2.0,1.0,0.0,1.0,4.0,9.0,2.0,1.0,2.0,0.0,1.0,8.0,8.0,10.0,0.0,0.0
323255247,cian.ru,Ломоносовский,40.0,26.0,3121.0,0,167.33333333333334,904,14954,1522,16449,418300,188.0,93.0,10640.0,0,358.54545454545456,904,14954,1522,16449,10.0,3.0,2.0,17.0,0.0,5.0,2.0,0.0,1.0,0.0,1.0,2.0,0.0,0.0,0.0,1.0,3.0,1.0,1.0,0.0,0.0,0.0,1.0,2.0,3.0,2.0,0.0,18.0,6.0,11.0,29.0,0.0,5.0,6.0,0.0,42.0,4.0,9.0,8.0,1.0,0.0,1.0,3.0,15.0,3.0,5.0,4.0,0.0,1.0,8.0,13.0,26.0,6.0,0.0
321694697,cian.ru,Коптево,50.0,34.0,2945.0,93,93.0,3082,4850,2464,9163,327800,181.0,116.0,9464.0,93,397.6666666666667,3082,4850,2464,9163,2.0,2.0,6.0,9.0,0.0,1.0,3.0,0.0,3.0,5.0,2.0,1.0,2.0,1.0,0.0,0.0,6.0,2.0,4.0,1.0,0.0,0.0,4.0,7.0,6.0,4.0,1.0,7.0,6.0,12.0,21.0,0.0,3.0,11.0,0.0,20.0,7.0,6.0,10.0,9.0,1.0,0.0,0.0,15.0,5.0,9.0,3.0,0.0,0.0,5.0,13.0,11.0,6.0,2.0
6123918501299358720,realty.yandex.ru,Новогиреево,43.0,16.0,1342.0,0,117.4,366,13966,1468,12516,303600,121.0,47.0,5437.0,0,117.4,366,13966,1468,12516,0.0,0.0,1.0,3.0,0.0,1.0,3.0,0.0,3.0,3.0,1.0,0.0,0.0,0.0,0.0,3.0,6.0,2.0,1.0,1.0,0.0,0.0,4.0,1.0,2.0,2.0,0.0,0.0,0.0,1.0,4.0,0.0,2.0,5.0,0.0,4.0,4.0,2.0,4.0,0.0,0.0,0.0,3.0,10.0,2.0,1.0,2.0,0.0,0.0,4.0,4.0,5.0,3.0,0.0
321072125,cian.ru,Нагатино-Садовники,37.0,7.0,739.0,76,165.5,4348,24571,6579,5110,353800,159.0,50.0,8133.0,76,395.1666666666667,4348,24571,6579,5110,0.0,1.0,3.0,14.0,0.0,2.0,2.0,0.0,4.0,2.0,0.0,1.0,0.0,0.0,1.0,0.0,5.0,3.0,2.0,1.0,1.0,1.0,4.0,3.0,12.0,0.0,0.0,4.0,3.0,9.0,28.0,0.0,4.0,8.0,0.0,19.0,6.0,2.0,8.0,3.0,0.0,2.0,1.0,35.0,3.0,3.0,6.0,1.0,2.0,8.0,9.0,19.0,3.0,1.0
322287929,cian.ru,Сокольники,73.0,16.0,880.0,42,156.3846153846154,1046,4621,2254,6773,367600,291.0,61.0,4639.0,42,338.969696969697,1046,4621,2254,6773,8.0,2.0,8.0,6.0,2.0,1.0,2.0,0.0,5.0,1.0,0.0,0.0,1.0,0.0,1.0,4.0,8.0,1.0,2.0,3.0,0.0,0.0,5.0,4.0,13.0,2.0,0.0,26.0,6.0,9.0,21.0,3.0,3.0,2.0,0.0,8.0,7.0,6.0,5.0,7.0,0.0,1.0,5.0,13.0,4.0,5.0,8.0,0.0,3.0,13.0,5.0,19.0,6.0,2.0
6123947665557819392,realty.yandex.ru,Новогиреево,43.0,16.0,1342.0,0,117.4,366,13966,1468,12516,303600,121.0,47.0,5437.0,0,117.4,366,13966,1468,12516,0.0,0.0,1.0,3.0,0.0,1.0,3.0,0.0,3.0,3.0,1.0,0.0,0.0,0.0,0.0,3.0,6.0,2.0,1.0,1.0,0.0,0.0,4.0,1.0,2.0,2.0,0.0,0.0,0.0,1.0,4.0,0.0,2.0,5.0,0.0,4.0,4.0,2.0,4.0,0.0,0.0,0.0,3.0,10.0,2.0,1.0,2.0,0.0,0.0,4.0,4.0,5.0,3.0,0.0
2361989377845900800,realty.yandex.ru,Нагатинский Затон,36.0,19.0,3821.0,164,219.5,1350,932,3337,851,359600,111.0,61.0,10687.0,164,313.42857142857144,1350,932,3337,851,0.0,1.0,1.0,3.0,0.0,0.0,3.0,0.0,5.0,1.0,2.0,1.0,0.0,0.0,0.0,0.0,5.0,1.0,0.0,0.0,0.0,0.0,0.0,1.0,1.0,4.0,0.0,0.0,3.0,9.0,19.0,0.0,1.0,8.0,0.0,23.0,6.0,5.0,3.0,0.0,0.0,2.0,0.0,16.0,5.0,5.0,3.0,0.0,0.0,4.0,9.0,10.0,6.0,1.0
6123951046946844672,realty.yandex.ru,Новогиреево,43.0,16.0,1342.0,0,117.4,366,13966,1468,12516,303600,121.0,47.0,5437.0,0,117.4,366,13966,1468,12516,0.0,0.0,1.0,3.0,0.0,1.0,3.0,0.0,3.0,3.0,1.0,0.0,0.0,0.0,0.0,3.0,6.0,2.0,1.0,1.0,0.0,0.0,4.0,1.0,2.0,2.0,0.0,0.0,0.0,1.0,4.0,0.0,2.0,5.0,0.0,4.0,4.0,2.0,4.0,0.0,0.0,0.0,3.0,10.0,2.0,1.0,2.0,0.0,0.0,4.0,4.0,5.0,3.0,0.0
317560014,cian.ru,Южнопортовый,38.0,19.0,1598.0,283,283.0,4266,9598,691,1069,368900,189.0,77.0,7894.0,283,446.1111111111111,4266,9598,691,1069,16.0,3.0,6.0,7.0,1.0,0.0,2.0,0.0,2.0,3.0,0.0,1.0,0.0,0.0,0.0,0.0,6.0,1.0,2.0,0.0,0.0,0.0,0.0,1.0,3.0,1.0,0.0,38.0,7.0,10.0,27.0,1.0,3.0,6.0,0.0,13.0,15.0,6.0,5.0,2.0,0.0,0.0,1.0,17.0,3.0,4.0,3.0,0.0,3.0,3.0,9.0,10.0,5.0,0.0
6123951098422057984,realty.yandex.ru,Коньково,16.0,3.0,279.0,3,163.0,6,5027,15,3293,351300,93.0,40.0,3720.0,3,362.6666666666667,6,5027,15,3293,0.0,1.0,1.0,0.0,0.0,0.0,1.0,0.0,0.0,0.0,0.0,0.0,0.0,0.0,0.0,1.0,0.0,1.0,0.0,0.0,0.0,0.0,0.0,0.0,4.0,2.0,0.0,1.0,2.0,2.0,3.0,0.0,0.0,6.0,0.0,2.0,1.0,1.0,2.0,0.0,0.0,0.0,1.0,13.0,2.0,1.0,0.0,0.0,0.0,1.0,3.0,10.0,3.0,0.0
324557921,cian.ru,Соколиная Гора,97.0,6.0,490.0,11,173.77777777777777,290,5218,1024,6389,354400,278.0,59.0,5161.0,11,288.21875,290,5218,1024,6389,4.0,2.0,2.0,3.0,0.0,6.0,0.0,0.0,7.0,0.0,3.0,0.0,3.0,0.0,0.0,3.0,2.0,0.0,1.0,0.0,0.0,0.0,4.0,1.0,3.0,0.0,0.0,35.0,4.0,7.0,22.0,0.0,10.0,4.0,0.0,14.0,3.0,4.0,6.0,4.0,0.0,0.0,3.0,8.0,4.0,4.0,1.0,1.0,0.0,8.0,4.0,8.0,2.0,0.0
6123921142509389824,realty.yandex.ru,Соколиная Гора,97.0,6.0,490.0,11,173.77777777777777,290,5218,1024,6389,354400,278.0,59.0,5161.0,11,288.125,290,5218,1024,6389,4.0,2.0,2.0,3.0,0.0,6.0,0.0,0.0,7.0,0.0,3.0,0.0,3.0,0.0,0.0,3.0,2.0,0.0,1.0,0.0,0.0,0.0,4.0,1.0,3.0,0.0,0.0,35.0,4.0,7.0,22.0,0.0,10.0,4.0,0.0,14.0,3.0,4.0,6.0,4.0,0.0,0.0,3.0,8.0,4.0,4.0,1.0,1.0,0.0,8.0,4.0,8.0,2.0,0.0
322493499,cian.ru,Сокольники,43.0,4.0,956.0,74,231.28571428571428,1586,931,699,122,367600,143.0,12.0,1549.0,74,378.5625,1586,931,699,122,0.0,0.0,0.0,0.0,0.0,0.0,0.0,0.0,0.0,0.0,0.0,0.0,0.0,0.0,0.0,0.0,3.0,0.0,1.0,1.0,0.0,0.0,0.0,0.0,0.0,0.0,0.0,3.0,0.0,0.0,11.0,0.0,1.0,1.0,0.0,3.0,3.0,0.0,2.0,0.0,0.0,0.0,1.0,5.0,0.0,5.0,2.0,0.0,0.0,2.0,2.0,2.0,0.0,0.0
324447849,cian.ru,Люблино,39.0,18.0,1760.0,232,265.6666666666667,2180,4288,810,639,274100,162.0,67.0,6348.0,232,397.53846153846155,2180,4288,810,639,0.0,1.0,1.0,2.0,0.0,0.0,2.0,0.0,3.0,7.0,1.0,0.0,1.0,1.0,0.0,0.0,3.0,0.0,1.0,2.0,0.0,0.0,0.0,0.0,0.0,0.0,0.0,0.0,1.0,6.0,7.0,2.0,1.0,6.0,0.0,14.0,11.0,4.0,2.0,1.0,1.0,0.0,0.0,10.0,1.0,2.0,3.0,0.0,0.0,1.0,1.0,8.0,1.0,0.0
320187016,cian.ru,Новогиреево,43.0,16.0,1342.0,0,117.4,366,13966,1468,12516,303600,121.0,47.0,5437.0,0,117.4,366,13966,1468,12516,0.0,0.0,1.0,3.0,0.0,1.0,3.0,0.0,3.0,3.0,1.0,0.0,0.0,0.0,0.0,3.0,6.0,2.0,1.0,1.0,0.0,0.0,4.0,1.0,2.0,2.0,0.0,0.0,0.0,1.0,4.0,0.0,2.0,5.0,0.0,4.0,4.0,2.0,4.0,0.0,0.0,0.0,3.0,10.0,2.0,1.0,2.0,0.0,0.0,4.0,4.0,5.0,3.0,0.0
306948989167085376,realty.yandex.ru,Хорошевский,20.0,2.0,90.0,94,218.2,0,268,36,1074,443000,150.0,35.0,3646.0,94,422.03125,0,268,36,1074,1.0,0.0,0.0,1.0,0.0,1.0,0.0,0.0,20.0,3.0,0.0,0.0,0.0,0.0,0.0,0.0,5.0,0.0,2.0,2.0,0.0,0.0,4.0,3.0,0.0,0.0,0.0,6.0,9.0,5.0,11.0,1.0,3.0,6.0,0.0,35.0,8.0,1.0,0.0,2.0,0.0,0.0,4.0,12.0,2.0,4.0,6.0,0.0,0.0,15.0,13.0,5.0,2.0,1.0
4037572671515167744,realty.yandex.ru,Нижегородский,52.0,24.0,2563.0,,,234,152,457,169,362800,187.0,65.0,7720.0,576,577.0,234,152,457,169,0.0,0.0,3.0,1.0,0.0,0.0,0.0,0.0,4.0,0.0,2.0,1.0,0.0,0.0,0.0,0.0,1.0,0.0,0.0,0.0,0.0,0.0,0.0,0.0,0.0,1.0,0.0,7.0,1.0,10.0,7.0,0.0,2.0,8.0,0.0,34.0,12.0,5.0,2.0,1.0,0.0,0.0,1.0,9.0,4.0,1.0,1.0,0.0,0.0,2.0,8.0,8.0,3.0,0.0
323451062,cian.ru,Покровское-Стрешнево,27.0,8.0,261.0,22,60.5,492,4789,52,840,398600,64.0,15.0,729.0,22,370.2857142857143,492,4789,52,840,0.0,1.0,0.0,0.0,0.0,1.0,0.0,0.0,0.0,0.0,0.0,0.0,0.0,0.0,0.0,1.0,0.0,0.0,0.0,0.0,0.0,0.0,2.0,0.0,0.0,0.0,0.0,59.0,1.0,0.0,0.0,0.0,1.0,1.0,0.0,2.0,0.0,1.0,0.0,0.0,0.0,0.0,1.0,0.0,0.0,0.0,1.0,0.0,1.0,2.0,1.0,0.0,0.0,0.0
8660284132699907072,realty.yandex.ru,Хорошевский,26.0,,,124,178.77777777777777,0,701,1,1074,443000,157.0,10.0,456.0,124,407.5238095238095,0,701,1,1074,0.0,0.0,0.0,0.0,0.0,0.0,0.0,0.0,5.0,2.0,0.0,0.0,0.0,0.0,0.0,0.0,0.0,0.0,1.0,0.0,0.0,0.0,0.0,2.0,0.0,0.0,0.0,3.0,2.0,1.0,6.0,1.0,3.0,1.0,0.0,37.0,6.0,0.0,0.0,1.0,0.0,0.0,8.0,7.0,2.0,2.0,4.0,0.0,0.0,16.0,13.0,5.0,1.0,1.0
320217965,cian.ru,Коньково,17.0,3.0,279.0,0,163.66666666666666,6,5027,15,3293,351300,93.0,40.0,3720.0,0,364.0,6,5027,15,3293,0.0,1.0,1.0,0.0,0.0,0.0,1.0,0.0,0.0,0.0,0.0,0.0,0.0,0.0,0.0,1.0,0.0,1.0,0.0,0.0,0.0,0.0,0.0,0.0,4.0,2.0,0.0,1.0,2.0,2.0,3.0,0.0,0.0,6.0,0.0,2.0,1.0,1.0,2.0,0.0,0.0,0.0,1.0,13.0,2.0,1.0,0.0,0.0,0.0,1.0,3.0,10.0,3.0,0.0
320217971,cian.ru,Коньково,17.0,3.0,279.0,0,163.66666666666666,6,5027,15,3293,351300,93.0,40.0,3720.0,0,364.0,6,5027,15,3293,0.0,1.0,1.0,0.0,0.0,0.0,1.0,0.0,0.0,0.0,0.0,0.0,0.0,0.0,0.0,1.0,0.0,1.0,0.0,0.0,0.0,0.0,0.0,0.0,4.0,2.0,0.0,1.0,2.0,2.0,3.0,0.0,0.0,6.0,0.0,2.0,1.0,1.0,2.0,0.0,0.0,0.0,1.0,13.0,2.0,1.0,0.0,0.0,0.0,1.0,3.0,10.0,3.0,0.0
324743596,cian.ru,Коньково,17.0,3.0,279.0,0,163.66666666666666,6,5027,15,3293,351300,93.0,40.0,3720.0,0,364.0,6,5027,15,3293,0.0,1.0,1.0,0.0,0.0,0.0,1.0,0.0,0.0,0.0,0.0,0.0,0.0,0.0,0.0,1.0,0.0,1.0,0.0,0.0,0.0,0.0,0.0,0.0,4.0,2.0,0.0,1.0,2.0,2.0,3.0,0.0,0.0,6.0,0.0,2.0,1.0,1.0,2.0,0.0,0.0,0.0,1.0,13.0,2.0,1.0,0.0,0.0,0.0,1.0,3.0,10.0,3.0,0.0
3986832478442078208,realty.yandex.ru,Марьина Роща,50.0,5.0,572.0,4,17.0,0,10408,4060,12754,402200,175.0,49.0,6273.0,4,374.54545454545456,0,10408,4060,12754,2.0,0.0,4.0,6.0,0.0,1.0,0.0,1.0,4.0,0.0,0.0,0.0,2.0,0.0,1.0,0.0,2.0,2.0,5.0,1.0,1.0,1.0,3.0,3.0,13.0,0.0,1.0,7.0,4.0,5.0,11.0,0.0,2.0,4.0,1.0,10.0,2.0,2.0,1.0,3.0,0.0,1.0,1.0,10.0,3.0,5.0,1.0,1.0,1.0,5.0,4.0,17.0,5.0,2.0
2464162285345516032,realty.yandex.ru,Можайский,33.0,5.0,143.0,18,188.625,228,29484,296,35651,311900,78.0,16.0,646.0,18,235.6,228,29484,296,35651,1.0,0.0,3.0,4.0,0.0,1.0,2.0,0.0,8.0,4.0,0.0,0.0,0.0,0.0,0.0,6.0,2.0,1.0,1.0,2.0,0.0,0.0,4.0,12.0,7.0,16.0,0.0,1.0,0.0,3.0,5.0,0.0,1.0,2.0,0.0,11.0,4.0,1.0,0.0,0.0,0.0,0.0,6.0,3.0,1.0,2.0,2.0,0.0,1.0,4.0,13.0,8.0,18.0,0.0
316485322,cian.ru,Строгино,95.0,74.0,97.0,273,273.0,96,84,16,4,334100,228.0,143.0,198.0,273,273.0,96,84,16,4,0.0,0.0,0.0,0.0,0.0,0.0,0.0,0.0,2.0,1.0,0.0,0.0,0.0,0.0,0.0,0.0,0.0,0.0,0.0,0.0,0.0,0.0,0.0,0.0,0.0,0.0,0.0,0.0,0.0,0.0,0.0,0.0,0.0,0.0,0.0,5.0,1.0,0.0,0.0,0.0,0.0,0.0,0.0,0.0,0.0,0.0,0.0,0.0,3.0,0.0,0.0,0.0,0.0,0.0
6123863997923300352,realty.yandex.ru,Бирюлево Восточное,33.0,11.0,4735.0,,,2510,1910,3910,3508,263200,143.0,49.0,13755.0,346,432.2,2510,1910,3910,3508,2.0,1.0,1.0,7.0,0.0,0.0,1.0,0.0,2.0,1.0,1.0,1.0,0.0,0.0,0.0,0.0,8.0,1.0,0.0,1.0,0.0,1.0,2.0,3.0,3.0,1.0,0.0,5.0,3.0,13.0,22.0,0.0,2.0,13.0,0.0,19.0,13.0,5.0,9.0,0.0,0.0,1.0,2.0,34.0,3.0,5.0,5.0,0.0,1.0,3.0,10.0,8.0,7.0,0.0
322695221,cian.ru,Крылатское,3.0,2.0,15.0,162,162.0,0,6865,0,0,404400,23.0,15.0,197.0,162,162.0,0,6865,0,0,0.0,0.0,0.0,0.0,0.0,2.0,0.0,0.0,0.0,0.0,2.0,0.0,0.0,0.0,0.0,1.0,0.0,0.0,0.0,0.0,0.0,0.0,0.0,0.0,0.0,0.0,0.0,0.0,0.0,0.0,0.0,0.0,3.0,0.0,0.0,0.0,0.0,2.0,0.0,0.0,0.0,0.0,1.0,0.0,0.0,0.0,0.0,0.0,0.0,0.0,0.0,0.0,0.0,0.0
6123947747208158208,realty.yandex.ru,Бирюлево Восточное,33.0,11.0,4735.0,,,2510,1910,3910,3508,263200,143.0,49.0,13755.0,346,432.2,2510,1910,3910,3508,2.0,1.0,1.0,7.0,0.0,0.0,1.0,0.0,2.0,1.0,1.0,1.0,0.0,0.0,0.0,0.0,8.0,1.0,0.0,1.0,0.0,1.0,2.0,3.0,3.0,1.0,0.0,5.0,3.0,13.0,22.0,0.0,2.0,13.0,0.0,19.0,13.0,5.0,9.0,0.0,0.0,1.0,2.0,34.0,3.0,5.0,5.0,0.0,1.0,3.0,10.0,8.0,7.0,0.0
5096682430952758272,realty.yandex.ru,Бирюлево Восточное,33.0,11.0,4735.0,,,2510,1910,3910,3508,263200,143.0,49.0,13755.0,346,432.2,2510,1910,3910,3508,2.0,1.0,1.0,7.0,0.0,0.0,1.0,0.0,2.0,1.0,1.0,1.0,0.0,0.0,0.0,0.0,8.0,1.0,0.0,1.0,0.0,1.0,2.0,3.0,3.0,1.0,0.0,5.0,3.0,13.0,22.0,0.0,2.0,13.0,0.0,19.0,13.0,5.0,9.0,0.0,0.0,1.0,2.0,34.0,3.0,5.0,5.0,0.0,1.0,3.0,10.0,8.0,7.0,0.0
6123232142340123648,realty.yandex.ru,Бирюлево Восточное,33.0,11.0,4735.0,,,2510,1910,3910,3508,263200,143.0,49.0,13755.0,346,432.2,2510,1910,3910,3508,2.0,1.0,1.0,7.0,0.0,0.0,1.0,0.0,2.0,1.0,1.0,1.0,0.0,0.0,0.0,0.0,8.0,1.0,0.0,1.0,0.0,1.0,2.0,3.0,3.0,1.0,0.0,5.0,3.0,13.0,22.0,0.0,2.0,13.0,0.0,19.0,13.0,5.0,9.0,0.0,0.0,1.0,2.0,34.0,3.0,5.0,5.0,0.0,1.0,3.0,10.0,8.0,7.0,0.0
6123947637157701632,realty.yandex.ru,Бирюлево Восточное,33.0,11.0,4735.0,,,2510,1910,3910,3508,263200,143.0,49.0,13755.0,346,432.2,2510,1910,3910,3508,2.0,1.0,1.0,7.0,0.0,0.0,1.0,0.0,2.0,1.0,1.0,1.0,0.0,0.0,0.0,0.0,8.0,1.0,0.0,1.0,0.0,1.0,2.0,3.0,3.0,1.0,0.0,5.0,3.0,13.0,22.0,0.0,2.0,13.0,0.0,19.0,13.0,5.0,9.0,0.0,0.0,1.0,2.0,34.0,3.0,5.0,5.0,0.0,1.0,3.0,10.0,8.0,7.0,0.0
7629152739,avito.ru,Бирюлево Восточное,34.0,11.0,4620.0,,,2510,1910,3910,3508,263200,147.0,49.0,13866.0,314,416.8,2510,1910,3910,3508,2.0,2.0,3.0,7.0,0.0,0.0,1.0,0.0,3.0,2.0,1.0,1.0,0.0,0.0,0.0,0.0,5.0,1.0,0.0,2.0,0.0,1.0,2.0,3.0,3.0,1.0,0.0,5.0,3.0,15.0,24.0,0.0,2.0,13.0,0.0,21.0,15.0,5.0,10.0,0.0,0.0,1.0,2.0,34.0,6.0,5.0,5.0,0.0,1.0,3.0,10.0,8.0,8.0,1.0
324217047,cian.ru,Перово ,33.0,,,98,200.0,0,648,26,459,294700,196.0,24.0,1657.0,98,431.725,0,648,26,459,0.0,0.0,0.0,0.0,0.0,0.0,0.0,0.0,3.0,0.0,0.0,0.0,1.0,0.0,0.0,0.0,0.0,0.0,0.0,0.0,0.0,0.0,1.0,0.0,0.0,0.0,0.0,8.0,4.0,3.0,6.0,0.0,4.0,2.0,0.0,16.0,2.0,4.0,1.0,2.0,0.0,1.0,1.0,5.0,3.0,1.0,0.0,0.0,0.0,9.0,1.0,6.0,1.0,1.0
6123812958474109952,realty.yandex.ru,Бирюлево Восточное,33.0,11.0,4735.0,,,2510,1910,3910,3508,263200,143.0,49.0,13755.0,346,432.2,2510,1910,3910,3508,2.0,1.0,1.0,7.0,0.0,0.0,1.0,0.0,2.0,1.0,1.0,1.0,0.0,0.0,0.0,0.0,8.0,1.0,0.0,1.0,0.0,1.0,2.0,3.0,3.0,1.0,0.0,5.0,3.0,13.0,22.0,0.0,2.0,13.0,0.0,19.0,13.0,5.0,9.0,0.0,0.0,1.0,2.0,34.0,3.0,5.0,5.0,0.0,1.0,3.0,10.0,8.0,7.0,0.0
2361982470464732160,realty.yandex.ru,Сокольники,36.0,1.0,299.0,70,189.6,410,758,0,24,367600,138.0,13.0,1549.0,70,379.8125,410,758,0,24,0.0,0.0,0.0,0.0,0.0,0.0,0.0,0.0,0.0,0.0,0.0,0.0,0.0,0.0,0.0,0.0,0.0,0.0,1.0,0.0,0.0,0.0,0.0,0.0,0.0,0.0,0.0,2.0,1.0,0.0,11.0,0.0,1.0,1.0,0.0,3.0,3.0,0.0,2.0,0.0,0.0,0.0,1.0,5.0,0.0,5.0,2.0,0.0,0.0,2.0,3.0,4.0,0.0,0.0
6122994209703277568,realty.yandex.ru,Бирюлево Восточное,33.0,11.0,4735.0,,,2510,1910,3910,3508,263200,143.0,49.0,13755.0,346,432.2,2510,1910,3910,3508,2.0,1.0,1.0,7.0,0.0,0.0,1.0,0.0,2.0,1.0,1.0,1.0,0.0,0.0,0.0,0.0,8.0,1.0,0.0,1.0,0.0,1.0,2.0,3.0,3.0,1.0,0.0,5.0,3.0,13.0,22.0,0.0,2.0,13.0,0.0,19.0,13.0,5.0,9.0,0.0,0.0,1.0,2.0,34.0,3.0,5.0,5.0,0.0,1.0,3.0,10.0,8.0,7.0,0.0
6123951021209237504,realty.yandex.ru,Бирюлево Восточное,33.0,11.0,4735.0,,,2510,1910,3910,3508,263200,143.0,49.0,13755.0,346,432.2,2510,1910,3910,3508,2.0,1.0,1.0,7.0,0.0,0.0,1.0,0.0,2.0,1.0,1.0,1.0,0.0,0.0,0.0,0.0,8.0,1.0,0.0,1.0,0.0,1.0,2.0,3.0,3.0,1.0,0.0,5.0,3.0,13.0,22.0,0.0,2.0,13.0,0.0,19.0,13.0,5.0,9.0,0.0,0.0,1.0,2.0,34.0,3.0,5.0,5.0,0.0,1.0,3.0,10.0,8.0,7.0,0.0
324893996,cian.ru,Можайский,19.0,2.0,311.0,0,161.16666666666666,1702,15748,108,8043,311900,125.0,33.0,2986.0,0,382.5217391304348,1702,15748,108,8043,0.0,0.0,1.0,0.0,0.0,0.0,1.0,0.0,1.0,0.0,0.0,0.0,0.0,0.0,0.0,1.0,1.0,0.0,0.0,0.0,0.0,0.0,2.0,0.0,0.0,0.0,0.0,5.0,2.0,7.0,12.0,1.0,2.0,4.0,0.0,24.0,1.0,1.0,2.0,0.0,0.0,0.0,2.0,9.0,3.0,2.0,3.0,0.0,0.0,6.0,7.0,5.0,1.0,0.0
324334759,cian.ru,Бирюлево Восточное,34.0,11.0,4620.0,,,2510,1910,3910,3508,263200,147.0,49.0,13866.0,314,417.0,2510,1910,3910,3508,2.0,2.0,3.0,7.0,0.0,0.0,2.0,0.0,3.0,2.0,1.0,1.0,0.0,0.0,0.0,0.0,8.0,1.0,0.0,2.0,0.0,1.0,2.0,3.0,3.0,1.0,0.0,5.0,3.0,15.0,24.0,0.0,2.0,13.0,0.0,21.0,15.0,5.0,10.0,0.0,0.0,1.0,2.0,34.0,6.0,5.0,5.0,0.0,1.0,3.0,10.0,8.0,8.0,1.0
7629053056,avito.ru,Бирюлево Восточное,34.0,11.0,4620.0,,,2510,1910,3910,3508,263200,147.0,49.0,13866.0,314,416.8,2510,1910,3910,3508,2.0,2.0,3.0,7.0,0.0,0.0,1.0,0.0,3.0,2.0,1.0,1.0,0.0,0.0,0.0,0.0,5.0,1.0,0.0,2.0,0.0,1.0,2.0,3.0,3.0,1.0,0.0,5.0,3.0,15.0,24.0,0.0,2.0,13.0,0.0,21.0,15.0,5.0,10.0,0.0,0.0,1.0,2.0,34.0,6.0,5.0,5.0,0.0,1.0,3.0,10.0,8.0,8.0,1.0
6123947604320065536,realty.yandex.ru,Бирюлево Восточное,33.0,11.0,4735.0,,,2510,1910,3910,3508,263200,143.0,49.0,13755.0,346,432.2,2510,1910,3910,3508,2.0,1.0,1.0,7.0,0.0,0.0,1.0,0.0,2.0,1.0,1.0,1.0,0.0,0.0,0.0,0.0,8.0,1.0,0.0,1.0,0.0,1.0,2.0,3.0,3.0,1.0,0.0,5.0,3.0,13.0,22.0,0.0,2.0,13.0,0.0,19.0,13.0,5.0,9.0,0.0,0.0,1.0,2.0,34.0,3.0,5.0,5.0,0.0,1.0,3.0,10.0,8.0,7.0,0.0
5096682404327648256,realty.yandex.ru,Бирюлево Восточное,33.0,11.0,4735.0,,,2510,1910,3910,3508,263200,143.0,49.0,13755.0,346,432.2,2510,1910,3910,3508,2.0,1.0,1.0,7.0,0.0,0.0,1.0,0.0,2.0,1.0,1.0,1.0,0.0,0.0,0.0,0.0,8.0,1.0,0.0,1.0,0.0,1.0,2.0,3.0,3.0,1.0,0.0,5.0,3.0,13.0,22.0,0.0,2.0,13.0,0.0,19.0,13.0,5.0,9.0,0.0,0.0,1.0,2.0,34.0,3.0,5.0,5.0,0.0,1.0,3.0,10.0,8.0,7.0,0.0
319588663,cian.ru,Нагатино-Садовники,67.0,1.0,195.0,0,165.5,962,19690,175,21537,353800,191.0,38.0,6033.0,0,303.89473684210526,962,19690,175,21537,3.0,1.0,3.0,2.0,0.0,2.0,0.0,0.0,3.0,0.0,0.0,0.0,1.0,0.0,0.0,3.0,2.0,1.0,2.0,2.0,0.0,0.0,8.0,3.0,7.0,0.0,0.0,10.0,2.0,11.0,13.0,0.0,4.0,5.0,0.0,15.0,5.0,1.0,3.0,3.0,0.0,1.0,5.0,9.0,1.0,5.0,3.0,0.0,0.0,10.0,7.0,15.0,4.0,1.0
324312363,cian.ru,Люблино,35.0,3.0,16.0,64,149.66666666666666,0,1800,37,217,274100,106.0,21.0,7915.0,64,305.93333333333334,0,1800,37,217,0.0,0.0,0.0,0.0,0.0,0.0,0.0,0.0,4.0,0.0,0.0,1.0,0.0,0.0,0.0,0.0,0.0,0.0,0.0,0.0,0.0,1.0,0.0,0.0,0.0,0.0,0.0,3.0,1.0,3.0,12.0,1.0,3.0,4.0,0.0,13.0,10.0,0.0,2.0,6.0,1.0,0.0,0.0,13.0,3.0,0.0,4.0,0.0,1.0,3.0,11.0,3.0,0.0,1.0
6123951017659223040,realty.yandex.ru,Бирюлево Восточное,33.0,11.0,4735.0,,,2510,1910,3910,3508,263200,143.0,49.0,13755.0,346,432.2,2510,1910,3910,3508,2.0,1.0,1.0,7.0,0.0,0.0,1.0,0.0,2.0,1.0,1.0,1.0,0.0,0.0,0.0,0.0,8.0,1.0,0.0,1.0,0.0,1.0,2.0,3.0,3.0,1.0,0.0,5.0,3.0,13.0,22.0,0.0,2.0,13.0,0.0,19.0,13.0,5.0,9.0,0.0,0.0,1.0,2.0,34.0,3.0,5.0,5.0,0.0,1.0,3.0,10.0,8.0,7.0,0.0
322630922,cian.ru,Очаково-Матвеевское,23.0,,,45,172.14285714285714,0,4332,0,1232,361200,93.0,5.0,,45,257.6363636363636,0,4332,0,1232,3.0,0.0,1.0,0.0,1.0,0.0,0.0,0.0,1.0,1.0,1.0,0.0,1.0,0.0,0.0,2.0,0.0,0.0,0.0,0.0,0.0,0.0,2.0,1.0,4.0,0.0,0.0,3.0,0.0,1.0,0.0,2.0,0.0,0.0,0.0,3.0,1.0,1.0,0.0,1.0,0.0,0.0,2.0,1.0,0.0,0.0,0.0,0.0,1.0,2.0,1.0,4.0,0.0,0.0
319068852,cian.ru,Строгино,30.0,,,0,0.0,0,6929,0,3217,334100,70.0,,,0,0.0,0,6929,0,3217,0.0,0.0,0.0,0.0,0.0,0.0,0.0,0.0,3.0,0.0,0.0,0.0,0.0,0.0,0.0,1.0,0.0,0.0,1.0,0.0,0.0,0.0,2.0,0.0,0.0,1.0,0.0,1.0,0.0,0.0,0.0,0.0,0.0,0.0,0.0,3.0,0.0,0.0,0.0,0.0,0.0,0.0,1.0,2.0,0.0,2.0,0.0,0.0,0.0,2.0,0.0,1.0,1.0,0.0
320542649,cian.ru,Можайский,19.0,2.0,311.0,0,161.16666666666666,1702,15748,108,8043,311900,125.0,33.0,2986.0,0,382.5217391304348,1702,15748,108,8043,0.0,0.0,1.0,0.0,0.0,0.0,1.0,0.0,1.0,0.0,0.0,0.0,0.0,0.0,0.0,1.0,1.0,0.0,0.0,0.0,0.0,0.0,2.0,0.0,0.0,0.0,0.0,5.0,2.0,7.0,12.0,1.0,2.0,4.0,0.0,24.0,1.0,1.0,2.0,0.0,0.0,0.0,2.0,9.0,3.0,2.0,3.0,0.0,0.0,6.0,7.0,5.0,1.0,0.0
324198311,cian.ru,Строгино,92.0,67.0,90.0,137,137.0,176,418,23,8,334100,237.0,137.0,1394.0,137,137.0,176,418,23,8,0.0,0.0,0.0,0.0,0.0,0.0,0.0,0.0,2.0,1.0,0.0,0.0,0.0,0.0,0.0,0.0,0.0,0.0,0.0,0.0,0.0,0.0,0.0,0.0,0.0,0.0,0.0,0.0,1.0,1.0,3.0,0.0,0.0,1.0,1.0,6.0,1.0,1.0,0.0,1.0,0.0,0.0,0.0,7.0,0.0,0.0,1.0,0.0,3.0,0.0,1.0,0.0,0.0,0.0
316036180,cian.ru,Строгино,92.0,67.0,90.0,137,137.0,176,418,23,8,334100,237.0,137.0,1394.0,137,137.0,176,418,23,8,0.0,0.0,0.0,0.0,0.0,0.0,0.0,0.0,2.0,1.0,0.0,0.0,0.0,0.0,0.0,0.0,0.0,0.0,0.0,0.0,0.0,0.0,0.0,0.0,0.0,0.0,0.0,0.0,1.0,1.0,3.0,0.0,0.0,1.0,1.0,6.0,1.0,1.0,0.0,1.0,0.0,0.0,0.0,7.0,0.0,0.0,1.0,0.0,3.0,0.0,1.0,0.0,0.0,0.0
322630921,cian.ru,Очаково-Матвеевское,23.0,,,45,172.14285714285714,0,4332,0,1232,361200,93.0,5.0,,45,257.6363636363636,0,4332,0,1232,3.0,0.0,1.0,0.0,1.0,0.0,0.0,0.0,1.0,1.0,1.0,0.0,1.0,0.0,0.0,2.0,0.0,0.0,0.0,0.0,0.0,0.0,2.0,1.0,4.0,0.0,0.0,3.0,0.0,1.0,0.0,2.0,0.0,0.0,0.0,3.0,1.0,1.0,0.0,1.0,0.0,0.0,2.0,1.0,0.0,0.0,0.0,0.0,1.0,2.0,1.0,4.0,0.0,0.0
322176715,cian.ru,Тверской,127.0,28.0,1663.0,4,168.35,698,6971,2442,10921,609300,383.0,114.0,7134.0,4,374.09859154929575,698,6971,2442,10921,9.0,4.0,7.0,24.0,0.0,2.0,3.0,0.0,31.0,3.0,0.0,2.0,1.0,0.0,0.0,5.0,5.0,1.0,4.0,0.0,2.0,0.0,14.0,16.0,62.0,1.0,1.0,48.0,24.0,36.0,140.0,1.0,8.0,12.0,0.0,57.0,8.0,5.0,5.0,21.0,1.0,1.0,19.0,26.0,4.0,23.0,14.0,2.0,0.0,38.0,58.0,173.0,4.0,6.0
323356783,cian.ru,Преображенское,125.0,6.0,214.0,0,194.14893617021278,1168,23555,276,8624,331700,374.0,31.0,2180.0,0,312.05,1168,23555,276,8624,7.0,3.0,3.0,18.0,0.0,4.0,1.0,0.0,10.0,0.0,9.0,0.0,0.0,0.0,0.0,20.0,1.0,4.0,5.0,2.0,0.0,0.0,15.0,10.0,8.0,0.0,0.0,22.0,8.0,11.0,41.0,0.0,8.0,7.0,0.0,33.0,9.0,10.0,1.0,6.0,1.0,4.0,23.0,16.0,8.0,14.0,9.0,0.0,0.0,29.0,22.0,44.0,3.0,1.0
325126553,cian.ru,Южнопортовый,60.0,21.0,1854.0,0,146.83333333333334,1242,8254,4857,8985,368900,232.0,81.0,8062.0,0,399.0,1242,8254,4857,8985,26.0,1.0,1.0,9.0,0.0,1.0,2.0,1.0,3.0,2.0,1.0,4.0,1.0,1.0,0.0,1.0,7.0,1.0,3.0,4.0,0.0,1.0,4.0,2.0,2.0,2.0,0.0,36.0,5.0,11.0,35.0,1.0,4.0,12.0,1.0,20.0,13.0,4.0,10.0,1.0,1.0,1.0,8.0,27.0,7.0,9.0,8.0,0.0,2.0,13.0,13.0,10.0,4.0,1.0
324852277,cian.ru,Нижегородский,48.0,5.0,510.0,257,261.0,372,1196,89,1360,362800,177.0,33.0,2799.0,257,340.25,372,1196,89,1360,3.0,0.0,0.0,3.0,0.0,0.0,1.0,0.0,5.0,3.0,0.0,0.0,0.0,0.0,0.0,0.0,2.0,0.0,1.0,1.0,0.0,0.0,2.0,2.0,0.0,0.0,0.0,3.0,1.0,5.0,3.0,0.0,0.0,5.0,0.0,17.0,5.0,1.0,2.0,1.0,0.0,0.0,0.0,6.0,1.0,1.0,1.0,0.0,0.0,4.0,3.0,3.0,2.0,0.0
5523185326772440064,realty.yandex.ru,Донской,33.0,5.0,680.0,0,187.28571428571428,588,18037,310,5515,391900,125.0,24.0,3344.0,0,372.7826086956522,588,18037,310,5515,6.0,1.0,2.0,1.0,0.0,0.0,0.0,0.0,1.0,0.0,0.0,0.0,5.0,1.0,0.0,3.0,0.0,0.0,0.0,1.0,0.0,0.0,2.0,2.0,2.0,0.0,0.0,10.0,5.0,7.0,12.0,0.0,6.0,3.0,0.0,4.0,8.0,3.0,0.0,6.0,1.0,0.0,9.0,9.0,0.0,2.0,3.0,0.0,4.0,10.0,13.0,15.0,1.0,0.0
3987628968732432896,realty.yandex.ru,Митино,,,,,,0,0,0,0,298300,49.0,27.0,5546.0,553,553.0,0,0,0,0,0.0,0.0,0.0,0.0,0.0,0.0,0.0,0.0,0.0,0.0,0.0,0.0,0.0,0.0,0.0,0.0,0.0,0.0,0.0,0.0,0.0,0.0,0.0,0.0,0.0,0.0,0.0,3.0,1.0,4.0,6.0,0.0,0.0,3.0,0.0,5.0,3.0,1.0,3.0,0.0,0.0,0.0,0.0,8.0,2.0,2.0,1.0,0.0,0.0,4.0,1.0,2.0,4.0,0.0
320073815,cian.ru,Куркино,31.0,16.0,1080.0,225,225.0,930,13028,2793,11253,328100,129.0,84.0,7319.0,225,225.0,930,13028,2793,11253,2.0,2.0,7.0,12.0,0.0,1.0,4.0,0.0,8.0,1.0,1.0,2.0,1.0,0.0,1.0,0.0,6.0,1.0,1.0,1.0,0.0,0.0,1.0,3.0,4.0,1.0,0.0,9.0,11.0,13.0,49.0,0.0,2.0,9.0,0.0,13.0,4.0,5.0,10.0,1.0,0.0,1.0,0.0,20.0,2.0,3.0,3.0,0.0,1.0,2.0,6.0,6.0,2.0,0.0
321471631,cian.ru,Восточный,43.0,,,,,0,84,0,0,,79.0,6.0,17.0,486,486.0,0,84,0,0,0.0,0.0,0.0,0.0,0.0,0.0,0.0,0.0,0.0,0.0,0.0,0.0,0.0,0.0,0.0,0.0,0.0,0.0,0.0,0.0,0.0,0.0,0.0,0.0,0.0,0.0,0.0,0.0,0.0,0.0,0.0,0.0,0.0,0.0,0.0,0.0,0.0,1.0,0.0,0.0,0.0,0.0,0.0,0.0,0.0,0.0,0.0,0.0,0.0,0.0,0.0,0.0,2.0,0.0
321660874,cian.ru,,1.0,,,140,140.0,48,69483,0,11310,,39.0,25.0,,140,382.3333333333333,48,69483,0,11310,0.0,0.0,1.0,0.0,0.0,0.0,1.0,0.0,5.0,0.0,0.0,0.0,0.0,0.0,0.0,0.0,1.0,0.0,0.0,0.0,0.0,0.0,0.0,1.0,0.0,0.0,0.0,1.0,0.0,1.0,0.0,0.0,1.0,1.0,1.0,18.0,0.0,0.0,0.0,0.0,0.0,2.0,0.0,4.0,4.0,0.0,0.0,1.0,2.0,2.0,5.0,13.0,0.0,1.0
323514760,cian.ru,Замоскворечье,110.0,32.0,1750.0,66,174.53333333333333,3722,56521,1524,10895,543700,412.0,117.0,7188.0,66,404.144578313253,3722,56521,1524,10895,7.0,3.0,16.0,24.0,0.0,1.0,7.0,0.0,12.0,3.0,2.0,2.0,0.0,0.0,0.0,2.0,7.0,1.0,5.0,2.0,0.0,3.0,5.0,21.0,39.0,0.0,2.0,35.0,16.0,29.0,104.0,0.0,12.0,16.0,0.0,33.0,7.0,8.0,9.0,10.0,1.0,1.0,11.0,21.0,2.0,18.0,9.0,1.0,9.0,24.0,60.0,126.0,7.0,5.0
322858674,cian.ru,Тропарево-Никулино,17.0,5.0,283.0,123,195.25,4880,40913,1123,9148,399700,86.0,24.0,5055.0,123,346.1111111111111,4880,40913,1123,9148,1.0,0.0,6.0,3.0,0.0,1.0,4.0,0.0,7.0,1.0,0.0,0.0,2.0,0.0,2.0,0.0,6.0,0.0,4.0,2.0,1.0,0.0,3.0,8.0,21.0,1.0,0.0,17.0,6.0,19.0,31.0,0.0,4.0,7.0,0.0,49.0,6.0,3.0,2.0,28.0,0.0,5.0,0.0,24.0,4.0,12.0,8.0,1.0,1.0,17.0,33.0,78.0,2.0,1.0
3986832478441186816,realty.yandex.ru,Тверской,146.0,29.0,1180.0,0,176.02631578947367,4208,45369,2014,16662,609300,437.0,100.0,5456.0,0,334.57142857142856,4208,45369,2014,16662,21.0,14.0,18.0,97.0,0.0,6.0,2.0,0.0,21.0,4.0,1.0,2.0,0.0,0.0,1.0,12.0,13.0,1.0,9.0,8.0,0.0,0.0,20.0,24.0,77.0,2.0,1.0,57.0,27.0,34.0,177.0,3.0,13.0,11.0,0.0,56.0,11.0,7.0,5.0,30.0,1.0,1.0,20.0,29.0,5.0,23.0,16.0,3.0,1.0,46.0,64.0,173.0,4.0,4.0
324401384,cian.ru,Хамовники,35.0,17.0,1339.0,23,118.8,11226,72027,4821,18510,846800,247.0,95.0,7299.0,23,412.4,11226,72027,4821,18510,10.0,2.0,13.0,18.0,0.0,3.0,2.0,0.0,15.0,4.0,1.0,2.0,0.0,0.0,1.0,0.0,2.0,1.0,5.0,5.0,0.0,0.0,2.0,15.0,38.0,0.0,0.0,42.0,10.0,25.0,59.0,2.0,10.0,8.0,0.0,23.0,9.0,2.0,11.0,11.0,0.0,1.0,2.0,10.0,5.0,8.0,14.0,0.0,0.0,8.0,23.0,51.0,3.0,1.0
320274545,cian.ru,Тверской,62.0,5.0,13.0,0,144.30769230769232,12,29363,31,11908,609300,185.0,9.0,127.0,0,341.3421052631579,12,29363,31,11908,4.0,0.0,7.0,11.0,0.0,0.0,3.0,0.0,5.0,0.0,0.0,0.0,2.0,0.0,2.0,5.0,1.0,0.0,2.0,0.0,0.0,8.0,2.0,23.0,34.0,4.0,1.0,9.0,3.0,23.0,43.0,0.0,4.0,7.0,0.0,23.0,3.0,0.0,0.0,6.0,0.0,4.0,9.0,4.0,0.0,8.0,8.0,3.0,15.0,12.0,66.0,159.0,7.0,2.0
8427502013113884672,realty.yandex.ru,Даниловский,16.0,1.0,758.0,0,199.5,2452,28830,3382,27925,399100,50.0,7.0,1483.0,0,303.9166666666667,2452,28830,3382,27925,1.0,5.0,4.0,6.0,0.0,0.0,3.0,0.0,3.0,0.0,1.0,0.0,0.0,0.0,1.0,6.0,5.0,0.0,1.0,4.0,1.0,0.0,1.0,10.0,12.0,0.0,0.0,3.0,5.0,8.0,11.0,0.0,1.0,4.0,0.0,9.0,1.0,1.0,0.0,0.0,0.0,1.0,9.0,5.0,0.0,4.0,4.0,3.0,0.0,8.0,15.0,27.0,0.0,0.0
319756118,cian.ru,Тверской,65.0,5.0,13.0,0,140.76923076923077,336,29363,31,11908,609300,182.0,8.0,37.0,0,333.05405405405406,336,29363,31,11908,4.0,1.0,7.0,11.0,0.0,0.0,3.0,0.0,5.0,0.0,0.0,0.0,2.0,0.0,1.0,5.0,1.0,0.0,2.0,0.0,0.0,8.0,2.0,23.0,31.0,4.0,1.0,9.0,3.0,23.0,43.0,0.0,3.0,7.0,0.0,22.0,3.0,0.0,0.0,6.0,0.0,4.0,9.0,4.0,0.0,8.0,8.0,3.0,15.0,12.0,65.0,157.0,7.0,2.0
324709503,cian.ru,Тверской,104.0,44.0,2506.0,123,216.8,1074,10590,1002,8392,609300,344.0,146.0,7894.0,123,367.453125,1074,10590,1002,8392,15.0,5.0,6.0,61.0,0.0,6.0,6.0,0.0,1.0,7.0,1.0,0.0,0.0,2.0,1.0,5.0,8.0,0.0,5.0,6.0,0.0,0.0,1.0,9.0,46.0,3.0,3.0,54.0,19.0,38.0,148.0,0.0,11.0,17.0,0.0,29.0,19.0,2.0,6.0,8.0,2.0,1.0,17.0,23.0,6.0,24.0,15.0,0.0,3.0,20.0,47.0,138.0,8.0,9.0
319420863,cian.ru,Арбат,50.0,27.0,1387.0,92,200.5,292,4378,586,7328,820400,242.0,102.0,5017.0,92,422.13953488372096,292,4378,586,7328,10.0,2.0,3.0,40.0,0.0,1.0,2.0,0.0,4.0,5.0,2.0,1.0,0.0,0.0,2.0,1.0,3.0,0.0,5.0,4.0,0.0,2.0,5.0,6.0,8.0,1.0,0.0,34.0,10.0,13.0,84.0,0.0,11.0,8.0,0.0,19.0,9.0,7.0,4.0,2.0,0.0,3.0,9.0,8.0,2.0,17.0,12.0,0.0,3.0,12.0,31.0,63.0,4.0,6.0
321022535,cian.ru,Аэропорт,44.0,28.0,2740.0,29,197.83333333333334,884,1340,1063,1259,400700,185.0,105.0,9705.0,29,378.05882352941177,884,1340,1063,1259,6.0,2.0,3.0,10.0,0.0,1.0,3.0,0.0,0.0,4.0,0.0,0.0,0.0,1.0,0.0,3.0,4.0,0.0,4.0,1.0,0.0,1.0,2.0,8.0,6.0,0.0,0.0,13.0,10.0,8.0,22.0,1.0,2.0,12.0,0.0,14.0,12.0,7.0,2.0,3.0,1.0,0.0,3.0,19.0,2.0,7.0,6.0,0.0,1.0,9.0,15.0,32.0,6.0,2.0
3940063261425482752,realty.yandex.ru,Аэропорт,47.0,29.0,2796.0,6,217.57142857142858,884,1128,891,1259,400700,186.0,108.0,10124.0,6,365.875,884,1128,891,1259,6.0,2.0,3.0,10.0,1.0,1.0,4.0,0.0,0.0,4.0,0.0,0.0,0.0,1.0,0.0,3.0,5.0,0.0,4.0,1.0,0.0,1.0,2.0,8.0,6.0,0.0,0.0,13.0,10.0,8.0,22.0,1.0,2.0,12.0,0.0,14.0,12.0,7.0,2.0,3.0,1.0,0.0,3.0,20.0,4.0,8.0,6.0,0.0,1.0,9.0,15.0,32.0,6.0,2.0
3941700071042052096,realty.yandex.ru,Аэропорт,49.0,24.0,2997.0,192,219.0,2950,29875,4835,15541,400700,246.0,84.0,7660.0,192,475.16,2950,29875,4835,15541,4.0,6.0,18.0,21.0,1.0,1.0,7.0,0.0,32.0,4.0,1.0,2.0,2.0,0.0,1.0,3.0,14.0,2.0,11.0,3.0,0.0,2.0,11.0,23.0,22.0,2.0,2.0,22.0,14.0,32.0,51.0,1.0,4.0,10.0,0.0,49.0,7.0,3.0,7.0,4.0,4.0,1.0,8.0,26.0,6.0,18.0,9.0,0.0,3.0,28.0,42.0,57.0,3.0,4.0
3967137546321403904,realty.yandex.ru,Аэропорт,49.0,24.0,2997.0,192,219.0,2950,29875,4835,15541,400700,246.0,84.0,7660.0,192,475.16,2950,29875,4835,15541,4.0,6.0,18.0,21.0,1.0,1.0,7.0,0.0,32.0,4.0,1.0,2.0,2.0,0.0,1.0,3.0,14.0,2.0,11.0,3.0,0.0,2.0,11.0,23.0,22.0,2.0,2.0,22.0,14.0,32.0,51.0,1.0,4.0,10.0,0.0,49.0,7.0,3.0,7.0,4.0,4.0,1.0,8.0,26.0,6.0,18.0,9.0,0.0,3.0,28.0,42.0,57.0,3.0,4.0
320916502,cian.ru,Замоскворечье,104.0,25.0,2332.0,72,182.45,3688,56521,2495,24199,543700,414.0,105.0,6741.0,72,434.4950495049505,3688,56521,2495,24199,6.0,4.0,12.0,28.0,0.0,3.0,6.0,0.0,15.0,4.0,3.0,3.0,2.0,1.0,0.0,2.0,8.0,1.0,5.0,3.0,0.0,4.0,8.0,19.0,39.0,0.0,2.0,34.0,18.0,28.0,92.0,0.0,11.0,17.0,0.0,39.0,9.0,8.0,9.0,26.0,1.0,1.0,13.0,19.0,2.0,15.0,6.0,0.0,8.0,26.0,59.0,109.0,7.0,4.0
321548090,cian.ru,Басманный,113.0,11.0,495.0,0,170.54166666666666,2328,44067,223,7613,461200,479.0,70.0,1427.0,0,387.9024390243902,2328,44067,223,7613,7.0,4.0,10.0,24.0,0.0,0.0,3.0,0.0,7.0,4.0,0.0,0.0,0.0,1.0,0.0,4.0,3.0,0.0,4.0,2.0,0.0,9.0,10.0,20.0,59.0,2.0,3.0,32.0,14.0,24.0,137.0,1.0,9.0,7.0,0.0,24.0,7.0,0.0,4.0,6.0,1.0,0.0,7.0,13.0,0.0,10.0,10.0,0.0,31.0,22.0,46.0,154.0,4.0,6.0
3984986711660251136,realty.yandex.ru,Мещанский,127.0,42.0,1143.0,7,190.68571428571428,2106,37133,3983,30675,530600,587.0,232.0,7131.0,7,367.4761904761905,2106,37133,3983,30675,16.0,5.0,4.0,49.0,0.0,1.0,4.0,0.0,12.0,5.0,1.0,0.0,11.0,0.0,1.0,5.0,6.0,0.0,6.0,4.0,0.0,4.0,2.0,13.0,35.0,3.0,2.0,111.0,30.0,21.0,148.0,1.0,7.0,10.0,0.0,23.0,12.0,7.0,6.0,16.0,0.0,1.0,20.0,12.0,1.0,14.0,14.0,0.0,6.0,15.0,34.0,90.0,16.0,4.0
324615852,cian.ru,Крылатское,31.0,10.0,3581.0,1,110.0,8860,13920,5714,6560,404400,95.0,33.0,10471.0,1,321.8181818181818,8860,13920,5714,6560,8.0,2.0,19.0,21.0,0.0,0.0,3.0,0.0,13.0,5.0,1.0,3.0,0.0,0.0,3.0,0.0,16.0,2.0,8.0,6.0,0.0,0.0,5.0,6.0,12.0,2.0,2.0,15.0,5.0,26.0,40.0,0.0,5.0,8.0,0.0,37.0,11.0,8.0,8.0,0.0,0.0,5.0,2.0,20.0,4.0,13.0,11.0,0.0,1.0,6.0,19.0,14.0,4.0,2.0
324324653,cian.ru,Аэропорт,49.0,24.0,2997.0,192,219.5,2950,29875,4835,15541,400700,246.0,84.0,7652.0,192,475.36,2950,29875,4835,15541,4.0,6.0,18.0,21.0,1.0,1.0,7.0,0.0,32.0,4.0,1.0,2.0,2.0,0.0,1.0,3.0,14.0,2.0,11.0,3.0,0.0,2.0,11.0,23.0,22.0,2.0,2.0,22.0,14.0,32.0,52.0,1.0,4.0,10.0,0.0,49.0,7.0,3.0,7.0,4.0,4.0,1.0,8.0,26.0,6.0,18.0,9.0,0.0,3.0,28.0,42.0,57.0,3.0,4.0
322867582,cian.ru,Даниловский,15.0,1.0,758.0,16,199.83333333333334,2452,28830,3382,27925,399100,51.0,7.0,1483.0,16,301.8333333333333,2452,28830,3382,27925,1.0,5.0,4.0,6.0,0.0,0.0,3.0,0.0,3.0,0.0,1.0,0.0,0.0,0.0,1.0,6.0,5.0,0.0,1.0,4.0,1.0,0.0,1.0,10.0,12.0,0.0,0.0,3.0,5.0,8.0,11.0,0.0,1.0,4.0,0.0,9.0,1.0,1.0,0.0,0.0,0.0,1.0,9.0,5.0,0.0,4.0,4.0,3.0,0.0,8.0,15.0,27.0,0.0,0.0
321598651,cian.ru,Красносельский,191.0,45.0,1149.0,74,195.06976744186048,648,34099,500,13680,454800,618.0,167.0,3333.0,74,364.01612903225805,648,34099,500,13680,31.0,11.0,6.0,49.0,0.0,11.0,3.0,0.0,3.0,0.0,1.0,0.0,15.0,0.0,0.0,5.0,5.0,0.0,6.0,3.0,0.0,2.0,4.0,21.0,69.0,2.0,1.0,81.0,28.0,19.0,167.0,0.0,17.0,9.0,0.0,21.0,7.0,3.0,2.0,20.0,0.0,1.0,12.0,15.0,0.0,15.0,6.0,0.0,12.0,20.0,45.0,162.0,3.0,4.0
322058484,cian.ru,Тверской,86.0,30.0,2183.0,0,146.63636363636363,12024,84535,1039,12818,609300,286.0,120.0,8022.0,0,335.03508771929825,12024,84535,1039,12818,19.0,5.0,12.0,48.0,0.0,6.0,6.0,0.0,8.0,5.0,1.0,2.0,0.0,0.0,0.0,5.0,8.0,0.0,6.0,5.0,0.0,0.0,6.0,18.0,69.0,4.0,2.0,32.0,13.0,35.0,110.0,0.0,8.0,16.0,0.0,28.0,17.0,4.0,6.0,1.0,2.0,2.0,14.0,25.0,2.0,22.0,12.0,0.0,3.0,15.0,40.0,130.0,8.0,7.0
321548994,cian.ru,Басманный,113.0,11.0,495.0,0,170.54166666666666,2328,44067,223,7613,461200,479.0,70.0,1427.0,0,387.9024390243902,2328,44067,223,7613,7.0,4.0,10.0,24.0,0.0,0.0,3.0,0.0,7.0,4.0,0.0,0.0,0.0,1.0,0.0,4.0,3.0,0.0,4.0,2.0,0.0,9.0,10.0,20.0,59.0,2.0,3.0,32.0,14.0,24.0,137.0,1.0,9.0,7.0,0.0,24.0,7.0,0.0,4.0,6.0,1.0,0.0,7.0,13.0,0.0,10.0,10.0,0.0,31.0,22.0,46.0,154.0,4.0,6.0
320985312,cian.ru,Пресненский,21.0,8.0,1773.0,0,204.8,4670,318598,5210,103583,621300,71.0,29.0,3682.0,0,303.48148148148147,4670,318598,5210,103583,18.0,5.0,38.0,63.0,0.0,13.0,8.0,0.0,30.0,17.0,0.0,0.0,1.0,0.0,2.0,12.0,15.0,6.0,27.0,12.0,2.0,0.0,35.0,61.0,116.0,1.0,8.0,42.0,7.0,53.0,79.0,0.0,15.0,13.0,0.0,46.0,20.0,0.0,2.0,1.0,0.0,5.0,16.0,17.0,7.0,32.0,16.0,2.0,1.0,50.0,93.0,152.0,1.0,13.0
322858600,cian.ru,Таганский,81.0,3.0,317.0,78,207.0,2328,44067,223,9528,433700,399.0,50.0,1058.0,78,416.25714285714287,2328,44067,223,9528,6.0,1.0,10.0,11.0,0.0,0.0,3.0,0.0,7.0,4.0,0.0,0.0,0.0,0.0,0.0,2.0,2.0,0.0,3.0,1.0,0.0,10.0,7.0,20.0,51.0,1.0,2.0,25.0,12.0,18.0,97.0,1.0,6.0,5.0,0.0,21.0,6.0,0.0,2.0,3.0,1.0,0.0,7.0,7.0,0.0,9.0,9.0,0.0,28.0,21.0,44.0,126.0,4.0,5.0
8302211442929135616,realty.yandex.ru,Тверской,146.0,29.0,1180.0,0,176.02631578947367,4208,45369,2014,16662,609300,437.0,100.0,5456.0,0,334.57142857142856,4208,45369,2014,16662,21.0,14.0,18.0,97.0,0.0,6.0,2.0,0.0,21.0,4.0,1.0,2.0,0.0,0.0,1.0,12.0,13.0,1.0,9.0,8.0,0.0,0.0,20.0,24.0,77.0,2.0,1.0,57.0,27.0,34.0,177.0,3.0,13.0,11.0,0.0,56.0,11.0,7.0,5.0,30.0,1.0,1.0,20.0,29.0,5.0,23.0,16.0,3.0,1.0,46.0,64.0,173.0,4.0,4.0
323888111,cian.ru,Красносельский,191.0,45.0,1149.0,74,195.06976744186048,648,34099,500,13680,454800,618.0,167.0,3333.0,74,364.01612903225805,648,34099,500,13680,31.0,11.0,6.0,49.0,0.0,11.0,3.0,0.0,3.0,0.0,1.0,0.0,15.0,0.0,0.0,5.0,5.0,0.0,6.0,3.0,0.0,2.0,4.0,21.0,69.0,2.0,1.0,81.0,28.0,19.0,167.0,0.0,17.0,9.0,0.0,21.0,7.0,3.0,2.0,20.0,0.0,1.0,12.0,15.0,0.0,15.0,6.0,0.0,12.0,20.0,45.0,162.0,3.0,4.0
324459650,cian.ru,Тверской,99.0,33.0,2286.0,56,183.65384615384616,7640,94026,2521,35586,609300,411.0,100.0,5696.0,56,375.07142857142856,7640,94026,2521,35586,17.0,7.0,15.0,73.0,0.0,7.0,4.0,0.0,10.0,5.0,1.0,3.0,3.0,1.0,1.0,7.0,8.0,4.0,12.0,9.0,1.0,3.0,9.0,27.0,48.0,3.0,0.0,60.0,32.0,35.0,185.0,2.0,19.0,11.0,0.0,56.0,13.0,6.0,11.0,30.0,1.0,1.0,23.0,24.0,5.0,21.0,18.0,2.0,4.0,49.0,65.0,125.0,4.0,2.0
323422174,cian.ru,Тверской,73.0,17.0,1374.0,24,176.0,1554,26336,1557,21644,609300,320.0,97.0,6638.0,24,370.6111111111111,1554,26336,1557,21644,7.0,4.0,9.0,27.0,0.0,3.0,3.0,0.0,20.0,4.0,1.0,1.0,0.0,0.0,0.0,8.0,4.0,0.0,8.0,3.0,1.0,2.0,9.0,18.0,53.0,1.0,5.0,33.0,13.0,26.0,98.0,0.0,12.0,16.0,0.0,50.0,14.0,3.0,4.0,26.0,3.0,0.0,15.0,20.0,2.0,15.0,7.0,2.0,2.0,27.0,46.0,153.0,5.0,6.0
322886396,cian.ru,Тверской,99.0,33.0,2286.0,56,183.65384615384616,7640,94026,2521,35586,609300,411.0,100.0,5696.0,56,375.07142857142856,7640,94026,2521,35586,17.0,7.0,15.0,73.0,0.0,7.0,4.0,0.0,10.0,5.0,1.0,3.0,3.0,1.0,1.0,7.0,8.0,4.0,12.0,9.0,1.0,3.0,9.0,27.0,48.0,3.0,0.0,60.0,32.0,35.0,185.0,2.0,19.0,11.0,0.0,56.0,13.0,6.0,11.0,30.0,1.0,1.0,23.0,24.0,5.0,21.0,18.0,2.0,4.0,49.0,65.0,125.0,4.0,2.0
322644856,cian.ru,Мещанский,81.0,14.0,777.0,0,195.05,436,4034,887,6101,530600,310.0,77.0,5010.0,0,371.625,436,4034,887,6101,9.0,2.0,11.0,11.0,0.0,1.0,3.0,0.0,8.0,3.0,2.0,0.0,0.0,0.0,0.0,3.0,1.0,0.0,3.0,1.0,0.0,5.0,7.0,14.0,23.0,3.0,1.0,27.0,21.0,29.0,67.0,1.0,9.0,9.0,0.0,17.0,8.0,4.0,3.0,5.0,0.0,0.0,10.0,8.0,2.0,11.0,6.0,0.0,9.0,26.0,41.0,64.0,9.0,3.0
325020712,cian.ru,Пресненский,19.0,5.0,1544.0,16,150.0,4866,21037,5,370,621300,120.0,53.0,8212.0,16,389.6,4866,21037,5,370,1.0,0.0,0.0,0.0,0.0,0.0,1.0,0.0,1.0,0.0,0.0,0.0,0.0,0.0,0.0,0.0,0.0,1.0,0.0,0.0,0.0,0.0,0.0,0.0,0.0,0.0,0.0,7.0,4.0,10.0,12.0,1.0,2.0,4.0,0.0,9.0,7.0,2.0,3.0,0.0,0.0,1.0,3.0,8.0,2.0,8.0,3.0,0.0,0.0,6.0,9.0,15.0,11.0,1.0
323644320,cian.ru,Басманный,205.0,45.0,944.0,13,188.58695652173913,648,34099,514,13680,461200,603.0,145.0,3212.0,13,354.515873015873,648,34099,514,13680,26.0,9.0,5.0,44.0,0.0,10.0,3.0,0.0,5.0,0.0,2.0,2.0,16.0,0.0,0.0,3.0,5.0,0.0,6.0,3.0,0.0,3.0,6.0,18.0,61.0,1.0,1.0,78.0,26.0,30.0,217.0,0.0,19.0,12.0,0.0,25.0,11.0,2.0,2.0,21.0,0.0,1.0,10.0,16.0,0.0,18.0,13.0,0.0,13.0,23.0,69.0,223.0,2.0,4.0
322863964,cian.ru,Пресненский,21.0,8.0,1773.0,0,204.8,4670,318598,5210,103583,621300,71.0,29.0,3682.0,0,303.48148148148147,4670,318598,5210,103583,18.0,5.0,38.0,63.0,0.0,13.0,8.0,0.0,30.0,17.0,0.0,0.0,1.0,0.0,2.0,12.0,15.0,6.0,27.0,12.0,2.0,0.0,35.0,61.0,116.0,1.0,8.0,42.0,7.0,53.0,79.0,0.0,15.0,13.0,0.0,46.0,20.0,0.0,2.0,1.0,0.0,5.0,16.0,17.0,7.0,32.0,16.0,2.0,1.0,50.0,93.0,152.0,1.0,13.0
323930971,cian.ru,Даниловский,63.0,1.0,221.0,35,141.14285714285714,338,16978,699,14810,399100,219.0,23.0,4234.0,35,333.8125,338,16978,699,14810,6.0,2.0,8.0,23.0,0.0,4.0,2.0,0.0,10.0,2.0,0.0,0.0,1.0,0.0,1.0,7.0,5.0,1.0,4.0,8.0,0.0,0.0,5.0,8.0,27.0,2.0,1.0,11.0,7.0,18.0,59.0,1.0,8.0,4.0,0.0,69.0,4.0,1.0,2.0,3.0,0.0,2.0,11.0,15.0,2.0,13.0,12.0,0.0,13.0,17.0,34.0,62.0,3.0,3.0
3786967450365864960,realty.yandex.ru,Пресненский,19.0,5.0,1544.0,16,150.0,4866,21037,5,370,621300,120.0,53.0,8212.0,16,389.6,4866,21037,5,370,1.0,0.0,0.0,0.0,0.0,0.0,1.0,0.0,1.0,0.0,0.0,0.0,0.0,0.0,0.0,0.0,0.0,1.0,0.0,0.0,0.0,0.0,0.0,0.0,0.0,0.0,0.0,7.0,4.0,10.0,12.0,1.0,2.0,4.0,0.0,9.0,7.0,2.0,3.0,0.0,0.0,1.0,3.0,8.0,2.0,8.0,3.0,0.0,0.0,6.0,9.0,15.0,11.0,1.0
324387423,cian.ru,Марьина Роща,60.0,14.0,1022.0,11,90.0,1930,23044,868,10684,402200,237.0,61.0,5011.0,11,429.0,1930,23044,868,10684,4.0,3.0,3.0,3.0,0.0,1.0,1.0,0.0,0.0,1.0,1.0,0.0,1.0,0.0,0.0,0.0,2.0,1.0,1.0,0.0,0.0,0.0,3.0,4.0,3.0,1.0,0.0,16.0,13.0,9.0,21.0,3.0,5.0,8.0,0.0,10.0,7.0,8.0,4.0,8.0,1.0,1.0,3.0,9.0,4.0,4.0,3.0,0.0,4.0,8.0,14.0,32.0,17.0,2.0
6298818688724035584,realty.yandex.ru,Тверской,99.0,33.0,2286.0,56,183.65384615384616,7640,94026,2521,35586,609300,411.0,100.0,5696.0,56,375.0357142857143,7640,94026,2521,35586,17.0,7.0,15.0,73.0,0.0,7.0,4.0,0.0,10.0,5.0,1.0,3.0,3.0,1.0,1.0,7.0,8.0,4.0,12.0,9.0,1.0,3.0,9.0,27.0,48.0,3.0,0.0,60.0,32.0,35.0,185.0,2.0,19.0,11.0,0.0,56.0,13.0,6.0,11.0,30.0,1.0,1.0,23.0,24.0,5.0,21.0,18.0,2.0,4.0,49.0,65.0,125.0,4.0,2.0
323607603,cian.ru,Тверской,98.0,22.0,1342.0,67,211.125,1078,26153,1113,21644,609300,338.0,103.0,6320.0,67,407.57377049180326,1078,26153,1113,21644,10.0,5.0,9.0,23.0,0.0,3.0,2.0,0.0,35.0,3.0,1.0,1.0,1.0,0.0,0.0,8.0,3.0,1.0,7.0,1.0,2.0,0.0,14.0,17.0,74.0,0.0,4.0,39.0,12.0,30.0,121.0,0.0,9.0,14.0,0.0,49.0,13.0,3.0,4.0,29.0,3.0,0.0,19.0,23.0,3.0,14.0,11.0,2.0,2.0,28.0,52.0,134.0,5.0,5.0
324436598,cian.ru,Басманный,198.0,34.0,905.0,0,161.82758620689654,312,8708,264,4839,461200,583.0,107.0,3074.0,0,356.2323232323232,312,8708,264,4839,3.0,4.0,5.0,18.0,1.0,4.0,1.0,0.0,3.0,3.0,1.0,2.0,7.0,0.0,0.0,4.0,3.0,0.0,2.0,1.0,0.0,12.0,4.0,12.0,30.0,3.0,0.0,24.0,13.0,23.0,108.0,1.0,10.0,6.0,0.0,17.0,10.0,3.0,3.0,19.0,1.0,0.0,8.0,9.0,4.0,10.0,9.0,0.0,25.0,17.0,37.0,168.0,3.0,3.0
322647589,cian.ru,Басманный,198.0,34.0,905.0,0,161.82758620689654,312,8708,264,4839,461200,583.0,107.0,3074.0,0,356.2323232323232,312,8708,264,4839,3.0,4.0,5.0,18.0,1.0,4.0,1.0,0.0,3.0,3.0,1.0,2.0,7.0,0.0,0.0,4.0,3.0,0.0,2.0,1.0,0.0,12.0,4.0,12.0,30.0,3.0,0.0,24.0,13.0,23.0,108.0,1.0,10.0,6.0,0.0,17.0,10.0,3.0,3.0,19.0,1.0,0.0,8.0,9.0,4.0,10.0,9.0,0.0,25.0,17.0,37.0,168.0,3.0,3.0
323768483,cian.ru,Басманный,198.0,34.0,905.0,0,161.82758620689654,312,8708,264,4839,461200,583.0,107.0,3074.0,0,356.2323232323232,312,8708,264,4839,3.0,4.0,5.0,18.0,1.0,4.0,1.0,0.0,3.0,3.0,1.0,2.0,7.0,0.0,0.0,4.0,3.0,0.0,2.0,1.0,0.0,12.0,4.0,12.0,30.0,3.0,0.0,24.0,13.0,23.0,108.0,1.0,10.0,6.0,0.0,17.0,10.0,3.0,3.0,19.0,1.0,0.0,8.0,9.0,4.0,10.0,9.0,0.0,25.0,17.0,37.0,168.0,3.0,3.0
321706023,cian.ru,Тверской,104.0,44.0,2506.0,123,216.8,1074,10590,1002,8392,609300,344.0,146.0,7894.0,123,367.453125,1074,10590,1002,8392,15.0,5.0,6.0,61.0,0.0,6.0,6.0,0.0,1.0,7.0,1.0,0.0,0.0,2.0,1.0,5.0,8.0,0.0,5.0,6.0,0.0,0.0,1.0,9.0,46.0,3.0,3.0,54.0,19.0,38.0,148.0,0.0,11.0,17.0,0.0,29.0,19.0,2.0,6.0,8.0,2.0,1.0,17.0,23.0,6.0,24.0,15.0,0.0,3.0,20.0,47.0,138.0,8.0,9.0
320564433,cian.ru,Хамовники,40.0,24.0,1734.0,99,172.5,1042,11734,833,6630,846800,215.0,102.0,8712.0,99,412.36,1042,11734,833,6630,7.0,3.0,8.0,22.0,2.0,8.0,0.0,0.0,7.0,2.0,1.0,5.0,3.0,0.0,0.0,0.0,2.0,0.0,3.0,5.0,0.0,0.0,5.0,7.0,28.0,0.0,0.0,55.0,10.0,29.0,68.0,2.0,13.0,11.0,0.0,49.0,11.0,4.0,11.0,10.0,0.0,1.0,5.0,13.0,6.0,13.0,19.0,0.0,0.0,13.0,37.0,83.0,4.0,1.0
325184318,cian.ru,Басманный,124.0,48.0,1755.0,0,190.34782608695653,1596,12770,1552,16308,461200,520.0,187.0,6043.0,0,383.225,1596,12770,1552,16308,14.0,5.0,6.0,44.0,0.0,2.0,6.0,0.0,8.0,1.0,1.0,1.0,1.0,0.0,0.0,3.0,9.0,1.0,6.0,3.0,0.0,0.0,9.0,17.0,33.0,5.0,0.0,44.0,22.0,20.0,136.0,0.0,5.0,14.0,0.0,24.0,14.0,6.0,9.0,21.0,2.0,1.0,9.0,18.0,2.0,21.0,10.0,0.0,4.0,28.0,53.0,108.0,10.0,1.0
320107810,cian.ru,Аэропорт,39.0,27.0,2482.0,41,230.14285714285714,1288,2287,1305,2939,400700,179.0,103.0,9405.0,41,368.0,1288,2287,1305,2939,5.0,5.0,3.0,11.0,0.0,1.0,3.0,0.0,1.0,5.0,1.0,0.0,0.0,0.0,0.0,2.0,5.0,0.0,3.0,0.0,0.0,1.0,2.0,7.0,10.0,0.0,0.0,12.0,10.0,11.0,23.0,1.0,5.0,13.0,0.0,6.0,7.0,5.0,2.0,3.0,1.0,1.0,4.0,21.0,3.0,7.0,4.0,1.0,1.0,8.0,19.0,36.0,3.0,1.0
8427502013113826304,realty.yandex.ru,Хамовники,120.0,32.0,1456.0,13,146.14285714285714,318,11013,1301,17921,846800,412.0,116.0,6069.0,13,304.90625,318,11013,1301,17921,24.0,11.0,8.0,14.0,2.0,5.0,3.0,0.0,2.0,4.0,1.0,1.0,1.0,0.0,0.0,11.0,6.0,1.0,5.0,1.0,0.0,0.0,16.0,20.0,31.0,2.0,1.0,74.0,16.0,24.0,63.0,2.0,6.0,13.0,0.0,8.0,12.0,6.0,2.0,9.0,1.0,0.0,14.0,14.0,4.0,13.0,8.0,0.0,2.0,24.0,40.0,54.0,4.0,2.0
325129546,cian.ru,Дорогомилово,19.0,5.0,519.0,94,128.0,956,18626,1011,15848,530200,116.0,37.0,4752.0,94,404.9,956,18626,1011,15848,7.0,1.0,0.0,1.0,0.0,0.0,0.0,0.0,5.0,4.0,0.0,1.0,1.0,0.0,0.0,1.0,1.0,0.0,1.0,0.0,0.0,0.0,1.0,5.0,3.0,1.0,0.0,16.0,7.0,8.0,28.0,0.0,1.0,8.0,0.0,18.0,12.0,1.0,3.0,4.0,1.0,0.0,1.0,11.0,0.0,9.0,5.0,0.0,0.0,8.0,23.0,16.0,6.0,0.0
7563667249,avito.ru,Пресненский,167.0,53.0,1156.0,24,196.76,1694,20029,863,7288,621300,570.0,189.0,4991.0,24,381.4875,1694,20029,863,7288,14.0,3.0,4.0,28.0,0.0,1.0,1.0,0.0,4.0,2.0,7.0,1.0,4.0,0.0,0.0,1.0,1.0,0.0,3.0,4.0,0.0,3.0,2.0,13.0,41.0,1.0,1.0,49.0,14.0,13.0,80.0,0.0,14.0,10.0,0.0,8.0,6.0,16.0,4.0,18.0,0.0,0.0,8.0,14.0,2.0,17.0,9.0,0.0,10.0,13.0,42.0,95.0,7.0,2.0
324335121,cian.ru,Хамовники,98.0,36.0,2047.0,0,157.08333333333334,1054,8009,986,9563,846800,307.0,91.0,5328.0,0,377.125,1054,8009,986,9563,5.0,2.0,3.0,12.0,0.0,0.0,4.0,0.0,2.0,2.0,2.0,1.0,2.0,1.0,0.0,4.0,3.0,1.0,3.0,3.0,0.0,2.0,2.0,2.0,11.0,4.0,0.0,61.0,16.0,16.0,51.0,2.0,5.0,9.0,0.0,7.0,9.0,6.0,5.0,3.0,1.0,0.0,13.0,10.0,5.0,10.0,6.0,0.0,2.0,19.0,29.0,52.0,6.0,2.0
321007812,cian.ru,Басманный,176.0,48.0,1103.0,0,195.63333333333333,786,5934,704,5957,461200,732.0,210.0,5167.0,0,405.4871794871795,786,5934,704,5957,19.0,6.0,10.0,42.0,0.0,3.0,4.0,0.0,4.0,5.0,1.0,0.0,1.0,0.0,0.0,1.0,3.0,0.0,3.0,2.0,0.0,5.0,3.0,9.0,80.0,1.0,0.0,67.0,28.0,24.0,183.0,0.0,15.0,11.0,0.0,15.0,17.0,4.0,6.0,15.0,1.0,0.0,10.0,10.0,2.0,14.0,13.0,0.0,24.0,14.0,27.0,183.0,6.0,1.0
324152235,cian.ru,Хамовники,57.0,26.0,2365.0,72,187.33333333333334,1248,6533,2284,10487,846800,240.0,97.0,7828.0,72,333.7037037037037,1248,6533,2284,10487,4.0,1.0,2.0,17.0,2.0,5.0,1.0,0.0,27.0,2.0,2.0,6.0,5.0,0.0,0.0,3.0,5.0,0.0,3.0,6.0,0.0,0.0,5.0,12.0,37.0,0.0,0.0,115.0,7.0,25.0,51.0,2.0,13.0,7.0,0.0,39.0,9.0,6.0,9.0,18.0,1.0,0.0,7.0,10.0,4.0,10.0,15.0,0.0,2.0,18.0,26.0,78.0,6.0,0.0
321229500,cian.ru,Басманный,176.0,48.0,1103.0,0,195.63333333333333,786,5934,704,5957,461200,732.0,210.0,5167.0,0,405.4871794871795,786,5934,704,5957,19.0,6.0,10.0,42.0,0.0,3.0,4.0,0.0,4.0,5.0,1.0,0.0,1.0,0.0,0.0,1.0,3.0,0.0,3.0,2.0,0.0,5.0,3.0,9.0,80.0,1.0,0.0,67.0,28.0,24.0,183.0,0.0,15.0,11.0,0.0,15.0,17.0,4.0,6.0,15.0,1.0,0.0,10.0,10.0,2.0,14.0,13.0,0.0,24.0,14.0,27.0,183.0,6.0,1.0
321557961,cian.ru,Басманный,176.0,48.0,1103.0,0,195.63333333333333,786,5934,704,5957,461200,732.0,210.0,5167.0,0,405.4871794871795,786,5934,704,5957,19.0,6.0,10.0,42.0,0.0,3.0,4.0,0.0,4.0,5.0,1.0,0.0,1.0,0.0,0.0,1.0,3.0,0.0,3.0,2.0,0.0,5.0,3.0,9.0,80.0,1.0,0.0,67.0,28.0,24.0,183.0,0.0,15.0,11.0,0.0,15.0,17.0,4.0,6.0,15.0,1.0,0.0,10.0,10.0,2.0,14.0,13.0,0.0,24.0,14.0,27.0,183.0,6.0,1.0
320566379,cian.ru,Донской,61.0,5.0,466.0,0,162.33333333333334,1178,18955,460,12749,391900,239.0,51.0,3981.0,0,354.5,1178,18955,460,12749,27.0,2.0,6.0,9.0,0.0,1.0,2.0,0.0,3.0,0.0,2.0,0.0,7.0,0.0,0.0,1.0,2.0,0.0,2.0,0.0,0.0,4.0,3.0,2.0,8.0,1.0,0.0,66.0,7.0,17.0,29.0,0.0,3.0,7.0,0.0,9.0,5.0,6.0,1.0,14.0,2.0,1.0,5.0,10.0,1.0,11.0,5.0,0.0,5.0,7.0,24.0,32.0,4.0,0.0
322903975,cian.ru,Замоскворечье,64.0,17.0,910.0,0,186.47058823529412,1294,20022,701,19037,543700,318.0,55.0,3510.0,0,405.2083333333333,1294,20022,701,19037,9.0,0.0,2.0,6.0,0.0,5.0,2.0,0.0,1.0,1.0,1.0,0.0,15.0,0.0,0.0,1.0,2.0,0.0,1.0,0.0,0.0,1.0,2.0,2.0,7.0,0.0,1.0,24.0,9.0,4.0,57.0,0.0,9.0,6.0,0.0,17.0,8.0,3.0,2.0,17.0,0.0,0.0,9.0,8.0,0.0,6.0,5.0,0.0,8.0,10.0,11.0,24.0,7.0,4.0
322850806,cian.ru,Хамовники,74.0,35.0,1969.0,115,197.42857142857142,780,3897,3167,9274,846800,230.0,99.0,6639.0,115,393.0,780,3897,3167,9274,7.0,1.0,2.0,18.0,0.0,0.0,5.0,0.0,2.0,3.0,3.0,2.0,1.0,0.0,1.0,0.0,9.0,2.0,4.0,6.0,0.0,1.0,5.0,8.0,1.0,5.0,0.0,13.0,4.0,12.0,56.0,0.0,6.0,9.0,0.0,11.0,10.0,6.0,9.0,1.0,0.0,1.0,0.0,17.0,3.0,6.0,13.0,0.0,1.0,9.0,10.0,19.0,8.0,1.0
320728036,cian.ru,Арбат,163.0,80.0,1442.0,46,183.10344827586206,898,9016,626,5844,820400,527.0,236.0,7193.0,46,360.4418604651163,898,9016,626,5844,13.0,5.0,6.0,45.0,0.0,5.0,5.0,0.0,9.0,8.0,1.0,0.0,5.0,0.0,2.0,2.0,5.0,1.0,5.0,6.0,2.0,1.0,4.0,13.0,55.0,6.0,1.0,52.0,17.0,33.0,151.0,3.0,21.0,12.0,0.0,28.0,14.0,10.0,5.0,9.0,0.0,3.0,11.0,20.0,3.0,23.0,20.0,3.0,6.0,22.0,62.0,136.0,11.0,7.0
8139938462781219840,realty.yandex.ru,Пресненский,38.0,12.0,2371.0,190,245.2,848,4410,1396,12058,621300,136.0,64.0,9016.0,190,360.0,848,4410,1396,12058,6.0,0.0,1.0,5.0,0.0,1.0,1.0,0.0,1.0,0.0,0.0,2.0,0.0,0.0,0.0,1.0,2.0,2.0,3.0,0.0,2.0,0.0,2.0,6.0,4.0,1.0,1.0,55.0,2.0,5.0,20.0,0.0,4.0,6.0,0.0,16.0,3.0,0.0,6.0,1.0,0.0,0.0,1.0,11.0,3.0,13.0,7.0,2.0,2.0,6.0,23.0,18.0,9.0,1.0
320616458,cian.ru,Гагаринский,29.0,20.0,2734.0,82,82.0,2048,3464,1261,2358,454900,128.0,66.0,9450.0,82,323.3333333333333,2048,3464,1261,2358,5.0,4.0,4.0,11.0,0.0,2.0,3.0,0.0,3.0,5.0,1.0,1.0,0.0,0.0,0.0,0.0,6.0,1.0,1.0,3.0,0.0,0.0,0.0,7.0,4.0,3.0,0.0,14.0,14.0,19.0,41.0,0.0,4.0,13.0,0.0,50.0,15.0,8.0,12.0,1.0,0.0,2.0,0.0,28.0,3.0,10.0,14.0,0.0,0.0,11.0,24.0,34.0,9.0,1.0
3965285094498817024,realty.yandex.ru,Донской,58.0,9.0,1188.0,80,187.375,832,5060,2119,4015,391900,218.0,37.0,3108.0,80,352.6875,832,5060,2119,4015,3.0,2.0,3.0,6.0,0.0,1.0,1.0,0.0,1.0,2.0,0.0,1.0,0.0,0.0,0.0,2.0,1.0,1.0,5.0,1.0,0.0,0.0,1.0,2.0,4.0,0.0,0.0,63.0,5.0,14.0,16.0,0.0,1.0,4.0,0.0,8.0,4.0,5.0,2.0,8.0,3.0,0.0,5.0,5.0,1.0,6.0,2.0,0.0,17.0,5.0,9.0,14.0,2.0,0.0
319498844,cian.ru,Раменки,14.0,8.0,1142.0,,,3000,16999,2059,5020,483300,75.0,41.0,6132.0,591,591.0,3000,16999,2059,5020,2.0,2.0,1.0,8.0,0.0,1.0,1.0,0.0,1.0,2.0,0.0,3.0,0.0,0.0,1.0,0.0,1.0,0.0,1.0,5.0,0.0,0.0,0.0,2.0,7.0,0.0,0.0,8.0,5.0,4.0,16.0,0.0,3.0,2.0,0.0,6.0,4.0,2.0,5.0,0.0,0.0,1.0,0.0,3.0,1.0,1.0,5.0,0.0,1.0,0.0,2.0,11.0,0.0,0.0
321679147,cian.ru,Филевский Парк,38.0,25.0,5036.0,5,153.5,2378,22129,5401,24873,402300,103.0,44.0,8885.0,5,297.22222222222223,2378,22129,5401,24873,3.0,1.0,7.0,18.0,0.0,6.0,6.0,0.0,11.0,5.0,4.0,2.0,0.0,0.0,1.0,2.0,9.0,5.0,4.0,4.0,2.0,0.0,9.0,18.0,17.0,2.0,0.0,4.0,3.0,10.0,24.0,0.0,6.0,7.0,1.0,19.0,9.0,5.0,5.0,0.0,0.0,2.0,3.0,21.0,5.0,6.0,9.0,2.0,1.0,10.0,20.0,21.0,2.0,0.0
3255678710623665152,realty.yandex.ru,Хорошево-Мневники,54.0,18.0,2430.0,211,254.25,882,1141,31,193,454100,164.0,22.0,3170.0,211,366.7,882,1141,31,193,1.0,0.0,0.0,0.0,0.0,0.0,0.0,0.0,1.0,0.0,0.0,1.0,0.0,0.0,0.0,0.0,0.0,1.0,0.0,0.0,0.0,0.0,2.0,1.0,0.0,0.0,0.0,1.0,0.0,1.0,1.0,0.0,0.0,1.0,0.0,4.0,2.0,0.0,1.0,0.0,0.0,0.0,0.0,4.0,3.0,2.0,0.0,0.0,1.0,4.0,3.0,2.0,0.0,0.0
3255678710623666176,realty.yandex.ru,Хорошево-Мневники,54.0,18.0,2430.0,211,254.25,882,1141,31,193,454100,164.0,22.0,3170.0,211,366.7,882,1141,31,193,1.0,0.0,0.0,0.0,0.0,0.0,0.0,0.0,1.0,0.0,0.0,1.0,0.0,0.0,0.0,0.0,0.0,1.0,0.0,0.0,0.0,0.0,2.0,1.0,0.0,0.0,0.0,1.0,0.0,1.0,1.0,0.0,0.0,1.0,0.0,4.0,2.0,0.0,1.0,0.0,0.0,0.0,0.0,4.0,3.0,2.0,0.0,0.0,1.0,4.0,3.0,2.0,0.0,0.0
323121082,cian.ru,Тверской,81.0,2.0,27.0,0,179.0,398,51005,106,16933,609300,397.0,38.0,606.0,0,384.06451612903226,398,51005,106,16933,6.0,3.0,8.0,32.0,0.0,4.0,2.0,0.0,8.0,2.0,0.0,0.0,2.0,0.0,1.0,4.0,2.0,0.0,4.0,3.0,3.0,5.0,4.0,41.0,98.0,3.0,1.0,29.0,15.0,29.0,148.0,0.0,10.0,12.0,0.0,29.0,3.0,0.0,2.0,17.0,0.0,6.0,12.0,15.0,0.0,21.0,17.0,3.0,17.0,22.0,98.0,250.0,7.0,9.0
321523511,cian.ru,Пресненский,10.0,2.0,,0,173.0,1792,116791,294,101485,621300,53.0,20.0,3519.0,0,286.09090909090907,1792,116791,294,101485,21.0,5.0,34.0,65.0,0.0,12.0,5.0,0.0,27.0,15.0,0.0,0.0,1.0,0.0,1.0,10.0,11.0,7.0,20.0,12.0,1.0,0.0,35.0,59.0,102.0,1.0,9.0,24.0,10.0,53.0,96.0,0.0,16.0,15.0,0.0,50.0,23.0,3.0,2.0,2.0,0.0,5.0,16.0,24.0,8.0,38.0,17.0,2.0,1.0,50.0,97.0,155.0,3.0,12.0
321234409,cian.ru,Пресненский,12.0,3.0,137.0,0,163.58333333333334,2956,139525,1665,105474,621300,58.0,27.0,4445.0,0,317.1111111111111,2956,139525,1665,105474,20.0,6.0,40.0,67.0,0.0,10.0,7.0,0.0,37.0,17.0,0.0,0.0,1.0,0.0,3.0,10.0,14.0,7.0,25.0,13.0,2.0,0.0,39.0,72.0,119.0,1.0,11.0,24.0,8.0,53.0,86.0,0.0,16.0,13.0,0.0,54.0,21.0,4.0,3.0,2.0,0.0,5.0,16.0,20.0,7.0,36.0,16.0,2.0,1.0,50.0,96.0,157.0,3.0,13.0
322216404,cian.ru,Тверской,146.0,29.0,1180.0,0,175.94736842105263,4208,45369,2014,16662,609300,437.0,100.0,5456.0,0,334.4642857142857,4208,45369,2014,16662,21.0,14.0,18.0,97.0,0.0,6.0,2.0,0.0,21.0,4.0,1.0,2.0,0.0,0.0,1.0,12.0,13.0,1.0,9.0,8.0,0.0,0.0,20.0,24.0,77.0,2.0,1.0,57.0,27.0,34.0,177.0,3.0,13.0,11.0,0.0,56.0,11.0,7.0,5.0,30.0,1.0,1.0,20.0,29.0,5.0,23.0,16.0,3.0,1.0,46.0,64.0,171.0,4.0,4.0
3963650817019124224,realty.yandex.ru,Пресненский,52.0,9.0,633.0,108,202.63636363636363,3942,61862,1181,7899,621300,354.0,74.0,4415.0,108,419.72340425531917,3942,61862,1181,7899,3.0,4.0,5.0,26.0,0.0,1.0,3.0,0.0,3.0,3.0,0.0,0.0,6.0,0.0,0.0,1.0,3.0,0.0,3.0,1.0,0.0,0.0,3.0,17.0,26.0,2.0,2.0,33.0,9.0,7.0,47.0,0.0,5.0,7.0,0.0,11.0,8.0,5.0,2.0,17.0,0.0,0.0,6.0,10.0,3.0,10.0,3.0,1.0,3.0,13.0,33.0,45.0,5.0,3.0
322451987,cian.ru,Тверской,134.0,68.0,2028.0,23,201.2608695652174,2028,13207,1049,4277,609300,401.0,178.0,7766.0,23,387.92105263157896,2028,13207,1049,4277,23.0,8.0,13.0,67.0,0.0,2.0,5.0,0.0,5.0,4.0,0.0,0.0,0.0,0.0,1.0,2.0,8.0,5.0,5.0,2.0,0.0,1.0,6.0,17.0,27.0,1.0,3.0,58.0,31.0,26.0,159.0,0.0,15.0,16.0,0.0,19.0,17.0,4.0,9.0,16.0,2.0,1.0,17.0,17.0,6.0,15.0,15.0,0.0,4.0,22.0,44.0,104.0,6.0,6.0
7558149491,avito.ru,Выхино-Жулебино,31.0,18.0,1869.0,,,4880,15378,1655,5637,273000,144.0,80.0,7341.0,533,533.0,4880,15378,1655,5637,3.0,1.0,4.0,5.0,0.0,0.0,3.0,0.0,8.0,0.0,3.0,2.0,0.0,0.0,2.0,0.0,4.0,1.0,2.0,0.0,0.0,0.0,1.0,2.0,6.0,1.0,1.0,17.0,10.0,19.0,19.0,0.0,5.0,12.0,0.0,24.0,2.0,5.0,6.0,0.0,0.0,6.0,0.0,34.0,8.0,7.0,6.0,0.0,0.0,2.0,9.0,15.0,5.0,4.0
8427502013113797632,realty.yandex.ru,Пресненский,12.0,3.0,137.0,0,163.58333333333334,2956,139525,1665,105474,621300,58.0,27.0,4445.0,0,317.1111111111111,2956,139525,1665,105474,20.0,6.0,40.0,67.0,0.0,10.0,7.0,0.0,37.0,17.0,0.0,0.0,1.0,0.0,3.0,10.0,14.0,7.0,25.0,13.0,2.0,0.0,39.0,72.0,119.0,1.0,11.0,24.0,8.0,53.0,86.0,0.0,16.0,13.0,0.0,54.0,21.0,4.0,3.0,2.0,0.0,5.0,16.0,20.0,7.0,36.0,16.0,2.0,1.0,50.0,96.0,157.0,3.0,13.0
324353935,cian.ru,Тверской,134.0,68.0,2028.0,23,201.2608695652174,2028,13207,1049,4277,609300,401.0,178.0,7766.0,23,387.92105263157896,2028,13207,1049,4277,23.0,8.0,13.0,67.0,0.0,2.0,5.0,0.0,5.0,4.0,0.0,0.0,0.0,0.0,1.0,2.0,8.0,5.0,5.0,2.0,0.0,1.0,6.0,17.0,27.0,1.0,3.0,58.0,31.0,26.0,159.0,0.0,15.0,16.0,0.0,19.0,17.0,4.0,9.0,16.0,2.0,1.0,17.0,17.0,6.0,15.0,15.0,0.0,4.0,22.0,44.0,104.0,6.0,6.0
324988816,cian.ru,Бабушкинский,37.0,14.0,2901.0,110,159.2,2558,3373,2182,2483,308800,126.0,53.0,10246.0,110,292.8888888888889,2558,3373,2182,2483,2.0,1.0,19.0,12.0,0.0,0.0,5.0,0.0,40.0,3.0,1.0,3.0,0.0,0.0,2.0,1.0,9.0,7.0,3.0,5.0,0.0,1.0,6.0,10.0,11.0,1.0,4.0,28.0,7.0,30.0,30.0,0.0,0.0,11.0,0.0,45.0,6.0,5.0,10.0,0.0,0.0,3.0,2.0,32.0,8.0,6.0,9.0,0.0,1.0,10.0,18.0,19.0,3.0,6.0
5227669800478210048,realty.yandex.ru,Арбат,117.0,50.0,1974.0,21,199.6,10196,102420,1082,13480,820400,394.0,171.0,6764.0,21,366.5890410958904,10196,102420,1082,13480,17.0,6.0,15.0,52.0,0.0,6.0,4.0,0.0,15.0,1.0,0.0,0.0,1.0,0.0,0.0,6.0,6.0,1.0,9.0,6.0,0.0,1.0,5.0,21.0,56.0,2.0,2.0,39.0,15.0,28.0,132.0,0.0,18.0,9.0,0.0,27.0,4.0,6.0,3.0,8.0,0.0,2.0,9.0,14.0,3.0,18.0,11.0,0.0,2.0,14.0,37.0,109.0,9.0,8.0
321446018,cian.ru,Бутырский,53.0,9.0,894.0,,,2928,10656,1676,5395,385200,173.0,38.0,4167.0,399,507.3333333333333,2928,10656,1676,5395,0.0,4.0,7.0,10.0,0.0,0.0,2.0,0.0,12.0,5.0,0.0,1.0,0.0,0.0,1.0,0.0,10.0,0.0,2.0,2.0,0.0,0.0,2.0,7.0,8.0,0.0,0.0,3.0,6.0,14.0,18.0,0.0,1.0,2.0,0.0,21.0,7.0,1.0,1.0,0.0,1.0,1.0,1.0,19.0,7.0,6.0,3.0,0.0,0.0,6.0,11.0,8.0,1.0,0.0
325120218,cian.ru,Бутово Северное,36.0,20.0,4684.0,128,194.0,13458,9867,2836,3768,285100,144.0,61.0,13253.0,128,390.8,13458,9867,2836,3768,6.0,7.0,9.0,18.0,0.0,2.0,5.0,0.0,6.0,6.0,1.0,2.0,0.0,0.0,1.0,0.0,12.0,0.0,6.0,1.0,0.0,0.0,2.0,8.0,7.0,4.0,2.0,23.0,12.0,29.0,54.0,0.0,6.0,11.0,0.0,67.0,14.0,8.0,9.0,3.0,0.0,5.0,0.0,42.0,8.0,11.0,5.0,0.0,1.0,8.0,22.0,27.0,8.0,4.0
323232098,cian.ru,Пресненский,21.0,8.0,1773.0,0,204.8,4670,318598,5210,103583,621300,71.0,29.0,3682.0,0,303.48148148148147,4670,318598,5210,103583,18.0,5.0,38.0,63.0,0.0,13.0,8.0,0.0,30.0,17.0,0.0,0.0,1.0,0.0,2.0,12.0,15.0,6.0,27.0,12.0,2.0,0.0,35.0,61.0,116.0,1.0,8.0,42.0,7.0,53.0,79.0,0.0,15.0,13.0,0.0,46.0,20.0,0.0,2.0,1.0,0.0,5.0,16.0,17.0,7.0,32.0,16.0,2.0,1.0,50.0,93.0,152.0,1.0,13.0
321031465,cian.ru,Пресненский,21.0,8.0,1773.0,0,204.8,4670,318598,5210,103583,621300,71.0,29.0,3682.0,0,303.48148148148147,4670,318598,5210,103583,18.0,5.0,38.0,63.0,0.0,13.0,8.0,0.0,30.0,17.0,0.0,0.0,1.0,0.0,2.0,12.0,15.0,6.0,27.0,12.0,2.0,0.0,35.0,61.0,116.0,1.0,8.0,42.0,7.0,53.0,79.0,0.0,15.0,13.0,0.0,46.0,20.0,0.0,2.0,1.0,0.0,5.0,16.0,17.0,7.0,32.0,16.0,2.0,1.0,50.0,93.0,152.0,1.0,13.0
2361989379567411200,realty.yandex.ru,Тверской,114.0,32.0,1806.0,73,194.0,1464,22570,1183,15066,609300,550.0,165.0,4731.0,73,421.4761904761905,1464,22570,1183,15066,4.0,3.0,7.0,29.0,1.0,2.0,3.0,0.0,3.0,2.0,1.0,0.0,0.0,0.0,0.0,5.0,3.0,0.0,6.0,1.0,0.0,2.0,3.0,10.0,46.0,1.0,0.0,33.0,14.0,28.0,122.0,1.0,13.0,15.0,0.0,21.0,11.0,7.0,2.0,6.0,1.0,1.0,16.0,14.0,3.0,18.0,15.0,0.0,7.0,21.0,51.0,205.0,6.0,2.0
323513778,cian.ru,Мещанский,98.0,31.0,1634.0,109,220.41176470588235,9926,85711,737,8173,530600,329.0,104.0,7310.0,109,380.95,9926,85711,737,8173,13.0,7.0,15.0,23.0,0.0,5.0,6.0,0.0,11.0,3.0,1.0,1.0,6.0,0.0,0.0,4.0,10.0,0.0,8.0,1.0,0.0,2.0,11.0,19.0,25.0,1.0,3.0,36.0,24.0,30.0,75.0,2.0,11.0,16.0,0.0,25.0,14.0,8.0,3.0,9.0,0.0,0.0,9.0,20.0,7.0,18.0,11.0,0.0,7.0,29.0,48.0,65.0,9.0,3.0
323931536,cian.ru,Тверской,73.0,17.0,1374.0,24,176.0,1554,26336,1557,21644,609300,320.0,97.0,6638.0,24,370.6111111111111,1554,26336,1557,21644,7.0,4.0,9.0,27.0,0.0,3.0,3.0,0.0,20.0,4.0,1.0,1.0,0.0,0.0,0.0,8.0,4.0,0.0,8.0,3.0,1.0,2.0,9.0,18.0,53.0,1.0,5.0,33.0,13.0,26.0,98.0,0.0,12.0,16.0,0.0,50.0,14.0,3.0,4.0,26.0,3.0,0.0,15.0,20.0,2.0,15.0,7.0,2.0,2.0,27.0,46.0,153.0,5.0,6.0
324988825,cian.ru,Бутово Северное,36.0,20.0,4684.0,128,194.0,13458,9867,2836,3768,285100,144.0,61.0,13253.0,128,390.8,13458,9867,2836,3768,6.0,7.0,9.0,18.0,0.0,2.0,5.0,0.0,6.0,6.0,1.0,2.0,0.0,0.0,1.0,0.0,12.0,0.0,6.0,1.0,0.0,0.0,2.0,8.0,7.0,4.0,2.0,23.0,12.0,29.0,54.0,0.0,6.0,11.0,0.0,67.0,14.0,8.0,9.0,3.0,0.0,5.0,0.0,42.0,8.0,11.0,5.0,0.0,1.0,8.0,22.0,27.0,8.0,4.0
319755638,cian.ru,Арбат,121.0,50.0,1854.0,2,201.95238095238096,10196,102420,1082,13480,820400,408.0,177.0,6966.0,2,378.8375,10196,102420,1082,13480,18.0,6.0,15.0,43.0,0.0,6.0,4.0,0.0,15.0,1.0,0.0,1.0,3.0,0.0,0.0,6.0,5.0,0.0,9.0,6.0,0.0,1.0,5.0,21.0,54.0,2.0,2.0,41.0,14.0,29.0,131.0,0.0,18.0,10.0,0.0,28.0,4.0,6.0,2.0,8.0,0.0,3.0,10.0,18.0,3.0,19.0,12.0,0.0,2.0,14.0,37.0,109.0,10.0,8.0
319394678,cian.ru,Нагорный,51.0,22.0,1888.0,0,153.4,6412,8790,3362,7497,345200,200.0,86.0,9663.0,0,312.6363636363636,6412,8790,3362,7497,7.0,2.0,17.0,16.0,0.0,3.0,2.0,0.0,17.0,3.0,1.0,3.0,0.0,0.0,1.0,0.0,14.0,2.0,3.0,4.0,1.0,0.0,4.0,7.0,14.0,1.0,2.0,15.0,8.0,26.0,43.0,0.0,5.0,10.0,0.0,24.0,10.0,4.0,5.0,3.0,0.0,2.0,0.0,30.0,6.0,7.0,7.0,1.0,0.0,7.0,15.0,29.0,9.0,3.0
325120217,cian.ru,Бутово Северное,36.0,20.0,4684.0,128,194.0,13458,9867,2836,3768,285100,144.0,61.0,13253.0,128,390.8,13458,9867,2836,3768,6.0,7.0,9.0,18.0,0.0,2.0,5.0,0.0,6.0,6.0,1.0,2.0,0.0,0.0,1.0,0.0,12.0,0.0,6.0,1.0,0.0,0.0,2.0,8.0,7.0,4.0,2.0,23.0,12.0,29.0,54.0,0.0,6.0,11.0,0.0,67.0,14.0,8.0,9.0,3.0,0.0,5.0,0.0,42.0,8.0,11.0,5.0,0.0,1.0,8.0,22.0,27.0,8.0,4.0
6033204199439718400,realty.yandex.ru,Пресненский,12.0,3.0,137.0,0,163.58333333333334,2956,139525,1665,105474,621300,58.0,27.0,4445.0,0,317.1111111111111,2956,139525,1665,105474,20.0,6.0,40.0,67.0,0.0,10.0,7.0,0.0,37.0,17.0,0.0,0.0,1.0,0.0,3.0,10.0,14.0,7.0,25.0,13.0,2.0,0.0,39.0,72.0,119.0,1.0,11.0,24.0,8.0,53.0,86.0,0.0,16.0,13.0,0.0,54.0,21.0,4.0,3.0,2.0,0.0,5.0,16.0,20.0,7.0,36.0,16.0,2.0,1.0,50.0,96.0,157.0,3.0,13.0
323352679,cian.ru,Таганский,133.0,19.0,527.0,8,170.15384615384616,2328,44067,738,11746,433700,487.0,72.0,1596.0,8,394.3626373626374,2328,44067,738,11746,9.0,3.0,11.0,22.0,0.0,2.0,3.0,0.0,7.0,4.0,0.0,1.0,2.0,1.0,0.0,3.0,3.0,0.0,3.0,1.0,0.0,13.0,9.0,21.0,57.0,2.0,3.0,29.0,16.0,26.0,131.0,1.0,8.0,6.0,0.0,23.0,7.0,0.0,2.0,6.0,1.0,0.0,7.0,13.0,0.0,11.0,11.0,0.0,30.0,22.0,44.0,149.0,3.0,4.0
321857349,cian.ru,Пресненский,12.0,3.0,137.0,0,163.58333333333334,2956,139525,1665,105474,621300,58.0,27.0,4445.0,0,317.1111111111111,2956,139525,1665,105474,20.0,6.0,40.0,67.0,0.0,10.0,7.0,0.0,37.0,17.0,0.0,0.0,1.0,0.0,3.0,10.0,14.0,7.0,25.0,13.0,2.0,0.0,39.0,72.0,119.0,1.0,11.0,24.0,8.0,53.0,86.0,0.0,16.0,13.0,0.0,54.0,21.0,4.0,3.0,2.0,0.0,5.0,16.0,20.0,7.0,36.0,16.0,2.0,1.0,50.0,96.0,157.0,3.0,13.0
321723350,cian.ru,Пресненский,12.0,3.0,137.0,0,163.58333333333334,2956,139525,1665,105474,621300,58.0,27.0,4445.0,0,317.1111111111111,2956,139525,1665,105474,20.0,6.0,40.0,67.0,0.0,10.0,7.0,0.0,37.0,17.0,0.0,0.0,1.0,0.0,3.0,10.0,14.0,7.0,25.0,13.0,2.0,0.0,39.0,72.0,119.0,1.0,11.0,24.0,8.0,53.0,86.0,0.0,16.0,13.0,0.0,54.0,21.0,4.0,3.0,2.0,0.0,5.0,16.0,20.0,7.0,36.0,16.0,2.0,1.0,50.0,96.0,157.0,3.0,13.0
3967137546321460224,realty.yandex.ru,Пресненский,12.0,3.0,137.0,0,163.58333333333334,2956,139525,1665,105474,621300,58.0,27.0,4445.0,0,317.1111111111111,2956,139525,1665,105474,20.0,6.0,40.0,67.0,0.0,10.0,7.0,0.0,37.0,17.0,0.0,0.0,1.0,0.0,3.0,10.0,14.0,7.0,25.0,13.0,2.0,0.0,39.0,72.0,119.0,1.0,11.0,24.0,8.0,53.0,86.0,0.0,16.0,13.0,0.0,54.0,21.0,4.0,3.0,2.0,0.0,5.0,16.0,20.0,7.0,36.0,16.0,2.0,1.0,50.0,96.0,157.0,3.0,13.0
324908865,cian.ru,Пресненский,21.0,8.0,1773.0,0,204.8,4670,318598,5210,103583,621300,71.0,29.0,3682.0,0,303.48148148148147,4670,318598,5210,103583,18.0,5.0,38.0,63.0,0.0,13.0,8.0,0.0,30.0,17.0,0.0,0.0,1.0,0.0,2.0,12.0,15.0,6.0,27.0,12.0,2.0,0.0,35.0,61.0,116.0,1.0,8.0,42.0,7.0,53.0,79.0,0.0,15.0,13.0,0.0,46.0,20.0,0.0,2.0,1.0,0.0,5.0,16.0,17.0,7.0,32.0,16.0,2.0,1.0,50.0,93.0,152.0,1.0,13.0
5888723453352094720,realty.yandex.ru,Пресненский,13.0,5.0,820.0,81,81.0,6146,20551,0,0,621300,123.0,55.0,8305.0,81,430.27777777777777,6146,20551,0,0,1.0,1.0,4.0,0.0,0.0,0.0,2.0,0.0,1.0,0.0,0.0,0.0,0.0,0.0,0.0,1.0,0.0,1.0,1.0,0.0,0.0,0.0,2.0,0.0,0.0,0.0,0.0,26.0,4.0,11.0,14.0,1.0,3.0,5.0,0.0,9.0,7.0,2.0,3.0,0.0,0.0,1.0,5.0,9.0,2.0,10.0,4.0,0.0,0.0,6.0,10.0,21.0,9.0,1.0
2361989379596040192,realty.yandex.ru,Тверской,114.0,32.0,1806.0,73,194.0,1464,22570,1183,15066,609300,550.0,165.0,4731.0,73,421.4761904761905,1464,22570,1183,15066,4.0,3.0,7.0,29.0,1.0,2.0,3.0,0.0,3.0,2.0,1.0,0.0,0.0,0.0,0.0,5.0,3.0,0.0,6.0,1.0,0.0,2.0,3.0,10.0,46.0,1.0,0.0,33.0,14.0,28.0,122.0,1.0,13.0,15.0,0.0,21.0,11.0,7.0,2.0,6.0,1.0,1.0,16.0,14.0,3.0,18.0,15.0,0.0,7.0,21.0,51.0,205.0,6.0,2.0
323928942,cian.ru,Даниловский,88.0,1.0,221.0,75,151.07692307692307,0,5885,42,7546,399100,226.0,12.0,3403.0,75,347.71875,0,5885,42,7546,5.0,2.0,4.0,18.0,0.0,3.0,1.0,0.0,11.0,1.0,0.0,0.0,1.0,0.0,0.0,7.0,1.0,1.0,2.0,4.0,0.0,10.0,6.0,2.0,14.0,1.0,0.0,11.0,4.0,16.0,36.0,0.0,8.0,4.0,0.0,66.0,4.0,3.0,2.0,4.0,0.0,2.0,8.0,14.0,3.0,10.0,11.0,0.0,14.0,12.0,27.0,62.0,2.0,3.0
322442209,cian.ru,Мещанский,136.0,50.0,1538.0,0,188.03125,292,3493,515,8901,530600,564.0,225.0,6903.0,0,388.9834710743802,292,3493,515,8901,26.0,18.0,17.0,43.0,0.0,0.0,4.0,0.0,7.0,6.0,4.0,2.0,1.0,0.0,1.0,9.0,4.0,2.0,8.0,9.0,0.0,0.0,11.0,16.0,60.0,4.0,1.0,54.0,44.0,29.0,140.0,1.0,7.0,11.0,0.0,16.0,13.0,5.0,6.0,14.0,0.0,1.0,25.0,14.0,4.0,14.0,11.0,0.0,5.0,17.0,32.0,98.0,11.0,7.0
322505756,cian.ru,Мещанский,136.0,50.0,1538.0,0,188.03125,292,3493,515,8901,530600,564.0,225.0,6903.0,0,388.9834710743802,292,3493,515,8901,26.0,18.0,17.0,43.0,0.0,0.0,4.0,0.0,7.0,6.0,4.0,2.0,1.0,0.0,1.0,9.0,4.0,2.0,8.0,9.0,0.0,0.0,11.0,16.0,60.0,4.0,1.0,54.0,44.0,29.0,140.0,1.0,7.0,11.0,0.0,16.0,13.0,5.0,6.0,14.0,0.0,1.0,25.0,14.0,4.0,14.0,11.0,0.0,5.0,17.0,32.0,98.0,11.0,7.0
3786967450365862912,realty.yandex.ru,Пресненский,19.0,12.0,527.0,0,171.0,1580,73525,786,18388,621300,90.0,42.0,8159.0,0,392.7894736842105,1580,73525,786,18388,2.0,1.0,8.0,5.0,0.0,3.0,3.0,0.0,2.0,1.0,0.0,0.0,0.0,0.0,1.0,4.0,1.0,0.0,4.0,2.0,0.0,0.0,2.0,4.0,13.0,0.0,1.0,51.0,7.0,40.0,55.0,0.0,10.0,12.0,0.0,27.0,19.0,1.0,2.0,4.0,0.0,3.0,14.0,18.0,7.0,27.0,12.0,2.0,1.0,34.0,65.0,111.0,7.0,9.0
8660284132701755392,realty.yandex.ru,Мещанский,119.0,12.0,105.0,0,194.93103448275863,544,25520,282,17933,530600,481.0,96.0,1448.0,0,375.2551020408163,544,25520,282,17933,11.0,4.0,7.0,28.0,2.0,4.0,1.0,0.0,4.0,1.0,0.0,0.0,8.0,1.0,3.0,3.0,4.0,0.0,6.0,11.0,0.0,3.0,4.0,19.0,61.0,1.0,3.0,32.0,8.0,30.0,124.0,2.0,12.0,11.0,0.0,26.0,7.0,5.0,0.0,14.0,1.0,6.0,13.0,8.0,2.0,20.0,22.0,3.0,11.0,28.0,88.0,269.0,11.0,4.0
322832489,cian.ru,Тверской,99.0,17.0,794.0,36,168.8,1282,25844,1497,12392,609300,418.0,89.0,2699.0,36,385.60674157303373,1282,25844,1497,12392,3.0,0.0,8.0,16.0,0.0,1.0,3.0,0.0,7.0,0.0,0.0,0.0,8.0,0.0,1.0,2.0,6.0,0.0,4.0,3.0,0.0,1.0,7.0,13.0,39.0,0.0,0.0,20.0,3.0,18.0,56.0,0.0,8.0,10.0,0.0,12.0,8.0,9.0,0.0,18.0,0.0,3.0,13.0,9.0,1.0,14.0,12.0,0.0,10.0,25.0,44.0,136.0,2.0,1.0
3965285094530994176,realty.yandex.ru,Тверской,136.0,47.0,915.0,0,194.06666666666666,604,6720,635,6296,609300,625.0,211.0,3690.0,0,396.3529411764706,604,6720,635,6296,6.0,5.0,5.0,25.0,0.0,5.0,1.0,0.0,6.0,1.0,1.0,2.0,5.0,0.0,1.0,2.0,4.0,3.0,4.0,2.0,0.0,4.0,8.0,11.0,50.0,2.0,2.0,52.0,28.0,28.0,134.0,2.0,13.0,12.0,0.0,22.0,14.0,6.0,7.0,8.0,0.0,1.0,23.0,10.0,6.0,18.0,17.0,0.0,15.0,28.0,49.0,180.0,12.0,5.0
320578309,cian.ru,Пресненский,12.0,3.0,137.0,0,163.58333333333334,2956,139525,1665,105474,621300,58.0,27.0,4445.0,0,317.1111111111111,2956,139525,1665,105474,20.0,6.0,40.0,67.0,0.0,10.0,7.0,0.0,37.0,17.0,0.0,0.0,1.0,0.0,3.0,10.0,14.0,7.0,25.0,13.0,2.0,0.0,39.0,72.0,119.0,1.0,11.0,24.0,8.0,53.0,86.0,0.0,16.0,13.0,0.0,54.0,21.0,4.0,3.0,2.0,0.0,5.0,16.0,20.0,7.0,36.0,16.0,2.0,1.0,50.0,96.0,157.0,3.0,13.0
322887246,cian.ru,Мещанский,136.0,50.0,1538.0,0,188.03125,292,3493,515,8901,530600,564.0,225.0,6903.0,0,388.9834710743802,292,3493,515,8901,26.0,18.0,17.0,43.0,0.0,0.0,4.0,0.0,7.0,6.0,4.0,2.0,1.0,0.0,1.0,9.0,4.0,2.0,8.0,9.0,0.0,0.0,11.0,16.0,60.0,4.0,1.0,54.0,44.0,29.0,140.0,1.0,7.0,11.0,0.0,16.0,13.0,5.0,6.0,14.0,0.0,1.0,25.0,14.0,4.0,14.0,11.0,0.0,5.0,17.0,32.0,98.0,11.0,7.0
2459375922081150976,realty.yandex.ru,Мещанский,135.0,50.0,1538.0,4,187.5625,292,3493,515,8901,530600,568.0,228.0,6970.0,4,390.3606557377049,292,3493,515,8901,26.0,18.0,17.0,41.0,0.0,0.0,4.0,0.0,7.0,6.0,5.0,2.0,1.0,0.0,1.0,9.0,4.0,2.0,8.0,9.0,0.0,0.0,11.0,16.0,60.0,4.0,1.0,52.0,44.0,29.0,139.0,1.0,6.0,11.0,0.0,16.0,13.0,5.0,6.0,14.0,0.0,1.0,25.0,13.0,5.0,14.0,11.0,0.0,5.0,17.0,32.0,100.0,11.0,7.0
320341695,cian.ru,Даниловский,100.0,1.0,221.0,66,185.92857142857142,672,8711,42,6483,399100,238.0,19.0,3602.0,66,333.6,672,8711,42,6483,6.0,2.0,5.0,21.0,0.0,5.0,1.0,0.0,11.0,1.0,0.0,0.0,1.0,0.0,1.0,6.0,1.0,1.0,3.0,4.0,0.0,13.0,6.0,4.0,20.0,1.0,0.0,11.0,6.0,16.0,45.0,0.0,8.0,5.0,0.0,72.0,4.0,3.0,2.0,5.0,0.0,2.0,8.0,16.0,3.0,10.0,12.0,0.0,14.0,14.0,27.0,60.0,2.0,3.0
324829822,cian.ru,Пресненский,21.0,8.0,1773.0,0,204.8,4670,318598,5210,103583,621300,71.0,29.0,3682.0,0,303.48148148148147,4670,318598,5210,103583,18.0,5.0,38.0,63.0,0.0,13.0,8.0,0.0,30.0,17.0,0.0,0.0,1.0,0.0,2.0,12.0,15.0,6.0,27.0,12.0,2.0,0.0,35.0,61.0,116.0,1.0,8.0,42.0,7.0,53.0,79.0,0.0,15.0,13.0,0.0,46.0,20.0,0.0,2.0,1.0,0.0,5.0,16.0,17.0,7.0,32.0,16.0,2.0,1.0,50.0,93.0,152.0,1.0,13.0
324883207,cian.ru,Пресненский,21.0,8.0,1773.0,0,204.8,4670,318598,5210,103583,621300,71.0,29.0,3682.0,0,303.48148148148147,4670,318598,5210,103583,18.0,5.0,38.0,63.0,0.0,13.0,8.0,0.0,30.0,17.0,0.0,0.0,1.0,0.0,2.0,12.0,15.0,6.0,27.0,12.0,2.0,0.0,35.0,61.0,116.0,1.0,8.0,42.0,7.0,53.0,79.0,0.0,15.0,13.0,0.0,46.0,20.0,0.0,2.0,1.0,0.0,5.0,16.0,17.0,7.0,32.0,16.0,2.0,1.0,50.0,93.0,152.0,1.0,13.0
322901132,cian.ru,Арбат,109.0,40.0,1004.0,3,160.4,2296,13163,593,6700,820400,548.0,182.0,4963.0,3,426.8875,2296,13163,593,6700,6.0,3.0,6.0,33.0,0.0,6.0,1.0,0.0,2.0,2.0,3.0,0.0,2.0,0.0,0.0,2.0,7.0,1.0,7.0,1.0,1.0,3.0,3.0,23.0,34.0,0.0,1.0,37.0,15.0,17.0,110.0,2.0,9.0,11.0,0.0,14.0,12.0,11.0,3.0,13.0,0.0,1.0,12.0,21.0,3.0,15.0,14.0,3.0,8.0,15.0,55.0,102.0,6.0,2.0
3966105355551019008,realty.yandex.ru,Арбат,109.0,40.0,1004.0,3,160.26666666666668,2296,13163,593,6700,820400,548.0,182.0,4963.0,3,426.8875,2296,13163,593,6700,6.0,3.0,6.0,33.0,0.0,6.0,1.0,0.0,2.0,2.0,3.0,0.0,2.0,0.0,0.0,2.0,7.0,1.0,7.0,1.0,1.0,3.0,3.0,23.0,34.0,0.0,1.0,37.0,15.0,17.0,110.0,2.0,9.0,11.0,0.0,14.0,12.0,11.0,3.0,13.0,0.0,1.0,12.0,21.0,3.0,15.0,14.0,3.0,8.0,15.0,55.0,102.0,6.0,2.0
323451346,cian.ru,Пресненский,12.0,3.0,137.0,0,163.58333333333334,2956,139525,1665,105474,621300,58.0,27.0,4445.0,0,317.1111111111111,2956,139525,1665,105474,20.0,6.0,40.0,67.0,0.0,10.0,7.0,0.0,37.0,17.0,0.0,0.0,1.0,0.0,3.0,10.0,14.0,7.0,25.0,13.0,2.0,0.0,39.0,72.0,119.0,1.0,11.0,24.0,8.0,53.0,86.0,0.0,16.0,13.0,0.0,54.0,21.0,4.0,3.0,2.0,0.0,5.0,16.0,20.0,7.0,36.0,16.0,2.0,1.0,50.0,96.0,157.0,3.0,13.0
