ID на сайте,Источник,district_name,n_buildings_300m,n_living_buildings_300m,n_flats_300m,min_bc_distance_300m,mean_bc_distance_300m,traffic1_300m,traffic2_300m,traffic3_300m,traffic4_300m,Медицина_300,Стоматологии_300,"Аптеки, оптики_300",Салоны красоты_300,"Бани, сауны_300","Фитнес-центры, тренажерные_300",Супермаркеты_300,Гипермаркеты_300,Продуктовые магазины_300,"Алкомаркеты, магазины пива_300","Школы, лицеи, гимназии_300",Детские сады_300,"Колледжи, институты_300",Студенческие общежития_300,"Торговые центры, моллы_300",Бизнес-центры_300,Пункты выдачи товаров_300,Ветаптеки и ветклиники_300,Магазины цветов_300,"Прачечные, химчистки_300",Детские игровые залы_300,Религия_300,"Пиццерии, суши, столовые_300","Пекарни, кофейни_300","Кафе, бары, рестораны_300",Социальные_300,Банки_300,district_price,n_buildings_600m,n_living_buildings_600m,n_flats_600m,min_bc_distance_600m,mean_bc_distance_600m,traffic1_600m,traffic2_600m,traffic3_600m,traffic4_600m,Медицина_600,Стоматологии_600,"Аптеки, оптики_600",Салоны красоты_600,"Бани, сауны_600","Фитнес-центры, тренажерные_600",Супермаркеты_600,Гипермаркеты_600,Продуктовые магазины_600,"Алкомаркеты, магазины пива_600","Школы, лицеи, гимназии_600",Детские сады_600,"Колледжи, институты_600",Студенческие общежития_600,"Торговые центры, моллы_600",Бизнес-центры_600,Пункты выдачи товаров_600,Ветаптеки и ветклиники_600,Магазины цветов_600,"Прачечные, химчистки_600",Детские игровые залы_600,Религия_600,"Пиццерии, суши, столовые_600","Пекарни, кофейни_600","Кафе, бары, рестораны_600",Социальные_600,Банки_600
320731003,cian.ru,Зябликово,38,14.0,3610.0,0,123.5,8176,6091,1557,1713,3,3,4,13,0,1,0,0,10,3,2,3,0,0,0,1,8,0,1,2,0,0,0,1,1,3,0,281700,157,61.0,14703.0,0,396.14285714285717,8176,6091,1557,1713,3,6,16,23,1,1,10,0,32,12,11,6,1,0,2,1,32,8,8,7,0,0,3,7,11,8,1
321876001,cian.ru,Хорошевский,54,15.0,1287.0,0,82.66666666666667,9392,38428,1513,11424,4,4,7,15,0,0,2,0,11,0,1,1,5,1,1,4,6,1,8,1,0,0,6,13,9,1,1,443000,253,60.0,6723.0,0,331.6363636363636,9392,38428,1513,11424,12,9,23,35,0,3,8,0,31,4,4,3,25,4,1,8,25,3,12,9,0,0,10,34,30,5,2
322186790,cian.ru,Таганский,44,22.0,3234.0,9,178.2,8304,19462,2032,6787,7,5,11,22,0,2,8,0,13,3,2,1,1,0,2,1,10,3,5,3,0,0,4,10,9,2,0,433700,223,97.0,11480.0,9,396.85185185185185,8304,19462,2032,6787,43,11,25,77,4,10,19,0,30,7,7,6,3,0,5,7,36,10,17,15,0,1,11,29,29,10,2
321392086,cian.ru,Бутово Южное,23,8.0,1831.0,10,10.0,4194,4593,2101,3820,3,4,2,10,0,3,4,0,2,2,2,0,0,0,0,1,3,0,1,0,0,0,1,1,2,1,0,259700,107,47.0,8230.0,10,386.5,4194,4593,2101,3820,16,11,8,38,0,5,9,0,17,9,8,7,0,0,2,1,34,1,6,3,0,1,4,7,9,5,0
324943206,cian.ru,Останкинский,46,30.0,3647.0,4,117.0,7146,24972,4008,17350,14,6,13,29,0,0,7,0,12,2,1,2,0,0,1,1,9,1,5,5,0,0,6,13,18,1,1,380300,216,77.0,10614.0,4,398.7,7146,24972,4008,17350,28,16,22,49,1,6,13,0,42,4,11,3,10,0,2,6,25,6,8,15,0,1,16,27,29,10,2
3087407798127159808,realty.yandex.ru,Соколиная Гора,109,5.0,259.0,0,180.0,4940,91013,1362,17507,7,4,8,27,0,5,5,0,10,4,8,0,0,0,4,6,8,3,9,8,0,0,20,14,37,1,0,354400,351,45.0,4100.0,0,350.75,4940,91013,1362,17507,23,10,14,53,1,8,7,0,28,12,10,3,8,1,4,25,18,10,13,9,0,0,34,27,47,5,0
323343779,cian.ru,Соколиная Гора,99,7.0,277.0,11,175.6153846153846,936,20189,783,13137,6,2,11,30,0,3,2,0,10,0,0,0,4,0,6,4,13,4,5,6,3,0,10,21,31,0,2,354400,333,33.0,2755.0,11,362.3703703703704,936,20189,783,13137,21,5,26,61,1,8,5,0,36,10,9,0,13,1,6,15,26,8,10,13,3,1,31,34,46,3,2
325163145,cian.ru,Дмитровский,38,12.0,1274.0,20,136.25,6788,35136,1850,16178,1,1,3,3,0,1,2,0,8,2,1,1,0,0,0,1,2,0,1,0,0,0,1,2,2,0,0,288000,83,29.0,3738.0,20,326.42857142857144,6788,35136,1850,16178,2,1,7,7,0,1,2,0,9,4,4,3,0,0,0,1,8,2,2,1,0,0,1,2,4,0,1
322763549,cian.ru,Соколиная Гора,109,5.0,259.0,0,179.97297297297297,4940,91013,1362,17507,7,4,8,27,0,5,5,0,10,4,8,0,0,0,4,6,8,3,9,8,0,0,20,14,38,1,0,354400,351,45.0,4100.0,0,350.7395833333333,4940,91013,1362,17507,23,10,14,53,1,8,7,0,28,12,10,3,8,1,4,25,18,10,13,9,0,0,34,27,47,5,0
8427502013113704448,realty.yandex.ru,Обручевский,32,3.0,826.0,0,172.66666666666666,3744,32124,301,4752,6,0,0,2,0,0,0,0,2,0,0,0,0,0,0,2,1,1,1,0,0,0,3,2,2,0,0,411600,114,19.0,4379.0,0,319.1904761904762,3744,32124,301,4752,9,6,6,13,0,7,2,0,13,2,1,1,0,0,1,4,11,3,5,4,0,0,13,15,28,8,1
324229431,cian.ru,Красносельский,101,26.0,1461.0,16,165.08,1246,18559,783,14177,22,4,5,43,0,3,1,0,6,3,1,0,1,0,0,5,3,1,12,2,0,0,12,12,23,2,1,454800,434,137.0,5078.0,16,369.375,1246,18559,783,14177,43,18,11,110,0,12,6,0,24,10,9,2,3,0,0,16,9,2,23,6,0,1,37,45,74,12,4
322887675,cian.ru,Таганский,82,25.0,2440.0,0,153.88888888888889,618,13066,1430,9839,9,5,7,44,4,5,6,0,7,1,3,0,2,0,2,2,8,3,4,4,0,0,6,13,13,4,0,433700,272,68.0,7626.0,0,366.9423076923077,618,13066,1430,9839,43,17,37,113,5,13,15,0,31,5,9,3,6,0,6,10,37,5,18,14,1,9,20,30,48,13,3
325172814,cian.ru,Перово ,42,1.0,65.0,23,139.75,376,7145,327,6053,2,0,5,8,0,0,0,0,4,0,1,0,0,0,0,4,5,0,1,0,0,1,3,6,15,0,1,294700,123,13.0,857.0,23,322.64285714285717,376,7145,327,6053,6,3,8,17,0,0,3,0,8,2,2,0,1,1,1,5,8,3,5,0,0,2,8,9,21,1,1
323174697,cian.ru,Тверской,142,26.0,1025.0,0,178.2051282051282,4208,45369,1786,10118,16,14,18,90,0,5,2,0,16,3,1,1,0,0,1,11,13,1,9,6,0,0,20,25,69,2,1,609300,443,101.0,5180.0,0,326.7088607594937,4208,45369,1786,10118,52,26,30,165,3,12,9,0,55,10,9,7,22,1,1,19,24,5,22,17,2,1,42,65,165,4,4
4037572671515146240,realty.yandex.ru,Соколиная Гора,66,7.0,310.0,42,192.8,2760,17086,885,15514,4,1,7,16,0,1,3,0,17,2,1,0,0,0,4,4,6,3,5,5,0,0,9,8,35,0,0,354400,312,47.0,4765.0,42,386.89156626506025,2760,17086,885,15514,16,9,13,46,2,8,7,0,29,11,13,3,5,1,4,25,18,9,15,10,0,3,30,32,41,4,0
324927913,cian.ru,Даниловский,42,7.0,1250.0,0,198.1764705882353,830,61224,2068,23826,12,1,17,30,0,2,6,0,24,9,0,1,1,0,4,9,22,2,9,5,0,2,14,47,53,0,3,399100,190,42.0,5226.0,0,291.07142857142856,830,61224,2068,23826,26,6,27,57,0,2,9,0,30,16,4,3,4,0,4,13,30,5,15,11,0,5,21,72,68,5,6
7535326093,avito.ru,Рязанский,41,12.0,1362.0,33,166.14285714285714,7106,7934,1456,3735,1,1,3,5,0,2,2,0,0,0,0,2,0,0,0,0,4,0,2,0,0,3,2,4,1,0,0,295600,175,84.0,12218.0,33,335.72222222222223,7106,7934,1456,3735,8,4,12,25,0,5,10,0,17,7,0,5,0,1,2,2,27,6,2,4,0,3,10,13,21,5,3
323200229,cian.ru,Таганский,82,25.0,2440.0,0,153.88888888888889,618,13066,1430,9839,9,5,7,44,4,5,6,0,7,1,3,0,2,0,2,2,8,3,4,4,0,0,6,13,13,4,0,433700,272,68.0,7626.0,0,366.9423076923077,618,13066,1430,9839,43,17,37,113,5,13,15,0,31,5,9,3,6,0,6,10,37,5,18,14,1,9,20,30,48,13,3
325281282,cian.ru,Обручевский,32,3.0,826.0,0,172.77777777777777,3744,32124,301,4752,6,0,0,2,0,0,0,0,2,0,0,0,0,0,0,2,1,1,1,0,0,0,3,2,2,0,0,411600,114,19.0,4379.0,0,319.3809523809524,3744,32124,301,4752,9,6,6,13,0,7,2,0,13,2,1,1,0,0,1,4,11,3,5,4,0,0,13,15,28,8,1
320774957,cian.ru,Тверской,145,27.0,1025.0,0,176.25641025641025,4208,45369,1185,15043,17,13,18,86,0,5,2,0,16,3,1,1,0,0,1,11,13,1,9,6,0,0,19,25,70,2,1,609300,446,105.0,5404.0,0,323.1518987341772,4208,45369,1185,15043,52,27,30,170,3,12,8,0,55,11,9,7,22,1,1,19,24,5,22,17,3,1,43,65,165,5,4
324924802,cian.ru,Нагатино-Садовники,47,5.0,,0,193.4,4280,22811,478,17607,3,0,6,7,0,0,1,0,11,0,0,0,1,0,1,4,6,2,4,3,0,0,5,7,11,0,0,353800,218,8.0,192.0,0,382.3050847457627,4280,22811,478,17607,4,0,8,10,1,2,2,0,21,3,0,0,3,0,1,5,9,4,8,5,0,0,10,15,20,1,1
323409152,cian.ru,Тверской,145,27.0,1025.0,0,176.25641025641025,4208,45369,1185,15043,17,13,18,86,0,5,2,0,16,3,1,1,0,0,1,11,13,1,9,6,0,0,19,25,70,2,1,609300,446,105.0,5404.0,0,323.1518987341772,4208,45369,1185,15043,52,27,30,170,3,12,8,0,55,11,9,7,22,1,1,19,24,5,22,17,3,1,43,65,165,5,4
6819069281515114496,realty.yandex.ru,Басманный,106,30.0,676.0,2,196.625,4398,43919,767,12643,12,6,5,25,0,2,3,0,7,2,2,0,6,0,0,4,3,0,3,0,0,2,4,17,25,2,1,461200,622,220.0,5083.0,2,435.2909090909091,4398,43919,767,12643,95,27,21,163,0,21,11,0,22,10,8,1,11,0,0,14,9,3,16,6,0,4,28,48,131,9,2
5227593921579746304,realty.yandex.ru,Нагатино-Садовники,47,5.0,,2,193.13333333333333,4280,22811,478,17607,3,0,6,7,0,0,1,0,11,0,0,0,1,0,1,4,6,2,4,3,0,0,5,7,11,0,0,353800,218,8.0,192.0,2,381.864406779661,4280,22811,478,17607,4,0,8,10,1,2,2,0,21,3,0,0,3,0,1,5,9,4,8,5,0,0,10,15,20,1,1
320988522,cian.ru,Тверской,136,30.0,1343.0,4,173.09375,2384,22957,1432,9218,16,13,12,76,0,2,2,0,12,2,2,1,0,0,0,8,10,0,9,4,0,0,18,15,51,1,1,609300,414,116.0,6767.0,4,319.2,2384,22957,1432,9218,56,25,33,166,1,12,11,0,54,12,10,5,14,1,1,18,30,4,21,16,2,1,40,60,165,5,5
3965285094498814976,realty.yandex.ru,Нагатино-Садовники,47,5.0,,2,193.13333333333333,4280,22811,478,17607,3,0,6,7,0,0,1,0,11,0,0,0,1,0,1,4,6,2,4,3,0,0,5,7,11,0,0,353800,218,8.0,192.0,2,381.864406779661,4280,22811,478,17607,4,0,8,10,1,2,2,0,21,3,0,0,3,0,1,5,9,4,8,5,0,0,10,15,20,1,1
324039605,cian.ru,Басманный,106,32.0,671.0,13,177.78571428571428,4398,43919,767,12643,12,6,4,23,0,2,2,0,7,3,2,0,6,0,0,4,3,0,3,0,0,1,4,15,24,1,1,461200,619,217.0,4848.0,13,431.2,4398,43919,767,12643,94,27,21,164,0,21,11,0,23,11,7,1,14,0,0,14,9,3,15,7,0,5,25,44,134,10,2
6819069301066118144,realty.yandex.ru,Замоскворечье,170,45.0,1048.0,57,199.12121212121212,16692,294262,1569,21162,11,3,10,58,1,3,6,0,19,6,2,0,7,0,2,2,12,0,12,7,0,3,9,24,65,4,0,543700,610,143.0,4140.0,57,399.089552238806,16692,294262,1569,21162,46,12,16,150,1,7,11,0,31,12,5,1,27,0,3,13,24,0,20,13,0,14,26,51,122,7,6
3965285094499586048,realty.yandex.ru,Щукино,57,39.0,3479.0,54,167.66666666666666,5590,10432,3622,11768,7,5,21,46,0,0,8,0,36,9,0,1,0,0,4,1,16,3,10,8,0,0,4,17,23,1,3,395300,192,121.0,10164.0,54,347.7142857142857,5590,10432,3622,11768,25,13,31,82,0,7,17,0,47,16,4,9,6,1,4,3,36,7,15,10,0,0,6,23,29,6,5
325119122,cian.ru,Красносельский,127,51.0,1045.0,66,207.65625,5460,76722,742,13160,25,10,10,61,0,4,3,0,8,4,0,0,8,0,0,4,4,0,4,0,0,1,6,21,45,1,1,454800,649,213.0,4573.0,66,416.4409448818898,5460,76722,742,13160,69,26,18,152,0,17,8,0,20,8,6,2,19,0,0,17,11,2,16,10,0,11,24,52,150,10,4
323600896,cian.ru,Тверской,125,31.0,1121.0,7,159.7,2176,37711,672,8923,9,2,10,41,0,4,4,0,17,4,4,0,1,0,0,4,7,1,4,2,0,1,7,19,53,2,0,609300,503,168.0,5419.0,7,359.1559633027523,2176,37711,672,8923,53,25,33,139,1,18,19,0,33,14,10,4,7,0,0,22,12,5,17,14,0,5,19,69,196,7,3
323649501,cian.ru,Тверской,125,31.0,1121.0,7,159.7,2176,37711,672,8923,9,2,10,41,0,4,4,0,17,4,4,0,1,0,0,4,7,1,4,2,0,1,7,19,53,2,0,609300,503,168.0,5419.0,7,359.1559633027523,2176,37711,672,8923,53,25,33,139,1,18,19,0,33,14,10,4,7,0,0,22,12,5,17,14,0,5,19,69,196,7,3
3086750250199922176,realty.yandex.ru,Красносельский,80,19.0,1599.0,1,134.0,2994,46321,1621,14634,11,3,7,31,0,1,5,0,7,6,0,1,1,0,1,2,12,1,5,3,0,1,8,10,17,5,0,454800,372,83.0,5198.0,1,386.4634146341463,2994,46321,1621,14634,22,18,20,75,3,8,14,0,21,15,5,4,3,0,2,6,27,6,23,7,0,5,20,41,64,8,2
3090898769006269952,realty.yandex.ru,Коптево,24,8.0,1139.0,0,128.8,6596,15220,1055,5086,0,0,0,1,0,0,0,0,0,2,2,1,1,0,0,3,3,0,0,3,0,0,4,1,3,0,1,327800,166,52.0,3746.0,0,375.4117647058824,6596,15220,1055,5086,23,1,5,5,0,1,2,0,11,7,4,1,3,1,0,5,9,8,2,3,0,0,8,5,7,1,1
4934127428783991808,realty.yandex.ru,Арбат,117,50.0,1974.0,21,199.6,10196,102420,1082,13480,17,6,15,52,0,6,4,0,15,1,0,0,1,0,0,6,6,1,9,6,0,1,5,21,56,2,2,820400,394,171.0,6764.0,21,366.5890410958904,10196,102420,1082,13480,39,15,28,132,0,18,9,0,27,4,6,3,8,0,2,9,14,3,18,11,0,2,14,37,109,9,8
323882331,cian.ru,Тверской,99,33.0,2286.0,56,183.65384615384616,7640,94026,2521,35586,17,7,15,73,0,7,4,0,10,5,1,3,3,1,1,7,8,4,12,9,1,3,9,27,48,3,0,609300,411,100.0,5696.0,56,375.07142857142856,7640,94026,2521,35586,60,32,35,185,2,19,11,0,56,13,6,11,30,1,1,23,24,5,21,18,2,4,49,65,125,4,2
325173326,cian.ru,Раменки,30,12.0,1989.0,72,180.0,8260,11457,1462,1448,2,5,1,5,0,1,0,0,0,1,3,1,0,0,0,0,2,1,0,1,0,0,0,3,3,1,0,483300,94,38.0,7649.0,72,386.0,8260,11457,1462,1448,13,10,9,18,0,2,7,0,7,1,9,6,0,0,1,0,20,4,6,8,0,0,1,8,8,6,0
319740969,cian.ru,Соколиная Гора,109,5.0,259.0,0,179.97297297297297,4940,91013,1362,17507,7,4,8,27,0,5,5,0,10,4,8,0,0,0,4,6,8,3,9,8,0,0,20,14,38,1,0,354400,351,45.0,4100.0,0,350.7395833333333,4940,91013,1362,17507,23,10,14,53,1,8,7,0,28,12,10,3,8,1,4,25,18,10,13,9,0,0,34,27,47,5,0
320006722,cian.ru,Москворечье-Сабурово,35,9.0,644.0,86,158.75,1850,4463,1415,4574,3,2,10,5,0,1,2,0,1,1,0,0,0,0,2,0,8,2,1,1,3,0,3,7,9,1,1,300500,92,11.0,764.0,86,241.5,1850,4463,1415,4574,11,2,14,5,0,1,2,0,11,2,0,0,0,0,2,0,11,4,3,1,3,0,4,11,17,1,1
325277640,cian.ru,Раменки,34,10.0,2843.0,111,163.0,5494,7279,3699,4496,4,4,8,10,0,2,4,0,13,1,2,2,0,0,0,1,9,6,4,3,0,1,1,2,3,3,0,483300,137,56.0,12901.0,111,287.6666666666667,5494,7279,3699,4496,19,9,17,40,0,4,15,0,34,3,4,7,0,0,1,2,27,7,7,6,0,1,8,8,25,12,2
321719279,cian.ru,Рязанский,17,4.0,2247.0,158,158.0,5010,6174,633,1338,3,0,4,6,0,1,5,0,18,4,0,0,0,0,0,0,6,0,2,1,0,0,0,3,5,0,0,295600,157,40.0,6695.0,158,364.2,5010,6174,633,1338,10,2,7,12,0,2,10,0,32,11,3,2,1,0,0,3,14,6,3,1,0,0,3,7,9,1,0
325161538,cian.ru,Марьино,38,8.0,2198.0,0,192.71428571428572,9712,13143,7096,9178,5,4,19,29,0,1,5,0,50,8,1,1,0,0,2,0,19,7,9,5,0,2,5,12,29,2,2,285300,126,53.0,11874.0,0,303.5833333333333,9712,13143,7096,9178,17,10,34,65,1,4,14,0,66,16,5,11,0,0,2,0,43,10,11,12,0,2,8,20,45,7,3
322699201,cian.ru,Проспект Вернадского,41,18.0,1602.0,4,143.55555555555554,6170,19011,4013,11446,7,2,12,20,1,1,5,0,30,5,3,1,0,0,2,1,14,2,3,4,0,0,4,5,14,6,0,454000,139,77.0,10008.0,4,210.58333333333334,6170,19011,4013,11446,26,14,26,42,1,3,11,0,35,9,6,5,0,0,3,3,26,3,8,8,0,0,9,11,26,9,1
321929488,cian.ru,Тверской,99,33.0,2286.0,56,183.65384615384616,7640,94026,2521,35586,17,7,15,73,0,7,4,0,10,5,1,3,3,1,1,7,8,4,12,9,1,3,9,27,48,3,0,609300,411,100.0,5696.0,56,375.07142857142856,7640,94026,2521,35586,60,32,35,185,2,19,11,0,56,13,6,11,30,1,1,23,24,5,21,18,2,4,49,65,125,4,2
3941543084012188160,realty.yandex.ru,Перово ,29,2.0,,0,183.9,562,52547,155,7465,4,0,5,12,0,0,1,0,3,0,0,0,0,1,0,3,6,2,3,0,0,1,3,9,10,0,1,294700,165,10.0,822.0,0,360.3157894736842,562,52547,155,7465,6,5,10,23,0,0,3,0,14,3,1,0,0,1,0,8,9,2,6,0,0,2,22,13,34,1,2
323694419,cian.ru,Басманный,143,66.0,2170.0,57,173.44444444444446,2572,19836,1236,6417,23,9,7,50,0,1,3,0,10,4,2,0,2,0,1,3,6,1,7,2,0,1,15,22,25,2,0,461200,506,187.0,6270.0,57,390.16129032258067,2572,19836,1236,6417,50,18,23,162,1,8,16,0,26,13,5,8,3,1,1,11,29,3,19,8,0,5,34,64,132,8,1
322237890,cian.ru,Новогиреево,38,22.0,3346.0,156,232.16666666666666,5046,13003,3555,5286,6,3,19,28,0,2,3,0,37,2,0,1,0,0,7,0,17,2,8,8,0,0,3,17,16,2,3,303600,182,107.0,12412.0,156,337.6,5046,13003,3555,5286,12,9,28,45,0,4,11,0,56,9,5,5,2,0,10,0,39,4,11,10,0,0,5,22,23,6,4
321136575,cian.ru,Замоскворечье,94,16.0,755.0,2,180.88888888888889,4062,60776,2644,27774,8,6,13,16,0,2,3,0,14,2,1,1,13,0,1,5,5,0,5,2,0,3,9,27,49,1,1,543700,447,88.0,5133.0,2,375.47,4062,60776,2644,27774,72,18,28,88,0,13,10,0,29,9,4,5,21,1,1,14,18,0,9,3,0,6,23,40,97,6,2
323203178,cian.ru,Аэропорт,49,24.0,2997.0,192,219.5,2950,29875,4835,15541,4,6,18,21,1,1,7,0,32,4,1,2,2,0,1,3,14,2,11,3,0,2,11,23,22,2,2,400700,246,84.0,7652.0,192,475.36,2950,29875,4835,15541,22,14,32,52,1,4,10,0,49,7,3,7,4,4,1,8,26,6,18,9,0,3,28,42,57,3,4
4071103118089015808,realty.yandex.ru,Замоскворечье,94,16.0,755.0,0,181.11111111111111,4062,60776,2644,27774,8,6,13,16,0,2,3,0,14,2,1,1,13,0,1,5,5,0,5,2,0,3,9,27,49,1,1,543700,446,88.0,5133.0,0,374.37373737373736,4062,60776,2644,27774,71,18,28,85,0,13,10,0,29,9,4,5,21,1,1,14,18,0,9,3,0,6,23,40,99,6,2
322145301,cian.ru,Замоскворечье,94,16.0,755.0,2,180.88888888888889,4062,60776,2644,27774,8,6,13,16,0,2,3,0,14,2,1,1,13,0,1,5,5,0,5,2,0,3,9,27,49,1,1,543700,447,88.0,5133.0,2,375.47,4062,60776,2644,27774,72,18,28,88,0,13,10,0,29,9,4,5,21,1,1,14,18,0,9,3,0,6,23,40,97,6,2
3086824586620739072,realty.yandex.ru,Замоскворечье,94,16.0,755.0,0,181.11111111111111,4062,60776,2644,27774,8,6,13,16,0,2,3,0,14,2,1,1,13,0,1,5,5,0,5,2,0,3,9,27,49,1,1,543700,446,88.0,5133.0,0,374.37373737373736,4062,60776,2644,27774,71,18,28,85,0,13,10,0,29,9,4,5,21,1,1,14,18,0,9,3,0,6,23,40,99,6,2
320108539,cian.ru,Замоскворечье,94,16.0,755.0,2,180.88888888888889,4062,60776,2644,27774,8,6,13,16,0,2,3,0,14,2,1,1,13,0,1,5,5,0,5,2,0,3,9,27,49,1,1,543700,447,88.0,5133.0,2,375.47,4062,60776,2644,27774,72,18,28,88,0,13,10,0,29,9,4,5,21,1,1,14,18,0,9,3,0,6,23,40,97,6,2
318333664,cian.ru,Рязанский,17,4.0,2247.0,158,158.0,5010,6174,633,1338,3,0,4,6,0,1,5,0,18,4,0,0,0,0,0,0,6,0,2,1,0,0,0,3,5,0,0,295600,157,40.0,6695.0,158,364.2,5010,6174,633,1338,10,2,7,12,0,2,10,0,32,11,3,2,1,0,0,3,14,6,3,1,0,0,3,7,9,1,0
320583208,cian.ru,Бутырский,44,1.0,,62,194.0,1914,6774,369,2310,1,1,1,1,0,0,0,0,5,0,0,0,0,0,0,2,6,0,0,0,0,0,2,1,4,2,0,385200,238,22.0,2561.0,62,390.9,1914,6774,369,2310,3,3,7,8,0,0,3,0,14,4,1,0,0,0,1,3,15,2,2,1,0,0,8,7,6,5,0
321952571,cian.ru,Текстильщики,40,28.0,2620.0,0,0.0,1982,2203,1163,625,3,2,3,13,1,1,7,0,20,6,1,1,0,0,0,0,9,1,2,1,0,0,1,6,4,0,0,288100,126,59.0,6585.0,0,436.6666666666667,1982,2203,1163,625,8,3,12,19,1,2,7,0,37,7,20,6,0,2,2,0,16,2,6,8,0,1,8,15,21,1,1
321498567,cian.ru,Южнопортовый,26,5.0,1298.0,0,126.0,2400,17304,2536,10045,0,0,0,1,0,0,0,0,2,2,0,0,0,0,1,1,0,0,0,0,0,0,3,1,3,0,0,368900,167,10.0,4570.0,0,390.4347826086956,2400,17304,2536,10045,5,3,4,3,0,1,1,0,21,6,0,0,8,0,1,4,2,5,0,1,0,0,12,9,15,0,0
314365810,cian.ru,Ростокино,52,16.0,1569.0,83,157.33333333333334,5668,4220,644,2055,0,1,0,2,0,0,2,0,1,1,0,2,0,0,0,0,5,0,0,1,0,0,0,1,1,1,0,335200,142,54.0,4886.0,83,307.6,5668,4220,644,2055,9,4,6,11,0,2,9,0,8,6,1,3,0,0,0,0,10,1,3,5,0,0,2,4,4,1,0
322059024,cian.ru,Южнопортовый,55,33.0,2724.0,63,195.33333333333334,2030,3442,2783,6264,2,3,3,6,0,1,1,0,9,3,0,3,0,0,0,0,5,0,0,1,0,0,2,0,8,1,0,368900,188,73.0,6345.0,63,404.2142857142857,2030,3442,2783,6264,6,4,19,30,0,4,5,1,27,6,3,5,4,0,1,3,21,5,9,7,4,0,17,24,42,4,1
3965285094526582784,realty.yandex.ru,Тверской,176,48.0,1475.0,57,178.6216216216216,1520,16688,561,7253,12,7,6,24,0,6,3,0,8,5,6,1,2,0,0,6,2,1,4,3,0,2,6,15,28,2,0,609300,477,139.0,4971.0,57,378.0088495575221,1520,16688,561,7253,42,24,30,125,0,16,19,0,37,14,8,7,6,0,0,23,18,4,14,16,0,4,23,64,175,5,5
321522701,cian.ru,Красносельский,59,9.0,990.0,0,197.15384615384616,500,11586,737,14199,12,1,3,27,0,1,2,0,12,2,0,1,0,0,0,5,4,0,9,4,0,0,17,20,28,2,2,454800,385,87.0,5825.0,0,374.55,500,11586,737,14199,41,15,12,83,0,8,7,0,22,8,7,3,10,0,0,13,8,2,19,4,0,2,38,36,76,10,4
319574280,cian.ru,Люблино,55,3.0,69.0,0,144.375,84,1691,12,1015,0,0,0,0,0,0,0,0,3,0,0,0,1,1,0,0,0,1,0,0,0,0,1,0,2,0,0,274100,149,30.0,2950.0,0,231.35714285714286,84,1691,12,1015,2,1,2,5,1,0,2,0,10,7,1,1,1,1,0,0,7,1,1,2,0,0,3,2,11,1,0
325132829,cian.ru,Нагатинский Затон,31,12.0,2397.0,0,133.66666666666666,1522,1057,2834,1450,0,0,7,12,0,2,1,0,9,2,2,0,0,0,1,0,10,2,2,2,1,0,4,6,7,1,0,359600,118,52.0,9052.0,0,375.77777777777777,1522,1057,2834,1450,4,1,24,36,0,3,12,0,39,10,4,3,0,0,5,1,26,6,10,5,2,0,11,23,28,4,3
323426709,cian.ru,Беговой,68,31.0,3191.0,0,199.14285714285714,5790,40448,2568,6412,5,4,7,35,1,1,4,0,2,4,0,2,1,0,0,0,4,0,4,6,0,4,1,4,8,1,0,414000,262,70.0,5872.0,0,457.93220338983053,5790,40448,2568,6412,36,8,20,76,1,7,12,0,16,14,2,6,10,0,0,12,15,1,17,9,0,7,27,35,82,2,2
322449560,cian.ru,Марьина Роща,81,20.0,1704.0,0,160.5,390,11428,1228,8981,25,1,0,10,1,0,0,0,3,3,0,1,0,0,1,3,3,0,4,3,0,6,1,2,9,2,0,402200,266,93.0,8145.0,0,307.25714285714287,390,11428,1228,8981,41,10,15,40,3,13,16,0,27,9,7,1,5,2,2,8,27,6,12,11,1,11,20,22,51,6,2
321108073,cian.ru,Марьина Роща,81,20.0,1704.0,0,160.5,390,11428,1228,8981,25,1,0,10,1,0,0,0,3,3,0,1,0,0,1,3,3,0,4,3,0,6,1,2,9,2,0,402200,266,93.0,8145.0,0,307.25714285714287,390,11428,1228,8981,41,10,15,40,3,13,16,0,27,9,7,1,5,2,2,8,27,6,12,11,1,11,20,22,51,6,2
3941758948096243200,realty.yandex.ru,Тропарево-Никулино,19,9.0,2252.0,268,268.0,1348,11147,3006,2180,2,3,6,18,0,0,2,0,8,0,0,1,0,0,2,1,12,0,3,3,0,0,2,6,4,0,1,399700,76,40.0,6517.0,268,393.75,1348,11147,3006,2180,3,5,11,30,1,3,6,0,21,5,1,4,0,0,4,1,24,2,5,5,1,0,5,9,7,1,1
323150161,cian.ru,Рязанский,47,8.0,781.0,18,168.0,1234,11723,589,6601,4,2,1,4,0,0,1,0,6,0,0,3,1,0,0,5,4,3,2,0,0,0,4,0,3,0,0,295600,197,61.0,5479.0,18,295.125,1234,11723,589,6601,7,2,6,7,0,0,6,0,28,6,2,3,1,0,0,5,11,4,3,0,0,0,4,6,5,2,0
325089077,cian.ru,Южнопортовый,17,,,0,161.8,74,17948,52,2995,4,2,0,2,0,0,0,0,1,0,0,0,0,0,0,0,0,0,1,0,0,0,0,0,0,0,0,368900,134,16.0,2275.0,0,399.3478260869565,74,17948,52,2995,13,6,12,31,0,1,4,0,22,4,2,0,0,0,1,6,11,4,6,7,0,1,11,12,43,2,0
3086773244532792832,realty.yandex.ru,Таганский,82,25.0,2440.0,0,153.88888888888889,618,13066,1430,9839,9,5,7,44,4,5,6,0,7,1,3,0,2,0,2,2,8,3,4,4,0,0,6,13,13,4,0,433700,272,68.0,7626.0,0,366.9423076923077,618,13066,1430,9839,43,17,37,113,5,13,15,0,31,5,9,3,6,0,6,10,37,5,18,14,1,9,20,32,48,13,3
323037392,cian.ru,Соколиная Гора,66,7.0,310.0,42,187.47368421052633,2760,17086,885,15514,4,1,7,16,0,1,3,0,17,2,1,0,0,0,4,4,6,3,5,5,0,0,9,8,35,0,0,354400,312,47.0,4765.0,42,387.1807228915663,2760,17086,885,15514,16,9,13,46,2,8,7,0,29,11,13,3,5,1,4,25,18,9,15,10,0,3,30,32,41,4,0
324017496,cian.ru,Хорошевский,43,17.0,5379.0,0,73.2,11108,50699,4860,26341,4,3,6,11,0,0,3,0,4,0,1,1,3,0,0,1,6,2,1,2,0,0,2,3,5,1,0,443000,194,53.0,9761.0,0,253.8,11108,50699,4860,26341,35,6,13,19,0,1,7,0,15,2,2,4,3,0,1,1,11,4,6,3,0,1,8,10,13,3,1
323351575,cian.ru,Якиманка,101,30.0,1529.0,46,181.78947368421052,2384,40778,1187,13632,8,6,5,12,0,1,1,0,5,1,5,5,2,0,0,1,3,0,2,4,0,2,1,11,1,5,0,680600,311,80.0,4001.0,46,397.3636363636364,2384,40778,1187,13632,48,12,15,42,1,10,6,0,13,10,7,8,9,0,1,7,13,3,10,5,1,10,9,30,39,7,4
324848196,cian.ru,Чертаново Южное,38,11.0,1331.0,73,180.0,1716,5355,1765,4342,2,0,0,1,0,0,1,0,1,0,3,2,0,0,1,0,0,0,1,0,0,0,0,1,6,1,0,291700,109,23.0,4445.0,73,378.4166666666667,1716,5355,1765,4342,8,6,7,16,0,0,7,1,13,5,3,5,0,0,2,1,16,1,6,2,0,1,7,6,20,2,2
318668670,cian.ru,Южнопортовый,19,3.0,312.0,68,173.2,222,17668,52,2995,4,2,5,5,0,0,2,0,2,1,0,0,0,0,0,1,4,1,2,0,0,0,1,4,11,0,0,368900,132,17.0,2345.0,68,399.45,222,17668,52,2995,10,6,16,40,0,3,4,1,28,5,5,1,0,0,1,5,14,5,6,8,2,2,7,14,37,2,1
321552088,cian.ru,Нижегородский,46,7.0,473.0,16,113.83333333333333,3512,5456,339,2491,0,0,0,0,0,0,1,0,2,0,0,0,0,0,0,1,0,0,1,0,0,0,3,0,0,0,0,362800,152,21.0,3929.0,16,332.8235294117647,3512,5456,339,2491,5,1,2,4,1,2,6,0,15,1,1,0,10,0,0,4,9,4,5,3,0,2,6,0,10,3,0
324397601,cian.ru,Замоскворечье,83,12.0,603.0,50,179.7058823529412,880,79764,2540,23230,9,7,12,34,0,3,2,0,8,1,0,1,1,0,1,11,13,3,7,7,0,0,15,17,24,0,2,543700,219,45.0,1884.0,50,315.75,880,79764,2540,23230,19,11,29,54,1,4,6,0,24,6,1,1,4,0,2,18,15,3,13,9,0,4,27,43,86,0,5
322389227,cian.ru,Красносельский,67,13.0,866.0,30,163.22222222222223,2762,11295,1135,4678,7,0,0,0,0,3,1,0,4,1,1,1,1,0,0,1,2,0,1,0,0,0,2,1,3,3,1,454800,219,50.0,4831.0,30,390.56756756756755,2762,11295,1135,4678,18,3,9,15,0,5,11,0,30,6,5,3,4,0,0,2,9,5,8,7,0,1,8,33,37,8,3
321638027,cian.ru,Красносельский,145,39.0,940.0,34,187.53846153846155,250,6250,200,6790,22,10,10,47,0,6,3,0,4,2,1,0,10,0,0,2,3,0,3,0,0,6,5,18,65,2,1,454800,625,186.0,3730.0,34,360.8608695652174,250,6250,200,6790,75,25,19,141,0,16,8,0,20,7,5,3,21,0,1,11,9,0,15,10,0,15,24,52,177,5,4
324013553,cian.ru,Даниловский,30,9.0,285.0,80,179.14285714285714,5974,7642,1173,12073,2,2,3,7,0,1,1,0,2,3,0,0,0,0,0,6,2,0,2,0,0,0,6,8,5,0,0,399100,88,31.0,4981.0,80,297.3333333333333,5974,7642,1173,12073,3,8,8,14,0,1,4,0,5,3,0,0,0,0,1,9,7,0,4,4,1,0,7,14,18,0,0
322356756,cian.ru,Чертаново Центральное,26,12.0,3379.0,120,184.0,1626,6483,3750,2974,1,0,4,9,0,2,4,0,9,1,0,1,0,0,1,1,10,0,2,1,2,1,3,4,11,3,0,287200,104,46.0,10566.0,120,337.3333333333333,1626,6483,3750,2974,8,2,14,25,1,3,8,0,27,4,6,6,0,0,5,2,26,2,7,4,3,1,5,23,26,6,0
321619018,cian.ru,Южнопортовый,36,17.0,2929.0,90,191.33333333333334,1986,7713,5081,5799,1,3,5,17,0,2,4,0,5,2,4,2,1,0,0,1,6,2,1,1,0,1,2,6,11,0,0,368900,100,38.0,5871.0,90,413.0,1986,7713,5081,5799,11,9,21,47,0,6,7,1,55,16,5,4,2,0,2,2,24,5,7,7,4,2,5,30,76,5,1
321596942,cian.ru,Фили-Давыдково,34,20.0,3701.0,148,148.0,11154,17032,1533,1100,8,3,3,10,1,0,1,0,3,0,2,2,0,0,0,0,4,0,2,1,0,0,0,1,0,2,0,401300,91,56.0,9053.0,148,467.8333333333333,11154,17032,1533,1100,15,3,23,22,1,1,6,0,37,11,4,2,0,0,5,0,26,2,11,6,3,0,10,19,17,4,1
2344553746359556096,realty.yandex.ru,Таганский,90,19.0,1395.0,34,199.1290322580645,1592,14955,730,6802,12,10,19,52,0,1,1,0,13,3,4,1,2,0,1,5,9,1,6,5,1,1,7,6,18,7,3,433700,384,87.0,7643.0,34,360.7011494252874,1592,14955,730,6802,48,25,43,180,4,11,15,0,36,9,15,5,5,0,5,10,44,5,18,19,2,3,25,36,92,14,7
324124661,cian.ru,Пресненский,91,25.0,1320.0,7,171.37037037037038,374,13651,541,9849,10,6,3,30,0,4,4,0,7,0,1,2,0,0,0,9,6,0,4,4,0,0,10,9,20,2,4,621300,418,175.0,7845.0,7,330.37142857142857,374,13651,541,9849,67,25,31,140,0,12,16,0,30,17,6,7,3,0,2,16,24,10,22,12,1,1,27,56,139,7,9
319065579,cian.ru,Нижегородский,46,7.0,473.0,16,113.83333333333333,3512,5456,339,2491,0,0,0,0,0,0,1,0,2,0,0,0,0,0,0,1,0,0,1,0,0,0,3,0,0,0,0,362800,152,21.0,3929.0,16,332.8235294117647,3512,5456,339,2491,5,1,2,4,1,2,6,0,15,1,1,0,10,0,0,4,9,4,5,3,0,2,6,0,10,3,0
321618120,cian.ru,Марьино,38,11.0,2233.0,89,129.66666666666666,1128,13143,1331,6436,5,4,14,31,0,1,3,0,22,5,1,1,0,0,2,0,13,5,9,5,0,2,4,11,33,2,2,285300,123,56.0,11833.0,89,382.7142857142857,1128,13143,1331,6436,19,10,32,59,0,2,13,0,65,16,6,10,0,0,2,0,41,10,11,11,0,2,8,19,47,9,2
325126591,cian.ru,Тверской,90,3.0,,23,194.3181818181818,324,33730,11,16443,4,3,11,33,0,3,3,0,9,2,0,0,5,0,2,4,2,0,6,4,3,7,4,35,90,2,1,609300,302,18.0,140.0,23,394.22222222222223,324,33730,11,16443,20,5,29,66,0,7,8,0,28,3,1,0,10,0,8,12,7,0,17,18,3,11,14,96,224,7,6
321724717,cian.ru,Басманный,117,43.0,1590.0,26,194.47826086956522,1596,12770,1552,16308,13,3,6,40,0,1,5,0,8,1,1,0,3,1,0,2,8,1,6,3,0,0,9,15,33,5,0,461200,507,168.0,5694.0,26,388.94805194805195,1596,12770,1552,16308,46,23,20,130,0,5,14,0,23,14,4,9,21,2,1,8,18,2,18,9,0,3,29,54,107,10,1
6819069281743345664,realty.yandex.ru,Якиманка,174,22.0,484.0,3,191.8421052631579,886,10704,284,6206,5,4,0,23,0,3,0,0,3,1,1,0,3,0,0,5,3,1,1,3,0,6,0,4,6,2,2,680600,656,138.0,4983.0,3,399.1127819548872,886,10704,284,6206,61,15,16,101,0,8,10,0,26,12,2,5,14,0,0,9,31,5,18,11,0,17,12,45,99,8,6
323862810,cian.ru,Таганский,148,22.0,720.0,0,203.6140350877193,544,16456,395,8419,27,8,6,41,0,6,1,0,5,1,0,1,11,0,0,6,2,0,2,0,0,1,6,9,20,1,1,433700,561,72.0,3443.0,0,362.8333333333333,544,16456,395,8419,59,15,22,127,1,9,7,0,24,8,12,4,17,0,3,20,14,1,11,9,0,5,25,28,108,3,9
320709069,cian.ru,Пресненский,40,34.0,3138.0,267,267.0,3074,5236,2552,1496,0,0,3,5,0,0,3,0,2,2,0,2,0,0,0,0,5,0,2,0,0,0,2,1,1,5,0,621300,94,55.0,8839.0,267,406.6666666666667,3074,5236,2552,1496,4,3,6,13,0,1,6,0,8,8,0,5,0,0,0,2,11,0,4,2,1,0,8,5,8,5,0
321149121,cian.ru,Басманный,188,47.0,953.0,75,216.625,1022,10759,373,6324,11,4,11,44,0,4,2,0,3,4,0,0,3,1,0,0,2,0,3,3,0,5,5,7,50,1,0,461200,688,154.0,3795.0,75,408.2923076923077,1022,10759,373,6324,68,28,34,182,0,19,13,0,24,14,4,5,17,1,0,11,18,1,18,14,0,27,26,54,254,4,6
6819069278881294336,realty.yandex.ru,Якиманка,174,22.0,484.0,0,189.8918918918919,886,10704,284,6206,5,4,0,23,0,3,0,0,3,1,1,0,3,0,0,5,3,1,1,3,0,6,0,4,6,2,2,680600,658,138.0,4794.0,0,399.7368421052632,886,10704,284,6206,61,15,16,101,0,8,10,0,27,12,2,5,14,0,0,9,31,5,18,11,0,17,12,45,99,8,6
324977830,cian.ru,Хамовники,38,23.0,2504.0,0,196.0,2182,4088,1505,4087,6,1,14,22,0,2,4,0,16,3,0,1,0,0,0,0,5,3,5,4,0,0,3,13,25,0,1,846800,138,69.0,7211.0,0,252.07142857142858,2182,4088,1505,4087,30,8,24,52,0,5,8,0,24,6,2,9,3,0,1,1,13,5,8,15,0,0,6,27,49,2,1
321851829,cian.ru,Хамовники,132,26.0,565.0,0,194.08333333333334,404,4000,283,2171,4,2,2,14,0,0,1,0,1,2,2,0,0,0,0,1,2,1,3,1,0,2,3,6,16,1,0,846800,513,154.0,4133.0,0,364.72727272727275,404,4000,283,2171,22,9,11,50,0,7,5,0,8,6,9,3,2,0,0,7,5,2,10,5,0,14,12,35,65,6,1
3965285094526435840,realty.yandex.ru,Отрадное,36,13.0,3017.0,171,215.0,3988,4073,1940,3193,11,1,16,15,0,0,4,0,18,2,3,0,0,0,4,0,16,0,7,5,0,1,3,11,4,2,5,300400,131,55.0,11275.0,171,353.8181818181818,3988,4073,1940,3193,26,10,26,49,1,4,13,0,66,8,9,2,1,0,6,0,41,8,9,15,1,1,4,25,40,7,8
322178100,cian.ru,Тверской,70,24.0,1551.0,2,224.73684210526315,1312,4340,445,4338,11,3,3,15,0,1,1,0,5,3,1,1,0,0,0,5,1,1,2,2,0,0,2,4,12,1,0,609300,301,83.0,6280.0,2,364.6,1312,4340,445,4338,29,9,21,78,0,8,15,0,44,12,1,4,2,0,0,18,18,2,16,8,2,2,27,39,118,6,6
316665408,cian.ru,Нагатино-Садовники,49,7.0,465.0,0,183.84,4328,19399,473,5659,3,0,3,4,1,1,1,0,7,3,0,0,2,0,0,1,0,0,5,2,0,0,2,5,7,1,0,353800,238,20.0,1659.0,0,312.12,4328,19399,473,5659,8,1,16,16,1,4,2,0,30,5,0,1,6,0,1,6,8,7,9,5,0,0,9,20,26,3,0
320245231,cian.ru,Даниловский,52,11.0,898.0,8,187.06666666666666,604,59281,1330,17918,7,0,7,9,0,0,2,0,6,7,1,0,1,0,2,5,5,1,3,1,0,4,8,18,8,1,3,399100,148,48.0,6065.0,8,280.28,604,59281,1330,17918,20,5,22,42,1,2,10,0,28,17,1,3,2,0,4,10,31,4,13,9,0,4,19,61,58,4,6
325096355,cian.ru,Мещанский,166,74.0,1034.0,3,202.70833333333334,490,12173,543,10288,5,5,5,32,0,5,2,0,11,5,0,2,0,0,0,6,5,0,7,3,0,8,11,19,60,3,2,530600,630,223.0,3847.0,3,413.007299270073,490,12173,543,10288,50,27,33,137,2,10,10,0,26,12,4,2,12,0,3,23,13,2,17,20,0,16,35,58,194,9,5
1997756058937698048,realty.yandex.ru,Тверской,129,42.0,1892.0,0,230.55555555555554,1302,21720,1045,9931,10,6,11,42,1,6,5,0,7,3,1,0,1,0,0,6,3,0,5,5,0,2,6,14,73,3,0,609300,518,145.0,4297.0,0,414.26126126126127,1302,21720,1045,9931,33,15,26,135,1,16,16,0,24,11,7,0,4,1,1,18,15,2,17,15,0,13,24,55,203,9,1
317556761,cian.ru,Щукино,56,13.0,2627.0,113,189.8,7164,26098,4306,9891,6,0,7,7,0,1,3,0,18,1,0,0,0,0,2,1,10,0,3,2,0,1,4,8,17,1,2,395300,194,72.0,9402.0,113,333.3333333333333,7164,26098,4306,9891,84,4,16,29,0,4,8,0,42,9,4,7,1,0,3,2,31,5,6,11,3,1,11,13,32,8,4
320460933,cian.ru,Даниловский,41,5.0,726.0,5,173.47058823529412,230,58551,733,23826,13,1,14,24,0,2,5,0,19,7,0,0,1,0,4,10,14,2,8,4,0,2,18,47,49,0,4,399100,186,38.0,4432.0,5,266.82142857142856,230,58551,733,23826,24,6,27,49,0,2,8,0,30,17,2,4,2,0,4,14,29,6,14,11,0,5,20,70,60,5,6
7538797846,avito.ru,Якиманка,174,22.0,484.0,0,189.75675675675674,886,10704,284,6206,5,4,0,23,0,3,0,0,3,1,1,0,3,0,0,5,3,1,1,3,0,6,0,4,6,2,2,680600,658,138.0,4794.0,0,399.61654135338347,886,10704,284,6206,61,15,16,101,0,8,10,0,27,12,2,5,14,0,0,9,31,5,18,11,0,17,12,45,99,8,6
324991560,cian.ru,Красносельский,76,18.0,2235.0,2,218.375,1962,22642,3095,5732,3,7,10,15,1,1,3,0,8,2,5,1,1,0,2,0,8,3,1,4,0,2,4,7,5,0,0,454800,254,59.0,5776.0,2,406.57142857142856,1962,22642,3095,5732,17,11,22,44,1,7,9,1,22,10,9,3,2,0,2,5,21,5,10,6,0,2,16,26,39,9,3
323643177,cian.ru,Даниловский,41,5.0,726.0,5,173.47058823529412,230,58551,733,23826,13,1,14,24,0,2,5,0,19,7,0,0,1,0,4,10,14,2,8,4,0,2,18,47,49,0,4,399100,186,38.0,4432.0,5,266.82142857142856,230,58551,733,23826,24,6,27,49,0,2,8,0,30,17,2,4,2,0,4,14,29,6,14,11,0,5,20,70,60,5,6
325234051,cian.ru,Академический,46,21.0,2097.0,115,206.2,3736,11616,1404,13072,14,6,10,13,0,1,3,0,12,3,1,1,0,0,0,2,3,0,5,6,0,1,1,15,10,3,3,387300,183,83.0,8535.0,115,368.96,3736,11616,1404,13072,24,7,23,55,1,3,14,0,36,9,5,8,4,0,1,2,29,3,10,14,0,1,5,29,38,7,5
323376261,cian.ru,Басманный,147,59.0,2230.0,72,190.36111111111111,1436,9212,738,5751,22,3,4,56,1,2,4,0,6,4,1,4,1,0,0,3,9,0,3,1,0,2,10,11,7,1,0,461200,505,155.0,6158.0,72,347.2,1436,9212,738,5751,60,15,20,125,1,9,11,0,21,13,6,7,15,0,2,9,22,5,13,17,0,8,26,45,106,4,3
320261414,cian.ru,Головинский,48,20.0,2048.0,0,179.33333333333334,4680,18506,2605,13693,5,1,6,8,0,1,2,0,12,2,0,2,7,0,0,3,5,0,1,3,0,0,1,1,7,0,0,329000,176,91.0,13728.0,0,357.2857142857143,4680,18506,2605,13693,16,4,40,51,1,5,12,1,51,16,1,6,7,0,3,8,30,8,9,10,3,1,16,27,45,13,2
323338913,cian.ru,Останкинский,44,23.0,2846.0,2,136.0,2700,6421,2324,3730,5,5,4,15,0,3,2,0,1,0,3,1,6,0,0,1,6,0,0,1,0,1,1,2,5,3,0,380300,205,66.0,7602.0,2,429.72222222222223,2700,6421,2324,3730,23,14,17,57,1,6,11,0,21,5,7,5,12,0,1,4,21,2,6,7,0,1,18,24,23,6,1
325269754,cian.ru,Алексеевский,34,12.0,3289.0,0,190.42857142857142,3086,14392,4635,22698,2,3,1,28,1,2,4,0,3,3,0,1,4,0,0,1,11,1,1,1,0,0,2,5,11,0,1,397600,137,51.0,8500.0,0,316.92857142857144,3086,14392,4635,22698,10,5,12,48,1,3,11,0,13,8,2,3,11,3,0,1,23,5,7,3,0,1,6,15,27,2,3
324752466,cian.ru,Головинский,48,20.0,2048.0,0,179.33333333333334,4680,18506,2605,13693,5,1,6,8,0,1,2,0,12,2,0,2,7,0,0,3,5,0,1,3,0,0,1,1,7,0,0,329000,176,91.0,13728.0,0,357.2857142857143,4680,18506,2605,13693,16,4,40,51,1,5,12,1,51,16,1,6,7,0,3,8,30,8,9,10,3,1,16,27,45,13,2
321158649,cian.ru,Якиманка,160,21.0,487.0,74,194.25581395348837,958,13694,496,4407,16,3,5,28,0,3,2,0,5,2,1,0,1,0,1,3,3,0,1,1,0,1,3,11,35,0,1,680600,514,104.0,4961.0,74,349.69747899159665,958,13694,496,4407,42,15,25,83,0,15,12,0,25,10,4,9,24,0,1,13,22,2,9,4,0,10,22,44,101,3,2
324152898,cian.ru,Выхино-Жулебино,29,16.0,3240.0,,,1900,2897,1852,2013,4,3,12,17,1,0,8,0,17,7,1,2,0,0,3,0,25,4,7,3,1,0,4,7,9,1,1,273000,147,104.0,13238.0,,,1900,2897,1852,2013,16,13,32,64,2,4,15,0,51,14,11,8,0,0,4,0,47,9,16,11,3,2,13,26,45,12,1
322680198,cian.ru,Тимирязевский,21,11.0,2665.0,271,271.0,4820,4322,3206,2382,0,0,2,5,0,1,2,0,3,0,1,0,0,0,0,0,4,1,1,2,0,0,0,1,0,3,0,347300,89,46.0,8022.0,271,458.8333333333333,4820,4322,3206,2382,1,4,6,13,1,2,7,0,7,1,1,3,0,5,0,1,13,3,2,3,0,0,2,2,5,4,1
320315637,cian.ru,Тимирязевский,39,26.0,2262.0,179,197.5,1440,2740,4096,2609,0,1,4,8,0,0,3,0,14,5,1,1,1,0,0,0,5,0,1,3,0,0,0,5,7,0,0,347300,121,69.0,5575.0,179,401.8333333333333,1440,2740,4096,2609,10,5,10,19,2,1,8,0,20,12,4,3,1,0,0,2,26,4,4,3,1,0,9,14,23,3,0
321699395,cian.ru,Покровское-Стрешнево,39,10.0,910.0,0,149.2,6546,33703,3594,10791,6,2,8,13,0,5,3,0,32,3,0,1,1,0,2,1,11,2,2,2,2,0,5,9,20,1,0,398600,163,43.0,3398.0,0,354.6666666666667,6546,33703,3594,10791,12,2,14,25,0,6,6,0,56,13,4,5,1,1,4,2,21,5,7,7,2,0,15,17,29,14,0
323589529,cian.ru,Зюзино,38,18.0,2930.0,182,214.0,3560,2248,2529,2595,5,2,4,10,0,1,2,0,1,1,1,3,0,0,0,1,8,0,3,0,0,0,1,1,9,0,0,326200,168,82.0,10193.0,182,412.54545454545456,3560,2248,2529,2595,26,9,10,24,0,1,10,0,18,7,3,5,0,3,1,1,24,3,7,5,0,1,5,8,26,13,1
6251703067821456384,realty.yandex.ru,Басманный,205,50.0,1080.0,11,170.72222222222223,532,10051,440,6050,37,9,5,42,0,8,2,0,8,1,1,1,10,0,0,2,4,0,3,3,0,2,3,13,57,1,1,461200,668,175.0,4029.0,11,370.3606557377049,532,10051,440,6050,85,27,31,207,0,19,14,0,25,11,3,2,20,1,0,10,15,1,17,11,0,10,25,58,225,4,3
8660284132703634432,realty.yandex.ru,Басманный,176,33.0,714.0,17,209.77272727272728,1258,19037,310,13347,20,8,11,97,0,6,5,0,10,1,1,2,5,0,0,3,8,0,7,7,0,4,12,18,70,0,3,461200,616,111.0,2626.0,17,368.85483870967744,1258,19037,310,13347,66,27,29,188,0,17,11,0,25,9,2,3,12,1,0,8,16,0,17,13,0,23,25,72,244,7,7
3941757984976572928,realty.yandex.ru,Зюзино,53,35.0,3734.0,0,0.0,1578,1590,1925,2052,4,0,0,2,0,0,2,0,8,0,1,1,0,0,0,0,6,0,1,1,0,0,2,1,1,2,0,326200,196,87.0,9692.0,0,417.75,1578,1590,1925,2052,48,15,12,22,0,0,7,0,23,9,7,5,5,1,2,3,28,4,8,6,0,0,9,5,12,16,2
3087411372104482816,realty.yandex.ru,Даниловский,36,13.0,1986.0,2,138.77777777777777,4964,61224,2479,9671,11,3,18,37,0,2,5,0,24,11,0,1,1,0,3,6,23,3,11,7,0,1,14,54,50,1,2,399100,198,46.0,4496.0,2,341.6666666666667,4964,61224,2479,9671,24,6,27,60,1,2,9,0,32,16,3,3,4,0,4,13,29,5,15,11,0,4,21,72,72,25,6
7547573876,avito.ru,Красносельский,71,18.0,1846.0,30,171.5,1718,16246,3095,6721,3,5,12,8,0,0,3,1,15,2,6,1,1,0,1,3,5,3,3,3,0,1,8,12,15,2,1,454800,244,53.0,5349.0,30,335.93939393939394,1718,16246,3095,6721,14,11,19,25,1,7,8,1,25,8,9,2,1,0,2,4,19,4,9,7,0,2,17,24,33,5,1
320541097,cian.ru,Даниловский,83,1.0,363.0,0,195.2,672,8711,137,5032,3,2,4,8,0,4,1,0,5,0,2,0,2,0,0,4,0,1,2,0,0,12,2,3,9,1,0,399100,268,28.0,3834.0,0,370.84375,672,8711,137,5032,13,6,17,49,0,9,7,0,73,7,4,0,5,0,2,8,21,4,10,12,0,14,14,27,60,2,3
322236193,cian.ru,Даниловский,83,1.0,363.0,0,195.2,672,8711,137,5032,3,2,4,8,0,4,1,0,5,0,2,0,2,0,0,4,0,1,2,0,0,12,2,3,9,1,0,399100,268,28.0,3834.0,0,370.84375,672,8711,137,5032,13,6,17,49,0,9,7,0,73,7,4,0,5,0,2,8,21,4,10,12,0,14,14,27,60,2,3
319989088,cian.ru,Басманный,198,34.0,905.0,0,161.82758620689654,312,8708,264,4839,3,4,5,18,1,4,1,0,3,3,1,2,7,0,0,4,3,0,2,1,0,12,4,12,30,3,0,461200,583,107.0,3074.0,0,356.2323232323232,312,8708,264,4839,24,13,23,108,1,10,6,0,17,10,3,3,19,1,0,8,9,4,10,9,0,25,17,37,168,3,3
322621184,cian.ru,Щукино,42,22.0,1706.0,35,84.33333333333333,842,8431,806,4186,8,6,4,32,1,3,7,0,8,3,2,1,0,0,0,3,6,1,2,2,0,1,0,0,7,0,0,395300,217,146.0,7392.0,35,407.0,842,8431,806,4186,20,13,23,70,1,5,14,0,41,12,7,6,2,0,2,3,27,5,11,12,0,1,1,15,27,6,2
244099181403371200,realty.yandex.ru,Пресненский,90,24.0,1288.0,0,169.55555555555554,330,13651,541,9849,10,6,3,29,0,4,4,0,7,0,1,2,0,0,0,9,6,0,4,4,0,0,10,9,20,1,4,621300,420,176.0,8063.0,0,329.5,330,13651,541,9849,68,24,31,139,0,13,16,0,29,17,6,7,3,0,2,16,23,10,23,12,1,1,27,56,140,7,9
3821885144468823040,realty.yandex.ru,Басманный,146,26.0,556.0,10,174.30555555555554,1912,38023,387,14362,16,7,7,84,0,4,4,0,9,1,0,2,5,0,0,3,9,0,10,7,0,3,12,21,69,0,3,461200,564,97.0,1925.0,10,367.0833333333333,1912,38023,387,14362,65,24,32,196,0,18,12,0,32,9,2,2,13,1,2,11,16,0,18,17,3,20,27,90,293,5,6
320816587,cian.ru,Марьина Роща,77,33.0,2626.0,0,190.4375,372,5002,1614,6688,10,3,2,16,1,2,1,0,5,3,2,1,0,0,1,2,6,1,6,3,0,0,0,4,8,2,1,402200,256,86.0,7589.0,0,372.2325581395349,372,5002,1614,6688,38,5,16,36,1,8,11,0,28,7,4,1,4,1,2,8,30,8,11,10,1,7,18,23,43,5,1
323747522,cian.ru,Замоскворечье,160,38.0,1719.0,0,206.11111111111111,288,4925,458,4002,12,5,4,41,0,4,5,0,3,2,1,5,0,0,0,4,5,0,4,1,0,4,6,10,27,2,0,543700,580,126.0,6452.0,0,389.7142857142857,288,4925,458,4002,33,14,23,109,0,15,15,0,27,8,8,8,18,1,0,12,24,3,16,11,1,9,21,50,106,8,3
321070374,cian.ru,Тверской,128,42.0,1892.0,0,230.62962962962962,1302,21720,1045,9931,10,6,11,42,1,6,5,0,7,3,1,0,1,0,0,6,3,0,5,5,0,2,6,14,73,3,0,609300,517,145.0,4297.0,0,414.26126126126127,1302,21720,1045,9931,33,15,26,135,1,16,16,0,24,11,7,0,4,1,1,18,15,2,17,15,0,13,24,55,203,9,1
7517866235141814272,realty.yandex.ru,Басманный,173,80.0,2390.0,15,178.73076923076923,1998,15531,1137,8064,22,7,4,39,0,1,2,0,9,5,2,0,2,0,0,2,4,0,3,2,0,3,10,12,13,2,0,461200,523,196.0,6758.0,15,382.95959595959596,1998,15531,1137,8064,50,20,22,149,1,9,18,0,25,13,5,9,11,0,1,10,27,3,19,8,0,6,34,57,139,8,1
321118915,cian.ru,Красносельский,84,16.0,1830.0,180,228.8,2652,24378,2315,3670,4,4,7,7,0,1,4,0,3,2,4,1,1,0,0,0,5,3,2,1,0,1,1,4,1,0,1,454800,256,50.0,5284.0,180,446.69444444444446,2652,24378,2315,3670,17,12,23,49,2,1,13,1,30,10,8,2,3,0,3,4,27,4,10,7,0,2,20,39,65,12,3
319582381,cian.ru,Обручевский,26,16.0,4246.0,269,281.5,2814,11689,2250,6105,5,4,3,12,0,2,3,0,0,5,0,3,0,0,1,1,10,1,3,5,0,0,0,1,6,2,0,411600,127,60.0,11080.0,269,384.46153846153845,2814,11689,2250,6105,12,21,11,37,0,3,7,0,17,11,4,10,1,0,1,2,14,4,8,7,1,0,4,17,30,11,1
323281388,cian.ru,Академический,45,27.0,2702.0,0,67.0,1064,2082,1010,3160,4,2,3,22,0,0,7,0,5,4,3,2,0,0,0,0,4,1,0,3,0,0,1,6,8,3,3,387300,181,92.0,9538.0,0,439.3333333333333,1064,2082,1010,3160,30,8,25,61,0,3,13,0,29,12,7,8,1,0,1,4,29,4,12,15,0,1,7,24,30,7,7
323236833,cian.ru,Кузьминки,44,11.0,1611.0,,,2350,1729,933,92,1,1,1,0,0,0,1,0,0,0,1,1,0,0,0,0,1,0,0,0,0,1,0,0,0,1,0,302600,112,38.0,4820.0,514,515.0,2350,1729,933,92,30,1,2,0,0,0,3,0,3,1,8,2,2,0,0,0,4,2,0,0,0,1,0,3,1,3,0
321313508,cian.ru,Перово ,85,,,0,193.6875,0,9039,81,10283,2,3,2,14,0,0,1,0,7,1,0,0,0,0,0,2,4,2,1,0,0,0,11,3,16,0,0,294700,224,2.0,,0,335.30555555555554,0,9039,81,10283,8,5,7,15,1,0,3,0,15,1,0,0,0,1,0,5,6,2,3,1,0,1,18,7,20,0,1
320576843,cian.ru,Сокольники,67,8.0,231.0,28,63.333333333333336,1542,13973,410,5742,38,0,3,1,0,1,1,0,1,0,3,1,1,1,0,2,0,0,0,2,0,0,4,0,3,2,0,367600,243,73.0,5754.0,28,372.27272727272725,1542,13973,410,5742,86,4,13,19,3,6,9,0,9,3,7,8,6,1,3,4,13,4,1,10,0,2,9,9,25,6,1
325193667,cian.ru,Даниловский,28,,,0,171.73333333333332,0,19826,133,24080,10,1,11,13,0,2,2,0,13,3,0,0,0,0,1,9,1,1,4,3,0,1,13,34,30,0,3,399100,170,34.0,4620.0,0,308.6666666666667,0,19826,133,24080,16,3,22,43,0,4,7,0,32,16,1,2,2,0,5,14,31,6,15,12,0,4,23,65,58,2,4
5227593921583466496,realty.yandex.ru,Хорошево-Мневники,50,9.0,990.0,3,92.75,518,4313,815,3355,3,0,1,2,0,1,3,0,1,2,0,0,1,0,0,1,5,1,1,0,0,0,1,2,1,0,1,454100,177,47.0,6213.0,3,394.8888888888889,518,4313,815,3355,4,3,8,14,0,3,8,0,13,7,2,4,3,0,0,2,14,7,6,1,0,1,10,9,8,1,1
306948989167029696,realty.yandex.ru,Академический,53,30.0,1778.0,117,166.66666666666666,778,2082,689,3160,5,1,3,20,0,0,3,0,1,2,4,5,0,0,0,1,4,0,0,3,0,0,0,2,7,1,1,387300,173,85.0,8544.0,117,465.57142857142856,778,2082,689,3160,49,8,21,50,0,1,12,0,23,12,4,6,1,0,1,5,22,2,10,12,0,1,3,22,23,7,5
3941757984977256960,realty.yandex.ru,Савеловский,84,18.0,1390.0,20,127.0,718,8370,906,4797,0,0,1,2,0,1,1,0,1,0,1,0,2,0,0,1,4,3,2,0,0,4,4,3,8,1,1,361300,259,71.0,6278.0,20,356.15,718,8370,906,4797,21,7,7,9,1,3,6,0,11,4,5,3,3,0,0,5,17,5,5,5,0,5,17,16,11,3,1
324791680,cian.ru,Раменки,36,16.0,2434.0,,,730,1617,1618,1182,0,3,1,14,0,0,1,0,1,5,1,5,0,4,0,0,2,0,2,2,0,0,1,2,3,1,0,483300,116,49.0,8427.0,406,517.3333333333334,730,1617,1618,1182,15,17,22,54,0,7,8,0,16,14,7,10,0,7,1,0,15,5,15,12,0,2,6,21,43,2,0
323900028,cian.ru,Крюково,26,11.0,1493.0,,,1620,2257,1095,3729,6,3,7,16,0,1,2,0,1,3,1,2,0,0,1,0,9,3,1,2,0,0,4,1,2,3,1,,131,47.0,7547.0,393,393.0,1620,2257,1095,3729,16,7,34,45,0,4,14,0,78,14,5,4,0,0,10,1,32,7,9,12,1,0,16,28,24,5,2
3087408786806261248,realty.yandex.ru,Головинский,48,21.0,2148.0,3,182.33333333333334,4680,18506,2804,13693,5,1,6,9,0,1,2,0,12,2,0,2,7,0,0,3,5,0,1,3,0,0,1,1,7,0,0,329000,175,91.0,13728.0,3,358.2142857142857,4680,18506,2804,13693,16,4,40,50,1,5,12,1,51,16,2,6,7,0,3,8,29,8,9,10,3,1,16,27,45,13,2
321506352,cian.ru,Замоскворечье,186,32.0,840.0,22,179.21951219512195,904,10704,503,5942,2,3,0,20,0,2,1,0,0,1,1,2,4,0,0,5,4,1,1,2,0,5,1,9,18,3,2,543700,674,135.0,5157.0,22,388.1048951048951,904,10704,503,5942,62,16,15,103,0,11,11,0,21,9,3,7,12,0,0,11,27,4,16,9,0,13,13,39,71,8,6
322882261,cian.ru,Чертаново Центральное,36,,,43,176.5,0,8975,955,4814,1,1,3,8,0,0,0,1,15,0,0,0,0,0,1,3,3,1,2,1,1,0,2,13,7,0,0,287200,113,8.0,2456.0,43,346.53846153846155,0,8975,955,4814,3,2,18,24,0,3,4,1,33,2,0,0,1,0,6,3,18,5,3,6,8,0,12,35,48,5,1
3941543084004859904,realty.yandex.ru,Тверской,176,52.0,784.0,0,218.8148148148148,560,8491,490,6783,15,3,2,36,0,7,3,0,8,1,3,2,0,0,0,5,1,2,3,3,0,8,5,9,35,4,1,609300,568,155.0,2914.0,0,410.85,560,8491,490,6783,40,20,20,119,3,19,9,0,22,9,4,2,6,1,1,20,6,4,14,16,0,18,20,41,172,10,3
321186273,cian.ru,Останкинский,59,25.0,1866.0,0,188.16666666666666,764,2765,1800,1459,3,0,4,6,0,0,2,0,16,5,1,0,0,0,0,0,9,3,1,1,0,0,3,2,5,0,0,380300,196,86.0,7296.0,0,361.92857142857144,764,2765,1800,1459,16,3,11,18,1,1,4,0,22,13,4,6,4,0,0,1,21,5,7,4,1,0,8,9,12,7,2
321746048,cian.ru,Перово ,47,,,5,172.8181818181818,0,2415,7,2328,1,0,1,4,0,0,0,0,1,0,1,0,0,0,0,2,1,0,0,0,0,0,2,0,8,0,0,294700,100,14.0,768.0,5,297.3,0,2415,7,2328,4,1,6,9,0,0,3,0,7,2,1,1,0,0,0,4,7,0,4,0,0,2,6,9,18,1,1
320425328,cian.ru,Печатники,17,1.0,,0,154.5,2,9708,25,7414,2,1,1,0,0,0,0,0,3,0,0,0,0,1,0,2,0,0,0,0,0,0,8,4,4,0,0,286900,86,17.0,1830.0,0,343.27272727272725,2,9708,25,7414,8,3,5,7,1,1,5,0,18,4,0,0,5,1,0,5,6,2,3,4,0,0,19,7,10,0,0
3087408789468771840,realty.yandex.ru,Головинский,48,21.0,2148.0,3,182.33333333333334,4680,18506,2804,13693,5,1,6,9,0,1,2,0,12,2,0,2,7,0,0,3,5,0,1,3,0,0,1,1,7,0,0,329000,175,91.0,13728.0,3,358.2142857142857,4680,18506,2804,13693,16,4,40,50,1,5,12,1,51,16,2,6,7,0,3,8,29,8,9,10,3,1,16,27,45,13,2
322532836,cian.ru,Марьино,16,9.0,2052.0,216,250.5,420,315,738,561,1,2,5,4,1,0,3,0,1,2,1,1,0,0,0,0,8,1,0,1,0,0,0,3,3,0,0,285300,73,30.0,8364.0,216,456.9230769230769,420,315,738,561,10,5,20,44,3,3,12,0,55,11,4,5,0,0,1,0,33,6,6,5,0,2,4,15,25,4,1
3965285094522945024,realty.yandex.ru,Отрадное,49,3.0,1214.0,3,148.75,590,3644,794,2920,3,0,2,5,0,0,2,0,2,4,0,0,0,0,0,3,4,1,1,1,0,0,2,6,0,0,0,300400,149,20.0,3379.0,3,320.89473684210526,590,3644,794,2920,7,1,4,11,0,1,6,0,10,4,0,2,1,0,0,7,11,2,2,3,1,0,2,12,5,0,0
325258304,cian.ru,Басманный,139,33.0,764.0,31,184.2,194,10108,416,14648,13,10,4,64,2,11,5,0,13,6,2,1,0,0,0,10,9,3,13,5,0,2,16,30,38,3,0,461200,458,96.0,4277.0,31,360.2068965517241,194,10108,416,14648,38,19,20,121,2,18,11,0,34,10,4,5,5,0,0,15,17,5,23,7,0,5,26,56,74,9,1
2361982357748249088,realty.yandex.ru,Головинский,48,21.0,2148.0,3,182.33333333333334,4680,18506,2804,13693,5,1,6,9,0,1,2,0,12,2,0,2,7,0,0,3,5,0,1,3,0,0,1,1,7,0,0,329000,175,91.0,13728.0,3,358.2142857142857,4680,18506,2804,13693,16,4,40,50,1,5,12,1,51,16,2,6,7,0,3,8,29,8,9,10,3,1,16,27,45,13,2
7567072086303291392,realty.yandex.ru,Печатники,17,1.0,,0,154.5,2,9708,25,7414,2,1,1,0,0,0,0,0,3,0,0,0,0,1,0,2,0,0,0,0,0,0,8,4,4,0,0,286900,86,17.0,1830.0,0,343.1818181818182,2,9708,25,7414,8,3,5,7,1,1,5,0,18,4,0,0,5,1,0,5,6,2,3,4,0,0,19,7,10,0,0
8617973498467957760,realty.yandex.ru,Южнопортовый,17,,,2,160.8,74,17948,52,2995,4,2,0,2,0,0,0,0,1,0,0,0,0,0,0,0,0,0,1,0,0,0,0,0,0,0,0,368900,134,16.0,2275.0,2,399.0,74,17948,52,2995,13,6,12,31,0,1,4,0,22,4,2,0,0,0,1,6,11,4,6,7,0,1,11,12,43,2,0
323573244,cian.ru,Крюково,26,11.0,1493.0,,,1620,2257,1095,3729,6,3,7,16,0,1,2,0,1,3,1,2,0,0,1,0,9,3,1,2,0,0,4,1,2,3,1,,131,47.0,7547.0,393,393.0,1620,2257,1095,3729,16,7,34,45,0,4,14,0,78,14,5,4,0,0,10,1,32,7,9,12,1,0,16,28,24,5,2
320596779,cian.ru,Басманный,192,56.0,1042.0,3,203.36363636363637,286,6164,310,5336,27,8,12,93,0,5,1,0,9,3,1,2,5,0,0,0,3,0,4,5,0,2,7,13,56,0,0,461200,670,149.0,3515.0,3,382.33846153846156,286,6164,310,5336,70,27,28,188,0,17,13,0,21,12,3,4,18,1,0,8,15,0,15,14,0,21,25,53,236,6,5
324552914,cian.ru,Хорошево-Мневники,27,5.0,291.0,0,204.8,5814,11487,194,777,1,0,1,4,0,1,1,0,3,0,0,1,0,0,0,1,7,2,1,0,0,0,0,1,4,0,0,454100,148,54.0,5636.0,0,367.0,5814,11487,194,777,7,7,7,24,1,5,6,0,12,5,3,7,1,0,0,4,18,2,3,2,0,1,3,4,18,2,1
323649334,cian.ru,Щукино,59,34.0,2301.0,0,197.75,2820,8614,4084,9475,3,3,2,7,0,1,2,0,1,1,1,5,4,1,0,0,4,4,1,0,0,0,0,0,0,4,1,395300,203,116.0,8801.0,0,357.25,2820,8614,4084,9475,22,10,32,58,0,6,10,0,38,14,3,6,5,1,3,0,35,12,12,7,1,1,5,18,26,6,5
3965285094498874880,realty.yandex.ru,Коммунарка,9,8.0,269.0,,,100,55,229,141,0,1,0,3,0,0,0,0,1,3,1,1,0,0,0,0,2,0,0,0,0,0,0,0,0,0,0,291400,38,35.0,4116.0,,,100,55,229,141,0,2,4,11,0,0,2,0,6,16,2,3,0,0,0,0,11,2,2,4,0,0,1,5,4,0,0
320734238,cian.ru,Академический,48,27.0,2768.0,197,236.0,1100,1898,1665,1726,5,1,4,26,0,0,3,0,7,7,1,4,0,0,1,0,8,1,2,3,0,0,0,1,3,3,2,387300,179,86.0,9351.0,197,443.63157894736844,1100,1898,1665,1726,43,8,23,63,0,1,12,0,29,14,7,9,1,0,1,4,30,4,10,13,0,1,8,23,30,6,5
324166671,cian.ru,Хамовники,70,33.0,2576.0,111,223.2,1342,5449,1770,5284,5,1,3,30,0,2,2,0,3,2,0,3,0,0,1,0,4,2,3,3,0,0,0,4,15,3,1,846800,263,104.0,6574.0,111,403.0238095238095,1342,5449,1770,5284,21,12,22,91,0,4,8,0,19,10,3,8,3,0,1,6,20,3,15,17,0,1,9,26,58,10,2
323194348,cian.ru,Беговой,64,17.0,1263.0,40,191.0,846,6220,1013,2905,4,2,1,5,0,0,1,0,0,0,0,2,0,0,0,2,2,1,2,1,0,0,3,2,2,0,0,414000,203,66.0,6592.0,40,382.16279069767444,846,6220,1013,2905,27,5,14,44,1,2,9,0,10,7,2,4,2,0,0,4,14,1,12,7,0,5,17,18,40,0,0
3086775971831574016,realty.yandex.ru,Перово ,38,,,0,128.33333333333334,0,1861,1,1446,0,0,1,4,0,0,0,0,1,0,0,0,0,0,0,0,1,0,0,0,0,0,0,0,2,0,0,294700,94,17.0,855.0,0,283.6666666666667,0,1861,1,1446,4,1,5,9,0,0,1,0,7,2,1,1,0,0,0,4,7,0,3,0,0,2,4,7,17,1,1
2108370138114509056,realty.yandex.ru,Южнопортовый,17,,,2,160.8,74,17948,52,2995,4,2,0,2,0,0,0,0,1,0,0,0,0,0,0,0,0,0,1,0,0,0,0,0,0,0,0,368900,134,16.0,2275.0,2,399.0,74,17948,52,2995,13,6,12,31,0,1,4,0,22,4,2,0,0,0,1,6,11,4,6,7,0,1,11,12,43,2,0
321294019,cian.ru,Сокол,98,82.0,799.0,4,133.33333333333334,814,4668,644,2378,1,0,0,2,1,0,1,0,0,0,0,2,4,0,0,0,2,0,1,0,0,0,1,0,4,1,0,390900,276,186.0,6829.0,4,398.25,814,4668,644,2378,14,8,8,31,2,3,8,0,11,3,7,4,9,4,0,0,20,0,5,5,0,1,5,10,27,4,0
321896655,cian.ru,Алексеевский,74,17.0,1582.0,33,178.625,790,10671,1782,11472,10,8,3,26,1,4,0,0,4,3,3,1,2,0,0,2,8,1,2,2,0,0,10,5,3,4,0,397600,204,47.0,6095.0,33,341.95,790,10671,1782,11472,21,18,13,54,1,5,7,0,15,4,7,5,10,0,1,5,12,1,13,4,0,3,14,17,21,5,0
321118987,cian.ru,Щукино,59,34.0,2301.0,0,197.75,2820,8614,4084,9475,3,3,2,7,0,1,2,0,1,1,1,5,4,1,0,0,4,4,1,0,0,0,0,0,0,4,1,395300,203,116.0,8801.0,0,357.25,2820,8614,4084,9475,22,10,32,58,0,6,10,0,38,14,3,6,5,1,3,0,35,12,12,7,1,1,5,18,26,6,5
323065012,cian.ru,Мещанский,95,37.0,3231.0,7,213.05263157894737,1402,5142,2712,5812,12,13,8,26,1,1,5,0,2,4,4,4,3,0,0,3,8,1,5,7,0,0,3,6,10,1,2,530600,305,101.0,9238.0,7,322.52777777777777,1402,5142,2712,5812,37,21,26,49,1,5,16,0,17,12,8,6,5,1,0,5,26,4,18,9,1,3,18,15,26,8,3
321851843,cian.ru,Красносельский,76,17.0,1774.0,38,186.5,1400,12247,1859,6721,4,4,12,10,0,0,3,1,15,2,6,1,1,0,1,3,5,3,3,3,0,1,8,12,16,2,1,454800,241,50.0,4797.0,38,328.5,1400,12247,1859,6721,13,11,18,22,1,7,8,1,27,6,9,1,1,0,2,4,17,4,7,7,0,2,14,22,28,5,1
324261853,cian.ru,Раменки,19,8.0,2598.0,,,3608,3667,2878,917,0,3,2,19,0,2,1,0,1,2,1,0,0,0,0,0,6,0,1,2,0,0,0,1,1,0,0,483300,68,32.0,12866.0,532,532.0,3608,3667,2878,917,4,5,7,33,1,3,4,0,1,4,2,2,0,0,0,0,13,1,1,3,0,0,0,6,7,0,0
304629141,cian.ru,Бабушкинский,41,17.0,2049.0,160,245.0,2840,3083,5691,3148,7,1,3,12,0,1,1,0,5,2,2,1,0,0,1,1,8,5,2,0,0,1,0,4,1,1,0,308800,195,60.0,8864.0,160,372.46666666666664,2840,3083,5691,3148,13,4,15,24,0,5,7,0,30,2,4,1,7,0,2,4,21,8,5,4,0,2,3,12,15,1,2
323400217,cian.ru,Таганский,47,11.0,1036.0,71,151.2,2288,5084,531,4075,3,0,1,3,1,2,3,0,4,0,1,1,10,0,0,0,8,1,1,0,0,0,2,0,7,1,0,433700,160,31.0,3235.0,71,381.22727272727275,2288,5084,531,4075,11,0,2,10,1,4,8,0,12,4,6,1,10,0,0,5,20,3,7,2,0,7,5,4,17,2,0
322187812,cian.ru,Хамовники,102,37.0,2155.0,0,158.42857142857142,1168,7244,986,9563,11,11,5,15,0,0,5,0,2,0,2,1,0,1,0,5,2,1,4,4,0,2,9,8,23,4,1,846800,299,86.0,4833.0,0,355.7,1168,7244,986,9563,59,16,16,48,2,5,8,0,7,7,5,5,3,1,0,13,10,5,9,5,0,2,19,31,50,7,2
8660284132705566720,realty.yandex.ru,Сокол,97,81.0,798.0,3,129.66666666666666,814,4668,644,2378,1,1,0,3,1,0,1,0,0,0,0,2,4,0,0,0,2,0,1,0,0,0,1,0,4,1,0,390900,276,185.0,6651.0,3,379.09090909090907,814,4668,644,2378,14,8,8,30,2,3,8,0,11,3,7,4,9,4,0,0,20,0,5,4,0,1,5,10,25,4,0
324390123,cian.ru,Беговой,80,24.0,2211.0,12,191.8181818181818,1414,3807,1346,3350,8,2,2,11,1,0,3,0,1,2,0,3,0,0,0,2,4,1,3,4,0,1,1,4,4,0,0,414000,216,66.0,6165.0,12,400.86842105263156,1414,3807,1346,3350,24,7,11,56,1,2,7,0,8,7,3,4,10,0,0,5,9,1,10,7,0,5,15,17,37,2,0
322343913,cian.ru,Дегунино Западное,35,5.0,3496.0,151,151.0,4742,2704,9025,3409,0,2,4,14,0,1,3,0,5,2,0,0,0,0,1,1,11,0,1,1,0,0,8,3,15,0,0,305700,124,30.0,8726.0,151,151.0,4742,2704,9025,3409,6,12,12,41,1,1,8,0,12,12,3,2,0,0,1,1,28,1,5,2,0,1,14,8,19,3,0
324617870,cian.ru,Басманный,41,19.0,1660.0,49,147.66666666666666,972,3313,931,4826,3,1,1,6,0,1,2,0,10,1,1,2,0,2,0,0,7,0,0,0,0,0,1,1,0,1,0,461200,254,72.0,7147.0,49,472.8979591836735,972,3313,931,4826,13,10,17,42,0,6,9,0,26,12,7,6,9,2,4,7,22,5,12,10,0,0,15,21,33,7,1
322892213,cian.ru,Мещанский,95,37.0,3231.0,7,213.05263157894737,1402,5142,2712,5812,12,13,8,26,1,1,5,0,2,4,4,4,3,0,0,3,8,1,5,7,0,0,3,6,10,1,2,530600,305,101.0,9238.0,7,322.52777777777777,1402,5142,2712,5812,37,21,26,49,1,5,16,0,17,12,8,6,5,1,0,5,26,4,18,9,1,3,18,15,26,8,3
3112999785047188992,realty.yandex.ru,Пресненский,90,24.0,1288.0,0,169.55555555555554,330,13651,541,9849,10,6,3,29,0,4,4,0,7,0,1,2,0,0,0,9,6,0,4,4,0,0,10,9,20,1,4,621300,420,176.0,8063.0,0,329.5,330,13651,541,9849,68,24,31,139,0,13,16,0,29,17,6,7,3,0,2,16,23,10,23,12,1,1,27,56,140,7,9
324144704,cian.ru,Дорогомилово,63,8.0,630.0,132,162.5,492,10111,814,7797,7,2,2,21,0,4,4,0,11,4,1,0,3,0,0,1,4,1,6,3,0,1,3,15,13,1,0,530200,147,35.0,4235.0,132,325.2307692307692,492,10111,814,7797,18,9,9,49,1,6,9,0,26,11,5,2,4,0,0,1,11,4,9,9,0,1,11,25,27,6,1
320686556,cian.ru,Якиманка,174,22.0,484.0,0,189.72972972972974,886,10704,284,6206,5,4,0,23,0,3,0,0,3,1,1,0,3,0,0,5,3,1,1,3,0,6,0,4,6,2,2,680600,658,138.0,4794.0,0,399.5864661654135,886,10704,284,6206,61,15,16,101,0,8,10,0,27,12,2,5,14,0,0,9,31,5,18,11,0,17,12,45,99,8,6
7534423007,avito.ru,Соколиная Гора,74,9.0,1683.0,,,4120,5789,1881,7928,12,0,3,9,0,0,4,0,5,5,0,2,0,0,0,0,4,2,3,0,0,1,7,4,9,0,0,354400,237,38.0,4452.0,394,480.0,4120,5789,1881,7928,47,0,3,10,0,1,7,0,10,6,2,4,1,0,0,3,10,3,4,1,0,1,9,4,13,1,0
324924822,cian.ru,Замоскворечье,120,29.0,2141.0,99,222.83333333333334,930,15114,1260,9249,3,1,1,6,1,1,1,0,13,0,2,1,2,0,0,2,3,1,3,2,0,0,6,4,7,2,0,543700,363,82.0,5480.0,99,358.3103448275862,930,15114,1260,9249,22,12,18,57,2,14,9,0,40,4,6,4,26,1,1,12,15,4,12,3,0,3,31,33,74,5,4
320596932,cian.ru,Басманный,192,56.0,1042.0,3,203.36363636363637,286,6164,310,5336,27,8,12,93,0,5,1,0,9,3,1,2,5,0,0,0,3,0,4,5,0,2,7,13,56,0,0,461200,670,149.0,3515.0,3,382.33846153846156,286,6164,310,5336,70,27,28,188,0,17,13,0,21,12,3,4,18,1,0,8,15,0,15,14,0,21,25,53,236,6,5
324851371,cian.ru,Кузьминки,47,13.0,1994.0,,,2350,1729,933,92,0,1,1,0,0,0,1,0,0,0,1,1,0,0,0,0,1,0,0,0,0,1,0,0,0,1,0,302600,120,44.0,5483.0,485,492.0,2350,1729,933,92,30,1,2,0,0,0,3,0,3,1,8,3,2,0,0,0,4,2,0,0,0,1,0,3,1,3,0
7537890985,avito.ru,Тверской,70,24.0,1953.0,14,160.47619047619048,1122,30280,1179,30497,15,9,6,34,0,5,6,0,6,6,1,5,1,0,0,6,4,1,2,4,0,3,9,16,17,0,2,609300,416,155.0,7161.0,14,388.5432098765432,1122,30280,1179,30497,64,35,32,158,0,19,15,0,24,13,7,12,17,1,0,19,17,7,18,16,1,5,29,59,89,4,4
323959724,cian.ru,Басманный,198,45.0,944.0,0,185.58695652173913,648,34099,514,13680,26,9,5,44,0,10,3,0,5,0,2,2,16,0,0,3,5,0,6,3,0,1,6,18,64,1,1,461200,603,147.0,3247.0,0,349.241935483871,648,34099,514,13680,78,24,30,214,0,18,12,0,26,11,2,2,21,0,1,10,16,0,18,13,0,14,23,69,224,2,4
321627210,cian.ru,Замоскворечье,139,42.0,1743.0,35,182.06060606060606,1536,17178,795,12752,9,1,9,30,0,4,6,0,10,3,2,0,10,0,0,4,15,1,10,6,1,3,13,15,18,2,2,543700,548,150.0,5712.0,35,377.3719008264463,1536,17178,795,12752,35,14,19,132,1,11,11,0,40,12,6,3,20,0,2,11,29,2,25,17,1,10,27,59,86,17,4
324390127,cian.ru,Беговой,80,24.0,2211.0,12,191.8181818181818,1414,3807,1346,3350,8,2,2,11,1,0,3,0,1,2,0,3,0,0,0,2,4,1,3,4,0,1,1,4,4,0,0,414000,216,66.0,6165.0,12,400.86842105263156,1414,3807,1346,3350,24,7,11,56,1,2,7,0,8,7,3,4,10,0,0,5,9,1,10,7,0,5,15,17,37,2,0
324856058,cian.ru,Кузьминки,43,11.0,1412.0,,,1906,1096,1260,73,0,1,1,0,0,0,1,0,0,0,1,1,0,0,0,0,1,0,0,0,0,1,0,0,0,1,0,302600,111,37.0,4829.0,514,531.5,1906,1096,1260,73,24,1,2,0,0,0,3,0,3,1,7,3,2,0,0,0,4,2,0,0,0,1,0,3,3,3,0
7517866235141817344,realty.yandex.ru,Мещанский,208,108.0,1907.0,28,168.84444444444443,592,10007,672,7340,22,12,10,40,0,1,3,0,7,3,3,2,1,0,0,12,3,0,4,6,0,1,4,10,31,6,3,530600,600,249.0,5708.0,28,360.70542635658916,592,10007,672,7340,58,39,35,169,0,9,12,0,34,18,6,4,15,0,2,26,19,4,25,18,0,12,36,61,194,10,6
323265649,cian.ru,Гагаринский,14,6.0,2653.0,,,828,912,890,651,3,4,2,13,0,1,1,0,7,4,3,6,0,0,0,0,6,1,4,1,0,0,2,5,7,2,0,454900,67,34.0,8103.0,554,554.0,828,912,890,651,14,9,20,39,0,2,11,0,31,16,5,13,0,0,1,0,27,5,12,11,0,0,5,16,27,6,1
322247490,cian.ru,Богородское,44,10.0,1785.0,0,0.0,226,561,505,775,0,1,1,4,0,0,1,0,1,6,0,0,0,0,0,0,2,0,1,2,0,0,0,4,2,0,0,333100,121,35.0,5408.0,0,345.6,226,561,505,775,2,3,7,13,0,1,2,0,4,6,1,1,0,0,0,0,7,2,3,2,0,0,3,9,2,3,0
320473645,cian.ru,Проспект Вернадского,22,11.0,956.0,135,198.33333333333334,386,823,544,1015,2,3,1,6,0,1,1,0,3,0,1,0,0,0,0,0,1,0,2,2,0,0,1,3,1,0,0,454000,80,39.0,4913.0,135,289.8,386,823,544,1015,12,11,10,21,1,3,5,0,9,3,8,3,0,0,0,0,12,3,6,5,2,0,2,13,11,2,0
324498222,cian.ru,Лефортово,54,24.0,1504.0,30,170.0,1492,8015,994,6289,2,3,2,11,0,0,4,0,7,0,0,1,5,2,0,0,8,0,2,2,0,0,6,0,8,2,0,279300,227,52.0,4558.0,30,345.5,1492,8015,994,6289,7,4,11,23,0,3,11,0,14,6,4,2,28,3,0,4,23,2,8,6,0,0,17,11,34,4,1
324817133,cian.ru,Нагорный,45,26.0,4084.0,38,171.5,2100,1766,2344,861,2,3,7,8,0,0,4,0,0,4,1,2,0,0,1,0,5,1,1,1,0,0,0,2,5,1,1,345200,184,94.0,12104.0,38,353.9166666666667,2100,1766,2344,861,18,10,17,39,0,3,10,0,8,7,11,6,0,0,1,0,16,4,5,6,0,1,3,8,8,3,1
322161029,cian.ru,Хамовники,134,41.0,1901.0,0,188.1,778,4494,867,3813,9,4,4,15,0,2,1,0,6,1,2,2,1,0,0,0,6,0,2,2,0,0,1,1,6,2,2,846800,514,204.0,8161.0,0,393.027397260274,778,4494,867,3813,36,11,26,113,0,9,10,0,16,13,8,9,4,0,1,6,21,4,17,17,0,4,12,21,56,6,4
324301383,cian.ru,Якиманка,174,22.0,484.0,0,189.72972972972974,886,10704,284,6206,5,4,0,23,0,3,0,0,3,1,1,0,3,0,0,5,3,1,1,3,0,6,0,4,6,2,2,680600,658,138.0,4794.0,0,399.5864661654135,886,10704,284,6206,61,15,16,101,0,8,10,0,27,12,2,5,14,0,0,9,31,5,18,11,0,17,12,45,99,8,6
323571088,cian.ru,Сокольники,48,20.0,1622.0,,,2850,5368,1589,1797,16,0,2,5,1,0,2,0,3,0,1,3,0,0,0,0,2,1,0,0,0,0,2,0,5,0,0,367600,182,62.0,4726.0,400,480.2,2850,5368,1589,1797,51,4,15,17,2,1,10,0,19,6,4,7,3,1,4,2,16,5,2,9,0,2,6,15,39,4,1
8660284132706345984,realty.yandex.ru,Басманный,160,56.0,1865.0,14,208.54545454545453,1616,9376,914,6530,20,4,2,47,1,2,2,0,5,4,2,4,5,0,0,3,5,0,0,0,0,2,8,5,7,1,0,461200,569,171.0,6501.0,14,369.75824175824175,1616,9376,914,6530,61,17,21,125,1,9,13,0,21,14,7,6,18,0,2,10,21,4,15,19,0,11,28,46,122,4,1
3941757984977252864,realty.yandex.ru,Дорогомилово,36,21.0,2197.0,,,1020,3250,2089,2963,2,4,6,23,0,1,4,0,5,5,4,4,0,0,0,0,5,4,5,2,0,0,0,2,1,5,1,530200,129,74.0,7567.0,420,515.1428571428571,1020,3250,2089,2963,16,15,15,68,0,5,11,0,24,11,7,6,2,8,0,1,18,5,15,11,0,0,20,27,37,9,5
325168098,cian.ru,Тверской,80,25.0,1665.0,1,218.875,2010,30280,1801,30497,8,8,5,30,0,3,6,0,6,6,1,5,2,0,0,7,5,0,4,6,0,0,9,18,25,0,3,609300,422,136.0,6436.0,1,383.45569620253167,2010,30280,1801,30497,40,31,19,118,0,14,11,0,19,9,8,11,4,0,0,17,13,5,12,12,1,7,24,44,70,5,4
321191036,cian.ru,Рязанский,49,16.0,1197.0,223,257.5,190,363,471,370,1,0,1,0,0,0,1,0,3,0,1,1,0,0,0,0,3,1,3,0,0,0,1,2,0,0,0,295600,140,64.0,5375.0,223,385.0,190,363,471,370,1,1,3,5,0,1,5,0,11,4,2,4,0,1,1,0,10,2,3,1,0,0,2,5,1,2,1
324403247,cian.ru,Арбат,162,81.0,1893.0,0,186.69230769230768,802,15067,3959,21836,18,2,2,46,0,0,4,0,7,5,2,1,3,0,1,2,7,1,3,7,3,2,3,11,43,8,1,820400,562,244.0,7119.0,0,393.33,802,15067,3959,21836,50,16,26,136,2,19,12,0,24,14,10,3,9,0,3,9,23,5,23,17,3,7,23,63,133,10,6
321666628,cian.ru,Даниловский,64,4.0,201.0,0,137.125,762,8605,72,4172,2,0,0,1,0,0,0,0,0,0,0,0,5,0,0,1,0,0,0,1,0,0,2,1,0,0,0,399100,131,20.0,2287.0,0,330.8235294117647,762,8605,72,4172,3,3,2,19,1,4,6,0,10,2,1,1,5,0,0,5,6,2,3,1,1,0,7,14,9,21,0
323616942,cian.ru,Черемушки,49,,,0,162.875,64,11976,37,3651,2,0,5,2,0,1,0,0,4,2,0,0,0,0,0,2,2,1,2,1,0,0,2,0,0,0,0,361200,162,8.0,2078.0,0,364.8,64,11976,37,3651,16,3,7,5,0,2,1,0,16,5,0,1,0,0,0,9,4,3,3,1,0,1,12,9,6,1,0
322797227,cian.ru,Алексеевский,55,10.0,3051.0,0,224.57142857142858,1460,2798,3097,4043,4,2,3,6,0,0,1,0,5,1,4,1,0,0,1,1,6,1,1,1,0,0,3,7,6,1,0,397600,251,56.0,8804.0,0,401.32142857142856,1460,2798,3097,4043,16,8,10,22,0,5,8,0,15,2,8,4,1,0,2,6,17,2,5,6,0,1,12,20,21,3,1
320577865,cian.ru,Аэропорт,75,38.0,2786.0,157,168.33333333333334,2156,4617,3594,9171,1,3,5,9,0,1,5,0,22,2,1,4,1,0,0,0,13,5,3,6,0,0,5,5,10,1,0,400700,283,126.0,9761.0,157,463.4166666666667,2156,4617,3594,9171,12,12,16,36,1,4,10,0,38,7,3,11,20,3,0,3,21,9,4,8,0,0,7,10,25,7,1
323169059,cian.ru,Бабушкинский,41,19.0,2618.0,273,273.0,1902,2253,1336,1803,32,0,4,2,0,0,3,0,2,1,0,0,0,0,0,0,6,0,1,0,0,1,4,3,2,1,0,308800,200,91.0,10694.0,273,438.125,1902,2253,1336,1803,36,4,15,24,0,3,8,0,9,6,7,5,0,1,1,1,20,9,4,2,0,1,8,6,5,3,0
325131902,cian.ru,Нагатино-Садовники,49,3.0,,0,148.3846153846154,0,6740,27,7414,1,1,1,1,0,1,0,0,1,0,0,0,0,0,0,3,3,0,1,0,0,0,2,3,0,0,1,353800,158,15.0,1059.0,0,364.9736842105263,0,6740,27,7414,2,1,7,11,0,2,4,0,17,4,0,0,2,0,1,7,13,3,4,5,0,0,13,10,16,0,1
323959211,cian.ru,Измайлово,64,29.0,2866.0,0,178.0,564,986,1372,1930,0,2,3,5,1,1,5,0,9,2,2,4,0,0,0,0,6,2,1,3,0,0,2,2,1,1,0,278800,225,135.0,10846.0,0,288.94736842105266,564,986,1372,1930,14,12,19,43,1,8,16,0,37,15,6,14,10,1,2,2,36,6,8,11,1,1,11,18,15,3,0
323160245,cian.ru,Даниловский,51,25.0,2193.0,0,88.66666666666667,822,2093,905,1203,6,4,2,7,1,0,2,0,2,7,0,0,0,0,0,0,3,1,0,0,0,0,0,3,3,2,0,399100,144,67.0,7745.0,0,401.45454545454544,822,2093,905,1203,17,6,13,30,1,0,10,0,42,21,1,6,3,0,2,1,24,4,9,6,0,3,2,21,31,6,3
3965285094530299904,realty.yandex.ru,Черемушки,51,1.0,176.0,0,224.57142857142858,2060,12353,701,4198,4,2,0,11,0,7,0,0,6,0,0,2,0,0,0,2,3,0,1,2,0,0,4,2,4,0,0,361200,154,23.0,5994.0,0,401.2068965517241,2060,12353,701,4198,10,5,10,27,0,12,3,0,23,4,1,3,0,0,1,8,13,2,5,4,0,1,12,10,22,4,1
323431136,cian.ru,Нагатино-Садовники,49,3.0,,0,148.3846153846154,0,6740,27,7414,1,1,1,1,0,1,0,0,1,0,0,0,0,0,0,3,3,0,1,0,0,0,2,3,0,0,1,353800,158,15.0,1059.0,0,364.9736842105263,0,6740,27,7414,2,1,7,11,0,2,4,0,17,4,0,0,2,0,1,7,13,3,4,5,0,0,13,10,16,0,1
3965285094527447040,realty.yandex.ru,Марфино,41,18.0,1372.0,4,130.45454545454547,458,3225,1203,3106,7,1,3,9,1,2,3,0,4,3,1,0,0,0,0,5,5,5,2,0,0,0,5,5,3,3,0,370900,137,63.0,5328.0,4,305.5217391304348,458,3225,1203,3106,11,5,7,17,3,3,8,0,18,7,3,3,1,0,0,6,16,6,3,2,1,0,11,15,13,3,0
320461996,cian.ru,Останкинский,62,14.0,2062.0,11,116.75,936,5249,997,7764,5,3,3,6,1,1,1,0,3,1,0,0,2,0,0,2,4,1,2,5,0,0,4,2,0,3,0,380300,220,92.0,9730.0,11,346.6666666666667,936,5249,997,7764,24,11,16,40,1,3,7,0,40,11,4,3,3,0,1,3,28,8,10,17,1,0,19,23,28,10,3
323616017,cian.ru,Южнопортовый,35,20.0,2338.0,0,0.0,900,1847,2092,1318,1,2,1,9,0,0,3,0,3,3,2,0,0,0,0,0,4,0,2,2,0,1,0,1,3,5,0,368900,141,83.0,7370.0,0,291.25,900,1847,2092,1318,2,7,7,19,1,1,10,0,20,12,5,3,0,0,0,2,31,5,5,4,0,1,2,12,4,8,1
325208830,cian.ru,Донской,70,5.0,359.0,134,210.5,136,2121,213,3085,13,4,4,10,0,1,0,0,1,1,2,0,8,1,0,1,0,0,1,1,0,2,1,2,5,0,0,391900,264,65.0,4438.0,134,339.57894736842104,136,2121,213,3085,65,7,22,33,0,2,6,0,16,7,4,1,14,3,1,7,13,2,11,6,0,18,6,24,28,5,0
321944992,cian.ru,Донской,48,21.0,1505.0,,,364,2400,563,2640,3,0,0,0,0,1,1,0,0,0,0,0,1,0,0,0,1,0,0,0,0,4,0,0,0,1,0,391900,171,64.0,6080.0,312,503.90909090909093,364,2400,563,2640,16,7,5,11,0,5,8,0,4,8,4,1,7,0,0,3,17,1,2,5,0,4,2,3,11,4,0
325049324,cian.ru,Даниловский,87,19.0,252.0,0,205.92592592592592,248,22067,221,15891,7,3,12,14,0,1,1,0,8,1,0,0,1,0,0,11,2,3,2,4,0,1,8,9,12,0,3,399100,300,50.0,1822.0,0,377.2368421052632,248,22067,221,15891,16,13,22,53,3,5,4,0,31,6,0,1,5,0,2,20,16,4,14,8,0,4,24,42,53,0,4
3564490723161356800,realty.yandex.ru,Басманный,192,56.0,1044.0,4,203.0,286,6164,310,5336,27,8,12,93,0,5,1,0,9,3,1,2,5,0,0,0,3,0,4,5,0,2,7,13,56,0,0,461200,673,149.0,3515.0,4,380.5426356589147,286,6164,310,5336,70,27,28,188,0,17,12,0,21,12,3,4,18,1,0,8,15,0,15,14,0,21,25,53,236,6,5
7517866235141816320,realty.yandex.ru,Гольяново,35,11.0,2834.0,0,157.0,608,10065,2052,5551,1,0,1,8,0,2,1,0,2,3,0,0,0,0,1,2,6,0,3,3,0,0,4,6,8,0,0,277600,81,37.0,7563.0,0,235.57142857142858,608,10065,2052,5551,4,3,4,16,1,4,5,1,8,12,2,1,7,0,2,2,16,2,7,5,1,0,10,13,15,0,1
324939418,cian.ru,Коммунарка,21,14.0,2348.0,,,3788,2604,1983,1047,3,1,2,7,0,0,3,0,2,2,0,3,0,0,2,0,9,0,3,3,0,1,2,0,3,1,0,291400,69,53.0,9302.0,561,561.0,3788,2604,1983,1047,9,2,5,24,0,1,8,0,11,6,1,9,0,0,4,1,24,2,7,5,0,1,7,6,8,4,1
323655115,cian.ru,Тропарево-Никулино,19,10.0,1387.0,,,862,5750,2759,6390,0,1,3,5,0,2,2,0,1,1,1,3,1,0,1,0,10,3,1,3,0,0,1,0,3,0,0,399700,38,17.0,2824.0,524,524.0,862,5750,2759,6390,0,3,5,15,0,4,4,0,1,1,2,5,2,0,1,0,13,4,2,5,0,0,1,2,6,1,0
321168396,cian.ru,Басманный,113,29.0,1791.0,39,133.4375,520,4050,1152,3823,3,2,0,12,0,3,5,0,2,2,3,3,0,0,0,5,3,1,3,1,0,1,4,4,8,2,1,461200,527,129.0,6446.0,39,427.2696629213483,520,4050,1152,3823,19,9,9,41,2,7,13,0,17,8,10,5,6,0,0,14,27,6,6,9,1,4,25,30,51,9,2
320773230,cian.ru,Арбат,116,46.0,1462.0,38,201.08695652173913,550,13247,2818,27834,17,7,6,47,2,8,3,0,7,7,2,0,4,0,1,3,2,2,6,4,2,1,8,19,33,3,1,820400,530,235.0,6675.0,38,376.0897435897436,550,13247,2818,27834,54,16,25,137,3,18,12,0,27,14,10,7,13,0,3,11,21,3,21,14,3,3,18,51,117,13,7
323518310,cian.ru,Замоскворечье,102,24.0,1233.0,59,181.55,482,5868,1892,10499,8,2,4,11,1,4,2,0,8,1,0,2,2,0,1,0,5,1,6,2,0,0,8,9,11,1,0,543700,364,89.0,5927.0,59,385.7093023255814,482,5868,1892,10499,27,13,15,46,2,10,7,0,37,8,4,3,21,0,1,17,19,4,12,8,0,1,34,28,48,8,1
321406586,cian.ru,Отрадное,40,2.0,,0,204.42857142857142,2144,10087,1783,4281,0,0,3,1,0,0,0,1,8,0,0,0,0,0,2,0,1,1,0,1,1,0,0,0,4,0,0,300400,102,5.0,532.0,0,354.25,2144,10087,1783,4281,0,0,5,1,1,0,0,1,11,1,0,0,0,0,2,0,3,1,1,1,1,3,0,2,7,2,0
320909813,cian.ru,Донской,23,1.0,,2,155.0,268,8910,297,5339,0,0,1,5,0,0,0,0,3,0,0,0,4,0,0,2,1,0,1,1,0,0,5,4,1,0,0,391900,138,20.0,4304.0,2,379.34375,268,8910,297,5339,6,6,9,30,0,5,4,0,15,3,0,1,6,0,0,11,10,3,8,9,0,0,14,23,31,3,0
2361989404326885888,realty.yandex.ru,Дмитровский,54,28.0,3331.0,5,5.0,1234,938,1554,893,1,1,4,10,0,1,4,0,2,3,2,3,0,0,0,0,11,2,3,2,0,0,0,2,0,3,0,288000,136,70.0,12636.0,5,371.8,1234,938,1554,893,4,6,13,42,0,5,13,0,17,15,5,6,3,0,0,3,31,5,9,5,0,1,9,14,14,14,0
324639802,cian.ru,Бабушкинский,41,19.0,2618.0,273,273.0,1902,2253,1336,1803,32,0,4,2,0,0,3,0,2,1,0,0,0,0,0,0,6,0,1,0,0,1,4,3,2,1,0,308800,200,91.0,10694.0,273,438.125,1902,2253,1336,1803,36,4,15,24,0,3,8,0,9,6,7,5,0,1,1,1,20,9,4,2,0,1,8,6,5,3,0
322647663,cian.ru,Донской,23,1.0,,2,155.0,268,8910,297,5339,0,0,1,5,0,0,0,0,3,0,0,0,4,0,0,2,1,0,1,1,0,0,5,4,1,0,0,391900,138,20.0,4304.0,2,379.34375,268,8910,297,5339,6,6,9,30,0,5,4,0,15,3,0,1,6,0,0,11,10,3,8,9,0,0,14,23,31,3,0
6819069278936562688,realty.yandex.ru,Пресненский,141,35.0,1394.0,0,183.06666666666666,754,4944,1497,11161,5,0,5,15,0,2,6,0,1,4,0,0,2,0,1,4,6,0,7,4,0,3,3,9,29,1,0,621300,523,123.0,3968.0,0,392.5700934579439,754,4944,1497,11161,30,8,20,79,1,8,9,0,12,8,9,0,19,0,2,12,9,1,15,14,0,9,23,44,173,4,0
322439708,cian.ru,Сокол,44,19.0,1263.0,0,211.88888888888889,3356,25737,1382,2986,6,1,9,8,0,0,2,0,5,1,2,1,0,0,0,1,5,1,3,4,0,0,4,7,23,0,2,390900,201,87.0,9161.0,0,369.23809523809524,3356,25737,1382,2986,25,11,29,54,1,9,12,0,45,5,7,8,5,4,1,6,25,7,11,14,0,2,14,33,54,6,3
322439690,cian.ru,Сокол,44,19.0,1263.0,0,211.88888888888889,3356,25737,1382,2986,6,1,9,8,0,0,2,0,5,1,2,1,0,0,0,1,5,1,3,4,0,0,4,7,23,0,2,390900,201,87.0,9161.0,0,369.23809523809524,3356,25737,1382,2986,25,11,29,54,1,9,12,0,45,5,7,8,5,4,1,6,25,7,11,14,0,2,14,33,54,6,3
7554649673,avito.ru,Сокол,75,2.0,249.0,36,143.625,0,3760,222,4231,4,2,0,6,0,3,1,0,1,0,1,0,5,0,0,1,3,1,1,1,0,0,8,5,5,0,0,390900,203,29.0,3864.0,36,258.57142857142856,0,3760,222,4231,8,6,4,22,0,4,3,0,17,3,5,3,13,1,0,5,15,3,8,3,0,0,19,16,25,0,2
323407118,cian.ru,Ломоносовский,27,9.0,1853.0,,,1844,2930,1488,2368,5,3,11,11,0,3,3,0,6,4,4,5,1,0,0,0,6,1,4,3,0,0,2,3,5,3,0,418300,138,68.0,10403.0,430,471.5,1844,2930,1488,2368,15,9,18,49,0,5,10,0,20,6,16,18,1,0,1,0,21,3,10,16,0,0,2,12,15,10,0
321389462,cian.ru,Таганский,128,17.0,955.0,1,148.26666666666668,142,4382,501,4597,7,1,0,7,1,2,1,0,2,1,3,1,2,1,0,1,10,1,0,1,0,2,7,3,15,2,0,433700,434,97.0,6828.0,1,360.44565217391306,142,4382,501,4597,31,10,7,52,5,2,7,0,14,6,12,5,9,1,0,10,18,5,3,8,0,8,12,11,29,6,4
3090872322284080128,realty.yandex.ru,Донской,47,25.0,1881.0,,,442,2400,1251,2640,3,2,1,2,0,0,2,0,2,0,0,1,1,0,0,0,5,0,0,1,0,0,0,1,0,2,0,391900,160,63.0,6476.0,388,500.2,442,2400,1251,2640,10,3,4,9,0,6,7,0,8,5,4,3,2,0,0,0,17,1,1,4,0,5,1,4,7,3,0
324386355,cian.ru,Москворечье-Сабурово,21,6.0,1707.0,140,159.5,38,314,202,0,1,0,2,2,0,0,1,0,4,1,0,1,0,0,0,0,0,0,0,0,0,0,3,0,3,0,0,300500,135,12.0,2889.0,140,446.95238095238096,38,314,202,0,6,0,3,3,0,0,3,0,17,7,0,1,0,0,0,0,4,0,1,0,0,0,5,1,7,0,0
323417388,cian.ru,Черемушки,48,34.0,2877.0,0,25.333333333333332,1384,957,2299,3106,1,1,2,3,0,0,2,0,3,1,3,1,0,0,0,0,5,0,2,0,0,0,0,1,6,0,0,361200,167,102.0,10084.0,0,392.1666666666667,1384,957,2299,3106,9,4,10,18,0,1,11,0,10,5,6,5,0,0,2,3,23,2,6,4,1,0,6,11,21,4,1
322838050,cian.ru,Якиманка,74,10.0,927.0,166,204.33333333333334,2372,23641,547,10338,34,0,5,2,0,2,1,0,3,0,0,1,0,0,0,2,1,0,2,1,0,1,0,2,17,0,0,680600,276,73.0,7372.0,166,420.7368421052632,2372,23641,547,10338,59,6,30,49,0,6,9,0,24,9,3,6,20,0,3,9,13,1,9,5,0,5,20,29,64,7,2
323477445,cian.ru,Басманный,192,56.0,1042.0,3,203.36363636363637,286,6164,310,5336,27,8,12,93,0,5,1,0,9,3,1,2,5,0,0,0,3,0,4,5,0,2,7,13,56,0,0,461200,670,149.0,3515.0,3,382.33846153846156,286,6164,310,5336,70,27,28,188,0,17,13,0,21,12,3,4,18,1,0,8,15,0,15,14,0,21,25,53,236,6,5
323151001,cian.ru,Печатники,90,5.0,,11,174.7,0,878,0,642,0,0,1,0,0,0,0,0,2,0,0,0,0,0,0,1,0,2,0,0,0,0,6,1,2,0,0,286900,295,12.0,264.0,11,322.31111111111113,0,878,0,642,4,0,3,8,0,1,0,0,13,2,0,0,0,0,1,5,1,5,0,0,0,0,23,10,17,0,0
324637341,cian.ru,Бутово Северное,31,15.0,3373.0,192,239.0,858,527,1444,837,3,3,2,7,0,1,2,0,6,3,2,0,0,0,0,0,10,2,1,1,0,0,0,2,2,4,0,285100,102,47.0,10519.0,192,308.2,858,527,1444,837,8,10,8,21,0,1,7,0,12,8,6,5,0,0,1,0,24,2,2,4,0,1,2,8,11,7,2
321648721,cian.ru,Хамовники,84,36.0,1937.0,28,168.8181818181818,414,1607,1079,3209,3,1,5,10,0,0,4,0,4,9,0,3,1,0,0,0,6,1,1,2,0,0,3,0,2,1,0,846800,382,131.0,6903.0,28,401.5925925925926,414,1607,1079,3209,53,9,17,59,2,7,10,0,12,15,5,10,5,0,1,7,23,4,11,12,0,1,19,25,24,8,1
322526848,cian.ru,Измайлово,9,3.0,502.0,0,0.0,1742,3033,148,1357,1,0,1,2,0,0,0,0,0,2,0,1,0,0,0,0,2,0,0,0,0,0,0,0,0,1,1,278800,103,24.0,2583.0,0,461.54545454545456,1742,3033,148,1357,4,3,6,5,0,0,4,0,4,3,3,3,1,0,0,0,9,4,2,0,4,1,1,7,4,3,1
5227593921583560704,realty.yandex.ru,Академический,44,26.0,1572.0,0,0.0,444,2492,925,1469,5,1,3,14,0,0,4,0,1,4,2,5,0,0,0,1,5,0,1,2,0,0,0,3,7,2,1,387300,183,84.0,8621.0,0,410.7692307692308,444,2492,925,1469,44,5,13,41,0,1,9,0,11,7,4,7,1,0,0,3,14,2,3,5,0,0,2,10,14,6,4
324892958,cian.ru,Нагатино-Садовники,63,5.0,1041.0,10,207.42857142857142,2856,16431,709,7433,4,0,6,3,0,1,0,0,6,3,0,0,2,0,0,2,1,4,1,0,0,1,0,5,7,1,0,353800,196,36.0,6353.0,10,355.8285714285714,2856,16431,709,7433,12,1,10,14,1,4,7,0,16,7,0,5,4,0,0,4,15,4,6,4,0,1,6,15,19,4,0
322882565,cian.ru,Митино,31,14.0,2952.0,,,492,134,907,110,1,0,0,3,0,0,1,0,6,1,1,2,0,0,1,0,4,1,1,1,0,0,0,2,1,1,0,298300,104,44.0,10772.0,,,492,134,907,110,5,2,6,23,0,2,7,0,35,8,6,8,1,0,4,0,27,3,8,7,0,0,4,14,8,6,1
324351724,cian.ru,Донской,42,11.0,1125.0,0,119.44444444444444,1160,29074,2073,13007,2,2,2,6,0,0,2,0,2,1,0,0,5,0,0,4,3,0,2,1,0,0,5,11,9,2,0,391900,152,27.0,3330.0,0,372.77777777777777,1160,29074,2073,13007,8,6,6,29,0,3,4,0,6,5,3,1,6,0,0,9,8,0,6,4,0,0,12,20,24,3,0
7534731564,avito.ru,Аэропорт,73,36.0,2531.0,157,168.0,2156,4617,3594,9171,1,3,5,9,0,1,5,0,22,2,1,4,1,0,0,0,13,5,3,6,0,0,5,5,10,1,0,400700,284,126.0,9761.0,157,463.6666666666667,2156,4617,3594,9171,12,12,16,36,1,4,10,0,38,7,3,11,20,3,0,3,21,9,4,8,0,0,7,10,25,7,1
321476080,cian.ru,Даниловский,52,4.0,201.0,0,170.85714285714286,0,4084,72,4172,0,0,0,1,0,0,0,0,0,0,0,0,5,0,0,1,0,0,0,1,0,0,2,0,0,0,0,399100,126,17.0,2219.0,0,330.3125,0,4084,72,4172,3,6,7,13,0,0,5,0,8,2,1,1,5,0,1,6,8,2,2,5,1,0,6,15,15,1,0
5227593921578730496,realty.yandex.ru,Красносельский,162,24.0,992.0,6,152.6818181818182,770,9162,749,6939,5,4,3,6,1,1,2,0,5,4,1,1,1,0,0,5,2,0,1,2,1,0,11,13,32,3,1,454800,450,61.0,2886.0,6,360.4347826086956,770,9162,749,6939,13,10,11,34,1,4,15,0,17,7,4,4,10,0,1,13,21,1,4,4,1,3,31,47,100,6,1
3087406282270873088,realty.yandex.ru,Академический,44,26.0,1572.0,0,0.0,444,2492,925,1469,5,1,3,14,0,0,4,0,1,4,2,5,0,0,0,1,5,0,1,2,0,0,0,3,7,2,1,387300,183,84.0,8621.0,0,410.7692307692308,444,2492,925,1469,44,5,13,41,0,1,9,0,11,7,4,7,1,0,0,3,14,2,3,5,0,0,2,10,14,6,4
320823351,cian.ru,Северный,16,8.0,1997.0,,,764,840,1928,1925,7,2,4,9,0,0,3,0,0,4,1,3,0,0,0,0,5,2,2,1,0,1,2,1,2,1,0,282400,42,28.0,8500.0,,,764,840,1928,1925,12,4,9,37,0,0,8,0,7,11,1,5,0,0,0,0,27,7,9,3,0,1,5,3,5,2,0
3088412699020076032,realty.yandex.ru,Нагатино-Садовники,63,5.0,1041.0,10,207.42857142857142,2856,16431,709,7433,4,0,6,3,0,1,0,0,6,3,0,0,2,0,0,2,1,4,1,0,0,1,0,5,7,1,0,353800,196,36.0,6353.0,10,355.8285714285714,2856,16431,709,7433,12,1,10,14,1,4,7,0,16,7,0,5,4,0,0,4,15,4,6,4,0,1,6,15,19,4,0
2361989404502444032,realty.yandex.ru,Перово ,49,21.0,2345.0,0,129.0,690,1367,4409,4678,1,2,6,9,0,2,6,0,17,10,2,3,0,0,2,0,12,2,3,3,0,0,1,7,7,1,1,294700,216,99.0,9335.0,0,391.0,690,1367,4409,4678,9,9,11,28,1,5,13,0,27,12,3,7,0,0,3,2,28,6,6,5,0,1,2,17,17,1,1
7589924689,avito.ru,Коммунарка,11,11.0,1512.0,,,2,1,445,298,0,1,1,4,0,0,1,0,3,7,1,1,0,0,0,0,3,1,1,0,0,0,0,1,3,0,0,291400,47,42.0,6154.0,,,2,1,445,298,1,2,7,12,0,1,5,0,11,20,3,3,0,0,0,0,14,2,3,3,0,0,4,8,7,0,0
324455118,cian.ru,Соколиная Гора,97,22.0,1283.0,0,189.26666666666668,630,4663,2116,5055,4,2,4,5,0,6,2,0,8,1,2,0,3,0,0,3,3,2,2,0,0,0,4,1,3,0,0,354400,285,74.0,5895.0,0,328.17857142857144,630,4663,2116,5055,44,4,7,14,0,9,6,0,10,4,7,7,4,0,0,3,9,4,4,1,1,1,8,4,6,2,0
3673425665771898880,realty.yandex.ru,Марьина Роща,81,20.0,1704.0,0,160.38888888888889,390,11428,1228,8981,25,1,0,11,1,0,0,0,3,3,0,1,0,0,1,3,3,0,4,3,0,6,1,2,9,2,0,402200,266,93.0,8145.0,0,307.1714285714286,390,11428,1228,8981,41,10,15,40,3,13,16,0,27,9,7,1,5,2,2,8,27,6,12,11,1,11,20,22,51,6,2
7555407605,avito.ru,Гагаринский,13,5.0,2223.0,,,612,1021,1584,3573,2,3,2,8,0,0,1,0,4,4,3,3,0,0,0,0,8,1,0,2,0,0,1,0,3,1,0,454900,80,35.0,8772.0,,,612,1021,1584,3573,13,9,11,38,0,5,10,0,20,13,8,10,11,0,0,0,23,3,8,8,0,0,5,13,20,10,1
322025378,cian.ru,Черемушки,58,,,0,165.33333333333334,52,11976,59,4739,3,0,7,2,0,1,0,0,2,2,0,0,0,0,0,2,2,2,2,1,0,0,5,2,0,0,0,361200,161,16.0,2761.0,0,332.5,52,11976,59,4739,16,3,7,5,0,2,2,0,13,4,0,2,0,0,0,7,6,3,3,1,0,1,10,9,6,1,1
323633300,cian.ru,Тимирязевский,32,17.0,2690.0,0,154.0,1746,4804,3107,3359,3,3,5,11,1,1,2,0,5,1,0,3,0,0,0,1,8,1,3,3,0,0,0,0,5,0,0,347300,124,76.0,10835.0,0,225.28571428571428,1746,4804,3107,3359,8,5,11,19,1,3,11,0,12,2,2,8,0,0,0,1,14,3,5,6,0,0,0,4,6,5,1
3116309936813835776,realty.yandex.ru,Щукино,60,34.0,2301.0,4,219.0,2820,8614,4084,9475,3,3,2,6,0,1,2,0,1,1,1,5,4,1,0,0,4,4,1,0,0,0,0,0,0,4,1,395300,203,117.0,8851.0,4,358.0,2820,8614,4084,9475,22,10,32,58,0,6,10,0,38,14,3,6,5,1,3,0,35,12,12,7,1,1,5,18,26,6,5
320488144,cian.ru,Люблино,31,11.0,3182.0,,,880,1794,1478,648,4,1,2,6,0,1,1,0,0,1,1,2,1,0,0,0,6,0,0,0,0,0,2,0,0,1,0,274100,143,67.0,13052.0,478,505.6666666666667,880,1794,1478,648,22,7,9,73,1,3,10,0,13,5,6,9,2,0,1,0,19,2,2,2,0,2,5,2,12,5,0
324802598,cian.ru,Соколиная Гора,46,14.0,1091.0,0,89.33333333333333,1404,7045,498,1787,1,3,3,1,0,0,4,0,2,1,1,2,0,0,0,0,5,0,1,0,0,1,0,5,1,0,0,354400,163,67.0,7353.0,0,368.23809523809524,1404,7045,498,1787,30,5,14,20,1,0,11,0,11,11,4,8,2,0,2,1,22,3,8,0,1,1,9,19,33,5,1
322361252,cian.ru,Пресненский,80,40.0,4285.0,38,86.33333333333333,2300,3124,2766,3868,4,1,3,27,1,3,2,0,1,2,1,1,2,0,0,0,4,2,1,4,0,1,2,3,8,3,0,621300,247,103.0,9097.0,38,448.28125,2300,3124,2766,3868,17,7,9,61,1,7,9,0,8,6,2,2,2,1,0,2,7,3,7,4,0,4,9,10,28,5,0
322993104,cian.ru,Таганский,89,14.0,671.0,0,150.4814814814815,474,7896,512,3228,3,0,0,5,1,2,0,0,5,1,0,0,1,0,0,2,1,1,1,1,0,2,2,0,6,0,0,433700,431,52.0,2733.0,0,358.72727272727275,474,7896,512,3228,28,3,7,32,2,9,4,0,9,2,3,3,12,0,0,8,6,3,3,3,0,15,10,15,31,2,3
325089064,cian.ru,Донской,42,,,39,163.72727272727272,0,12352,382,14379,4,0,8,11,0,2,0,2,14,0,1,0,0,0,0,6,3,2,0,3,0,0,14,10,28,0,0,391900,198,46.0,2515.0,39,371.6829268292683,0,12352,382,14379,21,8,21,34,1,3,4,2,32,8,1,2,2,3,2,9,14,7,7,7,0,0,24,23,43,2,1
3116278137556021760,realty.yandex.ru,Строгино,40,9.0,2062.0,85,169.66666666666666,702,7069,2838,8722,7,1,5,14,0,4,5,0,11,1,1,0,0,0,2,4,4,4,3,2,0,0,7,13,7,1,0,334100,110,30.0,7123.0,85,303.3333333333333,702,7069,2838,8722,11,2,14,25,0,5,8,0,13,3,6,3,0,0,2,4,17,6,4,4,0,1,12,18,7,3,0
324067792,cian.ru,Донской,42,,,39,163.72727272727272,0,12352,382,14379,4,0,8,11,0,2,0,2,14,0,1,0,0,0,0,6,3,2,0,3,0,0,14,10,28,0,0,391900,198,46.0,2515.0,39,371.6829268292683,0,12352,382,14379,21,8,21,34,1,3,4,2,32,8,1,2,2,3,2,9,14,7,7,7,0,0,24,23,43,2,1
324532279,cian.ru,Можайский,19,2.0,311.0,0,161.16666666666666,1702,15748,108,8043,0,0,1,0,0,0,1,0,1,0,0,0,0,0,0,1,1,0,0,0,0,0,2,0,0,0,0,311900,125,33.0,2986.0,0,382.5217391304348,1702,15748,108,8043,5,2,7,12,1,2,4,0,24,1,1,2,0,0,0,2,9,3,2,3,0,0,6,7,5,1,0
8427502013113738240,realty.yandex.ru,Аэропорт,70,24.0,1940.0,0,139.33333333333334,492,4171,2211,4910,14,1,1,2,0,2,1,0,4,0,2,2,1,0,0,1,6,2,1,1,0,1,7,6,1,1,0,400700,267,103.0,8120.0,0,428.4761904761905,492,4171,2211,4910,57,7,5,15,2,2,4,0,12,5,5,7,2,0,0,4,12,5,4,4,0,4,19,15,9,5,0
3086776712009674240,realty.yandex.ru,Черемушки,44,27.0,3095.0,0,181.4,546,2860,742,1146,7,1,3,4,0,2,1,0,1,1,1,3,0,0,0,1,4,1,1,0,0,0,1,0,2,1,0,361200,192,92.0,9700.0,0,368.11764705882354,546,2860,742,1146,22,6,14,30,1,5,12,0,48,6,8,8,0,0,1,3,21,2,7,8,0,0,9,18,37,6,0
324813368,cian.ru,Можайский,19,2.0,311.0,0,161.16666666666666,1702,15748,108,8043,0,0,1,0,0,0,1,0,1,0,0,0,0,0,0,1,1,0,0,0,0,0,2,0,0,0,0,311900,125,33.0,2986.0,0,382.5217391304348,1702,15748,108,8043,5,2,7,12,1,2,4,0,24,1,1,2,0,0,0,2,9,3,2,3,0,0,6,7,5,1,0
320584057,cian.ru,Марьина Роща,56,11.0,1234.0,91,187.76923076923077,408,6327,1370,3983,2,0,3,4,0,2,3,0,5,0,0,0,0,0,0,2,8,6,1,1,0,0,7,3,0,0,0,402200,244,74.0,9119.0,91,388.7307692307692,408,6327,1370,3983,14,3,8,18,0,5,7,0,14,2,3,1,1,0,0,6,20,8,5,3,0,0,12,12,4,4,1
7555533309,avito.ru,Ломоносовский,46,11.0,1853.0,1,159.14285714285714,948,7259,5043,12206,8,1,7,4,0,0,3,0,35,3,0,1,0,0,1,2,5,0,3,3,0,0,6,10,22,2,0,418300,178,85.0,9386.0,1,313.8666666666667,948,7259,5043,12206,31,9,13,34,0,8,8,0,37,10,4,7,2,0,1,4,21,2,5,8,0,0,8,15,31,6,1
325257419,cian.ru,Беговой,58,13.0,1811.0,0,152.375,1230,1544,947,1785,7,0,1,3,0,0,2,0,0,0,0,2,0,0,0,2,2,1,3,1,0,0,1,3,0,0,0,414000,181,55.0,4968.0,0,397.46666666666664,1230,1544,947,1785,19,3,9,29,2,1,5,0,2,6,3,3,10,0,0,5,8,1,10,5,0,5,10,11,9,1,0
8427502013113679872,realty.yandex.ru,Хорошевский,33,11.0,1979.0,120,192.14285714285714,1078,11354,2073,11536,1,0,3,0,1,0,1,0,6,0,1,0,0,0,0,5,3,0,1,0,0,0,4,7,7,0,0,443000,124,33.0,4768.0,120,349.94117647058823,1078,11354,2073,11536,10,8,9,28,1,3,9,0,12,2,6,1,0,0,1,9,9,0,3,2,0,0,8,15,31,0,0
325039584,cian.ru,Марьина Роща,56,11.0,1234.0,91,187.76923076923077,408,6327,1370,3983,2,0,3,4,0,2,3,0,5,0,0,0,0,0,0,2,8,6,1,1,0,0,7,3,0,0,0,402200,244,74.0,9119.0,91,388.7307692307692,408,6327,1370,3983,14,3,8,18,0,5,7,0,14,2,3,1,1,0,0,6,20,8,5,3,0,0,12,12,4,4,1
321185996,cian.ru,Можайский,19,2.0,311.0,0,161.16666666666666,1702,15748,108,8043,0,0,1,0,0,0,1,0,1,0,0,0,0,0,0,1,1,0,0,0,0,0,2,0,0,0,0,311900,125,33.0,2986.0,0,382.5217391304348,1702,15748,108,8043,5,2,7,12,1,2,4,0,24,1,1,2,0,0,0,2,9,3,2,3,0,0,6,7,5,1,0
320593006,cian.ru,Таганский,98,15.0,874.0,92,188.2,1412,19342,1041,5382,16,1,3,8,0,3,0,0,0,1,1,0,0,0,0,6,2,0,0,1,0,2,6,4,9,1,3,433700,412,82.0,4697.0,92,418.3246753246753,1412,19342,1041,5382,39,6,18,70,1,8,8,0,10,4,5,7,19,0,1,16,18,2,7,15,0,3,25,23,50,2,6
3965285094498871808,realty.yandex.ru,Замоскворечье,78,21.0,2461.0,160,231.0,846,7753,1507,3794,0,2,2,17,0,1,4,0,6,3,2,3,0,0,0,1,9,2,2,1,0,0,2,2,7,2,0,543700,318,106.0,10028.0,160,433.59090909090907,846,7753,1507,3794,41,14,14,71,0,8,13,0,26,14,5,7,4,0,2,6,21,7,11,7,0,1,16,20,33,9,0
322863273,cian.ru,Тверской,56,19.0,2585.0,35,176.85714285714286,1630,11805,871,4615,3,4,5,7,0,1,1,0,8,1,1,2,3,0,0,2,3,1,4,1,0,3,6,4,9,0,1,609300,263,74.0,7337.0,35,389.9183673469388,1630,11805,871,4615,29,14,18,40,3,3,9,0,37,9,4,5,6,1,3,8,16,4,17,6,0,5,14,44,58,3,4
3051474335861101056,realty.yandex.ru,Хорошевский,25,12.0,2070.0,0,152.25,1078,9662,1766,2106,1,0,2,1,1,0,2,0,4,0,2,0,0,0,0,3,3,0,1,0,0,0,5,6,5,0,0,443000,131,40.0,5316.0,0,386.65,1078,9662,1766,2106,47,6,11,23,2,4,8,0,15,4,5,2,0,0,1,7,11,0,3,4,0,1,8,12,26,1,0
321158709,cian.ru,Дегунино Западное,29,11.0,2375.0,,,664,600,871,368,0,1,2,7,0,0,1,0,0,2,0,0,0,0,0,0,2,0,1,1,0,1,0,4,0,3,0,305700,113,41.0,8053.0,,,664,600,871,368,4,4,7,23,0,2,9,0,10,9,3,4,0,0,0,0,16,2,6,2,0,2,3,5,13,3,1
306948989166376320,realty.yandex.ru,Хорошевский,25,12.0,2070.0,0,152.25,1078,9662,1766,2106,1,0,2,1,1,0,2,0,4,0,2,0,0,0,0,3,3,0,1,0,0,0,5,6,5,0,0,443000,131,40.0,5316.0,0,386.65,1078,9662,1766,2106,47,6,11,23,2,4,8,0,15,4,5,2,0,0,1,7,11,0,3,4,0,1,8,12,26,1,0
3086799692142487040,realty.yandex.ru,Хорошевский,25,12.0,2070.0,0,152.25,1078,9662,1766,2106,1,0,2,1,1,0,2,0,4,0,2,0,0,0,0,3,3,0,1,0,0,0,5,6,5,0,0,443000,131,40.0,5316.0,0,386.65,1078,9662,1766,2106,47,6,11,23,2,4,8,0,15,4,5,2,0,0,1,7,11,0,3,4,0,1,8,12,26,1,0
320998554,cian.ru,Басманный,160,56.0,1865.0,15,208.75757575757575,1616,9376,914,6530,20,4,2,47,1,2,2,0,5,4,2,4,5,0,0,3,5,0,0,0,0,2,8,5,7,1,0,461200,569,171.0,6501.0,15,369.83516483516485,1616,9376,914,6530,61,17,21,125,1,9,13,0,21,14,7,6,18,0,2,10,21,4,15,19,0,11,28,46,122,4,1
6912306082656647168,realty.yandex.ru,Арбат,171,82.0,2361.0,0,202.34615384615384,858,4703,3959,21836,15,1,4,33,0,1,4,0,6,3,3,3,2,0,1,1,6,1,3,7,0,2,3,11,34,4,0,820400,641,252.0,7076.0,0,381.1489361702128,858,4703,3959,21836,40,15,23,125,2,18,9,0,18,14,12,4,10,0,2,7,17,3,17,16,3,8,21,40,107,12,3
321759428,cian.ru,Пресненский,131,47.0,1167.0,1,213.85714285714286,780,9920,717,5340,24,3,4,16,0,2,0,0,2,0,1,2,1,0,0,0,1,1,3,2,0,4,2,6,31,2,0,621300,614,232.0,5814.0,1,398.6363636363636,780,9920,717,5340,53,16,10,81,0,13,7,0,7,9,13,8,19,0,1,6,6,1,18,13,0,8,14,32,103,8,2
320608954,cian.ru,Пресненский,134,46.0,1358.0,0,99.25,784,18854,1022,16337,25,4,0,22,0,3,3,0,3,1,2,1,8,0,1,2,1,1,3,0,0,1,5,5,19,0,1,621300,531,182.0,6609.0,0,397.5857142857143,784,18854,1022,16337,80,22,15,82,0,16,11,0,9,7,9,7,16,0,1,9,8,4,12,3,0,2,26,36,82,9,3
322960313,cian.ru,Чертаново Центральное,29,,,0,176.45454545454547,0,6574,2,3268,3,0,1,0,0,0,0,0,6,0,0,0,0,0,0,1,0,7,0,0,0,0,2,0,0,0,0,287200,100,,,0,292.8,0,6574,2,3268,3,2,1,1,0,0,0,0,11,0,0,0,0,0,0,1,0,8,0,0,0,0,8,3,0,0,0
8660284132704494592,realty.yandex.ru,Черемушки,49,,,0,163.125,64,11976,37,3651,2,0,5,2,0,1,0,0,4,2,0,0,0,0,0,2,2,1,2,1,0,0,2,0,0,0,0,361200,162,8.0,2078.0,0,364.56,64,11976,37,3651,16,3,7,5,0,2,1,0,16,5,0,1,0,0,0,9,4,3,3,1,0,1,12,9,6,1,0
324653779,cian.ru,Академический,33,,,124,185.66666666666666,0,592,0,14,1,0,1,0,0,0,0,0,0,0,0,0,0,0,0,0,0,0,0,0,0,0,0,0,0,0,0,387300,199,15.0,434.0,124,419.36842105263156,0,592,0,14,10,0,2,1,0,0,0,0,1,0,0,0,1,0,0,3,1,0,2,0,0,0,4,0,1,0,0
8660284132702824448,realty.yandex.ru,Черемушки,49,,,0,163.125,64,11976,37,3651,2,0,5,2,0,1,0,0,4,2,0,0,0,0,0,2,2,1,2,1,0,0,2,0,0,0,0,361200,162,8.0,2078.0,0,364.56,64,11976,37,3651,16,3,7,5,0,2,1,0,16,5,0,1,0,0,0,9,4,3,3,1,0,1,12,9,6,1,0
322870604,cian.ru,Даниловский,64,4.0,201.0,0,137.125,762,8605,72,4172,2,0,0,1,0,0,0,0,0,0,0,0,5,0,0,1,0,0,0,1,0,0,2,1,0,0,0,399100,131,20.0,2287.0,0,330.8235294117647,762,8605,72,4172,3,3,2,19,1,4,6,0,10,2,1,1,5,0,0,5,6,2,3,1,1,0,7,14,9,21,0
3086826186788952064,realty.yandex.ru,Очаково-Матвеевское,44,,,63,182.1818181818182,0,4332,0,653,1,0,0,0,1,0,0,0,1,0,1,0,0,0,0,1,0,0,0,0,0,0,2,0,0,0,0,361200,102,5.0,,63,239.64285714285714,0,4332,0,653,3,0,2,0,2,0,0,1,7,1,1,0,1,0,0,2,1,0,1,0,0,0,4,1,5,0,0
322979700,cian.ru,Щербинка,37,18.0,2394.0,,,2162,3043,4600,4219,3,3,5,11,0,2,5,0,15,2,1,4,0,0,1,0,6,4,4,2,0,0,2,6,5,0,1,213800,112,57.0,7182.0,,,2162,3043,4600,4219,5,3,13,21,0,4,9,0,25,8,4,8,0,0,1,0,15,6,6,3,0,0,6,10,8,0,1
324480603,cian.ru,Алексеевский,73,15.0,2201.0,0,152.33333333333334,412,3131,956,3250,11,1,3,5,0,2,2,0,3,0,2,0,4,3,0,1,3,2,2,4,0,0,5,2,1,2,0,397600,188,42.0,6172.0,0,206.95652173913044,412,3131,956,3250,15,3,9,30,0,3,7,0,19,5,3,1,8,5,0,3,17,8,6,7,0,0,8,6,8,6,1
324470618,cian.ru,Чертаново Центральное,38,,,0,147.5,0,7482,2,3268,3,1,1,0,0,0,0,0,7,0,0,0,0,0,0,1,0,2,0,0,0,0,2,0,0,0,0,287200,109,1.0,464.0,0,316.95454545454544,0,7482,2,3268,3,2,1,1,0,0,0,0,11,0,1,1,0,0,0,1,0,8,0,0,0,0,8,3,2,0,0
322717470,cian.ru,Пресненский,45,28.0,1802.0,0,122.0,168,4927,1399,6276,10,4,6,19,0,4,4,0,15,2,0,1,0,0,0,0,8,2,6,5,0,1,4,19,9,7,0,621300,176,76.0,6211.0,0,363.94444444444446,168,4927,1399,6276,22,8,13,53,1,9,9,0,28,11,3,1,1,0,0,1,17,6,15,16,2,1,11,48,52,10,3
321511634,cian.ru,Лианозово,41,11.0,2595.0,1,156.4,1452,5976,1271,3411,5,3,2,6,0,0,3,0,4,2,1,3,0,0,0,1,4,1,1,0,0,0,2,2,2,1,0,285600,123,31.0,6940.0,1,339.0833333333333,1452,5976,1271,3411,10,7,13,28,0,2,8,0,30,6,5,5,0,0,3,2,21,5,4,8,1,0,10,8,21,5,0
321256052,cian.ru,Донской,59,22.0,1314.0,64,197.92307692307693,436,7884,1396,8804,10,2,5,9,0,2,3,0,10,5,0,1,0,0,0,5,5,2,4,4,0,0,11,10,7,1,1,391900,199,53.0,3628.0,64,367.6842105263158,436,7884,1396,8804,16,3,16,29,2,3,5,2,32,8,2,4,2,4,1,9,17,7,5,7,0,2,21,24,40,1,1
324998187,cian.ru,Лефортово,30,12.0,2802.0,82,183.14285714285714,2532,73086,2461,8379,4,1,12,20,0,6,2,1,17,5,0,2,0,0,2,4,4,1,3,4,3,0,10,21,23,1,0,279300,161,47.0,8727.0,82,366.36,2532,73086,2461,8379,12,4,24,38,0,8,7,1,26,14,7,4,11,0,2,7,25,3,5,7,8,0,19,35,35,5,1
3089892356694585856,realty.yandex.ru,Чертаново Центральное,44,,,0,166.27272727272728,0,1274,0,1510,1,1,1,6,0,0,0,0,6,0,0,0,1,0,1,2,0,2,1,0,0,0,5,5,0,0,0,287200,132,3.0,449.0,0,339.14814814814815,0,1274,0,1510,3,2,13,15,1,1,4,1,23,1,0,0,1,0,1,3,11,4,3,4,7,0,8,28,39,1,1
323679608,cian.ru,Гагаринский,16,6.0,2643.0,,,846,5602,746,1871,2,2,0,7,0,1,0,0,1,2,4,1,0,0,0,0,2,0,0,0,0,0,0,0,4,2,0,454900,45,17.0,6821.0,,,846,5602,746,1871,14,7,7,13,0,1,7,0,14,10,7,7,10,0,0,0,16,2,5,2,0,0,3,7,11,6,0
7567072086303292416,realty.yandex.ru,Нижегородский,68,,,14,199.3846153846154,0,5868,0,1821,0,1,3,0,0,0,0,0,6,0,0,0,0,0,0,2,0,4,0,0,0,0,3,1,0,0,0,362800,155,3.0,776.0,14,348.02941176470586,0,5868,0,1821,4,1,4,1,0,0,0,0,17,3,0,0,3,0,1,3,4,5,1,0,0,0,13,3,4,0,0
3965285094524729856,realty.yandex.ru,Басманный,149,32.0,1365.0,79,219.4375,424,4625,473,4997,5,1,1,10,0,1,2,0,1,0,2,3,15,0,0,2,5,3,2,3,0,3,0,4,27,0,0,461200,676,153.0,4805.0,79,425.7798165137615,424,4625,473,4997,34,11,10,82,2,14,6,0,12,13,7,7,20,0,0,9,12,4,8,5,0,22,13,24,101,4,0
320519328,cian.ru,Лианозово,31,7.0,1795.0,106,114.66666666666667,460,8923,1271,8227,4,2,1,2,0,0,1,0,4,0,1,2,0,0,0,1,2,1,0,0,0,0,2,1,2,0,0,285600,126,32.0,5689.0,106,360.8333333333333,460,8923,1271,8227,5,4,8,17,0,1,5,0,24,5,6,5,0,0,2,1,18,3,3,4,0,0,7,6,10,6,0
323466827,cian.ru,Войковский,53,27.0,2921.0,55,201.75,830,5251,2631,4762,3,1,5,8,0,1,5,0,10,2,1,4,2,1,1,0,12,2,2,5,0,2,1,4,10,0,0,362300,217,106.0,10725.0,55,422.69565217391306,830,5251,2631,4762,15,3,13,21,0,2,13,0,21,5,2,6,6,2,2,2,26,8,6,9,0,2,10,7,19,7,2
321612847,cian.ru,Левобережный,62,12.0,3287.0,5,113.25,1902,6506,3737,5773,4,1,5,11,0,1,2,0,14,2,1,2,0,0,1,2,7,3,2,3,0,0,9,6,7,1,0,362900,167,56.0,9718.0,5,192.4,1902,6506,3737,5773,12,4,7,24,1,4,8,0,19,5,2,8,2,2,2,2,16,6,3,4,0,1,12,9,13,4,1
324901894,cian.ru,Лефортово,30,12.0,2802.0,82,183.14285714285714,2532,73086,2461,8379,4,1,12,20,0,6,2,1,17,5,0,2,0,0,2,4,4,1,3,4,3,0,10,21,23,1,0,279300,161,47.0,8727.0,82,366.36,2532,73086,2461,8379,12,4,24,38,0,8,7,1,26,14,7,4,11,0,2,7,25,3,5,7,8,0,19,35,35,5,1
3965285094501465088,realty.yandex.ru,Чертаново Центральное,44,,,0,166.27272727272728,0,1274,0,1510,1,1,1,6,0,0,0,0,6,0,0,0,1,0,1,2,0,2,1,0,0,0,5,5,0,0,0,287200,132,3.0,449.0,0,339.14814814814815,0,1274,0,1510,3,2,13,15,1,1,4,1,23,1,0,0,1,0,1,3,11,4,3,4,7,0,8,28,39,1,1
3087514413056855040,realty.yandex.ru,Сокол,55,32.0,1724.0,0,140.25,1092,13878,2134,14218,4,5,2,8,0,1,1,0,4,2,4,2,1,0,0,1,7,1,5,0,0,0,6,7,10,2,0,390900,271,138.0,5603.0,0,409.57142857142856,1092,13878,2134,14218,7,10,6,25,2,4,6,0,11,8,6,4,23,1,0,4,17,3,13,3,0,1,18,20,34,3,2
324897343,cian.ru,Нагорный,68,7.0,551.0,82,201.77777777777777,0,6074,240,5862,0,0,4,4,0,1,1,0,4,0,0,0,3,0,0,1,2,0,0,0,0,0,1,3,3,0,1,345200,258,19.0,2059.0,82,414.7692307692308,0,6074,240,5862,9,2,10,12,1,5,2,0,20,3,0,1,4,0,0,4,4,1,4,4,0,1,7,11,20,3,1
3965285094498872832,realty.yandex.ru,Соколиная Гора,97,22.0,1283.0,0,189.33333333333334,630,4663,2116,5055,4,2,4,5,0,6,2,0,8,1,2,0,3,0,0,3,3,2,2,0,0,0,4,1,3,0,0,354400,286,74.0,5895.0,0,328.35714285714283,630,4663,2116,5055,44,4,7,13,0,9,6,0,10,4,7,7,4,0,0,3,9,4,4,1,1,1,8,4,6,2,0
324738296,cian.ru,Отрадное,34,14.0,2943.0,297,297.0,2722,3869,1685,1203,2,2,3,12,1,0,3,0,3,3,1,2,0,0,0,0,8,1,0,2,0,0,0,1,3,3,0,300400,139,49.0,10854.0,297,478.9166666666667,2722,3869,1685,1203,6,4,10,29,2,0,9,0,11,7,6,5,0,0,0,0,20,4,1,5,0,0,2,6,8,3,1
325083162,cian.ru,Лефортово,35,16.0,1602.0,3,159.5,8258,21562,4080,8170,0,1,5,12,0,5,2,0,5,0,0,0,0,0,0,3,5,1,0,2,0,0,7,4,2,2,0,279300,128,45.0,8477.0,3,335.82608695652175,8258,21562,4080,8170,6,3,20,31,0,7,7,1,24,17,3,3,0,0,2,6,16,2,5,7,9,0,15,32,35,8,1
3086805001189507072,realty.yandex.ru,Тушино Южное,30,1.0,384.0,1,149.0,750,2166,241,656,0,0,0,0,0,0,0,0,1,0,2,2,0,0,0,1,0,0,0,0,0,1,2,0,2,0,0,303100,104,19.0,2839.0,1,346.9,750,2166,241,656,2,0,2,2,0,2,4,0,5,3,2,2,0,0,0,3,8,0,1,2,1,3,10,5,5,4,0
321977084,cian.ru,Донской,46,8.0,603.0,53,167.6153846153846,240,25195,697,13525,2,2,3,9,0,0,2,0,2,4,0,0,5,0,0,5,3,0,2,1,0,0,6,12,12,2,0,391900,141,28.0,3881.0,53,377.2,240,25195,697,13525,9,7,6,19,0,5,4,0,6,5,3,1,8,1,0,11,10,0,7,4,0,4,12,20,20,3,0
320536839,cian.ru,Текстильщики,37,10.0,1793.0,50,96.33333333333333,114,2059,212,1486,1,0,1,0,0,0,0,0,0,0,0,1,0,0,0,0,2,1,0,2,0,0,0,1,0,0,0,288100,140,47.0,7134.0,50,390.85714285714283,114,2059,212,1486,3,1,9,9,2,1,10,0,26,6,1,3,2,1,0,2,11,4,2,3,0,1,12,8,14,0,1
321492971,cian.ru,Люблино,20,5.0,948.0,0,126.5,7800,12094,3059,8911,2,1,5,3,0,0,2,0,4,4,0,1,0,0,0,3,5,1,3,0,0,0,3,6,4,4,0,274100,111,42.0,5798.0,0,269.8888888888889,7800,12094,3059,8911,3,1,6,6,0,2,7,0,6,7,1,4,0,0,0,4,15,1,4,0,0,2,5,8,8,9,0
323384881,cian.ru,Хорошевский,45,25.0,4261.0,0,64.0,2252,2934,2189,2009,3,2,9,7,0,0,6,0,3,1,0,1,0,0,0,0,12,1,4,5,0,0,0,2,0,3,0,443000,182,83.0,12859.0,0,353.7857142857143,2252,2934,2189,2009,10,10,14,17,0,3,13,0,21,7,3,2,3,0,0,3,24,4,8,9,0,0,14,9,6,11,0
324312369,cian.ru,Лефортово,41,11.0,893.0,175,223.8,426,8060,601,864,4,0,0,0,0,0,0,0,2,0,0,0,0,0,0,0,2,0,0,0,0,1,0,0,0,0,0,279300,181,49.0,4495.0,175,400.4782608695652,426,8060,601,864,10,4,7,10,0,0,4,0,8,8,4,1,3,0,1,2,9,0,2,4,0,2,7,2,14,2,0
323799274,cian.ru,Сокол,76,,,34,133.0,0,3760,222,4231,4,1,0,5,0,3,1,0,0,0,1,0,5,0,0,1,3,1,1,1,0,0,8,5,4,0,0,390900,207,29.0,3643.0,34,290.5,0,3760,222,4231,8,6,6,21,0,4,6,0,21,3,5,3,13,1,0,6,15,3,9,3,0,0,21,18,25,0,2
323162150,cian.ru,Люблино,25,9.0,5990.0,,,4674,2628,3988,1219,3,1,3,13,0,3,5,0,4,10,0,2,0,0,0,0,14,2,0,4,0,0,1,9,0,0,1,274100,143,28.0,9107.0,368,509.92857142857144,4674,2628,3988,1219,7,1,5,14,1,3,5,0,10,13,0,2,0,0,0,0,14,4,1,4,1,1,3,13,8,0,1
244099984370712512,realty.yandex.ru,Головинский,29,11.0,2487.0,0,0.0,466,2951,1999,6022,2,0,1,6,0,1,2,0,4,2,3,0,0,0,0,1,4,2,1,0,0,1,1,4,1,2,0,329000,122,50.0,7529.0,0,314.3333333333333,466,2951,1999,6022,4,2,4,12,1,1,4,0,6,4,5,3,7,0,0,1,8,4,1,7,0,2,6,6,6,4,0
323087523,cian.ru,Коммунарка,13,9.0,1253.0,,,958,3008,1704,40,0,0,0,0,0,0,0,0,3,0,0,1,0,0,0,0,0,1,0,0,0,1,0,0,0,0,0,291400,37,12.0,1412.0,452,452.0,958,3008,1704,40,3,1,1,2,0,1,1,0,4,0,0,1,2,0,0,0,1,1,0,0,0,1,0,0,0,0,0
324815873,cian.ru,Таганский,118,22.0,1397.0,0,176.69444444444446,1860,28931,894,11294,28,10,17,55,0,2,1,0,16,1,4,0,3,0,2,5,16,1,7,6,0,1,8,11,23,7,4,433700,377,85.0,6504.0,0,338.42391304347825,1860,28931,894,11294,54,29,47,212,3,12,12,0,38,15,16,5,5,0,6,10,37,4,20,18,1,2,26,41,109,11,7
320263800,cian.ru,Аэропорт,70,24.0,1940.0,0,139.33333333333334,492,4171,2211,4910,14,1,1,2,0,2,1,0,4,0,2,2,1,0,0,1,6,2,1,1,0,1,7,6,1,1,0,400700,267,103.0,8120.0,0,428.5238095238095,492,4171,2211,4910,57,7,5,15,2,2,4,0,12,5,5,7,2,0,0,4,12,5,4,4,0,4,19,15,9,5,0
324830109,cian.ru,Таганский,138,18.0,842.0,71,205.05263157894737,188,2235,527,3195,10,2,3,8,0,0,2,0,3,2,3,1,1,0,0,6,3,2,2,3,0,2,5,2,7,1,1,433700,429,78.0,3486.0,71,373.85087719298247,188,2235,527,3195,35,15,10,63,2,8,6,0,12,6,11,3,18,1,0,13,15,2,5,6,0,6,18,19,46,3,4
320595444,cian.ru,Ломоносовский,46,11.0,1853.0,0,159.0,948,7259,5043,12206,8,1,7,4,0,0,3,0,35,3,0,1,0,0,1,2,5,0,3,3,0,0,6,10,22,2,0,418300,178,85.0,9386.0,0,313.6666666666667,948,7259,5043,12206,31,9,13,34,0,8,8,0,37,10,4,7,2,0,1,4,21,2,5,8,0,0,8,15,31,6,1
323354048,cian.ru,Головинский,29,11.0,2487.0,0,0.0,466,2951,1999,6022,2,0,1,6,0,1,2,0,4,2,3,0,0,0,0,1,4,2,1,0,0,1,1,4,1,2,0,329000,122,50.0,7529.0,0,314.6666666666667,466,2951,1999,6022,4,2,4,13,1,1,4,0,6,4,5,3,7,0,0,1,8,4,1,7,0,2,6,6,6,4,0
325266679,cian.ru,Ростокино,39,26.0,3297.0,236,236.0,1614,2866,3220,2830,5,4,4,13,0,3,8,0,3,1,1,2,0,0,0,0,8,2,3,2,0,0,3,5,10,0,0,335200,188,88.0,9487.0,236,447.8,1614,2866,3220,2830,7,7,7,20,0,4,14,0,15,7,3,7,1,0,0,1,17,4,7,7,0,2,3,6,10,4,0
8609699195355413504,realty.yandex.ru,Теплый Стан,22,11.0,1906.0,0,0.0,370,12038,1590,5384,1,0,2,2,0,2,1,0,1,0,1,2,0,0,0,1,4,0,2,2,0,0,1,4,4,2,0,312900,79,32.0,6965.0,0,269.3333333333333,370,12038,1590,5384,2,2,9,8,1,5,4,0,6,1,5,6,0,0,1,1,21,2,4,3,0,0,6,7,9,5,0
660076875171869440,realty.yandex.ru,Теплый Стан,22,11.0,1906.0,0,0.0,370,12038,1590,5384,1,0,2,2,0,2,1,0,1,0,1,2,0,0,0,1,4,0,2,2,0,0,1,4,4,2,0,312900,79,32.0,6965.0,0,269.3333333333333,370,12038,1590,5384,2,2,9,8,1,5,4,0,6,1,5,6,0,0,1,1,21,2,4,3,0,0,6,7,9,5,0
324339394,cian.ru,Донской,45,6.0,295.0,0,174.57142857142858,0,12352,725,12482,9,0,7,12,0,3,0,1,15,0,1,0,0,0,0,5,2,2,0,4,0,0,14,12,26,1,0,391900,214,54.0,2842.0,0,353.0731707317073,0,12352,725,12482,18,5,19,32,2,3,4,2,36,8,1,3,3,3,2,9,16,7,6,7,0,0,24,22,44,2,1
834281980401883136,realty.yandex.ru,Теплый Стан,22,11.0,1906.0,0,0.0,370,12038,1590,5384,1,0,2,2,0,2,1,0,1,0,1,2,0,0,0,1,4,0,2,2,0,0,1,4,4,2,0,312900,79,32.0,6965.0,0,269.3333333333333,370,12038,1590,5384,2,2,9,8,1,5,4,0,6,1,5,6,0,0,1,1,21,2,4,3,0,0,6,7,9,5,0
3223998819790759936,realty.yandex.ru,Теплый Стан,22,11.0,1906.0,0,0.0,370,12038,1590,5384,1,0,2,2,0,2,1,0,1,0,1,2,0,0,0,1,4,0,2,2,0,0,1,4,4,2,0,312900,79,32.0,6965.0,0,269.3333333333333,370,12038,1590,5384,2,2,9,8,1,5,4,0,6,1,5,6,0,0,1,1,21,2,4,3,0,0,6,7,9,5,0
3965285094499588096,realty.yandex.ru,Аэропорт,51,25.0,2213.0,0,215.71428571428572,422,2622,1724,6590,40,3,2,9,1,0,4,0,4,2,1,1,0,0,0,0,5,0,2,3,0,0,2,1,7,1,0,400700,180,88.0,7900.0,0,368.3,422,2622,1724,6590,46,7,12,23,3,2,7,0,14,3,4,4,4,0,0,4,17,2,3,5,0,1,8,14,18,3,0
3965285094498818048,realty.yandex.ru,Таганский,162,31.0,1000.0,24,169.3684210526316,810,2569,791,5355,9,7,5,16,0,1,3,0,3,2,3,0,3,0,0,6,2,2,2,2,0,1,5,2,7,1,1,433700,458,79.0,3311.0,24,362.6307692307692,810,2569,791,5355,38,17,10,77,2,8,5,0,12,4,11,4,15,0,0,15,12,2,5,5,0,4,14,16,42,4,5
321186031,cian.ru,Хорошевский,25,12.0,2070.0,0,152.5,1078,9662,1766,2106,1,0,2,1,1,0,2,0,4,0,2,0,0,0,0,3,3,0,1,0,0,0,5,6,5,0,0,443000,131,40.0,5316.0,0,386.7,1078,9662,1766,2106,47,6,11,24,2,4,8,0,15,4,5,2,0,0,1,7,11,0,3,4,0,1,8,12,26,1,0
5079805010772002816,realty.yandex.ru,Теплый Стан,22,11.0,1906.0,0,0.0,370,12038,1590,5384,1,0,2,2,0,2,1,0,1,0,1,2,0,0,0,1,4,0,2,2,0,0,1,4,4,2,0,312900,79,32.0,6965.0,0,269.3333333333333,370,12038,1590,5384,2,2,9,8,1,5,4,0,6,1,5,6,0,0,1,1,21,2,4,3,0,0,6,7,9,5,0
7053515440140807168,realty.yandex.ru,Теплый Стан,22,11.0,1906.0,0,0.0,370,12038,1590,5384,1,0,2,2,0,2,1,0,1,0,1,2,0,0,0,1,4,0,2,2,0,0,1,4,4,2,0,312900,79,32.0,6965.0,0,269.3333333333333,370,12038,1590,5384,2,2,9,8,1,5,4,0,6,1,5,6,0,0,1,1,21,2,4,3,0,0,6,7,9,5,0
4437625382940093952,realty.yandex.ru,Теплый Стан,22,11.0,1906.0,0,0.0,370,12038,1590,5384,1,0,2,2,0,2,1,0,1,0,1,2,0,0,0,1,4,0,2,2,0,0,1,4,4,2,0,312900,79,32.0,6965.0,0,269.3333333333333,370,12038,1590,5384,2,2,9,8,1,5,4,0,6,1,5,6,0,0,1,1,21,2,4,3,0,0,6,7,9,5,0
3086746975311339008,realty.yandex.ru,Басманный,161,45.0,1291.0,3,181.64,330,3512,223,4391,5,4,4,18,0,0,4,0,1,5,3,1,1,0,0,2,4,1,3,2,0,4,2,6,53,1,0,461200,697,198.0,5434.0,3,407.8272727272727,330,3512,223,4391,61,21,18,122,1,13,9,0,12,16,4,8,22,0,0,8,12,4,8,7,0,18,19,24,133,6,1
4121682813316516864,realty.yandex.ru,Теплый Стан,22,11.0,1906.0,0,0.0,370,12038,1590,5384,1,0,2,2,0,2,1,0,1,0,1,2,0,0,0,1,4,0,2,2,0,0,1,4,4,2,0,312900,79,32.0,6965.0,0,269.3333333333333,370,12038,1590,5384,2,2,9,8,1,5,4,0,6,1,5,6,0,0,1,1,21,2,4,3,0,0,6,7,9,5,0
1586853500480244992,realty.yandex.ru,Теплый Стан,22,11.0,1906.0,0,0.0,370,12038,1590,5384,1,0,2,2,0,2,1,0,1,0,1,2,0,0,0,1,4,0,2,2,0,0,1,4,4,2,0,312900,79,32.0,6965.0,0,269.3333333333333,370,12038,1590,5384,2,2,9,8,1,5,4,0,6,1,5,6,0,0,1,1,21,2,4,3,0,0,6,7,9,5,0
322300129,cian.ru,Хамовники,80,22.0,1262.0,72,229.4,1456,12615,1606,5813,26,2,4,9,0,5,0,0,3,2,3,1,0,0,0,1,4,1,1,2,0,2,3,3,7,0,0,846800,284,53.0,3742.0,72,363.7894736842105,1456,12615,1606,5813,96,3,10,24,0,6,3,0,14,6,5,2,12,0,0,4,10,5,2,7,0,2,10,13,20,6,0
6276296181687774208,realty.yandex.ru,Теплый Стан,22,11.0,1906.0,0,0.0,370,12038,1590,5384,1,0,2,2,0,2,1,0,1,0,1,2,0,0,0,1,4,0,2,2,0,0,1,4,4,2,0,312900,79,32.0,6965.0,0,269.3333333333333,370,12038,1590,5384,2,2,9,8,1,5,4,0,6,1,5,6,0,0,1,1,21,2,4,3,0,0,6,7,9,5,0
321903959,cian.ru,Якиманка,81,13.0,243.0,84,204.84615384615384,0,3041,110,6901,2,0,0,9,0,1,1,0,3,2,0,0,1,0,0,3,0,0,1,1,0,1,5,9,20,0,1,680600,288,94.0,2807.0,84,410.864406779661,0,3041,110,6901,15,8,6,35,1,3,7,0,10,5,2,3,5,0,1,7,2,1,9,8,0,10,10,23,53,3,2
945634382163523072,realty.yandex.ru,Теплый Стан,22,11.0,1906.0,0,0.0,370,12038,1590,5384,1,0,2,2,0,2,1,0,1,0,1,2,0,0,0,1,4,0,2,2,0,0,1,4,4,2,0,312900,79,32.0,6965.0,0,269.3333333333333,370,12038,1590,5384,2,2,9,8,1,5,4,0,6,1,5,6,0,0,1,1,21,2,4,3,0,0,6,7,9,5,0
321646628,cian.ru,Бибирево,28,5.0,1510.0,216,251.75,294,4573,2451,6252,4,0,4,11,0,1,3,0,19,2,0,0,0,0,2,0,12,2,2,5,1,0,2,7,19,0,0,271300,140,37.0,9198.0,216,397.8,294,4573,2451,6252,14,6,11,24,0,3,9,0,30,7,3,6,0,2,3,2,27,3,4,6,1,0,11,11,30,11,1
2733450895063452160,realty.yandex.ru,Теплый Стан,22,11.0,1906.0,0,0.0,370,12038,1590,5384,1,0,2,2,0,2,1,0,1,0,1,2,0,0,0,1,4,0,2,2,0,0,1,4,4,2,0,312900,79,32.0,6965.0,0,269.3333333333333,370,12038,1590,5384,2,2,9,8,1,5,4,0,6,1,5,6,0,0,1,1,21,2,4,3,0,0,6,7,9,5,0
1845320505002617088,realty.yandex.ru,Теплый Стан,22,11.0,1906.0,0,0.0,370,12038,1590,5384,1,0,2,2,0,2,1,0,1,0,1,2,0,0,0,1,4,0,2,2,0,0,1,4,4,2,0,312900,79,32.0,6965.0,0,269.3333333333333,370,12038,1590,5384,2,2,9,8,1,5,4,0,6,1,5,6,0,0,1,1,21,2,4,3,0,0,6,7,9,5,0
1901015578463897088,realty.yandex.ru,Теплый Стан,22,11.0,1906.0,0,0.0,370,12038,1590,5384,1,0,2,2,0,2,1,0,1,0,1,2,0,0,0,1,4,0,2,2,0,0,1,4,4,2,0,312900,79,32.0,6965.0,0,269.3333333333333,370,12038,1590,5384,2,2,9,8,1,5,4,0,6,1,5,6,0,0,1,1,21,2,4,3,0,0,6,7,9,5,0
7502296691568023552,realty.yandex.ru,Теплый Стан,22,11.0,1906.0,0,0.0,370,12038,1590,5384,1,0,2,2,0,2,1,0,1,0,1,2,0,0,0,1,4,0,2,2,0,0,1,4,4,2,0,312900,79,32.0,6965.0,0,269.3333333333333,370,12038,1590,5384,2,2,9,8,1,5,4,0,6,1,5,6,0,0,1,1,21,2,4,3,0,0,6,7,9,5,0
8303116497912544256,realty.yandex.ru,Хорошевский,33,9.0,1657.0,0,120.6,736,14221,2883,20174,1,0,3,0,0,1,0,0,6,0,2,0,0,0,0,4,0,0,1,0,0,0,4,5,8,0,0,443000,106,20.0,2716.0,0,347.26666666666665,736,14221,2883,20174,4,5,16,30,1,3,9,2,32,3,6,0,0,0,1,9,15,1,5,4,4,3,15,29,50,0,1
322758857,cian.ru,Бабушкинский,77,5.0,1365.0,0,198.08333333333334,776,3169,1836,3398,1,1,0,4,0,0,0,0,8,1,0,1,0,0,0,1,1,1,2,1,0,1,2,0,0,1,0,308800,207,29.0,8730.0,0,340.9259259259259,776,3169,1836,3398,4,5,2,10,1,1,3,0,13,1,3,1,1,0,0,3,6,4,2,5,0,1,5,2,2,2,0
320957034,cian.ru,Кунцево,52,29.0,4558.0,0,135.5,1214,2792,3342,1854,6,3,5,3,0,3,4,0,12,9,1,2,1,0,0,1,5,1,2,1,0,0,0,5,3,0,0,351900,183,106.0,14994.0,0,329.0,1214,2792,3342,1854,14,11,12,27,2,4,10,0,33,17,3,11,2,0,1,1,37,3,3,7,0,3,2,11,8,3,0
324650970,cian.ru,Останкинский,31,,,0,136.0,0,3036,246,6242,1,0,0,0,0,0,0,0,1,1,0,0,0,0,0,1,0,0,0,2,0,0,2,6,19,1,0,380300,149,6.0,1369.0,0,304.0,0,3036,246,6242,1,0,6,0,0,4,1,0,6,1,2,1,24,0,0,1,1,2,0,2,0,1,5,18,48,2,0
3086779438420981760,realty.yandex.ru,Чертаново Центральное,29,,,0,176.45454545454547,0,6574,2,3268,3,0,1,0,0,0,0,0,6,0,0,0,0,0,0,1,0,7,0,0,0,0,2,0,0,0,0,287200,100,,,0,292.85,0,6574,2,3268,3,2,1,1,0,0,0,0,11,0,0,0,0,0,0,1,0,8,0,0,0,0,8,3,0,0,0
323253835,cian.ru,Кунцево,24,10.0,2059.0,,,748,710,1929,5871,3,1,1,2,0,0,0,0,1,1,0,0,0,0,0,0,2,0,0,1,0,0,2,0,2,2,0,351900,107,39.0,6766.0,406,406.0,748,710,1929,5871,20,1,5,6,0,0,2,0,3,1,0,1,3,0,0,0,5,0,1,3,0,0,2,5,2,4,0
2108370138112601088,realty.yandex.ru,Алексеевский,72,15.0,2201.0,5,143.64705882352942,412,3131,956,3250,11,1,3,5,0,2,2,0,3,0,2,0,4,3,0,1,3,2,2,4,0,0,5,2,1,2,0,397600,188,43.0,6309.0,5,206.56521739130434,412,3131,956,3250,16,3,9,29,0,3,7,0,19,5,3,1,8,4,0,3,16,8,6,6,0,0,8,6,8,6,1
322110662,cian.ru,Люблино,42,10.0,153.0,12,146.6,146,1054,161,1655,0,0,0,2,0,0,1,0,2,1,0,0,1,1,0,1,1,0,0,0,0,0,3,0,3,0,0,274100,136,46.0,7882.0,12,357.53846153846155,146,1054,161,1655,3,4,4,14,0,2,10,0,10,10,2,2,2,1,0,2,12,4,3,2,1,0,4,5,11,0,1
324743472,cian.ru,Останкинский,31,,,0,136.0,0,3036,246,6242,1,0,0,0,0,0,0,0,1,1,0,0,0,0,0,1,0,0,0,2,0,0,2,6,19,1,0,380300,149,6.0,1369.0,0,304.0,0,3036,246,6242,1,0,6,0,0,4,1,0,6,1,2,1,24,0,0,1,1,2,0,2,0,1,5,18,48,2,0
320897329,cian.ru,Бибирево,32,15.0,3884.0,,,2052,2578,3431,2210,1,2,3,5,0,0,5,0,1,2,1,3,0,0,1,0,10,2,0,2,0,0,0,0,1,0,0,271300,124,58.0,13906.0,478,536.75,2052,2578,3431,2210,9,7,12,21,3,2,11,0,8,8,5,11,0,2,3,0,32,6,3,6,1,2,4,9,19,6,2
321719867,cian.ru,Нижегородский,45,7.0,459.0,120,162.66666666666666,0,93,4,88,0,1,0,0,0,0,1,0,3,0,0,0,1,0,0,0,1,0,0,0,0,0,1,0,0,1,0,362800,197,42.0,5276.0,120,251.2,0,93,4,88,3,1,4,4,0,0,5,0,18,5,2,3,2,0,0,0,5,2,1,1,0,0,5,2,1,2,0
324133483,cian.ru,Текстильщики,48,28.0,3307.0,200,235.5,806,2750,1785,3008,1,1,5,7,0,0,5,0,4,3,1,2,0,0,0,2,9,1,3,2,0,0,1,3,2,5,0,288100,221,131.0,12308.0,200,423.4,806,2750,1785,3008,3,6,7,23,3,3,12,0,22,7,4,11,3,0,1,3,26,4,5,4,0,0,6,6,9,11,1
2108370138113588992,realty.yandex.ru,Тушино Южное,40,5.0,397.0,1,196.42857142857142,180,1971,765,4189,0,0,1,0,0,0,2,0,2,0,1,1,0,0,0,1,0,0,0,1,0,1,2,0,2,1,0,303100,119,20.0,2632.0,1,343.1333333333333,180,1971,765,4189,2,0,2,2,0,2,3,0,5,3,2,3,0,0,0,3,6,0,1,2,1,3,8,4,3,1,0
321294334,cian.ru,Люблино,50,15.0,1323.0,0,92.25,256,1399,752,2809,0,0,0,2,0,0,1,0,2,1,0,0,1,1,0,1,1,0,0,0,0,0,3,0,3,0,0,274100,140,52.0,7282.0,0,315.46153846153845,256,1399,752,2809,2,4,2,11,0,0,6,0,7,3,3,3,2,1,0,2,9,3,2,2,0,1,3,1,6,1,0
325127787,cian.ru,Выхино-Жулебино,18,9.0,1193.0,0,45.666666666666664,254,4416,1114,1457,1,1,1,1,0,0,2,0,3,0,0,0,0,0,0,0,4,1,1,0,0,0,1,0,0,1,0,273000,60,25.0,3602.0,0,45.666666666666664,254,4416,1114,1457,4,1,1,3,1,0,2,0,12,0,3,1,0,0,2,0,5,1,1,1,1,0,1,0,0,1,1
323238582,cian.ru,Останкинский,16,5.0,3347.0,66,135.5,2302,7996,1190,3171,1,3,5,8,1,1,2,0,4,5,0,1,0,0,0,1,8,1,2,1,0,1,1,5,7,0,0,380300,48,18.0,8912.0,66,135.5,2302,7996,1190,3171,4,8,9,25,1,6,6,0,9,10,1,4,0,0,0,1,24,3,4,2,1,1,6,14,21,13,1
3088305922563786752,realty.yandex.ru,Соколиная Гора,97,6.0,490.0,11,173.77777777777777,290,5218,1024,6389,4,2,2,3,0,6,0,0,7,0,3,0,3,0,0,3,2,0,1,0,0,0,4,1,3,0,0,354400,278,59.0,5161.0,11,288.125,290,5218,1024,6389,35,4,7,22,0,10,4,0,14,3,4,6,4,0,0,3,8,4,4,1,1,0,8,4,8,2,0
324953559,cian.ru,Новопеределкино,56,44.0,2552.0,,,1752,1382,1695,2928,3,3,1,13,0,0,1,0,0,4,2,4,0,0,0,0,5,0,3,3,0,0,0,1,0,1,0,273700,188,139.0,6723.0,,,1752,1382,1695,2928,11,4,5,25,0,3,6,0,5,4,5,10,0,0,1,0,10,2,3,3,0,0,3,6,0,5,0
323153180,cian.ru,Текстильщики,58,35.0,3063.0,25,114.25,554,2721,2445,3523,0,1,3,7,1,1,4,0,10,2,2,4,0,0,0,3,8,2,1,3,0,0,3,3,3,4,0,288100,214,124.0,12031.0,25,361.90909090909093,554,2721,2445,3523,12,7,9,31,1,3,11,0,24,8,4,7,5,0,0,3,31,5,6,7,0,1,7,8,9,8,2
2108370138117338112,realty.yandex.ru,Соколиная Гора,100,5.0,466.0,42,194.15,224,5218,1024,6389,4,2,3,4,0,7,2,0,5,0,3,0,4,0,0,3,1,1,1,0,0,0,4,1,3,0,0,354400,284,62.0,5027.0,42,303.3142857142857,224,5218,1024,6389,33,5,8,26,0,10,5,0,14,5,4,7,4,0,0,4,9,4,5,2,1,0,10,4,10,2,0
323649427,cian.ru,Люблино,50,15.0,1323.0,0,92.25,256,1399,752,2809,0,0,0,2,0,0,1,0,2,1,0,0,1,1,0,1,1,0,0,0,0,0,3,0,3,0,0,274100,140,52.0,7282.0,0,315.46153846153845,256,1399,752,2809,2,4,2,11,0,0,6,0,7,3,3,3,2,1,0,2,9,3,2,2,0,1,3,1,6,1,0
322199248,cian.ru,Даниловский,79,20.0,2025.0,0,171.83333333333334,1034,8028,1213,8830,3,1,0,3,0,0,0,0,7,2,0,1,4,0,0,0,2,1,0,0,0,0,2,1,0,0,0,399100,259,83.0,7314.0,0,407.4230769230769,1034,8028,1213,8830,13,7,6,69,3,4,7,0,13,12,3,9,6,0,1,5,19,6,10,4,0,1,7,15,15,1,1
324525615,cian.ru,Нагорный,86,,,109,204.44444444444446,0,1561,0,1192,0,0,3,4,0,2,0,0,6,0,0,0,2,0,0,1,0,0,0,0,0,0,3,3,2,0,0,345200,249,16.0,1842.0,109,403.1025641025641,0,1561,0,1192,8,1,7,17,1,3,3,0,16,3,0,1,3,0,1,4,3,1,3,4,0,1,7,12,11,2,1
322905429,cian.ru,Останкинский,14,4.0,2555.0,4,147.25,2302,7996,733,3171,1,2,4,6,1,1,2,0,4,2,0,0,0,0,0,1,7,1,2,1,0,1,1,2,7,0,0,380300,40,13.0,7046.0,4,147.25,2302,7996,733,3171,3,6,10,26,1,6,5,0,9,9,1,4,0,0,0,1,22,3,5,2,1,1,6,10,18,0,1
324000097,cian.ru,Лианозово,34,5.0,1265.0,0,156.75,10,8923,553,8227,4,2,2,2,0,0,1,0,6,0,0,0,0,0,0,1,2,1,0,0,0,0,4,1,2,0,0,285600,134,27.0,4408.0,0,407.8333333333333,10,8923,553,8227,5,3,7,12,0,1,5,0,23,5,4,4,0,0,1,1,15,2,1,3,0,0,6,5,3,1,0
324908248,cian.ru,Тимирязевский,53,36.0,1901.0,,,362,179,518,391,2,1,2,2,0,1,2,0,2,1,2,1,0,0,0,0,2,0,0,0,0,1,0,2,2,3,0,347300,165,90.0,6056.0,,,362,179,518,391,21,5,6,10,0,2,5,0,17,5,5,4,1,3,0,0,10,2,1,4,0,1,3,5,4,7,0
322442729,cian.ru,Донской,47,5.0,814.0,10,131.9,448,15601,586,18367,7,0,4,3,0,0,0,0,1,1,0,0,0,0,0,5,0,0,1,1,0,0,5,9,9,0,0,391900,125,30.0,4232.0,10,294.5,448,15601,586,18367,10,5,7,15,0,6,5,0,3,5,3,0,10,1,0,8,8,2,3,3,0,4,9,17,25,3,0
3941757984976507904,realty.yandex.ru,Текстильщики,48,28.0,3307.0,200,236.0,806,2750,1785,3008,1,1,5,7,0,0,5,0,4,3,1,2,0,0,0,2,8,1,3,2,0,0,1,3,2,5,0,288100,223,132.0,12350.0,200,424.0,806,2750,1785,3008,3,6,7,23,3,3,12,0,23,7,4,11,3,0,1,3,26,4,5,4,0,0,6,6,9,11,1
324430638,cian.ru,Донской,71,14.0,605.0,0,160.57142857142858,160,14046,540,6747,5,1,0,3,2,2,0,0,11,2,1,0,0,0,0,3,3,4,1,3,0,0,3,4,3,1,1,391900,202,41.0,2689.0,0,320.17241379310343,160,14046,540,6747,18,3,9,18,3,2,4,0,21,7,2,2,6,0,1,8,12,6,6,5,0,1,15,16,21,1,1
3965285094524796928,realty.yandex.ru,Останкинский,24,9.0,1180.0,68,113.25,476,10962,1216,9128,2,0,2,1,0,2,2,0,3,2,0,0,0,0,0,1,6,2,5,3,0,0,10,3,4,0,1,380300,104,40.0,7371.0,68,282.75,476,10962,1216,9128,9,3,4,11,0,5,8,0,18,4,5,5,5,0,0,3,10,3,8,5,0,3,12,7,13,4,1
322192502,cian.ru,Новогиреево,49,15.0,1087.0,23,117.6,526,25349,1468,12516,0,0,1,3,0,1,2,0,3,3,1,0,0,0,0,3,7,2,1,1,0,0,4,1,2,1,0,303600,138,53.0,4612.0,23,191.16666666666666,526,25349,1468,12516,1,0,2,4,0,2,5,0,5,4,3,4,0,0,0,3,10,3,1,3,0,0,4,2,3,3,0
319789604,cian.ru,Хамовники,84,17.0,1240.0,42,157.25,404,10733,740,6719,36,2,6,6,0,1,0,0,9,3,1,0,4,0,0,3,4,3,1,2,0,1,2,5,12,0,0,846800,257,43.0,3271.0,42,356.6666666666667,404,10733,740,6719,80,4,7,25,0,8,0,0,16,5,3,3,11,0,0,7,7,4,3,4,0,2,11,11,32,5,0
321854569,cian.ru,Басманный,116,20.0,1097.0,160,234.75,276,9118,482,7386,5,3,2,2,0,0,1,0,2,2,1,3,1,0,0,2,2,2,0,0,0,0,5,4,4,2,1,461200,359,56.0,4658.0,160,404.17391304347825,276,9118,482,7386,23,9,15,29,1,10,6,0,11,11,5,6,13,0,0,13,22,4,9,5,0,3,18,19,30,5,1
3086776659646958080,realty.yandex.ru,Раменки,31,17.0,2387.0,161,203.5,638,6625,918,2626,3,4,5,9,0,2,1,0,7,2,0,1,5,1,0,1,3,1,2,0,0,0,3,4,3,0,0,483300,124,58.0,7033.0,161,428.42857142857144,638,6625,918,2626,7,6,8,17,0,2,8,0,14,3,2,5,5,1,0,1,13,2,4,3,0,1,5,7,4,3,0
3965285094498899968,realty.yandex.ru,Даниловский,29,,,0,171.4,0,19826,133,24080,10,1,11,13,0,2,2,0,13,3,0,0,0,0,1,9,1,1,4,3,0,1,13,34,30,0,3,399100,170,34.0,4620.0,0,308.5,0,19826,133,24080,16,3,22,43,0,4,7,0,32,16,1,2,2,0,5,14,31,6,15,12,0,4,23,65,58,2,4
321629282,cian.ru,Печатники,17,9.0,1777.0,0,0.0,322,2770,1410,1651,0,0,2,2,0,1,1,0,10,2,2,2,0,0,0,1,7,1,1,3,0,0,0,3,0,0,0,286900,80,43.0,8843.0,0,404.5,322,2770,1410,1651,0,2,6,8,1,2,7,0,25,7,4,5,0,0,1,1,23,4,2,6,0,0,3,8,5,4,0
324742475,cian.ru,Марьино,33,19.0,4800.0,168,168.0,1172,5370,3391,8329,3,6,10,19,3,2,7,0,20,9,1,3,1,0,1,0,16,4,3,5,0,1,4,2,14,3,1,285300,111,53.0,14153.0,168,341.25,1172,5370,3391,8329,14,15,18,52,5,8,13,0,36,13,10,11,1,0,4,0,43,12,7,10,3,1,5,4,24,8,1
321280430,cian.ru,Сокол,98,82.0,799.0,4,133.33333333333334,814,4668,644,2378,1,0,0,2,1,0,1,0,0,0,0,2,4,0,0,0,2,0,1,0,0,0,1,0,4,1,0,390900,276,186.0,6829.0,4,398.25,814,4668,644,2378,14,8,8,31,2,3,8,0,11,3,7,4,9,4,0,0,20,0,5,5,0,1,5,10,27,4,0
323568107,cian.ru,Орехово-Борисово Южное,19,10.0,3221.0,,,2256,6658,5315,5417,1,1,4,10,0,4,5,0,8,13,0,1,0,0,2,0,13,1,3,2,0,0,5,8,9,0,0,279800,102,37.0,11431.0,561,561.0,2256,6658,5315,5417,3,5,8,28,0,4,7,0,12,20,5,8,0,0,2,0,25,2,7,4,0,0,5,14,16,5,0
323754019,cian.ru,Печатники,17,9.0,1777.0,0,0.0,322,2770,1410,1651,0,0,2,2,0,1,1,0,10,2,2,2,0,0,0,1,7,1,1,3,0,0,0,3,0,0,0,286900,80,43.0,8843.0,0,404.5,322,2770,1410,1651,0,2,6,8,1,2,7,0,25,7,4,5,0,0,1,1,23,4,2,6,0,0,3,8,5,4,0
322156595,cian.ru,Нагатино-Садовники,33,10.0,1979.0,102,212.2,2328,278,5107,306,2,0,2,2,0,0,1,0,2,0,0,1,0,0,0,0,4,2,1,0,0,1,1,6,1,0,0,353800,144,31.0,5453.0,102,397.875,2328,278,5107,306,6,0,12,24,0,4,7,0,19,5,1,6,4,0,1,3,26,6,3,6,1,2,9,15,20,1,0
323953754,cian.ru,Хамовники,81,15.0,1145.0,39,162.92857142857142,384,10003,740,6255,28,2,5,4,0,2,0,0,7,4,0,0,2,0,0,3,4,3,1,2,0,0,2,6,12,0,0,846800,254,44.0,3474.0,39,346.8157894736842,384,10003,740,6255,77,4,7,25,0,8,0,0,17,5,3,2,11,0,0,7,8,3,3,4,0,2,9,9,33,5,0
2361982388815286784,realty.yandex.ru,Бутово Южное,54,40.0,1939.0,,,1188,591,2411,268,3,1,2,10,0,0,3,0,2,3,1,1,0,0,0,0,8,1,0,0,0,0,0,0,0,0,0,259700,149,116.0,4118.0,,,1188,591,2411,268,3,3,3,12,0,0,4,0,3,3,4,4,0,0,0,0,13,1,0,1,0,0,0,0,0,1,0
3941757984976509952,realty.yandex.ru,Нагатино-Садовники,24,9.0,1158.0,0,103.66666666666667,824,2000,3995,2894,0,1,1,4,1,2,3,0,4,2,3,2,0,0,0,1,3,0,1,1,0,0,0,2,2,2,0,353800,91,33.0,5410.0,0,199.0,824,2000,3995,2894,5,1,3,6,1,4,5,0,10,5,4,4,1,1,0,1,11,1,2,1,0,1,3,7,6,6,0
321340446,cian.ru,Сокольники,76,36.0,2478.0,81,165.66666666666666,892,3857,1623,2267,11,2,2,6,2,0,5,0,2,4,1,0,2,0,0,1,5,2,0,3,0,1,1,2,2,2,1,367600,311,103.0,5934.0,81,411.9310344827586,892,3857,1623,2267,48,5,12,21,5,6,8,0,9,5,5,6,6,1,1,6,18,4,1,10,0,3,12,6,19,4,1
319367485,cian.ru,Нагатино-Садовники,33,10.0,1979.0,102,212.2,2328,278,5107,306,2,0,2,2,0,0,1,0,2,0,0,1,0,0,0,0,4,2,1,0,0,1,1,6,1,0,0,353800,144,31.0,5453.0,102,397.875,2328,278,5107,306,6,0,12,24,0,4,7,0,19,5,1,6,4,0,1,3,26,6,3,6,1,2,9,15,20,1,0
8303086569397168128,realty.yandex.ru,Хамовники,85,17.0,1240.0,40,156.0,404,10733,740,6719,36,2,6,6,0,1,0,0,9,3,1,0,4,0,0,3,4,3,1,2,0,1,2,5,12,0,0,846800,259,43.0,3254.0,40,356.43589743589746,404,10733,740,6719,80,4,7,25,0,8,0,0,16,5,3,3,11,0,0,7,7,4,3,4,0,2,11,11,32,5,0
322954659,cian.ru,Теплый Стан,22,11.0,1906.0,0,0.0,370,12038,1590,5384,1,0,2,2,0,2,1,0,1,0,1,2,0,0,0,1,4,0,2,2,0,0,1,4,4,2,0,312900,79,32.0,6965.0,0,269.3333333333333,370,12038,1590,5384,2,2,9,8,1,5,4,0,6,1,5,6,0,0,1,1,21,2,4,3,0,0,6,7,9,5,0
324238500,cian.ru,Соколиная Гора,75,15.0,1811.0,72,201.28571428571428,418,1469,657,1506,3,0,0,1,0,0,3,0,2,0,2,2,2,0,0,3,2,1,1,0,0,0,2,0,6,2,0,354400,236,51.0,7376.0,72,413.9310344827586,418,1469,657,1506,9,2,7,18,1,1,11,0,10,13,4,7,5,0,0,5,21,7,5,0,0,1,11,11,19,6,2
321885770,cian.ru,Чертаново Южное,36,12.0,2617.0,,,2394,160,1437,282,2,0,0,2,0,0,3,0,0,0,1,2,0,0,0,0,2,0,0,0,0,0,0,1,0,1,0,291700,94,36.0,7000.0,390,504.25,2394,160,1437,282,5,1,8,8,1,0,7,0,14,5,5,3,0,0,1,0,10,3,1,2,0,0,2,7,3,2,0
321357125,cian.ru,Тропарево-Никулино,14,6.0,2926.0,,,3116,5032,6038,3737,3,2,2,2,0,2,1,0,2,0,3,0,0,0,0,0,1,0,1,0,0,0,0,0,8,1,0,399700,74,23.0,7368.0,397,398.0,3116,5032,6038,3737,32,9,13,22,0,2,9,1,8,1,7,0,1,0,1,1,17,5,8,6,2,4,4,4,22,2,0
325089070,cian.ru,Преображенское,122,13.0,1019.0,8,183.59259259259258,264,23137,593,21069,1,3,0,4,0,2,2,0,10,2,1,0,0,0,0,4,5,2,3,0,0,0,1,6,4,2,1,331700,411,41.0,3020.0,8,367.1630434782609,264,23137,593,21069,13,5,5,22,0,4,4,0,17,2,8,0,0,1,0,21,12,6,4,2,0,0,13,14,10,4,1
324070060,cian.ru,Теплый Стан,22,11.0,1906.0,0,0.0,370,12038,1590,5384,1,0,2,2,0,2,1,0,1,0,1,2,0,0,0,1,4,0,2,2,0,0,1,4,4,2,0,312900,79,32.0,6965.0,0,269.3333333333333,370,12038,1590,5384,2,2,9,8,1,5,4,0,6,1,5,6,0,0,1,1,21,2,4,3,0,0,6,7,9,5,0
322721506,cian.ru,Раменки,10,2.0,406.0,34,34.0,0,2551,609,1514,0,0,0,0,0,0,0,0,1,0,0,0,0,0,0,0,1,0,0,0,0,0,2,2,0,0,0,483300,27,7.0,1553.0,34,34.0,0,2551,609,1514,1,0,4,4,0,3,2,0,3,0,0,0,0,0,0,2,6,1,2,2,1,0,7,5,2,0,0
321617069,cian.ru,Теплый Стан,22,11.0,1906.0,0,0.0,370,12038,1590,5384,1,0,2,2,0,2,1,0,1,0,1,2,0,0,0,1,4,0,2,2,0,0,1,4,4,2,0,312900,79,32.0,6965.0,0,269.3333333333333,370,12038,1590,5384,2,2,9,8,1,5,4,0,6,1,5,6,0,0,1,1,21,2,4,3,0,0,6,7,9,5,0
324749568,cian.ru,Лефортово,18,8.0,2896.0,192,242.5,718,547,2339,243,0,0,1,3,0,1,3,0,0,0,0,1,0,0,0,0,5,0,1,0,0,0,0,5,7,0,0,279300,133,35.0,6152.0,192,400.1923076923077,718,547,2339,243,6,3,10,17,1,5,5,0,8,12,0,4,0,0,0,7,11,1,3,2,0,0,11,11,15,5,0
322640033,cian.ru,Теплый Стан,22,11.0,1906.0,0,0.0,370,12038,1590,5384,1,0,2,2,0,2,1,0,1,0,1,2,0,0,0,1,4,0,2,2,0,0,1,4,4,2,0,312900,79,32.0,6965.0,0,269.3333333333333,370,12038,1590,5384,2,2,9,8,1,5,4,0,6,1,5,6,0,0,1,1,21,2,4,3,0,0,6,7,9,5,0
323301546,cian.ru,Теплый Стан,22,11.0,1906.0,0,0.0,370,12038,1590,5384,1,0,2,2,0,2,1,0,1,0,1,2,0,0,0,1,4,0,2,2,0,0,1,4,4,2,0,312900,79,32.0,6965.0,0,269.3333333333333,370,12038,1590,5384,2,2,9,8,1,5,4,0,6,1,5,6,0,0,1,1,21,2,4,3,0,0,6,7,9,5,0
323369663,cian.ru,Теплый Стан,22,11.0,1906.0,0,0.0,370,12038,1590,5384,1,0,2,2,0,2,1,0,1,0,1,2,0,0,0,1,4,0,2,2,0,0,1,4,4,2,0,312900,79,32.0,6965.0,0,269.3333333333333,370,12038,1590,5384,2,2,9,8,1,5,4,0,6,1,5,6,0,0,1,1,21,2,4,3,0,0,6,7,9,5,0
321186062,cian.ru,Тропарево-Никулино,14,6.0,2926.0,,,3116,5032,6038,3737,3,2,2,2,0,2,1,0,2,0,3,0,0,0,0,0,1,0,1,0,0,0,0,0,8,1,0,399700,74,23.0,7368.0,397,398.0,3116,5032,6038,3737,32,9,13,22,0,2,9,1,8,1,7,0,1,0,1,1,17,5,8,6,2,4,4,4,22,2,0
321186288,cian.ru,Теплый Стан,22,11.0,1906.0,0,0.0,370,12038,1590,5384,1,0,2,2,0,2,1,0,1,0,1,2,0,0,0,1,4,0,2,2,0,0,1,4,4,2,0,312900,79,32.0,6965.0,0,269.3333333333333,370,12038,1590,5384,2,2,9,8,1,5,4,0,6,1,5,6,0,0,1,1,21,2,4,3,0,0,6,7,9,5,0
320830029,cian.ru,Теплый Стан,22,11.0,1906.0,0,0.0,370,12038,1590,5384,1,0,2,2,0,2,1,0,1,0,1,2,0,0,0,1,4,0,2,2,0,0,1,4,4,2,0,312900,79,32.0,6965.0,0,269.3333333333333,370,12038,1590,5384,2,2,9,8,1,5,4,0,6,1,5,6,0,0,1,1,21,2,4,3,0,0,6,7,9,5,0
323151924,cian.ru,Теплый Стан,22,11.0,1906.0,0,0.0,370,12038,1590,5384,1,0,2,2,0,2,1,0,1,0,1,2,0,0,0,1,4,0,2,2,0,0,1,4,4,2,0,312900,79,32.0,6965.0,0,269.3333333333333,370,12038,1590,5384,2,2,9,8,1,5,4,0,6,1,5,6,0,0,1,1,21,2,4,3,0,0,6,7,9,5,0
322637425,cian.ru,Теплый Стан,22,11.0,1906.0,0,0.0,370,12038,1590,5384,1,0,2,2,0,2,1,0,1,0,1,2,0,0,0,1,4,0,2,2,0,0,1,4,4,2,0,312900,79,32.0,6965.0,0,269.3333333333333,370,12038,1590,5384,2,2,9,8,1,5,4,0,6,1,5,6,0,0,1,1,21,2,4,3,0,0,6,7,9,5,0
324383344,cian.ru,Теплый Стан,22,11.0,1906.0,0,0.0,370,12038,1590,5384,1,0,2,2,0,2,1,0,1,0,1,2,0,0,0,1,4,0,2,2,0,0,1,4,4,2,0,312900,79,32.0,6965.0,0,269.3333333333333,370,12038,1590,5384,2,2,9,8,1,5,4,0,6,1,5,6,0,0,1,1,21,2,4,3,0,0,6,7,9,5,0
324023845,cian.ru,Теплый Стан,22,11.0,1906.0,0,0.0,370,12038,1590,5384,1,0,2,2,0,2,1,0,1,0,1,2,0,0,0,1,4,0,2,2,0,0,1,4,4,2,0,312900,79,32.0,6965.0,0,269.3333333333333,370,12038,1590,5384,2,2,9,8,1,5,4,0,6,1,5,6,0,0,1,1,21,2,4,3,0,0,6,7,9,5,0
324383789,cian.ru,Теплый Стан,22,11.0,1906.0,0,0.0,370,12038,1590,5384,1,0,2,2,0,2,1,0,1,0,1,2,0,0,0,1,4,0,2,2,0,0,1,4,4,2,0,312900,79,32.0,6965.0,0,269.3333333333333,370,12038,1590,5384,2,2,9,8,1,5,4,0,6,1,5,6,0,0,1,1,21,2,4,3,0,0,6,7,9,5,0
322155143,cian.ru,Даниловский,27,3.0,995.0,0,96.2,0,2224,4,1277,0,1,0,4,0,1,1,0,1,1,0,0,0,0,0,0,2,2,1,1,0,0,0,2,7,0,1,399100,103,15.0,4023.0,0,391.9166666666667,0,2224,4,1277,13,3,7,27,0,4,6,0,9,6,1,2,5,0,0,6,8,2,4,5,2,1,12,28,40,0,1
323310643,cian.ru,Даниловский,27,3.0,995.0,0,96.2,0,2224,4,1277,0,1,0,4,0,1,1,0,1,1,0,0,0,0,0,0,2,2,1,1,0,0,0,2,7,0,1,399100,103,15.0,4023.0,0,391.9166666666667,0,2224,4,1277,13,3,7,27,0,4,6,0,9,6,1,2,5,0,0,6,8,2,4,5,2,1,12,28,40,0,1
319595108,cian.ru,Чертаново Центральное,35,,,101,209.75,0,549,0,24,0,0,0,0,0,0,0,0,0,0,0,0,0,0,0,0,0,0,0,0,0,0,0,0,0,0,0,287200,107,,,101,440.1,0,549,0,24,2,0,0,0,0,0,0,0,7,0,0,0,0,0,0,1,0,6,0,0,0,0,3,1,0,0,0
324196652,cian.ru,Строгино,36,13.0,2819.0,101,165.33333333333334,1376,1491,6418,2861,3,0,4,2,0,1,2,0,20,1,4,2,0,0,1,0,5,1,1,4,0,0,4,4,5,0,0,334100,114,50.0,11133.0,101,282.2,1376,1491,6418,2861,6,1,10,9,0,3,5,0,29,2,11,8,0,0,2,0,18,6,2,7,0,0,6,12,10,4,0
7550210992,avito.ru,Перово ,69,5.0,269.0,0,201.89473684210526,210,4490,1148,4497,0,0,2,2,0,0,2,0,14,3,0,0,0,0,0,0,4,0,0,1,0,0,6,1,4,0,0,294700,279,59.0,5474.0,0,362.9811320754717,210,4490,1148,4497,8,1,7,11,2,2,8,0,32,10,1,1,0,0,1,3,19,4,1,3,0,0,8,6,8,1,0
320031876,cian.ru,Чертаново Центральное,35,,,101,209.75,0,549,0,24,0,0,0,0,0,0,0,0,0,0,0,0,0,0,0,0,0,0,0,0,0,0,0,0,0,0,0,287200,107,,,101,440.1,0,549,0,24,2,0,0,0,0,0,0,0,7,0,0,0,0,0,0,1,0,6,0,0,0,0,3,1,0,0,0
321982687,cian.ru,Даниловский,27,3.0,995.0,0,96.2,0,2224,4,1277,0,1,0,4,0,1,1,0,1,1,0,0,0,0,0,0,2,2,1,1,0,0,0,2,7,0,1,399100,103,15.0,4023.0,0,391.9166666666667,0,2224,4,1277,13,3,7,27,0,4,6,0,9,6,1,2,5,0,0,6,8,2,4,5,2,1,12,28,40,0,1
323107764,cian.ru,Перово ,73,11.0,693.0,0,200.35714285714286,262,5358,1184,4497,0,1,3,2,0,0,3,0,15,5,0,0,0,0,0,0,5,0,0,1,0,0,6,1,4,0,0,294700,271,65.0,5881.0,0,370.69565217391306,262,5358,1184,4497,8,1,6,11,1,2,9,0,29,10,1,1,0,0,0,3,17,3,1,3,0,1,6,3,10,1,0
325145742,cian.ru,Лефортово,44,18.0,1095.0,141,201.5,1122,2253,583,665,0,0,3,1,1,2,2,0,1,0,2,1,0,0,0,0,3,1,0,2,0,0,0,1,0,1,1,279300,150,55.0,4547.0,141,419.6111111111111,1122,2253,583,665,7,1,3,2,1,2,6,0,10,0,3,4,1,0,0,1,11,4,1,2,0,1,0,5,4,3,1
323446096,cian.ru,Отрадное,50,3.0,1214.0,3,149.25,590,3644,794,2920,3,0,2,5,0,0,2,0,2,4,0,0,0,0,0,3,4,1,1,1,0,0,2,6,0,0,0,300400,148,20.0,3379.0,3,321.05263157894734,590,3644,794,2920,7,1,4,11,0,1,6,0,10,4,0,2,1,0,0,7,11,2,2,3,1,0,2,12,5,0,0
321142122,cian.ru,Измайлово,63,38.0,2771.0,151,191.4,364,757,1180,745,1,1,0,4,0,0,4,0,3,4,2,1,0,0,0,0,9,0,1,0,0,1,0,1,0,2,0,278800,191,103.0,10014.0,151,328.1818181818182,364,757,1180,745,9,2,6,12,1,2,11,0,4,17,4,4,3,1,0,1,21,6,3,2,0,1,1,8,5,3,1
3606804499664268800,realty.yandex.ru,Коммунарка,9,4.0,262.0,49,49.0,0,3586,52,2755,0,0,1,2,0,0,0,0,0,0,0,0,0,0,0,1,0,0,0,0,0,0,0,1,0,0,1,291400,39,14.0,446.0,49,243.0,0,3586,52,2755,1,0,1,2,0,1,1,0,1,0,0,1,0,0,0,1,0,0,0,0,0,1,0,1,1,0,2
324082975,cian.ru,Богородское,56,29.0,3890.0,,,934,881,2200,1089,1,1,2,6,0,1,2,0,4,6,2,1,1,0,0,0,11,0,1,2,0,0,0,0,4,1,1,333100,197,121.0,12981.0,358,409.0,934,881,2200,1089,4,1,6,15,2,1,12,0,28,12,3,4,1,0,1,0,32,3,6,4,0,0,5,8,13,5,1
320982851,cian.ru,Кузьминки,56,36.0,3435.0,129,196.75,740,474,1335,1704,0,0,2,2,1,1,1,0,6,2,2,2,1,0,0,0,1,0,0,0,0,0,0,0,6,2,0,302600,164,101.0,9576.0,129,268.7142857142857,740,474,1335,1704,3,1,5,6,2,4,7,1,12,6,7,3,7,0,1,0,11,4,2,0,0,0,0,5,12,2,1
4750548503236692992,realty.yandex.ru,Донской,48,5.0,814.0,9,130.1,438,15601,401,18367,7,0,4,5,0,0,0,0,1,1,0,0,0,0,0,5,0,0,1,1,0,0,5,11,9,0,0,391900,124,29.0,4226.0,9,291.59090909090907,438,15601,401,18367,11,5,7,15,0,6,5,0,3,5,3,0,10,1,0,8,8,2,3,3,0,4,9,17,25,3,0
320382374,cian.ru,Коммунарка,13,12.0,1965.0,,,508,1040,188,758,3,0,4,7,0,0,3,0,5,9,0,1,0,0,1,0,9,1,3,5,1,0,4,6,11,0,0,291400,96,29.0,4848.0,439,439.0,508,1040,188,758,6,1,7,19,0,4,8,0,9,10,0,2,0,0,1,2,23,2,6,7,2,0,8,11,17,0,0
325176512,cian.ru,Соколиная Гора,93,12.0,1705.0,98,199.7,1432,6192,2295,2485,1,0,0,3,0,0,4,0,4,2,0,1,1,0,0,3,5,1,0,0,0,0,2,1,8,0,0,354400,265,58.0,6968.0,98,319.9166666666667,1432,6192,2295,2485,10,0,5,17,0,0,12,0,12,10,5,4,5,0,0,3,19,4,4,0,0,1,12,7,20,4,1
319610604,cian.ru,Коммунарка,9,7.0,3375.0,103,139.0,2552,833,3335,499,0,0,1,0,0,0,0,0,3,0,0,0,0,0,0,1,1,0,0,0,0,0,1,0,0,0,0,291400,11,7.0,3375.0,103,139.0,2552,833,3335,499,0,0,1,1,0,0,0,0,4,0,0,0,0,0,0,1,1,0,0,0,0,0,1,0,1,0,0
324708064,cian.ru,Раменки,16,10.0,2309.0,,,3000,16999,2059,5020,2,2,1,8,0,1,0,0,1,2,0,3,0,0,1,0,1,0,1,5,0,0,0,2,7,0,0,483300,74,46.0,6554.0,552,552.0,3000,16999,2059,5020,8,5,4,16,0,3,2,0,5,4,2,5,0,0,1,1,3,2,1,5,0,1,0,2,12,0,0
321364881,cian.ru,Новогиреево,43,16.0,1342.0,0,117.4,366,13966,1468,12516,0,0,1,3,0,1,3,0,3,3,1,0,0,0,0,3,6,2,1,1,0,0,4,1,2,2,0,303600,121,47.0,5437.0,0,117.4,366,13966,1468,12516,0,0,1,4,0,2,5,0,4,4,2,4,0,0,0,3,10,2,1,2,0,0,4,4,5,3,0
321878970,cian.ru,Тимирязевский,60,7.0,460.0,0,184.0,9244,36178,106,423,4,0,0,0,1,0,0,0,0,0,2,0,2,0,0,0,0,0,1,0,0,0,0,0,0,0,0,347300,199,50.0,4510.0,0,384.8125,9244,36178,106,423,23,3,4,3,1,2,6,0,13,0,6,4,3,2,0,4,10,3,3,3,0,4,17,12,13,4,1
8660284132701728768,realty.yandex.ru,Черемушки,54,10.0,1009.0,0,168.33333333333334,438,15704,1726,18349,6,1,2,5,0,0,2,0,7,0,0,1,0,0,0,5,4,3,1,0,0,0,6,8,3,0,0,361200,166,34.0,3535.0,0,344.2352941176471,438,15704,1726,18349,16,4,8,5,0,2,4,0,8,4,2,3,0,0,0,6,7,3,3,1,0,0,13,11,5,2,1
5227593921576108032,realty.yandex.ru,Раменки,16,10.0,2309.0,,,3000,16999,2059,5020,2,2,1,8,0,1,0,0,1,2,0,3,0,0,1,0,1,0,1,5,0,0,0,2,7,0,0,483300,74,46.0,6554.0,552,552.0,3000,16999,2059,5020,8,5,4,16,0,3,2,0,5,4,2,5,0,0,1,1,3,2,1,5,0,1,0,2,12,0,0
3965285094526552064,realty.yandex.ru,Даниловский,29,,,0,171.4,0,19826,133,24080,10,1,11,13,0,2,2,0,13,3,0,0,0,0,1,9,1,1,4,3,0,1,13,34,30,0,3,399100,170,34.0,4620.0,0,308.5,0,19826,133,24080,16,3,22,43,0,4,7,0,32,16,1,2,2,0,5,14,31,6,15,12,0,4,23,65,58,2,4
3673425663799349760,realty.yandex.ru,Хамовники,85,17.0,1240.0,40,156.0,404,10733,740,6719,36,2,6,6,0,1,0,0,9,3,1,0,4,0,0,3,4,3,1,2,0,1,2,5,12,0,0,846800,259,43.0,3254.0,40,356.43589743589746,404,10733,740,6719,80,4,7,25,0,8,0,0,16,5,3,3,11,0,0,7,7,4,3,4,0,2,11,11,32,5,0
320596562,cian.ru,Внуково,16,16.0,559.0,,,1752,1199,1689,2928,0,0,0,0,0,0,0,0,0,0,0,0,0,0,0,0,0,0,0,0,0,0,0,0,0,0,0,289500,34,34.0,1950.0,,,1752,1199,1689,2928,0,0,0,0,0,0,0,0,0,0,0,0,0,0,0,0,0,0,0,0,0,0,0,0,0,0,0
4777675775649280000,realty.yandex.ru,Хамовники,85,17.0,1240.0,40,156.0,404,10733,740,6719,36,2,6,6,0,1,0,0,9,3,1,0,4,0,0,3,4,3,1,2,0,1,2,5,12,0,0,846800,259,43.0,3254.0,40,356.43589743589746,404,10733,740,6719,80,4,7,25,0,8,0,0,16,5,3,3,11,0,0,7,7,4,3,4,0,2,11,11,32,5,0
323845543,cian.ru,Академический,61,25.0,1224.0,0,46.0,222,3362,1166,3967,2,1,1,4,1,2,0,0,1,2,2,0,0,0,0,1,3,2,1,1,0,0,2,1,0,4,0,387300,232,66.0,6952.0,0,418.25,222,3362,1166,3967,7,4,7,23,1,6,7,0,12,5,4,4,1,1,0,6,18,7,2,5,0,2,5,7,22,8,0
322851253,cian.ru,Пресненский,170,85.0,2141.0,3,175.30769230769232,464,4753,1477,8224,27,8,7,31,0,3,4,0,3,4,2,1,2,0,0,4,1,3,5,3,0,0,6,17,37,3,0,621300,520,213.0,6135.0,3,392.94117647058823,464,4753,1477,8224,73,24,25,122,0,16,16,0,20,10,7,8,6,0,1,15,12,6,20,11,0,4,24,45,132,8,6
306948989166340928,realty.yandex.ru,Коньково,34,6.0,1350.0,2,124.75,472,4513,987,2905,0,2,3,1,0,1,0,0,5,1,0,0,0,0,0,1,3,0,0,2,0,0,1,0,2,0,0,351300,141,29.0,4851.0,2,362.5,472,4513,987,2905,4,4,10,8,0,1,5,0,20,8,4,3,3,0,0,2,10,1,2,4,0,1,6,11,11,3,0
319780761,cian.ru,Богородское,46,20.0,1379.0,,,436,400,634,359,1,0,0,0,0,0,1,0,0,0,0,1,0,0,0,0,1,0,0,0,0,1,0,0,2,1,0,333100,146,57.0,5149.0,323,482.85714285714283,436,400,634,359,2,1,1,2,0,0,5,0,3,0,1,3,2,1,0,0,13,0,1,1,0,1,0,0,5,5,0
323392085,cian.ru,Теплый Стан,26,14.0,3013.0,0,26.5,1634,1670,5168,2474,0,0,3,3,0,1,1,0,1,1,1,3,0,1,0,2,4,1,1,0,0,0,1,2,0,3,0,312900,87,41.0,8293.0,0,160.33333333333334,1634,1670,5168,2474,2,0,8,6,0,2,2,0,6,2,5,7,0,1,1,2,12,3,4,2,0,1,2,7,3,3,0
8660284132706377728,realty.yandex.ru,Хамовники,79,26.0,1610.0,23,141.10526315789474,1718,15126,1796,5697,0,0,3,12,0,5,1,0,3,0,3,2,0,0,0,1,8,0,0,5,0,1,6,5,8,0,0,846800,234,65.0,4892.0,23,330.5128205128205,1718,15126,1796,5697,43,5,12,37,0,6,4,0,17,7,5,3,7,0,0,5,15,4,6,9,0,2,11,13,24,10,0
323492270,cian.ru,Теплый Стан,22,11.0,1906.0,0,0.0,370,12038,1590,5384,1,0,2,2,0,2,1,0,1,0,1,2,0,0,0,1,4,0,2,2,0,0,1,4,4,2,0,312900,79,32.0,6965.0,0,269.3333333333333,370,12038,1590,5384,2,2,9,8,1,5,4,0,6,1,5,6,0,0,1,1,21,2,4,3,0,0,6,7,9,5,0
320097922,cian.ru,Алексеевский,26,11.0,1784.0,232,232.0,528,1723,592,632,6,2,5,6,1,0,6,0,8,3,1,2,0,0,0,0,10,3,0,4,0,0,3,4,2,1,0,397600,142,53.0,6074.0,232,469.0,528,1723,592,632,13,6,9,11,1,3,13,0,13,6,1,7,3,0,0,5,23,5,1,8,0,1,8,8,6,2,0
322436479,cian.ru,Теплый Стан,22,11.0,1906.0,0,0.0,370,12038,1590,5384,1,0,2,2,0,2,1,0,1,0,1,2,0,0,0,1,4,0,2,2,0,0,1,4,4,2,0,312900,79,32.0,6965.0,0,269.3333333333333,370,12038,1590,5384,2,2,9,8,1,5,4,0,6,1,5,6,0,0,1,1,21,2,4,3,0,0,6,7,9,5,0
324844543,cian.ru,Щукино,52,23.0,2097.0,206,238.5,1668,4911,1514,1744,4,0,2,1,0,0,4,0,0,1,0,1,0,0,0,0,3,1,1,1,0,0,0,1,2,2,0,395300,216,54.0,4709.0,206,393.0,1668,4911,1514,1744,17,3,6,7,1,1,5,0,2,2,4,4,0,0,0,0,10,2,1,3,0,0,0,1,2,2,0
324967331,cian.ru,,7,5.0,1147.0,,,0,0,0,0,0,0,1,2,0,2,0,0,3,3,0,0,0,0,1,0,3,2,3,0,0,0,0,4,0,1,0,,48,32.0,7041.0,,,0,0,0,0,2,2,6,13,0,2,5,1,16,12,3,4,0,0,4,0,14,5,7,3,0,1,1,11,9,2,1
321377734,cian.ru,Можайский,41,7.0,1265.0,0,140.5,1352,10839,3927,5391,1,0,2,1,0,0,2,0,9,1,1,1,0,0,2,0,5,1,0,0,0,0,6,5,2,3,0,311900,93,30.0,4158.0,0,249.625,1352,10839,3927,5391,2,0,2,3,0,0,4,0,9,1,3,3,0,0,2,0,8,2,2,0,0,1,6,5,6,3,0
7517866235141839872,realty.yandex.ru,Можайский,36,3.0,24.0,7,172.4,12,11523,127,5325,0,1,0,1,0,0,0,0,2,0,1,0,1,0,0,4,1,0,3,1,0,0,2,0,0,0,0,311900,131,14.0,2737.0,7,414.55,12,11523,127,5325,0,2,0,3,0,0,1,0,9,2,3,2,1,0,1,4,4,3,6,2,0,1,4,1,1,1,0
322141745,cian.ru,Лефортово,83,,,0,185.75,4,15885,1184,1724,2,1,0,1,0,2,0,0,4,0,1,0,0,0,1,2,1,1,0,0,0,0,1,2,2,0,0,279300,322,21.0,1660.0,0,366.14814814814815,4,15885,1184,1724,9,1,4,1,0,4,3,0,17,4,6,1,2,0,1,4,6,6,3,3,0,0,9,6,9,0,0
7517866235140775936,realty.yandex.ru,Можайский,41,7.0,1265.0,0,140.75,1352,10839,3927,5391,1,0,2,1,0,0,2,0,9,1,1,1,0,0,2,0,5,1,0,0,0,0,6,5,2,3,0,311900,93,30.0,4158.0,0,249.5,1352,10839,3927,5391,2,0,2,3,0,0,4,0,9,1,3,3,0,0,2,0,8,2,2,0,0,1,6,5,6,3,0
8083511258116902912,realty.yandex.ru,Нагатино-Садовники,51,12.0,982.0,30,147.625,112,5420,1365,11950,4,1,5,3,0,1,1,0,6,2,0,1,1,0,0,4,4,0,4,1,0,0,8,3,6,0,0,353800,204,29.0,3001.0,30,366.8333333333333,112,5420,1365,11950,14,2,7,5,0,2,3,1,14,5,1,2,3,0,3,5,6,3,6,3,0,0,12,8,18,2,1
8660284132704409600,realty.yandex.ru,Царицыно,38,,,83,170.8,0,17901,0,7573,0,0,1,0,0,0,0,0,8,3,0,0,0,0,0,0,0,2,1,0,0,0,3,4,0,0,0,302800,131,,,83,379.42105263157896,0,17901,0,7573,1,0,4,0,0,0,0,2,16,4,0,0,0,0,1,0,2,2,2,0,0,1,4,7,5,0,0
322868926,cian.ru,Косино-Ухтомский,16,,,,,0,0,0,0,0,0,0,0,0,0,0,0,0,0,0,0,0,0,0,0,0,0,0,0,0,0,0,0,0,0,0,266300,56,10.0,1856.0,415,415.0,0,0,0,0,0,0,0,0,0,1,0,0,4,0,0,0,0,0,0,1,0,0,0,0,0,0,0,0,0,0,0
322408295,cian.ru,Москворечье-Сабурово,34,6.0,1841.0,220,247.0,970,2517,1065,3096,1,0,1,3,0,0,2,0,2,3,0,1,0,0,0,0,2,0,1,0,0,0,1,1,2,0,0,300500,163,12.0,2889.0,220,420.12,970,2517,1065,3096,2,0,3,3,0,0,3,0,28,7,0,1,0,0,0,0,5,0,1,0,0,0,5,1,7,0,0
8532062073682475008,realty.yandex.ru,Солнцево,18,,,,,0,42,0,12,0,0,0,0,0,0,0,0,0,0,0,0,0,0,0,0,0,0,0,0,0,0,0,0,0,0,0,284300,27,5.0,3.0,,,0,42,0,12,0,0,0,0,0,0,0,0,0,0,0,0,0,0,0,0,0,0,0,0,0,2,0,0,0,0,0
2793718051887429120,realty.yandex.ru,Савелки,34,12.0,2558.0,,,814,432,1073,279,2,0,3,3,0,2,3,0,6,4,3,2,0,0,0,0,4,3,2,0,0,0,0,2,6,1,0,,77,33.0,5442.0,,,814,432,1073,279,4,0,4,5,0,5,6,0,9,4,7,3,0,0,0,0,14,3,2,1,0,0,0,4,6,5,0
320553979,cian.ru,Царицыно,91,,,0,141.16666666666666,0,1551,87,780,0,0,1,0,0,0,0,0,2,0,0,0,0,0,0,0,0,0,1,0,0,0,2,0,0,0,0,302800,203,15.0,1814.0,0,328.64285714285717,0,1551,87,780,5,1,1,1,0,0,0,0,3,0,1,2,0,0,0,0,0,0,1,0,0,1,4,1,0,1,0
915583364433553536,realty.yandex.ru,Чертаново Центральное,38,,,0,170.875,0,6881,0,3256,1,1,0,0,1,0,0,0,4,0,0,0,0,0,0,0,0,1,0,0,0,0,3,2,0,0,0,287200,183,,,0,402.258064516129,0,6881,0,3256,1,3,0,1,1,0,0,0,9,0,0,0,1,0,0,2,0,3,0,1,0,0,4,3,2,0,0
325062187,cian.ru,Ярославский,28,5.0,739.0,0,159.0,4286,17094,1486,4222,0,0,1,1,1,1,0,0,2,1,0,0,2,0,1,0,2,0,2,1,0,0,3,4,3,0,0,271600,95,32.0,4724.0,0,335.875,4286,17094,1486,4222,1,2,12,11,1,2,6,0,27,4,0,2,11,0,3,0,20,1,5,6,0,0,5,10,14,2,1
324557774,cian.ru,Тушино Южное,32,8.0,812.0,0,148.0,6258,11270,3577,8884,2,0,1,1,1,0,0,0,1,0,1,0,1,0,1,1,1,2,0,0,0,0,2,1,4,1,0,303100,139,40.0,4709.0,0,375.4117647058824,6258,11270,3577,8884,10,0,4,7,3,3,5,0,10,4,6,2,1,0,1,1,16,3,5,1,0,0,2,5,12,3,0
3255678710597649920,realty.yandex.ru,Савелки,21,7.0,1624.0,58,58.0,1104,5742,2772,8450,1,2,5,5,0,4,7,0,3,2,1,0,1,0,1,1,5,1,4,0,0,0,3,6,2,4,2,,92,39.0,5901.0,58,446.0,1104,5742,2772,8450,7,2,9,19,0,6,11,0,6,3,15,6,1,0,1,2,17,1,5,2,0,0,5,11,10,6,2
3255678710657739776,realty.yandex.ru,Савелки,21,7.0,1624.0,58,58.0,1104,5742,2772,8450,1,2,5,5,0,4,7,0,3,2,1,0,1,0,1,1,5,1,4,0,0,0,3,6,2,4,2,,92,39.0,5901.0,58,446.0,1104,5742,2772,8450,7,2,9,19,0,6,11,0,6,3,15,6,1,0,1,2,17,1,5,2,0,0,5,11,10,6,2
322949673,cian.ru,Солнцево,33,9.0,1272.0,,,0,14,0,0,1,0,0,0,0,0,1,0,4,0,0,0,0,0,0,0,2,1,0,0,0,0,0,2,2,0,0,284300,66,20.0,6003.0,397,417.0,0,14,0,0,5,3,5,13,0,2,5,0,17,11,2,3,0,0,0,0,13,2,4,1,1,0,2,7,12,0,0
323065047,cian.ru,Рязанский,41,4.0,995.0,91,183.2,0,1818,562,455,0,0,0,1,0,0,0,0,1,1,0,0,0,0,0,0,1,2,2,0,0,0,0,1,0,0,0,295600,147,31.0,6065.0,91,350.53333333333336,0,1818,562,455,0,1,2,3,2,0,4,0,7,1,3,1,1,0,0,0,5,3,2,0,0,0,4,1,0,0,0
320258036,cian.ru,Чертаново Центральное,20,,,0,209.75,0,410,0,225,0,0,0,0,0,0,0,0,1,0,0,0,1,0,0,0,0,0,0,0,0,0,1,0,0,0,0,287200,93,,,0,401.89473684210526,0,410,0,225,3,0,2,2,0,0,1,1,14,0,0,0,1,0,0,1,2,4,1,0,0,0,9,6,2,1,0
322373484,cian.ru,Щукино,58,32.0,3078.0,0,182.33333333333334,952,838,3311,1046,3,0,1,2,1,0,2,0,2,2,1,2,0,0,0,0,5,0,0,1,0,0,0,0,0,2,0,395300,224,56.0,5270.0,0,397.8181818181818,952,838,3311,1046,16,1,3,3,1,2,4,0,5,2,4,2,0,0,0,0,7,1,1,3,0,1,0,1,3,4,0
320194211,cian.ru,Преображенское,36,21.0,2049.0,,,1294,5086,1392,6174,1,1,2,4,0,0,2,0,1,3,1,0,4,0,0,0,5,2,0,1,0,0,0,1,0,4,0,331700,135,91.0,10869.0,314,466.2,1294,5086,1392,6174,1,1,6,13,0,2,11,1,15,5,3,5,4,0,2,0,25,4,5,3,0,0,1,6,9,8,2
3793567139278212096,realty.yandex.ru,Солнцево,18,,,,,0,42,0,12,0,0,0,0,0,0,0,0,0,0,0,0,0,0,0,0,0,0,0,0,0,0,0,0,0,0,0,284300,27,5.0,3.0,,,0,42,0,12,0,0,0,0,0,0,0,0,0,0,0,0,0,0,0,0,0,0,0,0,0,2,0,0,0,0,0
2108370138117195008,realty.yandex.ru,Чертаново Центральное,53,,,0,180.0,0,2348,0,7036,0,0,0,0,0,0,0,0,4,0,0,0,0,0,0,1,0,0,0,0,0,0,1,1,0,0,0,287200,147,,,0,344.72727272727275,0,2348,0,7036,1,1,0,0,1,0,0,0,7,0,0,0,0,0,0,1,0,8,0,1,0,0,1,2,0,0,0
324316711,cian.ru,Измайлово Северное,33,,,30,155.5,0,877,15,2965,0,1,4,3,0,1,0,1,16,0,0,0,1,0,3,2,1,1,0,0,1,0,4,5,12,0,0,300800,122,28.0,4681.0,30,252.41176470588235,0,877,15,2965,1,2,10,9,0,4,5,1,24,5,0,2,1,0,4,2,17,4,3,3,2,1,6,6,20,4,0
8636048253669484544,realty.yandex.ru,Солнцево,18,,,,,0,42,0,12,0,0,0,0,0,0,0,0,0,0,0,0,0,0,0,0,0,0,0,0,0,0,0,0,0,0,0,284300,27,5.0,3.0,,,0,42,0,12,0,0,0,0,0,0,0,0,0,0,0,0,0,0,0,0,0,0,0,0,0,2,0,0,0,0,0
4735864858547778560,realty.yandex.ru,Солнцево,18,,,,,0,42,0,12,0,0,0,0,0,0,0,0,0,0,0,0,0,0,0,0,0,0,0,0,0,0,0,0,0,0,0,284300,27,5.0,3.0,,,0,42,0,12,0,0,0,0,0,0,0,0,0,0,0,0,0,0,0,0,0,0,0,0,0,2,0,0,0,0,0
3775499313877264896,realty.yandex.ru,Солнцево,18,,,,,0,42,0,12,0,0,0,0,0,0,0,0,0,0,0,0,0,0,0,0,0,0,0,0,0,0,0,0,0,0,0,284300,27,5.0,3.0,,,0,42,0,12,0,0,0,0,0,0,0,0,0,0,0,0,0,0,0,0,0,0,0,0,0,2,0,0,0,0,0
7425624539306777600,realty.yandex.ru,Солнцево,18,,,,,0,42,0,12,0,0,0,0,0,0,0,0,0,0,0,0,0,0,0,0,0,0,0,0,0,0,0,0,0,0,0,284300,27,5.0,3.0,,,0,42,0,12,0,0,0,0,0,0,0,0,0,0,0,0,0,0,0,0,0,0,0,0,0,2,0,0,0,0,0
322700410,cian.ru,Крюково,45,11.0,2344.0,,,1344,1474,1168,1587,13,0,0,0,0,1,0,0,1,0,1,1,0,0,0,0,1,0,0,0,0,2,0,1,0,1,0,,99,31.0,6531.0,,,1344,1474,1168,1587,14,2,2,4,0,1,2,0,9,1,5,3,0,0,0,0,7,3,3,1,0,2,4,3,5,5,0
325759333673215232,realty.yandex.ru,Солнцево,18,,,,,0,42,0,12,0,0,0,0,0,0,0,0,0,0,0,0,0,0,0,0,0,0,0,0,0,0,0,0,0,0,0,284300,27,5.0,3.0,,,0,42,0,12,0,0,0,0,0,0,0,0,0,0,0,0,0,0,0,0,0,0,0,0,0,2,0,0,0,0,0
7289995120732888064,realty.yandex.ru,Солнцево,18,,,,,0,42,0,12,0,0,0,0,0,0,0,0,0,0,0,0,0,0,0,0,0,0,0,0,0,0,0,0,0,0,0,284300,27,5.0,3.0,,,0,42,0,12,0,0,0,0,0,0,0,0,0,0,0,0,0,0,0,0,0,0,0,0,0,2,0,0,0,0,0
324696452,cian.ru,Дмитровский,39,,,224,224.0,0,2146,67,1266,1,0,1,1,0,0,0,0,3,0,0,0,0,0,0,1,0,0,1,0,0,0,2,0,1,0,0,288000,116,3.0,637.0,224,295.5,0,2146,67,1266,1,0,2,2,0,1,2,0,4,1,1,0,0,0,1,1,1,1,1,3,0,0,2,0,1,6,0
1973491452027917056,realty.yandex.ru,Солнцево,18,,,,,0,42,0,12,0,0,0,0,0,0,0,0,0,0,0,0,0,0,0,0,0,0,0,0,0,0,0,0,0,0,0,284300,27,5.0,3.0,,,0,42,0,12,0,0,0,0,0,0,0,0,0,0,0,0,0,0,0,0,0,0,0,0,0,2,0,0,0,0,0
8302244678165254144,realty.yandex.ru,Тимирязевский,77,1.0,1.0,0,151.0,0,4274,159,11673,0,1,1,0,0,0,0,0,25,0,0,0,12,0,0,0,0,0,0,2,0,1,5,4,2,0,0,347300,165,16.0,1316.0,0,182.66666666666666,0,4274,159,11673,1,2,4,2,1,0,2,0,32,2,1,0,37,2,0,0,4,1,1,2,0,1,10,5,6,0,1
2355243965856065024,realty.yandex.ru,Солнцево,18,,,,,0,42,0,12,0,0,0,0,0,0,0,0,0,0,0,0,0,0,0,0,0,0,0,0,0,0,0,0,0,0,0,284300,27,5.0,3.0,,,0,42,0,12,0,0,0,0,0,0,0,0,0,0,0,0,0,0,0,0,0,0,0,0,0,2,0,0,0,0,0
324554193,cian.ru,Марьино,35,19.0,2779.0,,,420,719,2745,632,2,4,1,9,0,1,1,0,6,1,0,4,0,0,0,0,8,3,0,1,0,0,0,0,1,3,0,285300,99,46.0,7484.0,459,459.0,420,719,2745,632,7,10,3,16,0,2,3,0,11,5,5,6,0,0,1,0,18,6,2,2,0,1,0,0,3,5,0
324683579,cian.ru,Солнцево,18,,,,,0,42,0,12,0,0,0,0,0,0,0,0,0,0,0,0,0,0,0,0,0,0,0,0,0,0,0,0,0,0,0,284300,27,5.0,3.0,,,0,42,0,12,0,0,0,0,0,0,0,0,0,0,0,0,0,0,0,0,0,0,0,0,0,2,0,0,0,0,0
3328666814366576128,realty.yandex.ru,Солнцево,18,,,,,0,42,0,12,0,0,0,0,0,0,0,0,0,0,0,0,0,0,0,0,0,0,0,0,0,0,0,0,0,0,0,284300,27,5.0,3.0,,,0,42,0,12,0,0,0,0,0,0,0,0,0,0,0,0,0,0,0,0,0,0,0,0,0,2,0,0,0,0,0
2321598455563483136,realty.yandex.ru,Солнцево,18,,,,,0,42,0,12,0,0,0,0,0,0,0,0,0,0,0,0,0,0,0,0,0,0,0,0,0,0,0,0,0,0,0,284300,27,5.0,3.0,,,0,42,0,12,0,0,0,0,0,0,0,0,0,0,0,0,0,0,0,0,0,0,0,0,0,2,0,0,0,0,0
192505607768518400,realty.yandex.ru,Солнцево,18,,,,,0,42,0,12,0,0,0,0,0,0,0,0,0,0,0,0,0,0,0,0,0,0,0,0,0,0,0,0,0,0,0,284300,27,5.0,3.0,,,0,42,0,12,0,0,0,0,0,0,0,0,0,0,0,0,0,0,0,0,0,0,0,0,0,2,0,0,0,0,0
324650956,cian.ru,Ярославский,38,3.0,333.0,0,87.5,1314,2451,871,1700,1,2,0,4,1,0,1,0,1,0,3,1,0,0,0,0,2,0,2,0,1,1,0,1,10,1,1,271600,113,37.0,5719.0,0,178.66666666666666,1314,2451,871,1700,2,3,6,11,1,2,2,1,12,2,4,5,0,0,1,0,11,3,4,3,1,1,0,2,18,4,1
3965285094528223232,realty.yandex.ru,Чертаново Центральное,53,,,0,180.0,0,2348,0,7036,0,0,0,0,0,0,0,0,4,0,0,0,0,0,0,1,0,0,0,0,0,0,1,1,0,0,0,287200,147,,,0,344.72727272727275,0,2348,0,7036,1,1,0,0,1,0,0,0,7,0,0,0,0,0,0,1,0,8,0,1,0,0,1,2,0,0,0
8302265147550152704,realty.yandex.ru,Тимирязевский,77,1.0,1.0,0,151.0,0,4274,159,11673,0,1,1,0,0,0,0,0,25,0,0,0,12,0,0,0,0,0,0,2,0,1,5,4,2,0,0,347300,165,16.0,1316.0,0,182.66666666666666,0,4274,159,11673,1,2,4,2,1,0,2,0,32,2,1,0,37,2,0,0,4,1,1,2,0,1,10,5,6,0,1
2818428305209270784,realty.yandex.ru,Солнцево,18,,,,,0,42,0,12,0,0,0,0,0,0,0,0,0,0,0,0,0,0,0,0,0,0,0,0,0,0,0,0,0,0,0,284300,27,5.0,3.0,,,0,42,0,12,0,0,0,0,0,0,0,0,0,0,0,0,0,0,0,0,0,0,0,0,0,2,0,0,0,0,0
8637808929103318016,realty.yandex.ru,Солнцево,18,,,,,0,42,0,12,0,0,0,0,0,0,0,0,0,0,0,0,0,0,0,0,0,0,0,0,0,0,0,0,0,0,0,284300,27,5.0,3.0,,,0,42,0,12,0,0,0,0,0,0,0,0,0,0,0,0,0,0,0,0,0,0,0,0,0,2,0,0,0,0,0
4510880785027502080,realty.yandex.ru,Солнцево,18,,,,,0,42,0,12,0,0,0,0,0,0,0,0,0,0,0,0,0,0,0,0,0,0,0,0,0,0,0,0,0,0,0,284300,27,5.0,3.0,,,0,42,0,12,0,0,0,0,0,0,0,0,0,0,0,0,0,0,0,0,0,0,0,0,0,2,0,0,0,0,0
3799907618229260800,realty.yandex.ru,Солнцево,18,,,,,0,42,0,12,0,0,0,0,0,0,0,0,0,0,0,0,0,0,0,0,0,0,0,0,0,0,0,0,0,0,0,284300,27,5.0,3.0,,,0,42,0,12,0,0,0,0,0,0,0,0,0,0,0,0,0,0,0,0,0,0,0,0,0,2,0,0,0,0,0
7347986748117991424,realty.yandex.ru,Солнцево,18,,,,,0,42,0,12,0,0,0,0,0,0,0,0,0,0,0,0,0,0,0,0,0,0,0,0,0,0,0,0,0,0,0,284300,27,5.0,3.0,,,0,42,0,12,0,0,0,0,0,0,0,0,0,0,0,0,0,0,0,0,0,0,0,0,0,2,0,0,0,0,0
324953064,cian.ru,Солнцево,18,,,,,0,42,0,12,0,0,0,0,0,0,0,0,0,0,0,0,0,0,0,0,0,0,0,0,0,0,0,0,0,0,0,284300,27,5.0,3.0,,,0,42,0,12,0,0,0,0,0,0,0,0,0,0,0,0,0,0,0,0,0,0,0,0,0,2,0,0,0,0,0
8856076337843025920,realty.yandex.ru,Солнцево,18,,,,,0,42,0,12,0,0,0,0,0,0,0,0,0,0,0,0,0,0,0,0,0,0,0,0,0,0,0,0,0,0,0,284300,27,5.0,3.0,,,0,42,0,12,0,0,0,0,0,0,0,0,0,0,0,0,0,0,0,0,0,0,0,0,0,2,0,0,0,0,0
324745417,cian.ru,Отрадное,23,2.0,254.0,1,193.66666666666666,24,446,118,480,0,1,0,0,0,0,1,0,1,0,0,0,0,0,0,0,1,0,0,0,0,0,1,2,0,0,0,300400,75,21.0,4021.0,1,254.0,24,446,118,480,0,2,1,2,0,1,2,0,2,0,9,1,1,0,0,0,4,0,0,1,0,1,1,3,0,1,0
3255862766659222016,realty.yandex.ru,Солнцево,18,,,,,0,42,0,12,0,0,0,0,0,0,0,0,0,0,0,0,0,0,0,0,0,0,0,0,0,0,0,0,0,0,0,284300,27,5.0,3.0,,,0,42,0,12,0,0,0,0,0,0,0,0,0,0,0,0,0,0,0,0,0,0,0,0,0,2,0,0,0,0,0
8004581521109135360,realty.yandex.ru,Солнцево,18,,,,,0,42,0,12,0,0,0,0,0,0,0,0,0,0,0,0,0,0,0,0,0,0,0,0,0,0,0,0,0,0,0,284300,27,5.0,3.0,,,0,42,0,12,0,0,0,0,0,0,0,0,0,0,0,0,0,0,0,0,0,0,0,0,0,2,0,0,0,0,0
324844521,cian.ru,Ростокино,42,30.0,3275.0,243,243.0,1380,2136,3831,2242,2,2,5,6,0,1,5,0,9,2,1,2,1,0,0,0,4,3,3,3,0,2,0,3,0,3,0,335200,164,78.0,8286.0,243,503.375,1380,2136,3831,2242,23,6,7,20,0,4,12,0,16,7,2,8,2,0,0,1,18,4,5,6,0,4,7,6,7,3,0
321790376,cian.ru,Чертаново Центральное,38,20.0,2003.0,0,130.5,2302,7299,2560,2373,0,0,1,5,0,0,3,0,1,3,1,2,0,0,1,0,12,1,0,0,0,0,0,1,1,8,0,287200,78,45.0,7036.0,0,211.66666666666666,2302,7299,2560,2373,1,1,3,9,0,1,6,0,4,5,1,5,0,0,1,0,17,2,0,2,0,3,0,1,3,8,0
3984986711660227072,realty.yandex.ru,Очаково-Матвеевское,30,,,0,68.0,0,13172,0,3134,0,0,1,0,0,0,1,0,19,4,0,0,0,0,0,3,1,0,0,1,0,0,0,2,0,0,0,361200,76,,,0,320.6363636363636,0,13172,0,3134,0,0,1,0,0,0,1,0,53,6,0,0,0,0,0,3,1,2,1,2,0,0,6,5,4,0,0
8303059298046453760,realty.yandex.ru,Чертаново Центральное,53,,,0,180.0,0,2348,0,7036,0,0,0,0,0,0,0,0,4,0,0,0,0,0,0,1,0,0,0,0,0,0,1,1,0,0,0,287200,147,,,0,344.72727272727275,0,2348,0,7036,1,1,0,0,1,0,0,0,7,0,0,0,0,0,0,1,0,8,0,1,0,0,1,2,0,0,0
324017257,cian.ru,Солнцево,18,,,,,0,42,0,12,0,0,0,0,0,0,0,0,0,0,0,0,0,0,0,0,0,0,0,0,0,0,0,0,0,0,0,284300,27,5.0,3.0,,,0,42,0,12,0,0,0,0,0,0,0,0,0,0,0,0,0,0,0,0,0,0,0,0,0,2,0,0,0,0,0
321217244,cian.ru,Алексеевский,37,18.0,1731.0,,,1264,6439,1272,6454,3,0,0,1,0,0,1,0,0,2,0,0,4,4,0,0,4,0,1,1,0,0,0,3,2,3,0,397600,128,46.0,4951.0,325,426.6666666666667,1264,6439,1272,6454,5,1,5,14,1,3,5,0,1,3,3,4,5,7,0,0,12,2,3,5,0,0,1,3,7,6,0
321186185,cian.ru,Чертаново Центральное,53,,,0,179.77777777777777,0,2348,0,7036,0,0,0,0,0,0,0,0,4,0,0,0,0,0,0,1,0,0,0,0,0,0,1,1,0,0,0,287200,147,,,0,344.54545454545456,0,2348,0,7036,1,1,0,0,1,0,0,0,7,0,0,0,0,0,0,1,0,8,0,1,0,0,1,2,0,0,0
321878137,cian.ru,Новогиреево,43,16.0,1342.0,0,117.4,366,13966,1468,12516,0,0,1,3,0,1,3,0,3,3,1,0,0,0,0,3,6,2,1,1,0,0,4,1,2,2,0,303600,121,47.0,5437.0,0,117.4,366,13966,1468,12516,0,0,1,4,0,2,5,0,4,4,2,4,0,0,0,3,10,2,1,2,0,0,4,4,5,3,0
1419183387920034048,realty.yandex.ru,Солнцево,18,,,,,0,42,0,12,0,0,0,0,0,0,0,0,0,0,0,0,0,0,0,0,0,0,0,0,0,0,0,0,0,0,0,284300,27,5.0,3.0,,,0,42,0,12,0,0,0,0,0,0,0,0,0,0,0,0,0,0,0,0,0,0,0,0,0,2,0,0,0,0,0
325188133,cian.ru,Можайский,19,2.0,311.0,0,161.16666666666666,1702,15748,108,8043,0,0,1,0,0,0,1,0,1,0,0,0,0,0,0,1,1,0,0,0,0,0,2,0,0,0,0,311900,125,33.0,2986.0,0,382.5217391304348,1702,15748,108,8043,5,2,7,12,1,2,4,0,24,1,1,2,0,0,0,2,9,3,2,3,0,0,6,7,5,1,0
320349946,cian.ru,Коптево,24,8.0,1139.0,3,130.4,6596,15220,1055,5086,0,0,0,1,0,0,0,0,0,2,2,1,1,0,0,3,3,0,0,3,0,0,4,1,2,0,1,327800,166,52.0,3746.0,3,389.22222222222223,6596,15220,1055,5086,23,1,5,5,0,1,2,0,11,7,4,1,3,1,0,5,9,8,2,3,0,0,8,5,7,1,1
325074197,cian.ru,Лосиноостровский,30,15.0,2959.0,,,1028,1139,924,924,2,2,0,2,0,0,0,0,1,0,0,2,0,0,0,0,1,1,0,0,0,0,0,0,0,2,0,285000,107,43.0,6735.0,338,415.0,1028,1139,924,924,16,2,5,13,0,1,4,0,27,12,6,4,4,0,2,0,11,4,5,4,0,2,4,5,7,3,0
320821262,cian.ru,Лосиноостровский,30,15.0,2959.0,,,1028,1139,924,924,2,2,0,2,0,0,0,0,1,0,0,2,0,0,0,0,1,1,0,0,0,0,0,0,0,2,0,285000,107,43.0,6735.0,338,415.0,1028,1139,924,924,16,2,5,13,0,1,4,0,27,12,6,4,4,0,2,0,11,4,5,4,0,2,4,5,7,3,0
323567731,cian.ru,Можайский,19,2.0,311.0,0,161.16666666666666,1702,15748,108,8043,0,0,1,0,0,0,1,0,1,0,0,0,0,0,0,1,1,0,0,0,0,0,2,0,0,0,0,311900,125,33.0,2986.0,0,382.5217391304348,1702,15748,108,8043,5,2,7,12,1,2,4,0,24,1,1,2,0,0,0,2,9,3,2,3,0,0,6,7,5,1,0
5227725131902558208,realty.yandex.ru,Коммунарка,45,15.0,454.0,,,210,0,10,0,0,0,0,0,0,0,0,0,0,0,0,0,0,0,0,0,0,0,0,0,0,0,0,0,0,0,0,291400,143,59.0,2656.0,,,210,0,10,0,1,0,1,5,0,0,1,0,4,3,0,1,0,0,0,0,6,0,0,2,0,0,0,1,3,0,0
320618980,cian.ru,Коммунарка,20,19.0,3880.0,,,7308,362,2814,192,0,0,0,2,0,0,0,0,0,3,0,2,0,0,0,0,1,1,0,0,1,0,1,1,1,0,0,291400,78,71.0,9636.0,,,7308,362,2814,192,3,6,5,19,0,2,5,0,12,12,1,5,0,0,0,0,12,4,1,2,1,0,1,9,10,0,0
324638838,cian.ru,Замоскворечье,52,2.0,273.0,0,224.5,138,8160,87,3241,1,4,4,3,1,1,0,0,3,1,0,0,1,0,0,8,0,0,0,0,0,0,5,8,3,0,1,543700,291,49.0,2208.0,0,409.6986301369863,138,8160,87,3241,11,5,7,20,3,3,3,0,20,4,2,1,4,0,1,12,4,5,5,3,0,1,16,17,27,1,1
324107712,cian.ru,Солнцево,18,,,,,0,42,0,12,0,0,0,0,0,0,0,0,0,0,0,0,0,0,0,0,0,0,0,0,0,0,0,0,0,0,0,284300,27,5.0,3.0,,,0,42,0,12,0,0,0,0,0,0,0,0,0,0,0,0,0,0,0,0,0,0,0,0,0,2,0,0,0,0,0
322874696,cian.ru,Коммунарка,49,25.0,4128.0,,,2840,6272,1810,4232,6,2,8,23,0,8,6,0,4,10,0,3,0,0,0,0,13,1,6,6,1,0,1,10,14,0,0,291400,242,58.0,7781.0,312,312.0,2840,6272,1810,4232,12,4,17,40,0,9,13,0,13,23,1,7,0,0,1,2,30,5,11,9,2,0,14,19,29,0,0
322880786,cian.ru,Коммунарка,42,15.0,454.0,,,0,0,0,0,0,0,0,0,0,0,0,0,0,0,0,0,0,0,0,0,0,0,0,0,0,0,0,0,0,0,0,291400,138,57.0,2326.0,,,0,0,0,0,0,0,0,5,0,0,1,0,4,3,0,1,0,0,0,0,6,0,0,2,0,0,0,1,3,0,0
324438923,cian.ru,Троицк,2,2.0,,,,0,0,0,0,0,0,0,0,0,0,0,0,0,0,0,0,0,0,0,0,0,0,0,0,0,0,0,0,0,0,0,231600,15,15.0,775.0,,,0,0,0,0,0,0,0,0,0,0,0,0,0,0,0,0,0,0,0,0,0,0,0,0,0,0,0,0,1,0,0
321647100,cian.ru,Солнцево,27,4.0,,,,700,402,8,71,2,0,0,0,0,0,0,0,0,0,0,0,0,0,0,0,0,0,0,0,0,0,0,0,0,0,0,284300,113,36.0,2354.0,,,700,402,8,71,15,1,3,2,0,0,3,0,2,0,1,4,1,0,0,0,6,1,1,0,0,0,0,2,0,1,0
322483347,cian.ru,Лосиноостровский,30,15.0,2959.0,,,1028,1139,924,924,2,2,0,2,0,0,0,0,1,0,0,2,0,0,0,0,1,1,0,0,0,0,0,0,0,2,0,285000,107,43.0,6735.0,338,415.0,1028,1139,924,924,16,2,5,13,0,1,4,0,27,12,6,4,4,0,2,0,11,4,5,4,0,2,4,5,7,3,0
323448093,cian.ru,Черемушки,42,19.0,2847.0,0,189.25,1960,2849,1762,1665,5,2,9,18,0,6,5,0,16,2,2,3,0,0,2,1,17,2,4,4,0,0,7,9,17,2,0,361200,167,87.0,10666.0,0,327.125,1960,2849,1762,1665,18,14,20,34,0,10,12,0,44,10,8,8,0,0,2,2,27,7,9,6,0,1,10,29,40,7,0
324402452,cian.ru,Коммунарка,53,20.0,454.0,,,210,0,10,0,0,0,0,0,0,0,0,0,0,0,0,0,0,0,0,0,0,0,0,0,0,0,0,0,0,0,0,291400,150,56.0,2326.0,,,210,0,10,0,1,0,1,5,0,0,1,0,4,5,0,1,0,0,0,0,6,0,0,2,0,0,0,1,3,0,0
321206140,cian.ru,Теплый Стан,22,11.0,1906.0,0,0.0,370,12038,1590,5384,1,0,2,2,0,2,1,0,1,0,1,2,0,0,0,1,4,0,2,2,0,0,1,4,4,2,0,312900,79,32.0,6965.0,0,269.3333333333333,370,12038,1590,5384,2,2,9,8,1,5,4,0,6,1,5,6,0,0,1,1,21,2,4,3,0,0,6,7,9,5,0
325158265,cian.ru,Теплый Стан,22,11.0,1906.0,0,0.0,370,12038,1590,5384,1,0,2,2,0,2,1,0,1,0,1,2,0,0,0,1,4,0,2,2,0,0,1,4,4,2,0,312900,79,32.0,6965.0,0,269.3333333333333,370,12038,1590,5384,2,2,9,8,1,5,4,0,6,1,5,6,0,0,1,1,21,2,4,3,0,0,6,7,9,5,0
324601476,cian.ru,Коммунарка,53,20.0,454.0,,,210,0,10,0,0,0,0,0,0,0,0,0,0,0,0,0,0,0,0,0,0,0,0,0,0,0,0,0,0,0,0,291400,150,56.0,2326.0,,,210,0,10,0,1,0,1,5,0,0,1,0,4,5,0,1,0,0,0,0,6,0,0,2,0,0,0,1,3,0,0
325158266,cian.ru,Теплый Стан,22,11.0,1906.0,0,0.0,370,12038,1590,5384,1,0,2,2,0,2,1,0,1,0,1,2,0,0,0,1,4,0,2,2,0,0,1,4,4,2,0,312900,79,32.0,6965.0,0,269.3333333333333,370,12038,1590,5384,2,2,9,8,1,5,4,0,6,1,5,6,0,0,1,1,21,2,4,3,0,0,6,7,9,5,0
321851834,cian.ru,Теплый Стан,22,11.0,1906.0,0,0.0,370,12038,1590,5384,1,0,2,2,0,2,1,0,1,0,1,2,0,0,0,1,4,0,2,2,0,0,1,4,4,2,0,312900,79,32.0,6965.0,0,269.3333333333333,370,12038,1590,5384,2,2,9,8,1,5,4,0,6,1,5,6,0,0,1,1,21,2,4,3,0,0,6,7,9,5,0
324949453,cian.ru,Теплый Стан,22,11.0,1906.0,0,0.0,370,12038,1590,5384,1,0,2,2,0,2,1,0,1,0,1,2,0,0,0,1,4,0,2,2,0,0,1,4,4,2,0,312900,79,32.0,6965.0,0,269.3333333333333,370,12038,1590,5384,2,2,9,8,1,5,4,0,6,1,5,6,0,0,1,1,21,2,4,3,0,0,6,7,9,5,0
324393608,cian.ru,Рязанский,49,23.0,2012.0,178,216.625,2582,7598,2313,4314,5,2,8,22,0,0,3,0,28,6,3,0,0,0,0,1,11,0,5,3,0,0,3,14,38,13,4,295600,169,100.0,10804.0,178,284.06666666666666,2582,7598,2313,4314,8,5,22,46,2,1,14,0,57,17,7,5,1,0,3,1,38,4,10,9,0,0,9,22,51,21,4
321824655,cian.ru,Зябликово,32,12.0,3142.0,125,186.66666666666666,2802,1707,1927,761,3,1,3,8,1,1,3,0,6,1,1,2,0,0,0,0,6,2,1,0,0,0,1,3,7,0,1,281700,122,41.0,10003.0,125,301.0,2802,1707,1927,761,9,5,14,20,2,1,7,0,24,5,10,5,1,0,0,0,25,4,8,2,0,1,3,9,10,5,2
322350489,cian.ru,Богородское,49,20.0,2205.0,0,132.0,11790,14291,6677,4559,1,2,7,12,0,0,2,0,5,3,0,2,0,0,0,0,9,2,4,2,0,0,1,12,3,1,0,333100,160,84.0,9612.0,0,300.8888888888889,11790,14291,6677,4559,5,3,16,29,0,2,11,0,28,14,1,6,2,0,3,0,35,5,9,8,0,0,5,18,14,5,2
321030224,cian.ru,Перово ,31,,,0,178.84615384615384,1614,27234,74,6144,3,0,5,6,0,0,1,0,3,0,0,0,0,0,0,4,6,0,3,0,0,1,5,8,9,0,1,294700,150,17.0,1074.0,0,381.18918918918916,1614,27234,74,6144,7,4,8,21,0,0,3,0,13,3,1,0,0,1,0,7,11,2,6,0,0,2,20,13,33,1,1
6819069171518081024,realty.yandex.ru,Войковский,28,12.0,1145.0,232,251.0,2354,23477,2160,17913,2,1,8,8,0,2,1,0,18,1,0,0,0,0,1,0,2,2,2,2,4,0,4,17,43,1,1,362300,135,45.0,4268.0,232,426.8125,2354,23477,2160,17913,10,5,20,35,0,6,7,0,27,3,1,1,1,0,2,4,20,4,7,10,4,0,11,31,57,1,7
321744680,cian.ru,Таганский,67,18.0,1467.0,0,155.88235294117646,942,15135,1439,9839,5,4,11,39,4,7,7,0,9,0,2,0,3,0,3,2,8,2,6,5,0,0,5,15,19,3,0,433700,256,73.0,8499.0,0,372.67391304347825,942,15135,1439,9839,31,19,31,109,5,10,15,0,32,6,8,3,5,0,5,8,35,6,15,13,1,8,17,32,46,13,2
324803707,cian.ru,Марьина Роща,52,11.0,625.0,0,147.45454545454547,9756,82563,1937,22745,5,5,8,11,1,1,3,0,19,1,0,1,0,0,5,2,8,2,4,1,0,1,4,18,34,0,0,402200,202,49.0,3890.0,0,362.25,9756,82563,1937,22745,13,11,23,24,1,1,4,0,42,8,4,4,7,0,6,5,21,6,13,1,0,6,12,37,72,4,3
321644616,cian.ru,Бутырский,41,20.0,3223.0,259,259.0,2868,10265,1066,1557,2,4,3,8,0,0,1,0,8,5,0,1,0,0,0,0,7,1,3,2,0,0,0,5,6,1,0,385200,206,55.0,4909.0,259,476.4,2868,10265,1066,1557,4,6,14,19,0,3,5,0,21,7,1,2,1,1,1,1,23,6,6,3,0,0,10,11,10,1,1
323562603,cian.ru,Бутово Южное,17,7.0,1068.0,5,5.0,4430,8932,3395,2470,1,2,4,7,0,1,2,0,5,4,1,1,0,0,0,0,7,1,2,0,0,0,0,3,4,2,0,259700,109,56.0,8638.0,5,328.0,4430,8932,3395,2470,13,12,13,43,0,3,7,0,27,12,3,9,0,0,1,0,32,3,4,5,0,1,3,5,8,7,1
322993118,cian.ru,Южнопортовый,53,16.0,2010.0,66,158.5,4428,14790,2971,8185,4,3,14,19,1,2,3,0,13,2,1,0,1,0,3,3,9,1,5,6,0,1,3,13,14,1,1,368900,248,73.0,7798.0,66,358.1388888888889,4428,14790,2971,8185,23,10,23,81,5,10,14,0,25,5,4,5,3,0,4,7,27,5,13,12,0,10,8,26,29,9,2
320505916,cian.ru,Филевский Парк,40,25.0,2235.0,89,202.6,11252,30459,7182,11203,7,1,12,15,1,1,5,0,48,4,1,2,0,0,2,2,14,2,3,5,0,2,5,9,14,0,0,402300,142,66.0,7687.0,89,370.8333333333333,11252,30459,7182,11203,14,6,16,29,2,5,9,0,64,12,3,4,2,0,6,3,19,4,8,6,1,2,10,25,33,5,2
7518381301,avito.ru,Перово ,36,1.0,65.0,45,148.46153846153845,1614,27234,327,6144,3,0,5,8,0,0,0,0,4,0,0,0,0,0,0,4,5,0,1,0,0,1,4,6,13,0,1,294700,134,13.0,857.0,45,320.7931034482759,1614,27234,327,6144,7,4,7,18,0,0,3,0,9,2,1,0,1,1,0,6,9,2,5,0,0,2,15,12,29,1,2
322615934,cian.ru,Тимирязевский,23,12.0,719.0,118,162.5,2308,4585,982,2072,1,1,4,5,0,0,3,0,6,1,1,2,0,0,1,0,13,1,1,1,0,0,2,3,7,0,0,347300,83,46.0,4783.0,118,428.7142857142857,2308,4585,982,2072,1,2,8,11,0,0,6,0,20,6,2,3,0,6,1,3,20,1,2,3,0,0,5,9,10,0,0
320898605,cian.ru,Обручевский,28,,,0,169.0,1948,30909,47,4752,8,0,0,5,0,4,0,0,4,0,0,0,0,0,0,3,2,1,2,2,0,0,6,3,4,3,0,411600,121,17.0,3529.0,0,311.6666666666667,1948,30909,47,4752,10,6,7,14,0,7,1,0,13,2,1,1,0,0,2,4,15,3,5,4,0,1,13,14,29,8,1
320349898,cian.ru,Раменки,20,7.0,857.0,,,1936,5047,2305,4613,1,1,3,3,0,0,2,0,6,3,1,0,1,3,0,0,2,1,2,1,0,1,1,3,8,0,0,483300,123,40.0,4939.0,410,492.5,1936,5047,2305,4613,9,8,11,18,0,3,5,0,12,5,2,5,9,7,0,0,11,2,7,5,0,1,8,12,22,1,0
323065004,cian.ru,Дегунино Восточное,23,12.0,3443.0,117,233.0,10570,12667,5247,6305,2,1,2,19,0,2,5,0,1,1,0,0,1,0,1,0,10,1,3,1,0,0,2,4,5,0,1,283000,136,52.0,12831.0,117,322.85714285714283,10570,12667,5247,6305,10,8,11,50,0,5,13,0,15,18,2,9,2,0,1,4,33,1,9,6,0,1,12,11,14,4,2
323642978,cian.ru,Хамовники,191,48.0,1507.0,72,180.53571428571428,1366,4403,615,3612,7,5,3,10,0,2,1,0,0,3,3,1,0,0,0,2,2,1,6,2,0,2,7,8,24,3,0,846800,620,218.0,6268.0,72,339.8082191780822,1366,4403,615,3612,28,14,11,54,0,4,7,0,7,8,9,6,2,0,1,5,6,2,8,8,0,19,14,17,43,7,1
320727302,cian.ru,Тверской,145,27.0,1025.0,0,176.25641025641025,4208,45369,1185,15043,17,13,18,86,0,5,2,0,16,3,1,1,0,0,1,11,13,1,9,6,0,0,19,25,70,2,1,609300,446,105.0,5404.0,0,323.1518987341772,4208,45369,1185,15043,52,27,30,170,3,12,8,0,55,11,9,7,22,1,1,19,24,5,22,17,3,1,43,65,165,5,4
3086775780130808832,realty.yandex.ru,Алтуфьевский,23,6.0,1591.0,0,129.0,2222,5220,6446,7722,4,0,3,3,1,0,1,1,5,2,0,1,1,0,0,2,7,3,0,2,0,0,0,1,0,0,0,280700,92,24.0,5643.0,0,275.4166666666667,2222,5220,6446,7722,7,5,14,20,3,1,6,1,33,3,4,2,1,0,3,3,20,4,5,5,0,0,6,9,22,4,1
4443775706072937984,realty.yandex.ru,Выхино-Жулебино,17,8.0,1618.0,24,24.0,1726,4640,1375,4443,4,4,1,9,0,2,2,0,10,2,1,2,0,0,0,1,5,2,1,0,0,0,0,0,7,1,0,273000,60,35.0,7145.0,24,263.0,1726,4640,1375,4443,11,8,14,32,0,2,13,0,24,8,2,8,0,0,2,2,27,4,10,2,0,0,4,8,17,2,2
320549616,cian.ru,Ломоносовский,26,12.0,2391.0,273,273.0,2592,4437,1283,4836,6,1,5,7,1,0,3,0,9,4,3,2,0,0,0,0,12,3,3,3,0,0,1,5,2,2,1,418300,102,40.0,7638.0,273,485.0,2592,4437,1283,4836,13,3,11,21,1,3,7,0,15,5,16,6,2,1,0,1,26,3,4,8,0,0,1,11,6,5,1
6251703067870490624,realty.yandex.ru,Лефортово,36,14.0,1466.0,173,253.7,1456,4019,456,1176,4,5,6,5,0,0,1,0,8,3,0,0,0,0,0,2,11,0,1,0,0,1,5,6,6,4,0,279300,224,68.0,6587.0,173,370.75,1456,4019,456,1176,18,10,19,33,0,4,5,0,45,13,3,3,1,0,0,3,18,3,5,7,0,3,12,26,33,9,1
320637441,cian.ru,Внуково,9,5.0,1786.0,,,1752,10410,5168,4217,5,2,7,17,0,3,6,0,11,5,2,1,0,0,1,0,9,1,3,2,0,1,4,6,9,0,1,289500,35,23.0,7652.0,,,1752,10410,5168,4217,7,7,14,43,0,5,8,1,20,14,4,3,0,0,1,0,25,5,6,4,0,2,6,15,16,1,1
318167552,cian.ru,Теплый Стан,30,13.0,3153.0,0,87.5,4616,4303,5040,4840,6,3,12,12,0,1,6,0,20,4,0,2,0,0,3,0,11,3,7,2,0,0,7,13,15,1,0,312900,110,55.0,12764.0,0,253.66666666666666,4616,4303,5040,4840,16,5,23,27,1,4,13,0,34,7,5,4,0,0,6,0,28,3,14,6,0,2,10,23,27,8,0
7517866235141810176,realty.yandex.ru,Таганский,82,25.0,2440.0,0,153.88888888888889,618,13066,1430,9839,9,5,7,44,4,5,6,0,7,1,3,0,2,0,2,2,8,3,4,4,0,0,6,13,13,4,0,433700,272,68.0,7626.0,0,366.9423076923077,618,13066,1430,9839,43,17,37,113,5,13,15,0,31,5,9,3,6,0,6,10,37,5,18,14,1,9,20,32,48,13,3
324762012,cian.ru,Басманный,70,,,86,206.0,2198,45946,67,5558,0,2,2,9,0,2,1,0,4,0,0,0,0,0,0,2,3,0,1,0,0,0,4,12,17,0,0,461200,276,48.0,2785.0,86,396.26190476190476,2198,45946,67,5558,11,7,18,63,0,4,8,0,17,4,1,1,20,2,1,6,16,2,12,5,1,1,22,47,83,6,0
3255678712282035200,realty.yandex.ru,Дегунино Западное,30,8.0,4181.0,102,102.0,2860,6954,5911,7643,0,2,5,17,0,1,4,0,6,2,1,0,0,0,1,1,12,0,2,1,0,1,8,3,16,0,0,305700,130,35.0,9242.0,102,102.0,2860,6954,5911,7643,9,12,12,43,1,1,9,0,12,14,3,3,1,0,1,1,30,1,6,2,0,1,14,8,19,3,0
324775102,cian.ru,Рязанский,49,29.0,3549.0,126,228.0,2678,3273,5773,4061,0,1,8,11,2,0,4,0,33,8,1,1,1,0,1,0,19,2,8,4,0,0,0,6,20,0,0,295600,177,86.0,10207.0,126,353.45454545454544,2678,3273,5773,4061,8,3,20,34,2,0,10,0,58,15,10,5,1,0,1,0,27,2,10,7,0,0,5,17,37,16,2
2361989377732163072,realty.yandex.ru,Сокольники,63,16.0,1677.0,0,116.5,4896,31378,2350,8765,1,0,6,16,0,0,3,0,11,5,0,1,1,0,1,3,4,4,6,3,0,0,5,4,14,1,0,367600,226,85.0,8167.0,0,288.45454545454544,4896,31378,2350,8765,10,9,26,42,1,7,11,1,36,9,7,2,1,0,7,3,29,9,16,16,0,2,13,23,47,5,0
323581977,cian.ru,Фили-Давыдково,26,14.0,3155.0,194,194.0,2214,1074,1304,302,3,3,3,8,0,0,1,0,1,2,2,2,0,0,0,0,3,0,2,3,0,0,0,0,0,2,0,401300,88,47.0,8829.0,194,403.3333333333333,2214,1074,1304,302,11,3,17,25,1,1,9,0,24,9,3,2,0,0,3,0,29,4,8,8,3,0,4,11,11,5,1
320315606,cian.ru,Соколиная Гора,66,7.0,310.0,42,187.47368421052633,2760,17086,885,15514,4,1,7,16,0,1,3,0,17,2,1,0,0,0,4,4,6,3,5,5,0,0,9,8,35,0,0,354400,312,47.0,4765.0,42,387.1807228915663,2760,17086,885,15514,16,9,13,46,2,8,7,0,29,11,13,3,5,1,4,25,18,9,15,10,0,3,30,32,41,4,0
321168240,cian.ru,Даниловский,41,5.0,726.0,5,173.47058823529412,230,58551,733,23826,13,1,14,24,0,2,5,0,19,7,0,0,1,0,4,10,14,2,8,4,0,2,18,47,49,0,4,399100,186,38.0,4432.0,5,266.82142857142856,230,58551,733,23826,24,6,27,49,0,2,8,0,30,17,2,4,2,0,4,14,29,6,14,11,0,5,20,70,60,5,6
7562443272,avito.ru,Бескудниковский,50,26.0,4670.0,,,1362,1807,2881,1889,8,9,9,24,1,0,7,0,6,5,3,3,0,0,0,0,15,0,6,1,0,1,3,6,0,2,0,327500,139,58.0,13151.0,408,472.5,1362,1807,2881,1889,15,15,20,60,2,2,11,0,29,17,8,4,1,0,1,3,40,9,11,5,0,1,17,16,23,5,1
324227711,cian.ru,Южнопортовый,47,23.0,2897.0,75,172.33333333333334,2340,3296,4339,5588,13,0,9,4,1,3,2,0,7,2,1,2,3,0,0,0,9,2,3,3,0,0,6,5,6,6,0,368900,218,71.0,6728.0,75,457.0,2340,3296,4339,5588,16,2,16,24,1,4,6,0,24,10,6,6,4,1,1,3,26,4,6,3,0,0,19,15,29,8,0
3941543083983767040,realty.yandex.ru,Аэропорт,70,23.0,2734.0,62,186.14285714285714,1778,6303,1446,5063,8,4,15,18,0,0,3,0,17,2,0,2,3,0,0,5,5,4,4,1,0,0,10,11,24,3,3,400700,243,90.0,8645.0,62,345.55172413793105,1778,6303,1446,5063,23,10,30,52,1,4,10,0,52,7,2,8,4,4,1,8,26,9,13,13,0,2,23,31,51,4,3
325012958,cian.ru,Даниловский,41,5.0,726.0,5,173.47058823529412,230,58551,733,23826,13,1,14,24,0,2,5,0,19,7,0,0,1,0,4,10,14,2,8,4,0,2,18,47,49,0,4,399100,186,38.0,4432.0,5,266.82142857142856,230,58551,733,23826,24,6,27,49,0,2,8,0,30,17,2,4,2,0,4,14,29,6,14,11,0,5,20,70,60,5,6
322112568,cian.ru,Головинский,48,20.0,2048.0,0,179.33333333333334,4680,18506,2605,13693,5,1,6,8,0,1,2,0,12,2,0,2,7,0,0,3,5,0,1,3,0,0,1,1,7,0,0,329000,176,91.0,13728.0,0,357.2857142857143,4680,18506,2605,13693,16,4,40,51,1,5,12,1,51,16,1,6,7,0,3,8,30,8,9,10,3,1,16,27,45,13,2
320897784,cian.ru,Отрадное,42,3.0,1214.0,0,139.66666666666666,590,3644,1102,2920,3,0,2,5,0,0,2,0,3,4,0,2,0,0,0,3,4,1,1,1,0,0,2,6,0,0,0,300400,151,19.0,3323.0,0,332.57142857142856,590,3644,1102,2920,8,1,4,12,0,1,6,0,11,4,0,2,1,0,0,7,11,2,2,3,1,1,2,13,4,0,0
321745797,cian.ru,Котловка,38,12.0,1116.0,87,214.71428571428572,3806,15031,5137,10879,2,0,8,7,1,1,2,2,23,1,0,2,0,0,3,0,6,4,3,4,2,0,9,7,20,0,0,336400,195,59.0,6787.0,87,344.2857142857143,3806,15031,5137,10879,6,1,16,12,1,2,8,2,35,5,1,3,1,1,3,2,20,6,7,5,3,0,12,14,28,2,1
2361989381428098048,realty.yandex.ru,Теплый Стан,30,13.0,3153.0,0,87.75,4616,4303,4968,4840,6,3,12,12,0,1,6,0,20,4,0,2,0,0,3,0,11,3,7,2,0,0,7,13,15,1,0,312900,109,54.0,12621.0,0,253.66666666666666,4616,4303,4968,4840,16,5,23,27,1,4,13,0,34,7,5,4,0,0,6,0,28,3,14,6,0,2,10,23,27,8,0
322329600,cian.ru,Бутово Южное,31,14.0,2685.0,0,0.0,1244,4688,6151,8408,3,2,3,15,0,2,3,0,12,3,1,3,0,0,0,0,8,1,1,3,0,1,2,2,2,2,1,259700,114,55.0,9196.0,0,300.6666666666667,1244,4688,6151,8408,7,10,11,32,0,3,8,0,24,10,6,7,0,0,1,0,33,3,5,4,0,1,2,5,7,7,1
324990569,cian.ru,Головинский,48,20.0,2048.0,0,179.33333333333334,4680,18506,2605,13693,5,1,6,8,0,1,2,0,12,2,0,2,7,0,0,3,5,0,1,3,0,0,1,1,7,0,0,329000,176,91.0,13728.0,0,357.2857142857143,4680,18506,2605,13693,16,4,40,51,1,5,12,1,51,16,1,6,7,0,3,8,30,8,9,10,3,1,16,27,45,13,2
320591329,cian.ru,Дегунино Западное,23,17.0,4168.0,28,87.0,656,2806,2541,2422,1,1,1,8,0,2,1,0,4,0,0,0,1,0,0,2,3,0,1,1,0,0,0,5,2,0,0,305700,133,50.0,11033.0,28,181.33333333333334,656,2806,2541,2422,11,6,11,29,1,4,9,0,15,8,1,2,1,0,0,4,22,4,10,4,0,0,5,11,24,1,2
324127256,cian.ru,Головинский,48,20.0,2048.0,0,179.33333333333334,4680,18506,2605,13693,5,1,6,8,0,1,2,0,12,2,0,2,7,0,0,3,5,0,1,3,0,0,1,1,7,0,0,329000,176,91.0,13728.0,0,357.2857142857143,4680,18506,2605,13693,16,4,40,51,1,5,12,1,51,16,1,6,7,0,3,8,30,8,9,10,3,1,16,27,45,13,2
325257410,cian.ru,Головинский,48,20.0,2048.0,0,179.33333333333334,4680,18506,2605,13693,5,1,6,8,0,1,2,0,12,2,0,2,7,0,0,3,5,0,1,3,0,0,1,1,7,0,0,329000,176,91.0,13728.0,0,357.2857142857143,4680,18506,2605,13693,16,4,40,51,1,5,12,1,51,16,1,6,7,0,3,8,30,8,9,10,3,1,16,27,45,13,2
320819833,cian.ru,Красносельский,95,23.0,499.0,0,204.33333333333334,240,8602,458,6875,4,5,2,23,0,4,2,0,9,4,0,2,1,0,0,3,4,4,5,1,0,3,9,8,31,5,0,454800,382,92.0,4707.0,0,371.609375,240,8602,458,6875,35,18,17,100,3,13,12,0,22,13,6,3,2,0,1,11,26,7,27,8,0,3,26,48,62,11,0
323182193,cian.ru,Головинский,48,20.0,2048.0,0,179.33333333333334,4680,18506,2605,13693,5,1,6,8,0,1,2,0,12,2,0,2,7,0,0,3,5,0,1,3,0,0,1,1,7,0,0,329000,176,91.0,13728.0,0,357.2857142857143,4680,18506,2605,13693,16,4,40,51,1,5,12,1,51,16,1,6,7,0,3,8,30,8,9,10,3,1,16,27,45,13,2
323858065,cian.ru,Даниловский,83,1.0,363.0,0,195.2,672,8711,137,5032,3,2,4,8,0,4,1,0,5,0,2,0,2,0,0,4,0,1,2,0,0,12,2,3,9,1,0,399100,268,28.0,3834.0,0,370.84375,672,8711,137,5032,13,6,17,49,0,9,7,0,73,7,4,0,5,0,2,8,21,4,10,12,0,14,14,27,60,2,3
320749903,cian.ru,Тимирязевский,51,27.0,2056.0,,,374,1172,1108,770,1,1,4,4,0,0,3,0,4,4,1,0,0,0,0,0,11,1,3,0,1,0,0,3,11,3,0,347300,165,67.0,7594.0,304,391.5,374,1172,1108,770,7,4,8,16,2,3,7,0,16,10,3,0,1,0,0,1,19,5,5,3,1,0,7,13,23,3,0
322178147,cian.ru,Нижегородский,74,22.0,1859.0,0,109.75,1696,5751,1328,1622,1,1,2,3,1,0,3,0,2,5,0,1,1,0,0,2,6,2,1,0,0,1,2,0,6,2,0,362800,249,49.0,3911.0,0,363.8,1696,5751,1328,1622,7,1,3,3,1,2,7,0,16,7,2,2,4,0,0,2,16,6,5,3,0,6,10,1,15,4,0
325147094,cian.ru,Кузьминки,53,32.0,3645.0,,,1952,1659,2529,929,6,0,3,1,0,0,3,0,11,0,0,2,0,0,0,0,3,0,0,1,0,0,0,3,2,0,0,302600,205,111.0,12189.0,339,474.55555555555554,1952,1659,2529,929,13,3,16,17,1,0,14,0,30,11,6,7,0,0,3,0,20,6,5,4,0,0,2,14,23,6,0
3941543084012250112,realty.yandex.ru,Котловка,37,14.0,1857.0,0,187.0,2388,5477,3451,7271,3,0,6,2,0,0,0,1,1,0,0,1,1,0,1,0,3,1,1,2,1,0,2,2,6,0,0,336400,189,52.0,5595.0,0,375.0,2388,5477,3451,7271,5,1,17,12,1,3,7,2,34,6,2,5,1,0,3,2,20,5,5,5,3,0,14,15,31,3,1
3965285094500696064,realty.yandex.ru,Южнопортовый,40,14.0,1651.0,0,171.5,348,1356,922,2708,3,0,3,6,0,0,2,0,5,2,1,2,0,0,0,2,3,1,1,1,0,1,8,4,2,0,0,368900,227,48.0,6361.0,0,381.9347826086956,348,1356,922,2708,30,6,8,15,0,5,7,1,20,5,6,7,4,1,1,4,19,3,11,6,0,2,16,12,16,3,1
3965285094498813952,realty.yandex.ru,Гольяново,32,10.0,2327.0,0,132.25,290,17282,2279,6253,1,0,1,7,0,2,0,0,2,0,0,0,0,0,1,1,1,0,2,3,0,0,2,3,5,0,0,277600,70,29.0,5516.0,0,268.5,290,17282,2279,6253,1,0,5,11,1,3,4,1,15,8,2,0,7,0,3,2,11,2,7,5,0,0,10,13,14,0,1
6939372906429431808,realty.yandex.ru,Рязанский,60,8.0,975.0,29,170.33333333333334,1084,7840,1721,3681,4,2,1,4,0,0,1,0,6,0,0,2,0,0,0,4,5,2,2,0,0,0,4,0,3,0,0,295600,219,48.0,4373.0,29,419.84615384615387,1084,7840,1721,3681,4,2,5,8,0,0,6,0,17,6,3,4,1,0,0,5,10,6,3,0,0,0,10,3,4,2,0
322434845,cian.ru,Останкинский,47,10.0,1038.0,0,168.66666666666666,518,3350,778,3466,1,1,0,1,0,1,1,0,3,0,1,0,9,0,0,1,0,0,0,0,0,1,0,1,2,1,0,380300,149,42.0,5851.0,0,412.92857142857144,518,3350,778,3466,13,10,10,30,1,5,5,0,8,2,4,5,10,0,0,2,10,0,2,1,0,1,8,9,14,6,0
322471959,cian.ru,Люблино,33,16.0,2388.0,52,125.0,1488,1378,1606,1531,6,1,6,6,1,1,2,0,7,2,1,2,0,0,0,1,6,2,1,1,0,0,2,4,14,2,0,274100,129,55.0,11424.0,52,227.0,1488,1378,1606,1531,14,3,13,22,1,3,9,0,35,9,6,8,0,1,2,1,14,3,4,4,0,1,12,11,51,5,2
323145540,cian.ru,Таганский,61,10.0,568.0,0,158.38888888888889,234,3349,460,3458,13,2,4,15,1,1,1,0,3,1,1,2,3,0,1,3,1,0,2,14,0,0,3,5,4,0,2,433700,327,56.0,3865.0,0,412.3150684931507,234,3349,460,3458,33,6,17,57,2,6,7,0,18,9,9,2,6,0,2,15,11,4,7,15,1,4,17,31,72,3,5
3965285094500514816,realty.yandex.ru,Дорогомилово,63,37.0,2537.0,283,283.0,810,1252,983,1709,1,3,1,20,0,2,3,0,11,2,2,1,2,0,0,0,4,4,5,3,0,0,1,2,7,5,0,530200,176,77.0,7091.0,283,427.5,810,1252,983,1709,7,14,18,51,0,3,11,0,67,10,6,6,2,6,0,3,14,5,13,11,0,0,13,19,40,9,2
323375991,cian.ru,Рязанский,59,1.0,,0,96.0,12,7588,545,4531,4,1,0,3,0,0,2,0,4,0,0,0,1,0,0,3,1,3,1,0,0,0,2,0,2,0,0,295600,194,37.0,4170.0,0,314.77777777777777,12,7588,545,4531,10,2,6,11,0,0,8,0,28,8,1,3,1,0,0,5,14,3,3,1,0,0,6,5,8,0,0
321414709,cian.ru,Преображенское,122,26.0,2090.0,0,183.55555555555554,398,9467,726,10290,2,2,3,6,0,1,3,0,4,2,1,0,0,0,0,2,6,1,0,2,0,0,0,6,6,3,1,331700,351,48.0,3876.0,0,391.2857142857143,398,9467,726,10290,9,6,13,38,0,5,6,0,38,7,4,3,0,0,0,12,19,7,8,4,0,4,9,20,30,4,4
306948989166373632,realty.yandex.ru,Преображенское,122,26.0,2090.0,0,176.76470588235293,398,9460,726,10163,2,2,3,6,0,1,3,0,4,2,1,0,0,0,0,2,6,1,0,2,0,0,0,6,6,3,1,331700,351,48.0,3876.0,0,391.36507936507934,398,9460,726,10163,9,6,13,38,0,5,6,0,38,7,4,3,0,0,0,12,19,7,8,4,0,4,9,20,30,4,4
306948989166346496,realty.yandex.ru,Басманный,112,34.0,2181.0,0,156.79310344827587,1102,4750,820,5864,20,2,9,54,1,3,4,0,9,5,2,3,1,0,1,2,10,0,3,2,0,3,16,17,23,0,0,461200,444,130.0,5492.0,0,323.4714285714286,1102,4750,820,5864,54,11,18,106,1,6,10,0,19,9,4,5,17,0,2,13,18,4,11,16,0,6,28,39,76,4,2
5227593921582423040,realty.yandex.ru,Головинский,48,21.0,2148.0,3,182.33333333333334,4680,18506,2804,13693,5,1,6,9,0,1,2,0,12,2,0,2,7,0,0,3,5,0,1,3,0,0,1,1,7,0,0,329000,175,91.0,13728.0,3,358.2142857142857,4680,18506,2804,13693,16,4,40,50,1,5,12,1,51,16,2,6,7,0,3,8,29,8,9,10,3,1,16,27,45,13,2
8302184344725680128,realty.yandex.ru,Таганский,82,19.0,1716.0,11,203.30769230769232,1578,13250,1714,6802,10,11,16,51,0,1,2,0,13,4,2,1,3,0,2,4,10,2,6,3,0,1,10,10,24,8,1,433700,376,85.0,7230.0,11,379.1111111111111,1578,13250,1714,6802,49,22,38,158,4,14,16,0,38,10,15,4,5,0,5,10,42,6,19,19,2,4,21,31,74,14,8
3086805662379748864,realty.yandex.ru,Головинский,48,21.0,2148.0,3,182.33333333333334,4680,18506,2804,13693,5,1,6,9,0,1,2,0,12,2,0,2,7,0,0,3,5,0,1,3,0,0,1,1,7,0,0,329000,175,91.0,13728.0,3,358.2142857142857,4680,18506,2804,13693,16,4,40,50,1,5,12,1,51,16,2,6,7,0,3,8,29,8,9,10,3,1,16,27,45,13,2
3087408763731165184,realty.yandex.ru,Головинский,48,21.0,2148.0,3,182.33333333333334,4680,18506,2804,13693,5,1,6,9,0,1,2,0,12,2,0,2,7,0,0,3,5,0,1,3,0,0,1,1,7,0,0,329000,175,91.0,13728.0,3,358.2142857142857,4680,18506,2804,13693,16,4,40,50,1,5,12,1,51,16,2,6,7,0,3,8,29,8,9,10,3,1,16,27,45,13,2
321113078,cian.ru,Преображенское,122,26.0,2090.0,0,183.55555555555554,398,9467,726,10290,2,2,3,6,0,1,3,0,4,2,1,0,0,0,0,2,6,1,0,2,0,0,0,6,6,3,1,331700,351,48.0,3876.0,0,391.2857142857143,398,9467,726,10290,9,6,13,38,0,5,6,0,38,7,4,3,0,0,0,12,19,7,8,4,0,4,9,20,30,4,4
1099900914893590016,realty.yandex.ru,Преображенское,40,15.0,3399.0,0,90.71428571428571,2062,9881,1028,5963,2,3,6,17,0,5,2,0,5,1,3,1,2,0,0,1,6,1,2,1,1,0,2,2,8,0,0,331700,138,61.0,10784.0,0,279.85714285714283,2062,9881,1028,5963,13,10,23,34,1,8,12,0,23,6,5,4,2,0,0,1,27,3,10,7,1,2,9,13,18,13,1
321389232,cian.ru,Обручевский,26,10.0,1932.0,178,211.5,444,1397,892,623,0,3,2,3,0,1,0,0,1,0,1,0,0,0,0,0,4,1,0,1,0,0,0,1,0,0,1,411600,109,25.0,5418.0,178,420.75,444,1397,892,623,9,5,4,14,0,7,2,0,9,4,2,2,0,0,0,6,10,3,4,3,1,1,12,12,15,2,1
8302164728231818240,realty.yandex.ru,Таганский,82,19.0,1716.0,11,203.30769230769232,1578,13250,1714,6802,10,11,16,51,0,1,2,0,13,4,2,1,3,0,2,4,10,2,6,3,0,1,10,10,24,8,1,433700,376,85.0,7230.0,11,379.1111111111111,1578,13250,1714,6802,49,22,38,158,4,14,16,0,38,10,15,4,5,0,5,10,42,6,19,19,2,4,21,31,74,14,8
320628586,cian.ru,Останкинский,51,8.0,1060.0,58,223.8,22,1920,1214,1099,1,2,0,1,0,1,0,0,3,0,1,0,7,0,0,1,0,0,0,0,0,1,4,3,0,0,0,380300,185,52.0,7553.0,58,398.55555555555554,22,1920,1214,1099,13,9,12,31,1,3,7,0,9,1,4,2,10,0,0,2,12,2,4,4,0,1,15,17,18,5,1
2108370138117281024,realty.yandex.ru,Головинский,48,21.0,2148.0,3,182.33333333333334,4680,18506,2804,13693,5,1,6,9,0,1,2,0,12,2,0,2,7,0,0,3,5,0,1,3,0,0,1,1,7,0,0,329000,175,91.0,13728.0,3,358.2142857142857,4680,18506,2804,13693,16,4,40,50,1,5,12,1,51,16,2,6,7,0,3,8,29,8,9,10,3,1,16,27,45,13,2
324659222,cian.ru,Сокол,79,7.0,711.0,34,191.4,238,3404,766,3303,4,0,0,7,0,3,1,0,1,0,1,1,4,1,0,4,5,1,1,2,0,0,7,5,3,0,0,390900,222,41.0,4704.0,34,348.14285714285717,238,3404,766,3303,13,9,10,26,1,4,8,0,31,2,2,5,10,4,1,7,12,4,12,5,0,0,20,28,30,2,1
323087782,cian.ru,Останкинский,59,25.0,1866.0,0,188.16666666666666,764,2765,1800,1459,3,0,4,6,0,0,2,0,16,5,1,0,0,0,0,0,9,3,1,1,0,0,3,2,5,0,0,380300,196,86.0,7296.0,0,361.92857142857144,764,2765,1800,1459,16,3,11,18,1,1,4,0,22,13,4,6,4,0,0,1,21,5,7,4,1,0,8,9,12,7,2
323600707,cian.ru,Академический,53,30.0,1778.0,116,166.33333333333334,778,2082,689,3160,5,1,3,20,0,0,3,0,1,2,4,5,0,0,0,1,4,0,0,3,0,0,0,2,7,1,1,387300,173,85.0,8544.0,116,465.3809523809524,778,2082,689,3160,49,8,21,50,0,1,12,0,23,12,4,6,1,0,1,5,22,2,10,12,0,1,3,22,23,7,5
322522669,cian.ru,Преображенское,122,26.0,2090.0,0,183.55555555555554,398,9467,726,10290,2,2,3,6,0,1,3,0,4,2,1,0,0,0,0,2,6,1,0,2,0,0,0,6,6,3,1,331700,351,48.0,3876.0,0,391.2857142857143,398,9467,726,10290,9,6,13,38,0,5,6,0,38,7,4,3,0,0,0,12,19,7,8,4,0,4,9,20,30,4,4
3116915239174381056,realty.yandex.ru,Алексеевский,57,18.0,3593.0,0,166.5,3466,6402,3375,2952,4,0,3,4,0,3,2,0,2,0,1,0,1,0,1,2,7,1,0,0,0,0,1,7,9,2,1,397600,229,95.0,14744.0,0,373.05882352941177,3466,6402,3375,2952,24,13,18,38,0,4,13,0,39,7,7,7,4,0,2,5,27,5,6,16,0,0,13,25,27,5,3
325046099,cian.ru,Печатники,17,1.0,,0,154.5,2,9708,25,7414,2,1,1,0,0,0,0,0,3,0,0,0,0,1,0,2,0,0,0,0,0,0,8,4,4,0,0,286900,86,17.0,1830.0,0,343.27272727272725,2,9708,25,7414,8,3,5,7,1,1,5,0,18,4,0,0,5,1,0,5,6,2,3,4,0,0,19,7,10,0,0
322727343,cian.ru,Можайский,48,37.0,3046.0,,,844,353,1002,301,1,1,2,4,0,1,2,0,6,6,3,1,0,0,0,0,4,3,0,1,0,0,1,0,0,0,0,311900,165,103.0,9901.0,514,515.0,844,353,1002,301,2,4,5,15,1,3,8,0,28,9,5,5,0,0,0,1,18,4,4,3,0,0,3,6,9,3,0
320912909,cian.ru,Преображенское,158,11.0,610.0,21,179.0,1168,16587,1064,10131,10,3,1,18,0,4,0,0,8,0,9,0,0,1,0,18,1,4,3,0,0,0,15,8,4,1,0,331700,434,37.0,2223.0,21,348.6694214876033,1168,16587,1064,10131,21,10,16,50,0,9,7,0,30,8,11,0,8,1,8,25,19,10,14,10,0,0,32,28,49,4,2
324612562,cian.ru,Мещанский,150,65.0,1240.0,2,166.42857142857142,968,13240,1508,16119,23,12,16,44,0,0,4,0,6,5,3,2,1,0,1,9,2,2,9,9,0,0,12,18,67,5,2,530600,571,234.0,6057.0,2,375.4634146341463,968,13240,1508,16119,56,41,28,159,1,7,13,0,28,15,5,6,14,0,1,27,16,5,19,15,0,7,27,53,162,11,7
320695311,cian.ru,Красносельский,94,26.0,2533.0,115,223.875,932,3059,2627,3295,38,3,5,16,1,2,3,0,7,5,0,1,0,0,0,2,5,4,3,6,0,0,3,10,17,3,0,454800,368,96.0,7689.0,115,418.85714285714283,932,3059,2627,3295,88,13,12,67,1,9,8,0,14,12,7,3,13,0,0,4,13,5,9,8,0,3,15,37,58,14,3
323139290,cian.ru,Коммунарка,15,15.0,438.0,,,1176,0,24,0,0,0,0,0,0,0,0,0,0,0,0,0,0,0,0,0,0,0,0,0,0,0,0,0,0,0,0,291400,27,25.0,2900.0,,,1176,0,24,0,0,0,2,4,0,0,4,0,4,2,1,1,0,0,0,0,6,0,0,0,0,0,0,2,2,0,0
323657023,cian.ru,Таганский,89,20.0,1542.0,36,205.0,1578,13837,1714,6802,10,10,19,49,0,1,1,0,15,4,4,1,2,0,1,5,10,1,6,5,1,1,7,8,18,7,3,433700,390,85.0,7515.0,36,361.7294117647059,1578,13837,1714,6802,49,24,42,173,4,13,17,0,36,10,14,5,6,0,5,10,42,6,20,19,2,5,29,36,92,14,8
5483092735358571520,realty.yandex.ru,Дорогомилово,35,7.0,1128.0,86,195.0,552,5191,1084,4293,5,6,0,3,0,1,2,0,0,1,3,2,0,0,0,1,2,0,1,1,0,0,2,0,3,1,0,530200,118,28.0,6361.0,86,407.04545454545456,552,5191,1084,4293,9,9,9,33,2,4,8,0,8,5,5,3,0,0,0,7,3,3,2,3,0,1,8,10,16,4,1
320749624,cian.ru,Дорогомилово,63,8.0,630.0,132,162.5,492,10111,814,7797,7,2,2,21,0,4,4,0,11,4,1,0,3,0,0,1,4,1,6,3,0,1,3,15,13,1,0,530200,147,35.0,4235.0,132,325.2307692307692,492,10111,814,7797,18,9,9,49,1,6,9,0,26,11,5,2,4,0,0,1,11,4,9,9,0,1,11,25,27,6,1
320180079,cian.ru,Рязанский,48,16.0,1036.0,108,108.0,3080,3650,2165,2319,4,0,0,0,0,0,0,0,6,0,1,0,0,0,0,0,0,0,0,0,0,0,1,3,0,0,0,295600,148,56.0,10002.0,108,380.75,3080,3650,2165,2319,6,4,5,6,0,2,5,0,12,6,1,3,0,1,0,0,12,4,4,0,0,0,3,6,4,0,1
5733952308786621440,realty.yandex.ru,Донской,66,9.0,1193.0,63,163.22222222222223,858,8222,603,12063,9,3,8,12,0,1,2,0,2,1,2,0,7,1,0,3,1,1,3,1,0,1,3,4,5,0,0,391900,248,47.0,3548.0,63,322.44444444444446,858,8222,603,12063,71,6,17,24,0,2,5,0,11,6,4,1,10,3,1,6,9,1,10,5,0,19,6,21,21,3,0
322204705,cian.ru,Хамовники,173,80.0,2471.0,57,209.9090909090909,892,5972,3959,21836,16,1,4,17,0,1,2,0,3,4,4,2,1,0,1,2,5,0,2,7,0,4,6,6,8,3,0,846800,676,251.0,6887.0,57,384.86170212765956,892,5972,3959,21836,44,12,22,112,2,15,7,0,17,13,12,4,10,0,1,5,16,3,14,11,3,9,17,32,105,12,4
7571205003,avito.ru,Алексеевский,62,3.0,171.0,87,153.33333333333334,250,6110,78,2811,3,3,1,0,0,0,2,0,1,0,1,0,0,0,0,1,1,1,0,0,0,0,4,2,4,0,0,397600,208,23.0,3925.0,87,328.1923076923077,250,6110,78,2811,8,5,4,6,0,0,3,0,7,1,9,2,1,0,1,4,9,2,1,2,0,1,8,8,10,0,0
3984986711660249088,realty.yandex.ru,Раменки,38,16.0,3031.0,,,2238,5790,1601,2419,3,5,4,20,0,1,1,0,3,4,1,5,0,4,0,0,3,1,5,4,0,1,3,6,18,1,0,483300,124,46.0,7921.0,474,495.6666666666667,2238,5790,1601,2419,15,19,20,55,0,6,11,0,15,10,6,12,4,7,2,0,16,5,15,14,0,1,6,18,38,2,0
325131889,cian.ru,Нагатино-Садовники,49,3.0,,0,148.3846153846154,0,6740,27,7414,1,1,1,1,0,1,0,0,1,0,0,0,0,0,0,3,3,0,1,0,0,0,2,3,0,0,1,353800,158,15.0,1059.0,0,364.9736842105263,0,6740,27,7414,2,1,7,11,0,2,4,0,17,4,0,0,2,0,1,7,13,3,4,5,0,0,13,10,16,0,1
3965285094501469184,realty.yandex.ru,Митино,17,,,,,0,401,166,934,0,0,0,0,0,0,0,0,0,0,0,0,0,0,0,0,0,0,0,0,0,0,1,0,0,0,0,298300,125,81.0,5070.0,,,0,401,166,934,5,1,8,17,0,1,4,0,10,1,5,4,0,0,2,0,23,3,5,4,0,1,3,3,6,3,1
324908702,cian.ru,Нагатино-Садовники,49,3.0,,0,148.3846153846154,0,6740,27,7414,1,1,1,1,0,1,0,0,1,0,0,0,0,0,0,3,3,0,1,0,0,0,2,3,0,0,1,353800,158,15.0,1059.0,0,364.9736842105263,0,6740,27,7414,2,1,7,11,0,2,4,0,17,4,0,0,2,0,1,7,13,3,4,5,0,0,13,10,16,0,1
320304695,cian.ru,Арбат,116,46.0,1462.0,38,201.08695652173913,550,13247,2818,27834,17,7,6,47,2,8,3,0,7,7,2,0,4,0,1,3,2,2,6,4,2,1,8,19,33,3,1,820400,530,235.0,6675.0,38,376.0897435897436,550,13247,2818,27834,54,16,25,137,3,18,12,0,27,14,10,7,13,0,3,11,21,3,21,14,3,3,18,51,117,13,7
322865785,cian.ru,Нагорный,100,,,0,222.4,0,3753,0,2075,3,1,1,5,0,2,1,0,5,0,0,0,0,0,1,3,0,1,0,2,0,0,5,5,3,1,0,345200,213,10.0,1095.0,0,318.2,0,3753,0,2075,5,2,5,22,0,3,2,0,15,4,1,1,3,0,2,4,2,2,4,3,1,1,10,16,11,1,0
3941543084012123136,realty.yandex.ru,Мещанский,88,35.0,2814.0,154,199.0,672,1483,1512,1593,14,5,3,10,0,4,5,0,3,2,4,3,0,0,0,0,9,4,5,1,0,0,1,4,4,4,0,530600,292,109.0,8256.0,154,416.05,672,1483,1512,1593,30,22,25,63,1,5,16,0,21,9,8,6,7,1,0,6,24,7,14,10,0,0,13,26,34,7,4
7567072088794053632,realty.yandex.ru,Басманный,99,17.0,469.0,17,192.69444444444446,138,4528,412,5963,14,3,2,31,1,6,2,0,7,2,0,1,0,0,0,7,6,1,8,2,0,1,11,15,35,0,0,461200,409,93.0,4305.0,17,332.2191780821918,138,4528,412,5963,36,18,23,105,2,17,13,0,35,13,5,5,9,0,0,14,20,5,29,8,0,5,27,51,78,8,0
5227593921578820608,realty.yandex.ru,Донской,70,5.0,359.0,134,210.5,136,2121,213,3085,13,4,4,10,0,1,0,0,1,1,2,0,8,1,0,1,0,0,1,1,0,2,1,2,5,0,0,391900,264,65.0,4438.0,134,339.63157894736844,136,2121,213,3085,65,7,22,33,0,2,6,0,16,7,4,1,14,3,1,7,13,2,11,6,0,18,6,24,28,5,0
320505211,cian.ru,Донской,70,5.0,359.0,134,210.5,136,2121,213,3085,13,4,4,10,0,1,0,0,1,1,2,0,8,1,0,1,0,0,1,1,0,2,1,2,5,0,0,391900,264,65.0,4438.0,134,339.57894736842104,136,2121,213,3085,65,7,22,33,0,2,6,0,16,7,4,1,14,3,1,7,13,2,11,6,0,18,6,24,28,5,0
324828136,cian.ru,Донской,74,6.0,478.0,154,214.14285714285714,252,3445,393,3355,14,4,4,8,0,1,0,0,1,1,2,0,8,1,0,1,2,0,0,1,0,2,1,3,3,0,0,391900,268,67.0,4480.0,154,354.85,252,3445,393,3355,65,7,22,35,0,2,7,0,16,7,3,1,14,3,1,7,13,2,11,6,0,18,7,26,30,5,1
320475337,cian.ru,Донской,70,5.0,359.0,134,210.5,136,2121,213,3085,13,4,4,10,0,1,0,0,1,1,2,0,8,1,0,1,0,0,1,1,0,2,1,2,5,0,0,391900,264,65.0,4438.0,134,339.57894736842104,136,2121,213,3085,65,7,22,33,0,2,6,0,16,7,4,1,14,3,1,7,13,2,11,6,0,18,6,24,28,5,0
320758234,cian.ru,Косино-Ухтомский,31,10.0,21.0,,,0,258,10,219,0,0,0,0,0,0,0,0,1,0,0,0,0,0,0,0,0,0,0,0,0,0,2,0,0,0,0,266300,193,151.0,410.0,,,0,258,10,219,0,0,1,0,0,2,4,0,5,1,0,0,0,0,2,0,6,0,1,0,0,1,3,2,9,0,0
8660284132703721472,realty.yandex.ru,Донской,61,10.0,1301.0,60,166.88888888888889,858,8222,801,12063,8,3,8,10,0,1,1,0,1,2,0,1,7,0,0,2,1,1,6,1,0,0,3,4,7,0,0,391900,239,41.0,3062.0,60,334.6470588235294,858,8222,801,12063,67,6,16,21,0,2,5,0,7,5,5,1,9,3,0,6,8,1,7,5,0,19,5,13,20,3,0
321158643,cian.ru,Тимирязевский,52,29.0,2678.0,94,203.75,1086,1674,1248,1610,3,2,5,5,0,1,4,0,10,7,3,0,1,0,0,0,5,1,2,3,0,0,5,5,13,2,0,347300,140,75.0,6982.0,94,406.61538461538464,1086,1674,1248,1610,9,5,8,19,2,3,10,0,20,11,4,1,1,0,0,2,21,3,5,3,1,0,9,15,21,4,0
321067660,cian.ru,Тушино Южное,42,26.0,2237.0,84,173.5,424,1600,2501,5971,0,1,2,3,0,1,2,0,1,2,0,0,1,0,0,0,6,0,1,0,0,0,1,0,1,0,0,303100,191,95.0,7792.0,84,394.05882352941177,424,1600,2501,5971,3,5,9,20,1,4,7,0,19,9,8,6,3,0,1,0,22,6,5,3,0,0,8,8,8,4,1
322731613,cian.ru,Ломоносовский,35,17.0,2115.0,171,195.0,338,198,1396,425,4,1,3,6,0,0,2,0,6,0,4,2,1,0,0,0,6,1,0,4,0,0,0,1,3,2,0,418300,127,59.0,9442.0,171,357.0,338,198,1396,425,13,6,13,24,1,5,7,0,25,4,17,10,2,1,1,0,34,5,8,12,0,0,1,10,10,10,1
322652090,cian.ru,Хорошево-Мневники,50,9.0,990.0,1,90.5,518,4313,815,3355,4,0,1,2,0,1,3,0,1,2,0,0,1,0,0,1,5,1,1,0,0,0,1,2,1,0,1,454100,177,47.0,6213.0,1,393.22222222222223,518,4313,815,3355,4,3,8,14,0,3,8,0,13,7,2,4,3,0,0,2,14,7,6,1,0,1,10,9,8,1,1
323415625,cian.ru,Донской,78,10.0,1481.0,0,181.33333333333334,1860,10553,981,4395,4,2,7,19,0,1,2,0,12,2,0,1,2,1,1,0,6,1,2,1,0,0,4,9,13,2,0,391900,165,35.0,3956.0,0,303.75,1860,10553,981,4395,10,7,25,41,0,2,6,2,30,7,3,3,2,5,2,3,21,3,4,5,0,0,15,22,52,3,0
322759863,cian.ru,Дегунино Западное,29,11.0,2375.0,,,664,600,871,368,0,1,2,7,0,0,1,0,0,2,0,0,0,0,0,0,2,0,1,1,0,1,0,4,0,3,0,305700,113,41.0,8053.0,,,664,600,871,368,4,4,7,23,0,2,9,0,10,9,3,4,0,0,0,0,16,2,6,2,0,2,3,5,13,3,1
324766798,cian.ru,Коммунарка,17,16.0,1356.0,,,334,136,660,209,0,0,1,2,0,2,1,0,1,3,1,0,0,0,0,0,5,1,1,1,0,0,0,1,0,0,0,291400,56,50.0,6234.0,,,334,136,660,209,1,1,1,7,0,3,3,0,4,4,2,4,0,0,0,0,14,4,1,2,0,0,0,2,2,0,0
325275940,cian.ru,Солнцево,23,,,129,173.0,0,2733,0,224,0,0,0,0,0,0,0,0,12,0,0,0,0,0,0,0,0,0,0,0,0,0,0,0,0,0,0,284300,85,16.0,3416.0,129,173.0,0,2733,0,224,2,1,1,6,0,0,2,0,14,3,1,2,0,0,0,0,1,1,1,0,0,0,0,0,1,2,0
322844828,cian.ru,Южнопортовый,55,12.0,1299.0,31,157.85714285714286,1170,15165,7315,23662,18,1,1,5,0,1,1,1,4,1,1,3,1,1,0,1,7,0,3,3,0,1,4,2,4,0,0,368900,228,63.0,6027.0,31,396.8666666666667,1170,15165,7315,23662,35,7,5,33,0,2,7,1,21,7,3,7,1,1,0,7,16,5,7,7,0,3,14,14,22,4,0
322767014,cian.ru,Гольяново,35,11.0,2834.0,0,156.8,608,10065,2052,5551,1,0,1,8,0,2,1,0,2,3,0,0,0,0,1,2,6,0,3,3,0,0,4,6,8,0,0,277600,81,37.0,7563.0,0,235.57142857142858,608,10065,2052,5551,4,3,4,16,1,4,5,1,8,12,2,1,7,0,2,2,16,2,7,5,1,0,10,13,15,0,1
324645707,cian.ru,Пресненский,74,31.0,2570.0,46,165.2,534,6525,1724,8658,22,6,6,19,0,5,4,0,9,3,5,1,0,0,0,2,6,2,3,4,1,0,8,10,30,2,0,621300,357,120.0,7881.0,46,394.7894736842105,534,6525,1724,8658,59,15,17,67,0,9,9,0,23,10,8,8,2,0,1,7,18,5,12,8,1,2,27,26,52,7,3
8660284132703576064,realty.yandex.ru,Чертаново Южное,64,12.0,2655.0,0,183.14285714285714,2616,4249,2302,1289,4,2,3,11,0,2,2,0,2,5,1,3,0,0,0,0,3,1,1,1,0,0,2,5,8,2,0,291700,185,62.0,13255.0,0,304.0625,2616,4249,2302,1289,10,10,9,37,0,3,9,0,27,13,3,7,0,0,1,1,18,4,3,3,0,0,7,14,13,6,0
323698531,cian.ru,Тверской,83,29.0,2270.0,0,208.125,492,2736,1277,1214,10,2,3,8,0,1,3,0,0,3,1,1,0,0,0,0,6,1,2,1,0,0,0,1,0,1,0,609300,362,104.0,8446.0,0,421.0,492,2736,1277,1214,44,14,20,88,1,6,11,0,43,11,6,5,4,0,0,14,17,3,15,10,2,3,25,39,100,3,2
321994121,cian.ru,Обручевский,39,7.0,832.0,0,178.85714285714286,224,1978,965,3709,3,3,3,11,0,5,1,0,4,1,0,2,0,0,0,2,3,0,0,1,0,0,3,1,4,0,0,411600,148,32.0,5545.0,0,389.1304347826087,224,1978,965,3709,12,9,11,33,0,14,6,0,16,1,1,3,0,0,2,7,16,4,3,6,0,1,11,11,19,2,0
3086828851075926016,realty.yandex.ru,Преображенское,122,26.0,2090.0,0,176.76470588235293,398,9460,726,10163,2,2,3,6,0,1,3,0,4,2,1,0,0,0,0,2,6,1,0,2,0,0,0,6,6,3,1,331700,351,48.0,3876.0,0,391.36507936507934,398,9460,726,10163,9,6,13,38,0,5,6,0,38,7,4,3,0,0,0,12,19,7,8,4,0,4,9,20,30,4,4
3965285094498817024,realty.yandex.ru,Нагорный,47,17.0,2340.0,6,139.57142857142858,1574,1806,3072,2642,2,3,2,6,0,0,2,0,2,5,1,2,0,0,0,0,3,1,0,0,0,0,1,2,2,1,0,345200,188,55.0,5788.0,6,351.0,1574,1806,3072,2642,4,7,6,26,0,1,8,0,12,7,3,3,0,0,2,1,14,4,4,3,0,1,6,11,9,3,0
3965285094498907136,realty.yandex.ru,Преображенское,40,15.0,3399.0,0,90.71428571428571,2062,9881,1028,5963,2,3,6,17,0,5,2,0,5,1,3,1,2,0,0,1,6,1,2,1,1,0,2,2,8,0,0,331700,138,61.0,10784.0,0,279.85714285714283,2062,9881,1028,5963,13,10,23,34,1,8,12,0,23,6,5,4,2,0,0,1,27,3,10,7,1,2,9,13,18,13,1
3139177649534696960,realty.yandex.ru,Красносельский,60,13.0,1470.0,0,189.27272727272728,168,1866,310,1865,1,1,3,2,0,0,2,0,6,2,2,0,1,0,0,1,1,0,4,1,0,0,4,3,7,2,0,454800,223,27.0,2606.0,0,324.0357142857143,168,1866,310,1865,5,6,12,10,0,0,3,0,21,3,7,1,1,0,1,4,5,3,7,3,0,1,12,13,20,4,1
324059991,cian.ru,Рязанский,50,8.0,951.0,88,194.33333333333334,50,3001,307,849,0,0,4,4,0,0,0,0,5,2,1,2,0,0,0,0,1,2,0,2,0,0,4,0,1,0,0,295600,169,42.0,8576.0,88,400.73333333333335,50,3001,307,849,4,3,8,11,0,1,3,0,17,7,2,4,0,0,0,2,16,5,3,3,0,0,12,2,10,1,0
321960458,cian.ru,Коммунарка,21,1.0,1.0,260,260.0,0,516,0,1145,2,1,2,3,0,0,1,0,7,0,0,0,0,0,1,0,1,0,1,1,0,0,0,0,11,0,0,291400,35,6.0,585.0,260,292.5,0,516,0,1145,2,2,5,8,0,0,4,0,50,1,0,1,0,0,3,0,3,1,1,2,1,0,1,3,54,1,0
325263521,cian.ru,Можайский,19,2.0,311.0,0,161.16666666666666,1702,15748,108,8043,0,0,1,0,0,0,1,0,1,0,0,0,0,0,0,1,1,0,0,0,0,0,2,0,0,0,0,311900,125,33.0,2986.0,0,382.5217391304348,1702,15748,108,8043,5,2,7,12,1,2,4,0,24,1,1,2,0,0,0,2,9,3,2,3,0,0,6,7,5,1,0
324803132,cian.ru,Соколиная Гора,46,14.0,1091.0,0,89.33333333333333,1404,7045,498,1787,1,3,3,1,0,0,4,0,2,1,1,2,0,0,0,0,5,0,1,0,0,1,0,5,1,0,0,354400,163,67.0,7353.0,0,368.23809523809524,1404,7045,498,1787,30,5,14,20,1,0,11,0,11,11,4,8,2,0,2,1,22,3,8,0,1,1,9,19,33,5,1
322101409,cian.ru,Можайский,19,2.0,311.0,0,161.16666666666666,1702,15748,108,8043,0,0,1,0,0,0,1,0,1,0,0,0,0,0,0,1,1,0,0,0,0,0,2,0,0,0,0,311900,125,33.0,2986.0,0,382.5217391304348,1702,15748,108,8043,5,2,7,12,1,2,4,0,24,1,1,2,0,0,0,2,9,3,2,3,0,0,6,7,5,1,0
324007856,cian.ru,Даниловский,101,21.0,300.0,64,221.03846153846155,80,4465,213,4992,6,3,8,12,0,1,1,0,7,4,0,0,2,0,0,9,1,2,1,3,0,1,8,9,10,0,2,399100,303,46.0,1414.0,64,365.2835820895522,80,4465,213,4992,15,10,19,45,3,6,4,0,28,6,1,1,5,0,1,19,15,3,15,8,0,2,27,37,50,0,4
321929577,cian.ru,Пресненский,68,40.0,2492.0,83,153.71428571428572,1506,2285,1922,4463,6,4,5,16,0,3,4,0,9,8,1,2,1,0,0,2,7,4,3,5,0,0,5,15,13,2,0,621300,207,97.0,7545.0,83,338.0,1506,2285,1922,4463,23,8,13,44,0,12,8,0,25,12,3,5,1,0,3,3,29,5,13,12,0,2,8,25,27,8,0
320633686,cian.ru,Коньково,29,1.0,256.0,0,176.75,0,14720,164,11877,1,3,7,7,0,1,2,0,10,3,0,0,0,0,0,2,3,1,1,3,0,0,4,5,5,0,0,351300,128,19.0,3319.0,0,379.53333333333336,0,14720,164,11877,6,7,10,20,0,3,3,0,14,4,2,1,0,0,0,4,10,1,4,4,0,2,7,9,10,0,1
321158715,cian.ru,Новопеределкино,25,4.0,795.0,,,1752,4672,1689,2928,6,2,2,5,0,1,3,0,2,1,2,1,0,0,0,0,3,2,1,1,0,0,2,3,8,0,0,273700,93,33.0,9869.0,,,1752,4672,1689,2928,11,3,12,18,1,4,11,0,13,9,5,9,0,0,1,0,24,5,7,1,0,1,9,11,24,3,1
321028759,cian.ru,Перово ,17,,,1,161.0,0,11941,201,12225,1,0,0,0,0,0,0,0,5,0,0,0,0,0,0,0,0,0,0,0,0,0,2,1,3,0,0,294700,118,21.0,1370.0,1,371.4375,0,11941,201,12225,4,1,1,5,0,5,3,0,11,4,5,0,2,0,1,0,3,3,3,0,0,0,4,2,5,0,0
324636342,cian.ru,Раменки,33,15.0,2094.0,296,296.0,572,1649,1293,1785,4,1,2,1,0,1,1,0,8,4,1,2,0,0,0,0,6,1,0,0,0,0,0,3,6,2,0,483300,112,41.0,5392.0,296,349.0,572,1649,1293,1785,7,4,9,12,1,3,5,0,16,4,2,4,2,0,0,1,9,3,1,5,0,0,5,5,10,2,0
3941757984976541184,realty.yandex.ru,Лефортово,19,6.0,2061.0,0,105.2,4,6018,28,1492,0,1,1,3,0,0,1,0,0,5,0,0,0,0,0,0,1,0,0,0,0,0,2,2,6,0,0,279300,100,43.0,7111.0,0,377.45,4,6018,28,1492,5,3,10,20,0,5,4,0,8,12,1,3,0,0,0,5,11,1,2,3,1,0,7,10,13,5,0
321734610,cian.ru,Солнцево,26,2.0,382.0,220,220.0,0,2733,0,46,1,0,0,0,0,0,0,0,2,0,1,0,0,0,0,0,0,0,0,0,0,0,0,0,0,0,0,284300,88,20.0,4749.0,220,295.5,0,2733,0,46,2,1,3,7,0,1,6,1,13,6,1,1,0,0,0,0,4,0,4,0,0,0,0,3,5,1,0
325197235,cian.ru,Ростокино,80,15.0,1118.0,109,176.75,1760,2487,1198,634,1,1,0,2,0,0,1,0,2,0,2,0,0,0,0,0,5,2,0,1,0,0,0,0,1,0,0,335200,246,38.0,3512.0,109,406.6666666666667,1760,2487,1198,634,10,2,4,5,0,2,3,0,7,0,6,3,14,0,0,3,9,2,1,2,0,1,1,5,6,3,0
3941543084004977152,realty.yandex.ru,Савеловский,56,43.0,4097.0,210,210.0,650,310,1341,1266,0,1,2,8,0,0,3,0,0,1,0,2,1,0,0,0,7,1,2,1,0,0,1,2,6,3,0,361300,256,141.0,12561.0,210,444.8,650,310,1341,1266,29,11,11,28,1,1,15,0,40,13,5,3,2,0,0,1,32,4,11,6,0,1,13,15,31,4,1
321072867,cian.ru,Щербинка,37,18.0,2394.0,,,2162,3043,4600,4219,3,3,5,11,0,2,5,0,15,2,1,4,0,0,1,0,6,4,4,2,0,0,2,6,5,0,1,213800,112,57.0,7182.0,,,2162,3043,4600,4219,5,3,13,21,0,4,9,0,25,8,4,8,0,0,1,0,15,6,6,3,0,0,6,10,8,0,1
321466988,cian.ru,Нагатино-Садовники,65,5.0,155.0,26,178.88235294117646,2554,12890,114,3971,0,0,1,2,0,0,0,0,4,2,0,0,3,0,0,0,0,3,2,0,0,0,0,4,5,0,0,353800,192,31.0,4808.0,26,317.1707317073171,2554,12890,114,3971,11,1,12,16,1,3,5,0,22,7,0,5,5,0,0,4,15,4,10,5,0,1,8,19,20,3,0
322967321,cian.ru,Нижегородский,93,2.0,130.0,50,215.36363636363637,230,12120,1653,7611,7,1,2,1,0,2,1,0,7,2,2,0,0,0,0,4,3,4,0,0,0,0,3,1,0,0,0,362800,299,48.0,4240.0,50,351.59090909090907,230,12120,1653,7611,9,2,6,4,1,3,6,0,21,5,3,5,1,0,1,4,16,7,6,4,0,0,12,7,18,2,0
324909517,cian.ru,Хамовники,25,12.0,1806.0,39,156.0,850,1626,1015,766,4,0,2,6,0,1,2,0,2,1,8,2,0,0,0,0,2,0,0,1,0,0,0,1,1,2,0,846800,86,47.0,5458.0,39,352.42857142857144,850,1626,1015,766,13,7,6,24,0,3,4,0,11,7,11,10,2,0,0,2,11,3,3,9,0,1,6,8,9,4,0
320278781,cian.ru,Останкинский,64,10.0,2905.0,86,184.55555555555554,982,3666,1997,6615,1,0,0,4,0,1,1,0,2,0,0,0,0,0,0,0,2,1,3,1,0,0,5,4,2,0,0,380300,206,44.0,5587.0,86,371.75,982,3666,1997,6615,4,2,1,6,1,3,5,0,13,3,1,1,5,0,0,1,10,3,6,3,0,1,14,8,13,4,0
1099302674047524992,realty.yandex.ru,Хорошевский,66,13.0,1221.0,10,199.0,604,13885,1234,12307,1,3,0,5,1,1,2,0,13,2,0,0,1,0,0,1,1,0,2,2,0,0,2,2,3,1,0,443000,231,36.0,5146.0,10,374.5,604,13885,1234,12307,11,7,10,19,1,2,10,0,35,9,3,0,3,0,1,2,16,2,8,8,3,0,15,21,38,2,1
321084419,cian.ru,Академический,54,33.0,2956.0,,,1272,924,974,920,4,3,4,7,1,1,2,0,4,3,2,2,0,0,0,0,10,1,1,0,0,0,0,0,0,1,0,387300,216,108.0,12239.0,378,429.55555555555554,1272,924,974,920,18,16,12,33,2,2,11,0,26,11,8,8,3,1,1,2,28,8,3,7,0,3,0,11,10,6,0
325169290,cian.ru,Отрадное,44,3.0,1214.0,18,135.33333333333334,392,3253,1102,2920,3,0,2,5,0,0,2,0,3,4,0,1,0,0,0,3,4,1,1,1,0,0,2,6,0,0,0,300400,148,18.0,3637.0,18,319.35,392,3253,1102,2920,8,0,3,11,0,1,6,0,10,4,0,2,1,0,0,7,11,2,2,3,1,1,2,14,4,0,0
325113244,cian.ru,Коммунарка,37,4.0,498.0,30,30.0,226,5984,290,2150,2,1,1,5,0,1,2,0,4,1,1,0,0,0,0,1,0,0,1,0,0,0,0,1,4,0,0,291400,147,10.0,710.0,30,178.0,226,5984,290,2150,2,1,3,9,0,1,5,0,9,4,1,1,0,0,1,2,5,1,4,1,0,0,1,2,9,0,0
319371346,cian.ru,Красносельский,84,16.0,1830.0,180,228.8,2652,24378,2315,3670,4,4,7,7,0,1,4,0,3,2,4,1,1,0,0,0,5,3,2,1,0,1,1,4,1,0,1,454800,256,50.0,5284.0,180,446.69444444444446,2652,24378,2315,3670,17,12,23,49,2,1,13,1,30,10,8,2,3,0,3,4,27,4,10,7,0,2,20,39,65,12,3
321840943,cian.ru,Ростокино,47,5.0,222.0,23,149.0,34,30677,846,9269,0,0,2,2,0,1,1,0,7,1,0,0,0,0,0,1,4,0,0,2,3,0,4,10,22,0,1,335200,138,27.0,5048.0,23,263.6666666666667,34,30677,846,9269,1,2,11,10,0,1,4,2,17,6,1,0,0,0,0,2,12,2,3,4,5,0,7,24,46,1,1
320667173,cian.ru,Лефортово,30,12.0,2802.0,82,183.14285714285714,2532,73086,2461,8379,4,1,12,20,0,6,2,1,17,5,0,2,0,0,2,4,4,1,3,4,3,0,10,21,23,1,0,279300,161,47.0,8727.0,82,366.36,2532,73086,2461,8379,12,4,24,38,0,8,7,1,26,14,7,4,11,0,2,7,25,3,5,7,8,0,19,35,35,5,1
323832507,cian.ru,Хорошевский,91,,,40,190.58823529411765,140,10373,0,3003,0,1,1,0,0,0,0,0,7,1,0,0,0,0,0,2,2,7,4,0,0,0,4,2,1,0,0,443000,183,4.0,569.0,40,315.93939393939394,140,10373,0,3003,0,1,2,1,0,0,0,0,13,2,0,0,0,0,0,8,3,7,6,0,0,0,9,9,4,0,1
322686568,cian.ru,Перово ,17,,,1,161.0,0,11941,201,12225,1,0,0,0,0,0,0,0,5,0,0,0,0,0,0,0,0,0,0,0,0,0,2,1,3,0,0,294700,118,21.0,1370.0,1,371.4375,0,11941,201,12225,4,1,1,5,0,5,3,0,11,4,5,0,2,0,1,0,3,3,3,0,0,0,4,2,5,0,0
320465156,cian.ru,Чертаново Южное,40,2.0,190.0,1,154.0,52,3807,633,3892,1,0,1,0,0,0,0,1,6,0,0,0,0,0,0,1,1,1,0,0,0,0,2,0,0,0,0,291700,136,14.0,1811.0,1,291.2857142857143,52,3807,633,3892,3,0,1,3,0,1,1,2,10,0,3,2,0,0,1,1,4,5,0,0,1,1,6,2,11,1,1
325128234,cian.ru,Донской,48,11.0,1059.0,62,156.25,790,19309,1051,4270,1,2,2,5,0,1,3,0,3,4,0,0,1,0,0,2,7,0,1,2,0,0,5,2,6,0,1,391900,145,18.0,1722.0,62,338.2307692307692,790,19309,1051,4270,8,3,4,5,0,5,3,0,5,4,3,0,6,1,0,8,8,1,1,3,0,0,7,5,10,0,1
320815587,cian.ru,Ясенево,20,8.0,3475.0,,,1278,913,3712,278,1,2,1,0,0,0,2,0,1,0,0,3,0,0,0,0,3,0,0,1,0,0,0,0,1,1,0,287800,81,24.0,10660.0,356,445.25,1278,913,3712,278,6,6,4,2,0,1,5,0,2,1,9,10,0,0,0,0,15,0,0,1,0,0,0,2,1,4,0
324863023,cian.ru,Войковский,42,19.0,1496.0,137,201.0,456,1376,1482,5409,3,0,4,5,0,0,2,0,5,0,0,0,0,0,0,0,5,0,1,2,0,0,3,1,5,1,0,362300,183,64.0,6432.0,137,462.42857142857144,456,1376,1482,5409,9,1,4,13,0,1,6,0,16,1,5,3,7,0,0,4,12,3,3,5,0,0,10,5,11,5,1
325113216,cian.ru,Северный,23,1.0,,4,176.0,274,20900,911,6926,0,0,3,2,0,0,0,0,15,1,0,0,0,0,1,1,1,0,0,2,3,0,2,7,7,0,0,282400,53,11.0,1615.0,4,323.8888888888889,274,20900,911,6926,1,0,10,7,0,2,3,2,92,11,3,1,0,0,2,1,9,1,5,3,7,0,8,21,35,2,1
322827116,cian.ru,Крылатское,23,4.0,1330.0,0,128.5,408,5006,714,5297,1,0,0,2,0,0,2,0,3,0,0,0,0,0,0,0,1,1,0,1,0,0,1,1,2,0,0,404400,98,33.0,7849.0,0,377.55555555555554,408,5006,714,5297,12,4,7,17,0,0,5,0,25,9,1,2,0,0,1,2,13,2,1,6,0,1,4,9,7,2,1
8427502013113862144,realty.yandex.ru,Северный,23,1.0,,2,174.4,274,20900,911,6926,0,0,3,2,0,0,0,0,14,1,0,0,0,0,1,1,1,0,0,2,3,0,2,7,7,0,0,282400,53,11.0,1615.0,2,322.8888888888889,274,20900,911,6926,1,0,10,7,0,2,3,2,92,11,3,1,0,0,2,1,9,1,5,3,7,0,8,21,35,2,1
8660284132698988544,realty.yandex.ru,Чертаново Центральное,43,,,0,157.45454545454547,0,2128,187,2921,1,1,1,5,0,0,0,0,4,0,0,0,0,0,1,2,0,1,1,0,0,0,3,4,0,0,0,287200,115,8.0,2120.0,0,342.96153846153845,0,2128,187,2921,4,2,17,21,0,1,4,1,29,1,0,0,1,0,6,3,15,5,3,5,8,0,12,32,46,4,1
320597148,cian.ru,Алексеевский,47,33.0,2542.0,0,36.0,424,6505,1327,5288,0,1,1,2,0,2,3,0,2,3,1,3,1,0,0,3,7,1,0,2,0,0,1,2,1,2,0,397600,184,100.0,9968.0,0,391.2857142857143,424,6505,1327,5288,18,7,12,42,2,3,19,0,14,5,4,9,11,6,0,3,32,3,4,8,0,0,4,9,20,6,0
4777675775676092416,realty.yandex.ru,Хамовники,11,,,0,22.5,0,1729,0,1483,0,0,0,0,0,0,0,0,3,0,0,0,1,0,0,1,0,1,0,0,0,0,2,0,2,0,0,846800,62,13.0,484.0,0,279.8333333333333,0,1729,0,1483,2,0,0,3,0,1,0,0,4,0,0,1,1,0,0,2,0,2,0,0,0,7,6,2,8,0,0
322659042,cian.ru,Головинский,50,4.0,379.0,235,235.0,1292,1039,1370,1017,0,0,0,1,0,0,1,0,2,0,0,0,0,0,0,0,1,1,0,0,0,0,1,1,0,0,0,329000,205,50.0,4075.0,235,465.2,1292,1039,1370,1017,0,0,1,3,0,1,4,0,5,1,5,2,0,0,0,0,7,1,2,2,0,0,1,3,5,0,0
322161648,cian.ru,Войковский,31,14.0,1066.0,0,150.0,4556,8597,748,3126,1,1,2,5,0,0,2,0,8,1,1,0,0,0,0,0,5,2,1,0,0,0,0,1,4,1,0,362300,179,68.0,5751.0,0,418.25,4556,8597,748,3126,6,1,6,11,0,0,5,0,15,6,3,2,1,1,0,6,13,8,3,5,0,0,11,5,15,3,1
3965285094499589120,realty.yandex.ru,Чертаново Центральное,27,1.0,463.0,70,175.25,0,14872,136,7412,0,0,0,3,0,0,1,0,2,0,0,0,1,0,0,0,2,1,0,0,0,0,7,4,2,1,0,287200,102,7.0,2683.0,70,378.42857142857144,0,14872,136,7412,5,2,5,11,0,2,2,1,12,1,3,0,1,0,1,1,13,6,2,1,0,0,9,6,9,1,0
320264129,cian.ru,Чертаново Центральное,27,1.0,463.0,71,174.75,0,14872,136,7412,0,0,0,3,0,0,1,0,2,0,0,0,1,0,0,0,2,1,0,0,0,0,7,4,2,1,0,287200,102,7.0,2683.0,71,378.2142857142857,0,14872,136,7412,5,2,5,11,0,2,2,1,12,1,3,0,1,0,1,1,13,6,2,1,0,0,9,6,9,1,0
324074936,cian.ru,Бирюлево Западное,28,,,49,109.5,0,2480,0,1052,0,0,0,0,0,0,0,0,0,0,0,0,0,0,0,0,0,0,0,1,0,0,2,1,0,0,0,236300,53,,,49,269.75,0,2480,0,1052,0,0,0,0,0,0,0,0,3,0,0,0,0,0,1,1,0,0,0,1,0,0,4,2,5,0,0
324864181,cian.ru,Покровское-Стрешнево,39,,,0,141.55555555555554,1194,9520,116,1629,2,0,1,0,0,0,0,0,3,0,0,0,0,0,0,1,1,1,0,0,0,0,2,0,0,0,0,398600,139,16.0,1728.0,0,253.2,1194,9520,116,1629,3,0,1,3,1,0,0,0,5,0,3,2,1,0,0,3,2,1,0,1,0,0,4,5,2,0,0
5201387770577629184,realty.yandex.ru,Раменки,33,15.0,2094.0,296,296.0,572,1649,1293,1785,4,1,2,1,0,1,1,0,8,4,1,2,0,0,0,0,6,1,0,0,0,0,0,3,6,2,0,483300,112,41.0,5392.0,296,349.0,572,1649,1293,1785,7,4,9,12,1,3,5,0,16,4,2,4,2,0,0,1,9,3,1,5,0,0,5,5,10,2,0
324735774,cian.ru,Лосиноостровский,46,21.0,3195.0,146,252.83333333333334,480,642,1875,912,2,3,4,14,0,1,4,0,4,3,1,1,0,0,1,0,9,1,1,2,0,0,2,3,9,3,1,285000,160,86.0,9143.0,146,337.6363636363636,480,642,1875,912,7,6,15,24,1,3,14,0,12,5,2,3,2,0,1,0,34,6,4,5,11,0,2,11,18,5,1
320705434,cian.ru,Головинский,44,5.0,792.0,,,1296,1048,1512,1184,0,0,0,1,0,0,1,0,2,0,0,0,0,0,0,0,1,1,0,0,0,0,1,1,0,0,0,329000,195,48.0,4331.0,309,498.0,1296,1048,1512,1184,0,1,1,3,0,1,3,0,9,2,3,2,0,0,0,0,8,1,2,2,0,0,3,3,5,0,0
3965285094531169792,realty.yandex.ru,Отрадное,33,1.0,287.0,0,122.14285714285714,66,1635,0,168,0,0,0,0,0,0,0,0,6,0,0,0,0,0,0,0,0,2,0,0,0,0,1,1,0,0,0,300400,174,17.0,7179.0,0,347.95,66,1635,0,168,8,3,4,7,1,0,4,0,17,4,2,1,0,0,0,1,9,3,0,1,0,0,1,3,7,1,0
5172256102619984896,realty.yandex.ru,Можайский,47,31.0,3607.0,10,10.0,2126,2999,4854,4530,2,2,4,13,4,3,6,0,16,4,1,1,0,0,1,0,13,3,2,3,0,0,2,8,3,3,1,311900,157,91.0,12238.0,10,334.25,2126,2999,4854,4530,26,6,12,25,4,3,14,0,25,9,7,3,0,0,2,0,20,9,5,9,0,0,3,12,5,6,1
324501237,cian.ru,Ломоносовский,35,13.0,3657.0,133,213.33333333333334,1024,922,1830,1697,2,0,2,5,0,1,3,0,0,1,2,4,0,0,1,1,5,0,1,1,0,0,2,1,6,1,0,418300,111,44.0,8428.0,133,283.8,1024,922,1830,1697,9,5,5,10,0,3,8,0,5,3,5,8,0,0,1,1,19,2,2,1,2,1,3,13,16,1,0
322683729,cian.ru,Сокольники,87,33.0,2219.0,108,211.5,590,5718,1212,8733,8,3,3,11,3,4,2,0,1,0,2,0,3,0,0,3,5,2,2,5,0,1,6,2,9,4,0,367600,307,79.0,4529.0,108,328.80645161290323,590,5718,1212,8733,41,5,10,18,4,7,7,0,7,5,3,1,8,1,1,6,14,4,3,10,0,3,12,8,18,4,1
323227258,cian.ru,Вешняки,29,5.0,806.0,65,152.5,170,842,0,210,0,0,0,0,0,1,0,0,0,0,0,0,0,0,0,0,0,0,0,1,0,0,0,0,0,0,0,263200,141,43.0,6176.0,65,383.1666666666667,170,842,0,210,0,0,5,2,2,5,4,0,4,1,4,5,1,0,0,0,7,2,2,1,0,0,2,1,3,0,1
3965285094498930176,realty.yandex.ru,Черемушки,56,5.0,1980.0,2,146.2,1510,11173,3121,8547,0,1,2,3,0,2,1,0,14,3,0,0,0,0,0,4,8,1,2,0,0,4,6,5,6,0,1,361200,159,26.0,5833.0,2,327.57142857142856,1510,11173,3121,8547,18,9,13,29,0,12,5,0,21,4,3,6,0,0,1,5,15,4,8,6,0,4,12,11,17,3,1
321611954,cian.ru,Текстильщики,62,37.0,3048.0,9,101.25,584,2721,2445,3523,0,1,2,6,1,1,4,0,9,2,2,4,0,0,0,3,6,2,1,3,0,0,3,2,3,4,0,288100,208,119.0,11406.0,9,323.7,584,2721,2445,3523,12,7,9,28,1,3,11,0,24,8,5,8,4,0,0,3,30,5,6,7,0,1,7,8,9,8,2
322095942,cian.ru,Соколиная Гора,98,6.0,506.0,15,181.0,290,5218,1024,6389,4,2,2,3,0,6,0,0,7,0,3,0,4,0,0,3,2,0,1,0,0,0,4,1,3,0,0,354400,276,59.0,5094.0,15,286.875,290,5218,1024,6389,35,4,7,23,0,10,4,0,14,3,4,6,4,0,0,3,8,4,4,1,1,0,8,4,8,2,0
322516202,cian.ru,Лефортово,43,13.0,1322.0,55,152.16666666666666,1076,15134,1356,5417,3,0,1,6,0,2,3,0,6,3,0,2,1,0,0,1,8,4,2,2,0,0,0,1,6,1,0,279300,197,54.0,4849.0,55,368.90909090909093,1076,15134,1356,5417,13,1,4,15,0,2,7,0,16,4,0,5,2,1,0,1,16,5,4,2,0,0,3,3,10,2,0
320600169,cian.ru,Крюково,22,9.0,1724.0,,,840,362,1696,850,2,1,2,9,0,1,2,0,0,2,3,3,0,0,0,0,2,1,0,1,0,0,0,1,0,0,0,,72,30.0,6036.0,329,329.0,840,362,1696,850,13,9,7,21,0,3,5,0,4,3,4,8,0,0,0,1,13,1,3,1,0,1,1,3,5,4,0
319660907,cian.ru,Хорошевский,90,6.0,196.0,112,198.0909090909091,80,10711,136,7084,1,0,1,1,1,0,1,0,9,0,0,0,1,0,0,0,0,0,1,0,0,0,2,0,4,0,0,443000,271,22.0,3697.0,112,374.47058823529414,80,10711,136,7084,3,5,2,8,1,1,5,0,28,7,1,0,3,0,0,7,9,0,3,5,0,0,17,9,9,1,1
322510310,cian.ru,Басманный,51,23.0,1447.0,56,109.5,600,2134,409,1331,5,3,0,5,0,4,1,0,0,1,2,2,0,1,0,0,1,0,1,0,0,0,0,1,1,0,0,461200,244,75.0,6240.0,56,454.0285714285714,600,2134,409,1331,16,6,6,13,1,11,3,0,3,6,5,5,7,4,0,4,12,1,5,2,0,4,8,7,6,2,0
325120222,cian.ru,Коньково,29,5.0,944.0,0,158.25,118,5208,1643,7344,1,3,7,6,0,1,1,0,9,3,1,1,0,0,0,2,3,1,1,3,0,0,4,4,5,0,0,351300,137,31.0,5674.0,0,354.45454545454544,118,5208,1643,7344,4,5,11,17,0,2,4,0,17,5,4,2,3,0,0,2,9,1,2,3,0,2,5,10,9,3,1
322335935,cian.ru,Сокольники,80,41.0,2479.0,0,141.66666666666666,778,3079,1502,1887,7,2,0,3,1,0,3,0,2,4,0,3,2,0,0,0,3,2,0,2,0,0,0,0,0,1,1,367600,235,88.0,5059.0,0,371.06666666666666,778,3079,1502,1887,44,2,8,16,3,4,7,0,8,4,4,7,4,0,0,2,14,5,0,7,0,3,7,5,10,2,1
3087406230795658752,realty.yandex.ru,Выхино-Жулебино,64,7.0,708.0,0,126.33333333333333,426,4061,2547,4449,1,1,2,4,0,1,2,0,3,0,1,0,0,0,0,1,4,0,0,1,0,0,2,1,5,0,0,273000,183,46.0,6457.0,0,251.41176470588235,426,4061,2547,4449,23,2,10,10,0,1,5,0,22,6,2,4,0,0,0,2,16,3,1,3,0,1,6,3,11,4,0
322586193,cian.ru,Ростокино,64,14.0,1194.0,0,165.23529411764707,210,8509,508,5971,1,0,3,2,0,0,0,0,4,0,1,1,0,0,0,1,1,0,0,1,0,0,2,0,6,2,0,335200,253,45.0,5215.0,0,286.8,210,8509,508,5971,13,4,6,14,0,3,10,0,8,3,2,2,1,0,0,4,10,3,4,4,0,0,2,2,11,3,0
4750548503236658176,realty.yandex.ru,Алексеевский,47,33.0,2542.0,0,36.0,424,6505,1327,5288,0,1,1,2,0,2,3,0,2,3,1,3,1,0,0,3,7,1,0,2,0,0,1,2,1,2,0,397600,184,100.0,9968.0,0,391.35714285714283,424,6505,1327,5288,18,7,12,42,2,3,19,0,14,5,4,9,11,6,0,3,32,3,4,8,0,0,4,9,20,6,0
2361982442841474048,realty.yandex.ru,Ростокино,58,18.0,1508.0,50,172.07142857142858,324,8509,872,5971,1,0,0,3,0,0,1,0,3,0,1,1,0,0,0,1,1,0,1,1,0,0,2,1,7,2,0,335200,261,51.0,5401.0,50,313.6896551724138,324,8509,872,5971,7,5,7,16,0,3,10,0,9,3,2,4,1,0,0,4,11,4,4,4,0,0,3,4,11,3,0
320107758,cian.ru,Черемушки,51,10.0,1009.0,23,160.8,438,15704,1726,18349,5,1,2,3,0,0,3,0,5,0,0,1,0,0,0,2,3,3,1,0,0,0,5,7,3,0,0,361200,162,33.0,3455.0,23,359.88235294117646,438,15704,1726,18349,16,4,8,5,0,2,4,0,8,4,2,3,3,0,0,6,7,3,3,1,0,1,13,11,5,2,1
322318990,cian.ru,Люблино,23,11.0,2814.0,,,3168,1606,989,1032,1,0,0,3,0,0,2,0,1,0,0,2,0,0,0,0,4,1,0,0,0,0,0,0,0,1,0,274100,86,37.0,8060.0,600,600.0,3168,1606,989,1032,5,1,7,12,0,1,6,0,13,3,2,3,0,0,0,0,17,4,0,0,0,1,2,1,7,6,0
322350500,cian.ru,Хорошево-Мневники,64,7.0,634.0,4,128.33333333333334,882,1171,105,297,0,0,0,0,0,0,0,0,1,1,0,0,0,0,0,0,0,0,0,0,0,0,2,1,0,0,0,454100,187,23.0,3794.0,4,396.8333333333333,882,1171,105,297,1,0,0,1,0,0,0,0,4,1,0,1,0,0,0,0,1,2,1,0,0,1,4,3,0,1,0
322397215,cian.ru,Академический,56,27.0,3263.0,129,186.5,1608,2304,1526,3014,2,0,4,2,1,0,2,0,1,2,0,3,0,1,0,2,4,2,1,1,0,0,0,3,2,4,0,387300,192,97.0,9970.0,129,362.4,1608,2304,1526,3014,7,4,16,14,3,2,9,2,40,7,4,9,3,1,4,2,22,10,5,4,3,2,10,13,23,4,1
322735229,cian.ru,Дегунино Восточное,51,7.0,1282.0,138,230.16666666666666,280,709,1526,1401,0,0,2,1,0,0,1,0,3,0,2,0,0,0,0,1,4,2,1,3,0,0,1,1,6,1,0,283000,189,46.0,7398.0,138,338.6875,280,709,1526,1401,5,0,7,6,1,0,6,0,14,0,5,5,0,0,0,2,16,4,2,3,0,0,3,4,6,4,1
321628654,cian.ru,Измайлово Восточное,63,24.0,1686.0,155,219.0,764,7827,1468,8183,32,3,7,4,0,0,3,0,4,2,0,0,5,0,0,0,4,1,1,0,0,0,5,3,4,19,1,296000,162,69.0,5882.0,155,298.3,764,7827,1468,8183,38,3,12,7,0,1,8,0,13,3,8,3,7,0,0,0,15,3,6,2,0,1,7,12,4,23,3
3941757984976514048,realty.yandex.ru,Покровское-Стрешнево,27,8.0,261.0,17,61.0,492,4789,52,840,0,1,0,0,0,1,0,0,0,0,0,0,0,0,0,1,0,0,0,0,0,0,2,0,0,0,0,398600,65,16.0,809.0,17,371.42857142857144,492,4789,52,840,59,1,0,0,0,1,1,0,2,0,0,0,0,0,0,1,0,0,0,1,0,1,2,1,0,0,0
321960387,cian.ru,Нагатино-Садовники,47,13.0,2010.0,4,121.33333333333333,1720,2415,2952,18246,0,0,6,15,0,3,3,0,12,3,0,2,1,0,1,1,14,3,2,3,1,1,7,4,12,0,0,353800,168,46.0,9962.0,4,399.1,1720,2415,2952,18246,6,2,9,26,0,5,10,0,16,9,1,8,2,0,1,1,32,4,3,6,1,2,9,12,19,2,1
5227593921579891712,realty.yandex.ru,Алексеевский,47,,,0,91.6,20,5164,5,1702,1,0,0,0,0,0,0,0,5,0,0,0,0,0,0,0,0,0,2,0,0,0,2,1,0,0,0,397600,134,1.0,314.0,0,246.88888888888889,20,5164,5,1702,4,7,1,10,0,1,1,0,11,0,0,1,0,0,0,0,0,0,62,0,0,4,5,3,6,1,0
321960386,cian.ru,Нагатино-Садовники,47,13.0,2010.0,4,121.33333333333333,1720,2415,2952,18246,0,0,6,15,0,3,3,0,12,3,0,2,1,0,1,1,14,3,2,3,1,1,7,4,12,0,0,353800,168,46.0,9962.0,4,399.1,1720,2415,2952,18246,6,2,9,26,0,5,10,0,16,9,1,8,2,0,1,1,32,4,3,6,1,2,9,12,19,2,1
8427502013113765888,realty.yandex.ru,Покровское-Стрешнево,27,8.0,261.0,1,61.5,492,4789,60,840,0,1,0,0,0,1,0,0,0,0,0,0,0,0,0,1,0,0,0,0,0,0,2,0,0,0,0,398600,79,18.0,1128.0,1,349.7142857142857,492,4789,60,840,66,1,0,1,0,1,1,0,2,0,1,0,0,0,0,1,0,0,0,1,0,1,2,1,0,0,0
324541464,cian.ru,Нижегородский,48,,,0,209.11111111111111,0,0,0,769,0,0,0,0,0,0,0,0,2,1,0,0,0,0,0,0,0,2,0,0,0,0,2,1,0,0,0,362800,190,1.0,2240.0,0,415.1388888888889,0,0,0,769,0,1,4,0,0,0,1,0,19,2,0,0,0,0,1,3,2,6,2,2,0,0,6,3,1,0,0
322442767,cian.ru,Отрадное,50,3.0,1214.0,3,149.25,590,3644,794,2920,3,0,2,5,0,0,2,0,2,4,0,0,0,0,0,3,4,1,1,1,0,0,2,6,0,0,0,300400,148,20.0,3379.0,3,321.05263157894734,590,3644,794,2920,7,1,4,11,0,1,6,0,10,4,0,2,1,0,0,7,11,2,2,3,1,0,2,12,5,0,0
7034451498884423680,realty.yandex.ru,Тропарево-Никулино,10,4.0,506.0,,,2,90,50,45,0,0,0,0,0,0,2,0,0,2,0,0,0,0,0,0,3,0,1,0,0,0,0,2,0,1,0,399700,50,17.0,3013.0,,,2,90,50,45,2,2,1,10,0,3,2,0,2,2,1,3,0,0,0,0,5,0,3,1,0,1,1,2,0,1,0
321021542,cian.ru,Академический,44,8.0,1275.0,145,197.5,616,1575,1504,1131,0,1,1,0,0,0,0,0,2,0,1,0,0,0,0,2,1,2,1,0,0,2,2,0,0,1,0,387300,192,49.0,5597.0,145,339.53846153846155,616,1575,1504,1131,11,3,3,4,2,0,4,0,19,2,3,3,1,1,1,2,11,4,4,1,0,2,3,5,10,3,0
324144597,cian.ru,Измайлово Восточное,49,15.0,1098.0,0,150.42857142857142,230,1028,623,2068,24,2,5,3,0,0,3,0,4,0,3,0,2,0,0,0,2,0,2,0,0,0,4,3,3,18,0,296000,146,62.0,5029.0,0,189.875,230,1028,623,2068,38,3,11,7,0,0,7,0,7,3,5,2,5,0,0,0,12,2,5,1,0,1,6,4,4,22,1
322928206,cian.ru,Внуково,16,16.0,559.0,,,1752,1199,1689,2928,0,0,0,0,0,0,0,0,0,0,0,0,0,0,0,0,0,0,0,0,0,0,0,0,0,0,0,289500,34,34.0,1950.0,,,1752,1199,1689,2928,0,0,0,0,0,0,0,0,0,0,0,0,0,0,0,0,0,0,0,0,0,0,0,0,0,0,0
320946940,cian.ru,Покровское-Стрешнево,34,7.0,1572.0,0,156.8,0,3613,420,1668,1,0,0,2,0,0,1,0,2,0,0,0,0,0,0,2,6,1,0,1,0,0,2,0,0,0,0,398600,185,20.0,2856.0,0,368.57142857142856,0,3613,420,1668,7,0,0,2,0,0,2,0,3,0,2,2,1,0,0,2,8,1,0,1,0,0,2,0,0,1,0
320382993,cian.ru,Коммунарка,13,12.0,1965.0,,,508,1040,188,758,3,0,4,7,0,0,3,0,5,9,0,1,0,0,1,0,9,1,3,5,1,0,4,6,11,0,0,291400,96,29.0,4848.0,439,439.0,508,1040,188,758,6,1,7,19,0,4,8,0,9,10,0,2,0,0,1,2,23,2,6,7,2,0,8,11,17,0,0
3086773278257932800,realty.yandex.ru,Нижегородский,80,1.0,42.0,27,161.0,0,14811,123,5084,2,0,1,2,0,1,0,0,16,0,0,0,0,0,0,2,0,0,4,3,0,0,6,7,4,0,0,362800,237,25.0,1644.0,27,307.2295081967213,0,14811,123,5084,9,2,6,4,0,5,3,0,32,2,3,3,5,0,0,4,8,1,8,4,0,2,14,13,9,1,1
320512687,cian.ru,Ломоносовский,35,17.0,2115.0,171,195.0,338,198,1396,425,4,1,3,6,0,0,2,0,6,0,4,2,1,0,0,0,6,1,0,4,0,0,0,1,3,2,0,418300,127,59.0,9442.0,171,357.0,338,198,1396,425,13,6,13,24,1,5,7,0,25,4,17,10,2,1,1,0,34,5,8,12,0,0,1,10,10,10,1
323485501,cian.ru,Нагатино-Садовники,61,2.0,327.0,55,156.71428571428572,746,9153,305,6815,5,0,2,1,0,1,0,0,1,0,0,0,0,0,0,1,2,1,1,2,0,0,4,2,8,0,0,353800,197,35.0,5615.0,55,337.2631578947368,746,9153,305,6815,11,2,11,12,0,5,6,0,16,4,0,4,3,0,0,6,13,1,5,3,0,0,11,10,15,3,1
3965285094498843136,realty.yandex.ru,Донской,72,15.0,662.0,0,160.57142857142858,160,14046,540,6747,5,1,0,3,2,2,0,0,11,2,1,0,0,0,0,3,3,4,1,3,0,0,3,4,3,1,1,391900,202,41.0,2689.0,0,320.17241379310343,160,14046,540,6747,18,3,8,18,3,2,4,0,21,7,2,2,6,0,1,8,12,6,6,5,0,1,15,16,21,1,1
3965285094499743232,realty.yandex.ru,Войковский,56,28.0,2886.0,169,208.5,542,739,1327,3737,12,2,6,11,0,1,4,0,5,2,1,2,2,1,2,0,12,4,1,6,0,2,3,1,10,0,1,362300,203,96.0,10738.0,169,419.7894736842105,542,739,1327,3737,18,6,17,21,0,1,11,0,14,6,4,6,4,3,2,0,22,7,5,7,0,2,5,4,17,7,1
322003469,cian.ru,Донской,69,15.0,900.0,29,156.53846153846155,160,8343,292,6747,5,1,0,2,2,2,0,0,8,2,1,0,0,0,0,2,3,4,1,3,0,0,3,3,1,1,1,391900,203,43.0,3255.0,29,329.0,160,8343,292,6747,18,3,8,18,3,2,4,0,21,7,2,2,6,0,1,9,11,6,6,5,0,1,15,16,14,1,1
320770662,cian.ru,Коммунарка,22,17.0,2639.0,154,154.0,5358,8859,5600,7223,5,1,5,15,0,5,6,0,3,2,0,1,0,0,1,2,13,2,6,6,2,0,8,9,14,0,0,291400,236,66.0,7059.0,154,154.0,5358,8859,5600,7223,10,2,14,34,0,8,11,0,12,20,1,7,0,0,1,2,27,3,9,8,2,0,10,18,29,0,0
324868473,cian.ru,Филимонковский,1,,,150,150.0,1752,48444,4683,36242,2,0,4,15,0,2,0,1,16,0,0,0,0,0,0,2,4,3,2,2,8,1,5,6,16,0,1,,37,14.0,2682.0,150,150.0,1752,48444,4683,36242,6,3,9,27,0,5,10,1,36,5,2,1,0,0,1,2,16,4,4,9,8,2,9,14,26,2,2
5206280206506105856,realty.yandex.ru,Куркино,19,6.0,4307.0,,,2892,2942,1216,1168,1,5,2,29,0,3,5,0,6,2,2,3,0,0,0,0,7,0,1,1,0,0,0,1,1,1,0,328100,58,29.0,7221.0,,,2892,2942,1216,1168,8,11,16,69,0,5,12,0,14,9,2,7,1,0,3,0,26,7,7,5,4,0,8,12,39,3,0
3051474284148718080,realty.yandex.ru,Чертаново Центральное,38,,,0,170.875,0,6881,0,3256,1,1,0,0,1,0,0,0,4,0,0,0,0,0,0,0,0,1,0,0,0,0,3,2,0,0,0,287200,183,,,0,402.258064516129,0,6881,0,3256,1,3,0,1,1,0,0,0,9,0,0,0,1,0,0,2,0,3,0,1,0,0,4,3,2,0,0
306948989166340672,realty.yandex.ru,Чертаново Центральное,53,,,0,180.0,0,2348,0,7036,0,0,0,0,0,0,0,0,4,0,0,0,0,0,0,1,0,0,0,0,0,0,1,1,0,0,0,287200,147,,,0,344.72727272727275,0,2348,0,7036,1,1,0,0,1,0,0,0,7,0,0,0,0,0,0,1,0,8,0,1,0,0,1,2,0,0,0
323379950,cian.ru,Бутово Северное,5,1.0,16.0,33,156.0,30,9786,536,5639,0,0,2,2,0,2,1,0,2,0,0,0,0,0,2,0,3,0,0,0,1,0,1,2,3,0,0,285100,35,8.0,1343.0,33,156.0,30,9786,536,5639,1,2,2,5,0,3,2,0,3,0,0,1,0,0,3,0,9,1,0,0,1,0,1,3,5,5,0
322260682,cian.ru,Крюково,25,9.0,1781.0,,,596,3645,877,3293,13,0,0,0,0,0,0,0,2,0,0,1,0,0,0,0,1,0,1,0,0,0,3,1,1,1,0,,83,27.0,5381.0,,,596,3645,877,3293,14,1,1,2,0,1,0,0,6,1,2,2,0,0,0,0,6,1,2,0,0,2,3,3,5,5,0
320094813,cian.ru,Митино,18,6.0,367.0,,,1284,35552,53,2636,0,0,0,0,0,0,1,0,1,0,0,0,0,0,0,0,2,0,0,1,0,0,0,0,0,1,0,298300,33,11.0,944.0,560,560.0,1284,35552,53,2636,0,0,0,1,0,0,1,0,3,0,1,1,0,0,0,0,2,0,0,1,0,1,0,0,1,1,0
306948989166287808,realty.yandex.ru,Крылатское,3,2.0,15.0,162,162.0,0,6865,0,0,0,0,0,0,0,2,0,0,0,0,2,0,0,0,0,1,0,0,0,0,0,0,0,0,0,0,0,404400,23,15.0,197.0,162,162.0,0,6865,0,0,0,0,0,0,0,3,0,0,0,0,2,0,0,0,0,1,0,0,0,0,0,0,0,0,0,0,0
319967193,cian.ru,Чертаново Центральное,53,,,0,179.77777777777777,0,2348,0,7036,0,0,0,0,0,0,0,0,4,0,0,0,0,0,0,1,0,0,0,0,0,0,1,1,0,0,0,287200,147,,,0,344.54545454545456,0,2348,0,7036,1,1,0,0,1,0,0,0,7,0,0,0,0,0,0,1,0,8,0,1,0,0,1,2,0,0,0
320468897,cian.ru,Коммунарка,11,10.0,495.0,,,990,690,1569,759,3,0,2,6,0,0,2,0,6,8,0,1,0,0,0,0,10,0,1,2,0,0,2,3,5,0,0,291400,89,19.0,3219.0,,,990,690,1569,759,4,1,6,13,0,4,6,0,7,10,0,2,0,0,1,2,23,2,6,6,1,0,8,10,13,0,0
322625730,cian.ru,Савелки,76,,,,,0,1255,0,688,0,0,0,0,1,0,0,0,4,0,0,0,0,0,0,0,0,2,0,0,0,0,0,0,10,0,0,,141,,,,,0,1255,0,688,0,0,0,0,1,0,0,0,8,0,0,0,0,0,0,0,0,2,0,0,0,0,0,0,12,0,0
321274272,cian.ru,Царицыно,33,,,0,208.83333333333334,0,17901,0,7573,0,0,1,0,0,0,0,0,7,3,0,0,0,0,0,0,0,2,1,0,0,0,3,4,0,0,0,302800,133,,,0,391.3888888888889,0,17901,0,7573,1,0,4,0,0,0,0,2,16,4,0,0,0,0,1,0,2,2,2,0,0,1,4,7,5,0,0
323409428,cian.ru,Богородское,66,10.0,1567.0,6,144.14285714285714,6168,47105,4236,31168,5,2,3,7,0,3,2,0,5,4,2,1,10,0,2,3,9,1,2,2,0,1,4,3,10,1,1,333100,176,37.0,5017.0,6,224.5,6168,47105,4236,31168,6,3,4,8,0,3,5,0,5,6,3,4,10,0,2,3,12,1,2,2,1,1,6,5,12,3,1
321042073,cian.ru,Перово ,24,,,106,166.83333333333334,0,11941,37,10103,1,0,0,0,0,3,0,0,6,0,0,0,0,0,0,0,0,0,0,0,0,0,2,1,3,0,0,294700,145,28.0,1790.0,106,328.625,0,11941,37,10103,4,1,1,8,0,5,4,0,11,2,5,1,2,0,1,0,5,3,3,0,0,0,5,2,5,1,0
322966456,cian.ru,Печатники,6,,,0,90.66666666666667,0,790,1,332,0,0,0,0,0,0,0,0,2,0,0,0,0,0,0,0,0,0,0,0,0,0,1,0,0,0,0,286900,47,6.0,1636.0,0,350.125,0,790,1,332,2,1,2,3,0,0,1,1,4,0,1,1,0,0,1,0,7,1,1,4,0,0,1,0,1,2,1
322774878,cian.ru,Ярославский,12,5.0,635.0,20,75.5,212,44782,3311,36038,1,0,4,2,0,1,4,1,24,0,0,0,0,0,1,1,4,1,1,1,1,0,0,4,25,0,2,271600,65,32.0,3653.0,20,341.7142857142857,212,44782,3311,36038,6,0,6,4,1,1,6,1,24,3,0,1,0,0,2,2,9,2,1,1,1,1,0,4,31,2,2
7567072086303290368,realty.yandex.ru,Метрогородок,27,,,21,140.25,0,2440,0,0,1,0,0,0,0,0,0,0,0,0,0,0,1,0,0,1,0,1,0,0,0,0,0,0,0,0,0,283200,55,4.0,559.0,21,239.72727272727272,0,2440,0,0,2,0,0,0,0,1,1,0,1,0,0,0,1,0,0,2,0,1,0,0,0,1,0,1,0,0,0
